caller_id,callee_id,call_start,call_duration,call_type,cell_id,location,imei,is_fraud
6243921702,3832908946,2025-03-29 09:50:32.479106,211,sms_in,VS6XB,"40.139848182886766,115.55118877539746",8Z9CI2NO4XS88MW,False
6988376713,0174242027,2025-03-27 09:50:32.479157,381,sms_out,U69FS,"22.865490413111573,-75.46377612072585",D8FG28YIT3ZWKVY,True
8529561380,1600485104,2025-04-10 09:50:32.479198,625,sms_in,AB0Y7,"73.01513931854203,-100.12568471007211",97SABTT27AML206,False
5599106685,4132252793,2025-04-16 09:50:32.479238,49,voice_out,MD9AK,"-33.29278249749262,33.3871495091924",XWOT9PLY6TTDGZD,True
2523578897,8125765093,2025-04-08 09:50:32.479276,999,voice_in,BMKQB,"41.73608294878966,10.240123797651137",4WRSSKVKXS2PT93,False
0997116926,0732869966,2025-04-14 09:50:32.479307,1002,voice_in,M2A7V,"7.436757990742805,-26.810760616925194",H0TBHHFFWBAO5OM,False
8256858238,6693243443,2025-04-16 09:50:32.479326,1057,sms_out,SKS61,"31.82063727971358,-55.741512261038764",53H2Q9GCXA8L3CT,True
5209859309,0830271157,2025-04-03 09:50:32.479347,1105,sms_in,5ZCC9,"-15.995763604682821,167.5029893419955",9LOZJ9TQU9Z100O,True
4760845920,7673634366,2025-03-27 09:50:32.479368,1016,sms_out,XXKRL,"-21.77694902346876,-148.23774381267594",VSL4JEW961V26XM,False
3737071069,2221724979,2025-04-14 09:50:32.479386,675,sms_in,77DL8,"-48.55502738632656,-163.03277335939012",0C57T423RM46YQ1,True
0674762235,4124489899,2025-03-28 09:50:32.479404,277,sms_out,840PF,"65.77443286730534,-38.36404576444045",I0CXBQ4J9FVC9MM,False
9901996700,8821930449,2025-04-15 09:50:32.479420,128,voice_in,98S4J,"72.24176123551354,-13.28792522101395",QZY505NX83T94TT,True
2327065734,1135265701,2025-03-29 09:50:32.479437,306,voice_out,Y675H,"10.50902583259932,-21.820100712637895",JWE3DHEB91YU51N,False
8758746184,3332277274,2025-04-05 09:50:32.479454,950,sms_out,FOQF3,"-38.25802310518742,-162.21389043592433",DT47TUQUV95KE36,False
2111343932,7250935873,2025-03-28 09:50:32.479472,978,sms_in,X057C,"-25.001361269163127,28.32879304217846",91X2MX0WJHZKR08,False
0777456324,2389712938,2025-04-15 09:50:32.479490,293,voice_in,SX94A,"89.52786069568512,-178.19384873873486",L2LETC1XZJFELP3,False
4162406125,1866342466,2025-04-20 09:50:32.479507,444,voice_in,PBR0F,"28.233202961081474,162.57209651707427",PWVW4G8GQ4PRRCS,False
7217383021,1475820658,2025-03-26 09:50:32.479525,584,sms_out,3I5QC,"-52.28209763538714,102.98792962132484",GP5FHSHWJFUEVX9,True
5690257252,6083122406,2025-03-30 09:50:32.479542,242,sms_out,2MQVQ,"-79.77507583080333,-45.87987991760329",XI79REDNVMZTKQT,False
3590843390,0859280040,2025-04-06 09:50:32.479559,67,voice_in,HSUIO,"4.570291570807939,169.80126793075112",QZZLHN0VONK3OMY,False
4885535102,5200243896,2025-04-04 09:50:32.479576,924,voice_in,SFJ77,"18.546008702989667,-175.23653606478217",MCO6V3K5R6AVLGK,False
3196443723,4406171430,2025-03-29 09:50:32.479593,1088,voice_in,W59QH,"-78.22959513777721,-0.1884311359985702",6J7HPFP9FVU80SZ,True
1389260786,4899427070,2025-04-21 09:50:32.479610,1000,sms_out,QT8SE,"16.117609965408647,28.63963272636036",T7VO65F4LTUMBEJ,False
4536443390,1504089811,2025-04-20 09:50:32.479628,872,voice_out,IUHP0,"-3.009174695862825,-58.29168013887221",I4A2YC2V93XRLEX,True
4134532288,7000273515,2025-04-18 09:50:32.479645,823,sms_in,YUVGN,"89.90615391847422,128.33655460870148",3ZLLVQKNGYOLM17,False
7019840843,9177453820,2025-04-21 09:50:32.479662,31,voice_out,FAMEX,"2.125560064322869,8.318916423098017",RQAPVYMHN0I1ROA,False
5916802658,2581994107,2025-04-07 09:50:32.479678,795,voice_in,WTRSZ,"-40.823552660446424,124.35226287445602",XO0HWQ2XNJZI2J2,True
9145812263,0024136693,2025-04-07 09:50:32.479696,317,voice_out,D7TFE,"-54.90029599008419,-52.813679249358785",H5QA274KF4JJ6I7,True
7533993818,8250468517,2025-04-11 09:50:32.479713,825,sms_in,3K6IB,"24.764303501268614,146.77981303327726",AK3R3LEYGJPFXD0,False
6934280054,3029846815,2025-03-28 09:50:32.479730,780,sms_out,LWV19,"-74.86914568264953,9.955579402577854",BP5T2BA8JICVZ62,False
9425173095,6207674806,2025-03-27 09:50:32.479747,723,sms_in,0ESUQ,"-49.94657632863496,116.68515376152516",SS0OYTABZRQK5AB,True
1568518972,1197770012,2025-04-12 09:50:32.479764,611,sms_in,4BXYD,"-88.42015987503684,-109.95202747140476",EB1USYSUVRP5Z4P,True
8581356248,0112154511,2025-04-05 09:50:32.479781,163,voice_in,BU29D,"86.63157704814199,90.8055521986301",TCX1HS1J4RNWS98,False
6893547863,8094432151,2025-04-22 09:50:32.479808,809,sms_out,6QQE7,"20.738637966108243,-157.86259150723433",E9F23ITF7LHCB0X,False
8369460081,3248041501,2025-04-11 09:50:32.479827,505,voice_out,X2RME,"36.11981687281221,-27.35039362187993",9JPWS1I3GRF5N8O,False
9459803730,4149981072,2025-04-22 09:50:32.479845,230,sms_in,DPA9D,"-40.935895906842504,161.1668015552396",ODG5LTF8EU29W5E,False
0840745012,7718441503,2025-04-13 09:50:32.479862,1053,voice_in,0BD4J,"14.936957023779598,40.66638822540605",TV97NPSV8DQ1F9N,True
3952373969,7781777902,2025-04-22 09:50:32.479878,252,sms_out,IQXFY,"-23.892540248003442,-72.35032281987547",MZSF44GP9KGKACR,False
4684556377,7301472378,2025-04-23 09:50:32.479895,703,voice_in,LTMGI,"-14.223000836551222,-128.1318198438661",GBGIYZHH28Q6N84,False
0327694722,6167135524,2025-03-29 09:50:32.479912,586,sms_out,YVA02,"-67.8516193809713,43.93550811738339",M2XZKIY8BEEP4MV,True
3698268632,6611973124,2025-04-01 09:50:32.479928,1085,sms_in,K55C6,"-3.0781258792487023,159.67718659039957",9C8GE9E3HY0FGTS,False
6088654747,6983647879,2025-04-11 09:50:32.479946,500,sms_out,FB96Q,"17.47250284985745,-124.43599388558408",FMLZ1DSCFQOD5WH,True
5408263288,1009681922,2025-04-09 09:50:32.479963,1111,voice_in,RHOHD,"-7.362193702259503,106.18714945668717",JW1RCHI7O677NCL,False
9166735885,4902848328,2025-04-21 09:50:32.479981,963,sms_out,JHWE3,"-66.01783689784332,-4.532025989655608",W56I6TM4XMEZFJB,False
7649499889,2080251194,2025-04-13 09:50:32.479997,843,voice_in,7D9P8,"-36.9452133478437,-27.058710376466735",VL3PVI35FF67NZL,False
7894120020,3560551619,2025-04-08 09:50:32.480014,932,voice_out,OXY7Y,"28.718076662906356,143.87657275166612",3MRKYL1XZK64516,False
3465149605,8739609662,2025-04-14 09:50:32.480031,369,voice_out,J0UX5,"-74.41816717381447,-71.62555276605481",8B8TWZAEBWGCY9F,False
6673798509,9166011675,2025-03-31 09:50:32.480047,740,sms_in,W24L5,"-61.957053905020764,-149.96688859284646",SAME8HXXKLFQL6B,True
3751433086,9141559784,2025-03-28 09:50:32.480065,1040,voice_in,Z292L,"0.7102259572599365,-6.818965383132166",IYGYB70VBILXVMF,True
0245244979,4897885435,2025-04-07 09:50:32.480082,641,voice_in,LW9NC,"25.77731229439084,152.12935336329457",NLUPJF27ZA6VSIW,False
2018336535,4039582368,2025-03-31 09:50:32.480100,950,voice_in,EVHFQ,"-65.44003335073418,174.68900436826294",HH93ZWR7JVEZ8I2,True
3338464039,7994716704,2025-03-29 09:50:32.480117,1069,voice_in,99M3F,"80.21938234590843,54.63763631364549",QS5HCW81DRSEOI1,True
8942855388,9503036043,2025-04-02 09:50:32.480133,948,sms_out,IKIMM,"-21.527660780074385,108.87880098503314",S0NSJDKSGH8NDZO,False
5628399092,1409110262,2025-04-14 09:50:32.480150,861,sms_in,6KFER,"64.82619295107969,68.69217137260384",E8MOY6DRO99D7QA,False
5758840182,3378848254,2025-04-10 09:50:32.480167,696,sms_out,EC1SU,"62.02787186335732,-108.97470977755741",7ATA226S4R0YIZB,False
6612186425,3329538358,2025-03-28 09:50:32.480281,410,voice_in,LLVFT,"-66.0258993206615,-19.36912670759989",R5SQSF9T67O9GOY,False
8105997545,5839905187,2025-04-03 09:50:32.480312,73,voice_out,J2XX4,"-51.455467368098624,-84.12486643476221",K00JU3UUWXKQR32,True
8947016459,5639537311,2025-04-11 09:50:32.480339,164,voice_in,F3QQY,"-4.450024299600585,-116.33939226737064",LP5RPCV352IAO0S,False
4659303613,2676302205,2025-03-30 09:50:32.480370,43,sms_in,V0FAE,"36.00499503307114,28.815422930098293",L1G6LB5Y1T9IPC4,False
6841390739,9517940645,2025-03-30 09:50:32.480392,526,voice_out,6PGU5,"-78.07625261019561,24.73143376590079",NEXBJVU6UAN9QSQ,False
0919914698,6990927805,2025-04-20 09:50:32.480409,332,voice_in,0QFSH,"-66.22656529941406,-3.9290478121047556",5UMP14Z6QUCXL7A,False
2797970687,1700009110,2025-03-27 09:50:32.480427,444,voice_out,I0OO0,"-10.677228638971911,-27.220031733850846",NXI72SUGPUAWJRF,True
0949273610,4221211641,2025-04-04 09:50:32.480445,567,voice_in,5IQGY,"41.70333244982001,61.22214451945496",LY7EVXZPMV6Z3QY,False
4377612742,8470639645,2025-04-11 09:50:32.480462,592,voice_out,4GSM3,"48.075121994921716,-135.19338908325105",1Z400J9U4R0OUJL,False
4187700661,3176477821,2025-04-18 09:50:32.480479,1036,voice_in,4LIZX,"-8.39711136779269,-172.8573420497148",S34VA31BKAXL28U,False
1522488565,1577660653,2025-04-07 09:50:32.480497,237,voice_in,8526H,"5.887939309222716,122.4455819760895",UX1V1VEV7944OQC,True
9855925406,9442404433,2025-03-31 09:50:32.480514,80,sms_in,Y1TA1,"-36.78062733782545,144.15238963070493",IYLRDB8THAEU8BE,False
2842879043,6515099439,2025-04-02 09:50:32.480531,225,sms_in,GHFFH,"-75.7059491165861,-65.28476206810089",G25R26S8PTX5DO6,True
2151627887,8101636394,2025-04-10 09:50:32.480547,529,sms_in,K50VO,"-81.18287439390973,97.73844646447901",0VMRZBGVCLXQYOB,False
4753629342,9319910980,2025-04-17 09:50:32.480564,930,sms_out,PCO85,"-42.4146250138042,151.13736715357624",TSFQWNB5IRZLQEC,True
3583462231,1533746424,2025-03-29 09:50:32.480581,961,voice_out,VPRRN,"50.167426473582736,178.6541784046692",C96MIQB86HY0XA6,False
3441971248,1336684684,2025-04-03 09:50:32.480598,238,voice_in,6KKBD,"-16.11114042888849,-95.62757300349719",WTA6JD6FEF51RHC,False
2836756841,7111495371,2025-04-01 09:50:32.480615,552,voice_out,FLHHF,"81.9562339360275,86.13217459945963",DAZHBTLM3YZGVQW,True
9077036488,3463778752,2025-04-08 09:50:32.480631,957,voice_in,T8UIC,"-47.97947712815903,-151.5230507538763",WYWX7W5RM6WH7R2,False
2125525360,6118641845,2025-03-27 09:50:32.480649,377,voice_out,JX5CJ,"42.289794003191645,-23.970591879611845",DISUL4BLLI4W8CA,True
3951081368,7253941400,2025-04-16 09:50:32.480668,407,voice_out,QLIOR,"17.725778832608782,45.73245259674425",2FYD2IFIZEA6ZGK,False
5579309902,9891919057,2025-03-29 09:50:32.480695,85,voice_in,IO1ME,"39.56636955730008,130.6505261284031",CNFDYY6N5YNYTI6,False
8820424188,7610075078,2025-04-06 09:50:32.480712,541,voice_out,KK3K1,"-45.150075942184046,-14.804881838589438",2242JZVG20RMBOX,True
6697577122,0264018356,2025-03-26 09:50:32.480730,650,voice_out,ZIBPU,"-4.348799541727118,116.80903382007546",TWKI56NMU2E7YIU,False
6901240250,5107327366,2025-03-26 09:50:32.480747,170,voice_out,1LLE2,"64.18536790355242,146.4459183978384",RZVXNSKL84DWQPS,True
1525243837,9399988532,2025-04-11 09:50:32.480763,61,sms_in,VAE6K,"-41.72547108777608,-153.8447553738293",9HJVX88ZENAFJOQ,True
4838083961,3306216480,2025-04-15 09:50:32.480779,819,sms_in,KD6NW,"-11.979394620067822,6.399581054339194",AZKQ6229H22B9XC,True
1443052741,8381204655,2025-04-21 09:50:32.480797,515,sms_out,JO362,"-31.608146628575454,-132.89861363080274",HABW7S0T2JNUBQB,True
5311878832,1819557282,2025-03-30 09:50:32.480814,1097,sms_out,7DTYC,"56.48309875394793,95.97224583837055",11H1C2NGTM54WO3,True
3160296414,2937263011,2025-04-04 09:50:32.480831,602,sms_out,FZNOB,"-69.88871242696135,-119.5161383717359",HR29V7TZXCE9YIK,True
6269582348,2239550906,2025-04-07 09:50:32.480848,169,sms_in,RJ7IR,"-22.43029467594728,144.11883985101986",KU59KMYGQHK5TZC,False
5318842374,0041577259,2025-04-05 09:50:32.480864,951,sms_in,RQK2C,"-38.702303031997445,140.30107316196455",RRHRM9Z32TWRKHY,False
7554038092,1559474162,2025-04-15 09:50:32.480883,324,voice_in,3I2Z0,"73.04785348678567,-59.70968697633974",IDR5ZM8PMR8XP9T,True
1884659967,1055428558,2025-04-12 09:50:32.480900,1154,sms_in,JH3XE,"-28.667439626801,48.59099025793316",ZI44P3C42ZHMV3F,False
0537931898,0769430859,2025-03-25 09:50:32.480917,472,sms_out,SC47V,"-58.79133001493684,155.86675343213432",O8GA70UBSRQXXEH,True
6419689573,5418169497,2025-04-05 09:50:32.480934,680,voice_in,02TRC,"-56.512347518415964,-9.573347029018208",BABFWDM1XK8VHSP,False
0675877956,9194553330,2025-03-31 09:50:32.480950,381,voice_in,3K6EK,"17.22236814191821,41.944077935647414",QPE0SQD7FXOY0K7,False
9084891561,1058545266,2025-03-30 09:50:32.480967,103,sms_out,XTC2S,"-42.00751052280699,-24.040860759134546",QEZ42B18AJ26S3Z,True
3157059537,2689359643,2025-04-01 09:50:32.480984,707,sms_out,DXW41,"-63.125735290151226,153.64329550113177",1N7A8R3AOP3HPFB,True
0708236188,7214335158,2025-03-31 09:50:32.481001,1136,voice_out,CE0IL,"57.50197207026028,149.38026336293268",VHCDFC39ALNCJV3,False
3188826102,8030028650,2025-04-04 09:50:32.481018,1142,voice_in,IBJ6A,"-39.82195983032972,-162.30864951123428",SYQ76W7HB9BC60H,True
1746193121,0011247016,2025-04-16 09:50:32.481041,890,voice_in,AC3HL,"-0.4371703739677457,161.54825349931974",YP6J6DILWSKFGLG,False
2991535023,4115720423,2025-04-21 09:50:32.481059,702,sms_out,4S5M9,"85.67340080225682,-22.55511691028792",4XQ2N1AE65535MQ,True
3687207471,2291372172,2025-04-09 09:50:32.481075,692,voice_in,LW5AQ,"-22.605691863347886,8.469515405812189",NK848V6Q836U21M,False
2577639143,9358598557,2025-04-20 09:50:32.481093,1081,sms_in,0FTML,"55.05985302864843,-7.087098041265705",L2SQDXVX8UYVJA5,False
9606355421,9524315469,2025-04-23 09:50:32.481109,823,voice_out,6D6GB,"76.78403551044883,-118.60328905780071",5LZIMKV1WHI6KHO,True
0636367130,2398836488,2025-04-05 09:50:32.481126,1019,voice_in,QIVNA,"-37.27818968975104,0.7706142250005428",A9NDFGJGBJHBHYL,False
3531808513,6235859938,2025-04-09 09:50:32.481144,96,sms_out,ZVU8J,"19.36072956823537,101.02401659726019",ATODSWJ2HU8N10G,True
9334586618,7229707208,2025-03-28 09:50:32.481161,243,voice_in,F0650,"-37.49813704094572,-168.8044284423686",ZNWVOWLQI54KPFJ,False
0871146788,5913210492,2025-03-26 09:50:32.481178,704,sms_out,UI9D2,"-54.45701055578991,-29.383249045493585",C5RH0ZEILC26VH6,True
4782084859,3032499287,2025-03-31 09:50:32.481195,201,voice_out,3W9JJ,"-0.729599204477509,-132.30432088313418",Y3T2ZV0GXKV6QT6,True
8812082040,4096497732,2025-04-02 09:50:32.481211,167,voice_out,F2CJU,"82.42849725188859,77.54821447840936",JUZ9X3CZFBBEWLF,True
6152978409,7427150112,2025-03-26 09:50:32.481228,514,sms_out,3BYU4,"-17.036921467025692,-69.75879531518831",JTTSAA18FSHXG3X,False
3014945864,1948601782,2025-04-03 09:50:32.481246,1191,voice_in,TG47R,"-68.18633514610823,-30.228138866160947",BUG46W0H6AV7WIP,True
8897193956,9351102422,2025-03-27 09:50:32.481263,117,voice_in,NMTT1,"-14.103548249050604,26.780020723351583",HPQ4NN5DFRJ3I62,False
4388815307,7695584436,2025-04-10 09:50:32.481280,536,voice_out,TDKT2,"-32.33311577950787,133.01860707761438",6GSYPZ1POBBUJI4,False
6373331556,6094878476,2025-04-06 09:50:32.481297,1118,sms_in,TS502,"-38.09997926439291,-113.57033536856854",9YZ8FWAZ7QB7KLD,False
5660205568,2387959554,2025-03-26 09:50:32.481314,962,sms_out,XWSKY,"40.071488257676805,-171.55666173842644",SMNJ00CWQTJIHL2,True
7874170049,9749212626,2025-04-12 09:50:32.481331,890,voice_out,HCO09,"-75.86296734708452,71.63554271750846",3P9G3TC3IH3LCOT,False
3655726045,3909605167,2025-04-07 09:50:32.481363,883,sms_in,RZINU,"39.63408445182375,-115.76262898009584",TF5MQUQI95FBGNH,False
9734102104,4774454487,2025-04-11 09:50:32.481391,183,sms_in,2Y17A,"63.18726416778259,62.40424047818976",IAAQL0HASEX3YMO,False
4466527128,6461795378,2025-04-09 09:50:32.481414,476,sms_out,EX7HJ,"66.26006858765786,-49.95391648168501",EMSGHBYHPT6ABNI,True
3395321980,3659012690,2025-03-25 09:50:32.481442,709,sms_in,KMLO2,"55.09178774140486,-74.08183715534778",4AAGEU2NS5Y0JPD,True
8107574363,5640280219,2025-03-26 09:50:32.481463,485,sms_in,VU9QQ,"-88.43846941603488,-120.5710991678142",BD15P9J8TJ2WGMX,True
9845517404,6461822640,2025-04-06 09:50:32.481488,554,sms_out,QGFS7,"81.52288175541017,132.80039854861474",P73WB5TTJLDMAZC,True
0688638125,5098491407,2025-04-13 09:50:32.481506,997,voice_in,73BV8,"-45.83086961200672,130.70660287140464",J8SC5XVJJGUOO2W,False
8811706502,5897176279,2025-04-17 09:50:32.481523,557,voice_out,XQUL0,"83.70715421913243,-54.16588738557607",CA3Z48CBDD4E2UQ,True
3502658950,2275593857,2025-04-09 09:50:32.481540,118,voice_out,31U38,"-56.098553896802144,-117.49939935820109",94BKGB7RHUOBBS5,True
3072504295,3832350423,2025-03-30 09:50:32.481556,822,voice_in,QEK5T,"-75.34003247040239,68.88230012289509",MO4V3NSJNJGT120,True
9349680379,0575255871,2025-04-14 09:50:32.481574,1064,sms_out,H9VC4,"-72.0264277462272,-90.4301445784468",3MQL200R5FKD57L,True
1520171174,1933542423,2025-04-06 09:50:32.481592,673,voice_out,Y54IO,"-25.251187245381004,-132.59151436001815",NBIUMQ80IRXZK98,False
4116675812,9000946209,2025-04-20 09:50:32.481609,1089,voice_out,HXUNL,"-14.360239038936598,-47.579833919273824",K79NU14FYFQV8M5,True
3231134361,4694108654,2025-04-15 09:50:32.481626,712,voice_out,CYAM6,"47.53227632127141,-72.4843982875756",AO42C9L3MTDO7KH,True
0437440185,6380776642,2025-03-30 09:50:32.481656,363,sms_in,HCMZA,"-73.71800074523698,-177.70874450293124",XDW7F3ISKZYRQ7U,True
4604995968,8295259409,2025-04-20 09:50:32.481675,131,voice_in,55YAN,"-46.167598055337784,-41.145791247552836",APLY9K0F8S35MP1,True
4177236387,1867729166,2025-04-10 09:50:32.481692,402,sms_in,T4LR1,"69.27956359291161,-117.7949730529582",89F9K8OWIQ0AF85,True
8695799063,2197677000,2025-04-20 09:50:32.481709,571,voice_in,1ZWP6,"-27.295314121607205,16.796633720207666",XAQJXDPV4WK2ZKW,True
0310722828,5463742431,2025-03-26 09:50:32.481727,574,voice_out,EOHS8,"-87.3871024343079,138.3565795924029",DNVA0HTJU7ZQS51,True
5014309337,3140727641,2025-04-05 09:50:32.481748,396,voice_in,QWOVS,"-73.70658755367342,123.39254916600339",51HQV168EL4OXG0,True
7905857184,4227207207,2025-03-31 09:50:32.481765,102,sms_in,DSDKR,"-1.0258737995436888,-86.34112213197007",QZHKRGN0XSX3MSU,True
5938372644,8248767462,2025-04-04 09:50:32.481782,1107,sms_in,FK7ZN,"42.43531271066678,-74.573793077669",2EHDM3MAQABHVCN,False
9867100305,2296604264,2025-03-25 09:50:32.481798,477,voice_in,R185M,"14.287689339180872,-72.9761882921045",NV2ULT857KPD2X7,False
5451866546,5487460755,2025-03-31 09:50:32.481815,729,sms_in,EH010,"-42.69183122831998,34.931995452724664",PWFWX46M48HGWFW,True
5482780593,4452701203,2025-04-20 09:50:32.481834,95,voice_out,X8DJT,"17.476546347808053,-18.152190170660617",N62WZ6PPJCVM2TE,True
7486997902,5196287783,2025-04-14 09:50:32.481851,623,voice_out,9WP7L,"11.330540603537457,-90.37106928966044",0SAPY8HXO8EB72K,True
0504154600,0853886101,2025-03-30 09:50:32.481868,431,voice_out,45RR0,"-70.01738259296533,49.72864312127652",CQNL5JTMKIA3UWE,True
5593615972,9441906011,2025-04-04 09:50:32.481884,472,sms_out,1YG28,"83.30736008613124,43.96313733292013",WLNW6JINVOLBR18,False
2320315244,1485513300,2025-03-30 09:50:32.481901,220,voice_out,F43OP,"-88.63367635200603,55.23345433915418",EWOATVY3AWGMIIN,True
3619530728,3581338556,2025-03-31 09:50:32.481918,437,voice_out,LAJNO,"-42.568685625139395,-82.32644000845276",33IIN73SDIE9492,True
0485877425,7306069885,2025-04-15 09:50:32.481935,48,voice_in,1MBLQ,"15.647528257528904,-23.325571240625578",NRJLDNDW9HO5XQA,False
3448539457,9593538307,2025-04-09 09:50:32.481952,337,voice_in,GG7RC,"-14.204553870357273,171.27825375576748",3UAY6AQ7AWTSH0E,True
4699929888,5259416350,2025-04-12 09:50:32.481969,891,sms_out,ONZFU,"-61.78165143280932,-133.1149239824442",TG006SIXYB2BLCW,False
5150696090,2380382783,2025-04-22 09:50:32.481986,710,sms_in,A4H84,"83.52079770273895,-156.88895228692473",HK35URGZGGRKJOJ,True
5465538627,0919602483,2025-04-01 09:50:32.482003,252,sms_in,XXG6V,"-89.85050340063225,34.47733337077233",8BRJAKK6TXWOUA2,True
7658171220,5117763142,2025-04-10 09:50:32.482020,692,voice_out,VQCKX,"32.8015463829811,-143.44652653583248",47MNVHWAI3D96Q2,True
5261963069,5954820504,2025-04-03 09:50:32.482037,516,sms_in,XX9BJ,"-31.667401566539404,97.82836481108677",BO60Z5U490WIZQV,True
5635071853,7703980723,2025-04-23 09:50:32.482058,866,sms_out,HWY8R,"-85.73936944612554,23.252734522433855",IWLBDMMGCYJL8F9,True
2838512166,9521860434,2025-03-31 09:50:32.482076,622,sms_in,NFYVM,"-46.74265108079953,60.08051268513614",HAE95R6FXXWQZX5,False
1925335762,8886819361,2025-03-27 09:50:32.482092,102,sms_in,WQ7UX,"-34.06969317117245,100.13480388816981",72J0CM4L3DIT7MO,False
2953917831,7974027600,2025-04-14 09:50:32.482109,686,voice_in,4SOAX,"-48.89201036566414,102.15860385927044",CGBXE5M2KYGSUM5,False
8555037738,3283911536,2025-04-14 09:50:32.482126,926,voice_out,0N8B9,"23.41318765230038,77.32211061370515",04QEBS8HRK53N1A,False
6251495136,7830142717,2025-04-07 09:50:32.482143,127,sms_out,34CEY,"21.03083115389579,-118.82258658431017",VI44B5L7GAHZIGZ,False
6063700887,9867076935,2025-04-02 09:50:32.482159,375,sms_out,LO2OO,"66.71999643998097,-86.3868873552274",I7SEJ33EYOUHSHF,True
4669812479,3257542579,2025-03-26 09:50:32.482176,1120,voice_in,EDBTS,"67.5032516506406,-102.09298261733439",4OAG5CKZ91TLDP0,True
7866155779,7933070193,2025-03-29 09:50:32.482194,1130,voice_in,7OI7G,"82.9214344805201,69.45817479776187",BJLJRCRUJUKDY02,False
5760863845,6469288284,2025-04-15 09:50:32.482210,830,sms_out,QS8AT,"1.9919041103247253,-12.720838430843742",GCNMLSQYS2RIN8K,True
4790544253,5519062314,2025-04-04 09:50:32.482231,442,voice_in,WDZ2L,"0.5782897972545697,-61.549550926484415",ZLMSEWL65X32JN4,True
8853449306,3513373866,2025-04-14 09:50:32.482248,1063,sms_out,6R64M,"-23.501770883764152,-40.578134144165745",1WPAOOZARUDJFJ2,False
7219652625,7052723465,2025-03-29 09:50:32.482266,1017,voice_in,L902D,"-44.56406294430555,169.0284785722971",R9714JW5AQ0B50V,True
9688092373,6422096752,2025-04-07 09:50:32.482282,893,sms_in,CLDSM,"59.27699280522626,-148.89538194091278",DMZ5RTO5OTVCMG4,True
4690264106,8193439622,2025-04-22 09:50:32.482305,747,sms_out,H03UH,"-44.5356456448171,11.75260331148985",J84EHOYWW3CMR78,False
1634148845,8035845359,2025-04-07 09:50:32.482322,300,voice_out,13YOT,"54.669170458482995,-47.707327463394506",GDTQCEBXTAQSQJK,False
3317925216,9066902214,2025-04-14 09:50:32.482338,1110,voice_out,X3X0A,"-33.441324966027224,-128.37911862705988",2CICDONQDDIFPYP,False
2631350594,0693342546,2025-04-02 09:50:32.482355,316,voice_in,9494O,"-56.25925708100139,-160.40806755636777",76JKUSQDY2BG3OL,True
3623109484,6139191357,2025-04-22 09:50:32.482375,385,voice_out,OBYR8,"-35.804185652297804,125.55672389424694",AZXI8R42W29EMEF,True
7069775639,4898865630,2025-04-06 09:50:32.482393,82,voice_in,MCSEY,"-1.7816854550801935,-141.4837449978785",SZ79565ABT0GSF8,True
7023741895,9616540925,2025-04-06 09:50:32.482409,295,sms_in,6Y7EH,"42.295822806445756,146.81823044347533",I1IOWPEIC891SL8,False
5511968104,5243122132,2025-04-11 09:50:32.482436,419,voice_out,F9VK9,"9.773659647219901,-31.927006180698072",EX0137YEM7FFQRY,False
7691968651,5137313422,2025-04-15 09:50:32.482464,1088,voice_out,1ZMY7,"72.33349733825938,-15.131588367554201",8JNFZ63WEM8PMMU,False
3447901252,2611970872,2025-04-15 09:50:32.482492,124,sms_in,GKQE3,"49.68129958207163,120.80288792840105",P9O13K0LO3IOF4O,True
0559608295,4190353072,2025-03-26 09:50:32.482520,251,sms_out,SBJGU,"76.68310764318548,-56.47080237043242",UWN2AZKZ9ZU8F25,True
4430673366,4174058007,2025-03-29 09:50:32.482546,276,voice_out,I6ANR,"81.98972436352435,-59.84548155598674",99PFZSAF5ZZXGRR,True
6629487479,6131805132,2025-04-11 09:50:32.482564,59,sms_out,3EMNW,"-68.50109475482701,-61.34233626965158",KMUK2G2DIOW1MEF,False
0812792028,9536171832,2025-04-02 09:50:32.482581,93,voice_out,IJDG0,"61.75699153826028,-51.37908005613511",UYCOLU5GMX5C25Q,True
3193097975,5750296354,2025-04-11 09:50:32.482599,1184,sms_out,HP4J1,"89.6451656598542,-39.35259501153345",CX9LFSCDHGIDI5W,False
3278345834,4344473841,2025-04-06 09:50:32.482616,59,voice_out,UUA51,"19.506719841524884,163.0190011537095",X7RASSMBV2Z82IC,False
0531073270,3393535616,2025-04-12 09:50:32.482633,1088,voice_out,NZTU3,"-88.55265537318533,97.66041671177652",UOYS32KIA1P6MT0,True
8675685260,6072560535,2025-04-07 09:50:32.482650,672,sms_in,C864E,"-59.340592336816734,54.64992464225983",CWRLMD84AA6W6DI,True
7009556472,9352322479,2025-04-21 09:50:32.482676,1167,sms_out,BHX97,"-55.96549870805531,-143.11063889144012",RSCLOGLILOHPTDE,True
6121201458,6864645396,2025-04-07 09:50:32.482694,798,voice_in,9BC28,"-54.326377628684845,-175.47715789105177",WNVRN13NT4DRTU1,True
9705238884,8905544896,2025-04-08 09:50:32.482711,969,voice_in,U6U3B,"-50.32872160149595,-31.27677186319346",XEKRIPNPULBSNL2,False
1786491510,5277457844,2025-04-16 09:50:32.482728,433,sms_in,7A9SV,"28.20403010316234,-107.17968986237406",PCSMYO8REYLIY8Y,True
2161613042,2416594241,2025-03-26 09:50:32.482746,104,voice_in,3UWPW,"-78.82045361928215,-146.73976458510418",H5C7U8LERHW203T,True
8999588773,4494512886,2025-04-04 09:50:32.482769,1060,sms_out,S5JWE,"-24.46837688686989,-127.09575258295996",83CQ0ZOSHGAKZVY,False
4004830272,0219054271,2025-04-17 09:50:32.482786,571,voice_out,MN4EG,"12.47889972018669,5.197823807229156",JVPB9A5L8R8I5ZL,False
7121982949,7555924409,2025-04-18 09:50:32.482803,704,sms_out,EUT07,"34.17848918887873,89.53125633510098",GBEIKTD6O35A9NH,True
6833558057,6421477461,2025-04-09 09:50:32.482820,1046,sms_out,VUUHE,"4.203040599354182,-41.12472245415725",E20DBZ6R4K6OIBV,False
6531160583,4253224899,2025-03-30 09:50:32.482837,1076,sms_in,CDMFU,"-19.457589784730516,81.54805921431273",32D3H7I851TEOFC,False
1205002512,8229538526,2025-04-12 09:50:32.482854,201,voice_in,3XSMW,"-12.297200271876761,109.69325066795597",O3GUF1GYZJ0TQHL,True
9668342664,2304593289,2025-04-11 09:50:32.482871,472,voice_out,Q7CJD,"29.677998752673716,83.99769374315298",R5QLRSZT6I6DS4I,True
6600395439,8730913691,2025-04-09 09:50:32.482888,941,sms_out,15M8Z,"-11.38937829225165,-3.4367238411666676",4RO466IVLMEX1EL,False
5468361214,0119724005,2025-04-18 09:50:32.482906,238,voice_out,K8U7H,"-17.843658653545376,56.39212194410669",ZQ94E0P27O31ZPX,True
5728655973,7259808341,2025-04-05 09:50:32.482923,446,voice_out,92K8J,"-70.48469015689334,169.81078501145373",PCE0O14797R3TX8,False
8879082442,2145387228,2025-04-01 09:50:32.482940,44,sms_in,T1848,"-54.7256806745032,-178.9180176670431",JGHXIK4IQQHACXP,False
3813506086,3538828181,2025-03-31 09:50:32.482957,930,voice_in,T476I,"-44.50162228290703,60.37759683603866",47O8TU8AV4CINJM,True
7992114616,1650496655,2025-03-25 09:50:32.482975,790,sms_out,ADUZ3,"34.48587845697445,-52.88931987203722",GNKG4JZDD9P0AAC,False
5368853980,5800621373,2025-04-08 09:50:32.482994,597,sms_in,URK47,"-68.09104912602145,31.072578507590066",1TJXOW77ZHWOP77,False
1948732715,5200560361,2025-04-18 09:50:32.483011,818,sms_out,JG076,"-7.281059064261015,-48.06318000101501",CE5JBQ6KPMW8OBT,True
3027518627,4780560667,2025-04-23 09:50:32.483028,963,voice_out,H4XLA,"-46.03219514717081,130.92641736188796",LH3TKFWYGLUYU0H,False
9933306499,0729269115,2025-03-30 09:50:32.483049,1063,voice_out,BFT23,"-64.0840990870154,48.96380403054715",V9MUH42T5HCS5G7,False
0087869384,6563825838,2025-04-12 09:50:32.483067,782,voice_out,EQ9HT,"12.244139913542469,15.98434929926296",18OPDUTD17GCYJ3,False
4498659015,0286926197,2025-03-31 09:50:32.483092,90,voice_out,EOVCC,"84.43752747397573,-42.46322326818387",KU5WOW3K5T3UCHA,False
9293540410,3492954568,2025-04-09 09:50:32.483118,766,voice_out,ZA8CA,"45.2741641558319,-114.53031942404608",J9P4T1BSVGPOIYY,True
7745784717,2852686713,2025-04-20 09:50:32.483146,1045,sms_in,YZ73H,"-69.144097723579,-66.81988787240701",T8FZHY7RRQTUW9C,False
9015901546,0165805205,2025-04-23 09:50:32.483181,966,sms_in,83FYW,"-10.089470883340283,115.39356772437787",TBYZRLS1FK8P8JX,True
8303961558,4808269272,2025-04-17 09:50:32.483211,1082,voice_in,XRZAB,"-70.17900693999928,63.38842018510556",JAH0E5KS407T3HC,False
9521079440,2032269137,2025-04-01 09:50:32.483241,1015,voice_out,FNT0Q,"-2.4961578648474045,-112.77341511196755",YWLQBD3CNSGD6IB,True
4385385562,1661860923,2025-04-17 09:50:32.483270,176,sms_out,TVRMI,"-2.279734595422255,97.27246522147516",ZNY3WR9D29JKS00,True
2823963289,2964343231,2025-04-05 09:50:32.483290,589,sms_in,KHH83,"-88.90391072344168,-111.36043622503347",O3B2CHWCJKXBZ5W,False
5591418994,9311544620,2025-03-31 09:50:32.483308,178,sms_in,EV35H,"-26.425954533507706,22.681206333853027",AD977UJC7TFJ2P1,True
7808642093,8044911376,2025-04-12 09:50:32.483328,54,voice_out,AUD9H,"-28.491206370802786,112.45515245377396",DC77GGDR6K2SKGP,False
7576045250,2556980898,2025-04-03 09:50:32.483345,30,voice_in,FASQB,"-29.880407401126718,106.34043761459395",XP3P6MGKNO17PMY,True
4993614637,1804140171,2025-04-11 09:50:32.483362,606,sms_in,JEV5W,"72.81638875347855,-113.95836420499792",9P62F0VDAGDGXSW,False
5718709797,1351087083,2025-04-06 09:50:32.483378,544,sms_in,3KW7N,"65.00974115207705,137.42240931123268",E2548A47E2P1SF4,True
0334823300,9563817522,2025-04-14 09:50:32.483395,606,voice_in,7270J,"-16.319428412923287,42.27570055560054",TOS87TUEMAJTMNC,True
8286095576,8794645249,2025-03-26 09:50:32.483413,1047,sms_out,B7VF2,"-23.796226789545685,114.13335675037968",TJUVQD7SIHBYTPL,False
5215018022,5888495761,2025-04-11 09:50:32.483430,932,sms_in,V0KUE,"49.037275383810396,123.52757614534454",2UY0NY3PV72F9M9,False
3616853820,3487392137,2025-04-02 09:50:32.483447,357,voice_in,66POS,"75.8886020476705,-99.13752535301583",6FCZXUXFJA6EW70,False
6183543500,5190147392,2025-03-25 09:50:32.483465,53,voice_out,JRGNC,"32.59229699445983,-118.14023093462856",ZMS29FUXANSM9WV,False
1519219166,3655034371,2025-03-26 09:50:32.483490,864,sms_in,KMHZT,"33.02771024537857,29.527994956235347",I8UIFUFF5XLVRG6,False
2443276288,1992362349,2025-03-31 09:50:32.483507,102,sms_out,J6L0H,"-57.320930677919264,-122.5806169487021",O7EF0J09UMP3058,True
6710727891,8342249989,2025-04-21 09:50:32.483524,966,sms_out,V9IE9,"-42.02841575435686,137.62142141631017",WJKS8WGSTY0X6Z2,True
9652724781,4909937277,2025-03-30 09:50:32.483543,841,sms_in,64W07,"-27.2850221648821,-0.8140557297338376",9HTN5FMUS9XXC9H,False
7459757735,3094904277,2025-04-01 09:50:32.483560,694,sms_in,PMF1O,"-16.694277049240327,-44.086446214316226",20BHVTBBZ5KR0SZ,True
0211472757,4518033931,2025-04-12 09:50:32.483579,441,voice_in,VJTVD,"-3.50896291889984,-155.36974485170998",MQWTLXCB44UND0O,False
6051352465,2037359911,2025-03-27 09:50:32.483605,789,sms_out,N2IHQ,"79.08911782823944,-13.597867721503746",OTDYCZMXNS3WA2V,True
3730399865,5211979193,2025-04-05 09:50:32.483630,868,sms_out,9WPEH,"20.42005854210265,-96.24925636709936",2001JKXJZFIG4FK,False
9011533290,7685389832,2025-04-22 09:50:32.483647,427,voice_in,HWS7R,"52.40746931625375,-34.82644530678522",2EMPUHW7R7CZ6UH,False
6568900049,9534153397,2025-04-08 09:50:32.483679,324,sms_out,ZW2WY,"-32.561296153106724,-69.44771671008093",QTD49IDIX0TSV9N,False
7784290603,7531721234,2025-04-09 09:50:32.483698,517,voice_in,Z75O6,"64.40828810906919,107.47972621067879",AS3OTUCXCF6TDD2,True
0040500814,2459424635,2025-03-25 09:50:32.483715,447,sms_in,SBNT3,"-71.79748190732788,-118.89926810875778",MYQ2RO5MNC1BIOW,False
7875157509,2540788744,2025-03-30 09:50:32.483733,206,voice_out,QXJL9,"-48.56493612786987,18.228665012718835",7OAU5HQ6EEB4Y6L,True
8469055806,5376191514,2025-04-05 09:50:32.483750,193,sms_in,6VAPN,"-88.29899212192265,97.92648335100148",IDK60GRJ98GBR0J,False
2986607905,9439595694,2025-04-20 09:50:32.483766,130,voice_out,V6UMN,"-25.231488144608562,-46.97749525910652",H4M2TMEMXNNK09X,False
7212409068,7178314523,2025-04-05 09:50:32.483784,1114,sms_in,BAOU3,"-6.468653951471808,-17.264454379339895",N98DSOO87L0AD9V,False
8971636355,6987579325,2025-04-05 09:50:32.483802,260,sms_out,QC93B,"-86.09456587117042,45.79024703537178",07GKHDKH6T7RBEN,False
3114957235,0803128047,2025-03-26 09:50:32.483820,264,voice_out,4J3IF,"-7.83575215254244,17.021874540469014",6ITRMXZDXQ64FU4,True
9269936045,0296780536,2025-04-12 09:50:32.483841,458,sms_out,A9SBJ,"80.45164908067107,89.17051715659744",18OH32ULVQO4B2K,True
1973826596,4193553345,2025-04-16 09:50:32.483858,769,sms_in,76BBN,"40.08974914485188,162.92542589588578",O58UDGFG56F7VWT,True
3645168710,0382634761,2025-04-21 09:50:32.483876,321,voice_in,OP7KF,"-88.19413752669183,-48.69725394489066",2PYKMIS6POFA6FN,True
5800524965,0161160001,2025-04-04 09:50:32.483892,336,sms_in,BN99L,"55.82573224619594,-121.70789607723842",DTJV4Y6FIE2B3VG,False
5730791700,6975961940,2025-04-08 09:50:32.483910,996,voice_in,VPTYU,"-45.37948881150326,-4.616918797248559",5XCZ8BSCS49PEBT,False
0578404484,0265507828,2025-03-27 09:50:32.483935,980,voice_in,S82M2,"-27.491750155743368,119.25817868368807",5DCCL4LDFG8KCK4,True
8266928304,6287935398,2025-04-23 09:50:32.483953,897,voice_in,69X9B,"46.8257780188753,96.06900435370687",WFM71S8VL4UWDVN,False
0586314170,5416260284,2025-03-31 09:50:32.483970,720,voice_out,QYHYJ,"-27.04378052644614,-32.053463503623476",R9EQM0Y1OOQE9W4,False
7468378475,7307146005,2025-04-21 09:50:32.483986,458,voice_in,RFEDH,"-71.85804994844935,-123.19942587646752",TTPVKBJYOQTWPHC,False
1023740512,3569489924,2025-04-04 09:50:32.484003,370,sms_in,TXFCT,"9.551421342860166,36.03881652246204",DI6P7DMXWKDPHI7,True
5915476016,6294121892,2025-04-14 09:50:32.484020,605,voice_out,5OWQ8,"-32.81493331826028,-125.24678858205272",EDOFFVR810QPYX9,False
1736714424,9830521736,2025-04-09 09:50:32.484038,867,voice_in,NMZ00,"32.62283607242807,-140.5667693565482",41LGC8TZ81NGGM7,True
7595218321,5032006192,2025-03-29 09:50:32.484055,699,voice_in,IVW25,"-1.6601243465614886,-105.76631735935169",K9DK1FL4CRVANGG,False
9286265076,9684571493,2025-03-27 09:50:32.484073,258,sms_out,PWT5X,"-45.00582566106445,7.957323500662824",O1NGG6TX8F4PBPD,False
2751984481,4915672422,2025-04-07 09:50:32.484090,447,sms_in,A7UJG,"77.46960953439154,4.518789706041986",C4G4ZB2BUW62XT6,True
0987469961,6753739095,2025-04-15 09:50:32.484107,124,voice_out,GVSNZ,"56.78941412256219,-165.94057998576943",1HLVRF7CULKEN4Y,True
2004473651,8084057589,2025-04-21 09:50:32.484125,674,sms_out,WCDMU,"-8.69861284074274,-90.26666376521446",HX767APLAVDQWIF,True
1845301676,0950456834,2025-04-01 09:50:32.484141,686,voice_out,L6VBH,"-71.85875190908874,-4.556482158808592",FIRP3O49I3TIS4M,True
6020390043,4845657654,2025-04-10 09:50:32.484166,113,voice_in,RG3R3,"-75.90537647997454,-21.190087392957366",YEBI34NG1FA654J,True
5867780964,7648961322,2025-04-06 09:50:32.484203,1056,sms_out,XTHPF,"-2.8119862435257232,-93.15182137134936",JNR55YYM6ZJGJW2,True
6138416809,8564545532,2025-04-04 09:50:32.484220,434,sms_in,2YLBO,"-47.03676546026068,-7.7763500765406945",PDQ5WH1OIF2LSZJ,False
3729754866,4013528732,2025-03-29 09:50:32.484237,930,sms_out,ZZXJ1,"-37.43278706414772,-45.7046462045449",E5UE13ZWOPJNO40,False
7403992611,3344236710,2025-03-28 09:50:32.484254,654,sms_in,62SBO,"-7.585598685467005,6.696399727180733",IJZ91PEWTTI85OS,True
8282750988,5615507864,2025-04-12 09:50:32.484282,1162,voice_out,RSTFY,"-23.03946712466268,-8.06595659500286",WX48G0Z5NTEZDEP,True
6939105959,3879855879,2025-04-09 09:50:32.484310,834,voice_in,CXIRS,"-5.193866967995149,29.517501596781955",0690I783W99I3CJ,False
4723365140,6741202169,2025-04-01 09:50:32.484330,891,voice_in,4H8K8,"-86.19435282842856,143.53193988837995",22WR3IYXD5LNGWU,True
8854448891,9287392121,2025-04-04 09:50:32.484348,167,voice_in,IGDIB,"75.7370515739288,-127.66289399045968",44Z1P79Y6OBD4XO,True
3836396469,0268249466,2025-03-25 09:50:32.484365,266,voice_out,4WXNI,"61.55749317416755,81.83615885147788",CI7XEQP8D43QBDY,False
2736190630,9335448563,2025-04-18 09:50:32.484383,750,sms_out,BXFSI,"16.184873957672238,9.68015823884997",EXHJYOMHVXGWOPH,False
5834043664,8443987638,2025-04-05 09:50:32.484399,586,sms_out,V0YTO,"47.90736226373622,149.98240763222742",G3HXYMJ4J0KYD92,True
1385127111,1031390178,2025-04-23 09:50:32.484416,186,sms_out,J5X9V,"46.34731901076577,-54.03462913759597",A099J25E7D2FNYG,False
9936901827,7971816589,2025-04-23 09:50:32.484439,699,sms_out,K7RZP,"-19.31071812625993,139.07943046188626",AD893UMH25NMXD8,False
3400321092,1840113029,2025-04-01 09:50:32.484456,434,sms_in,IDLG7,"-78.3497440270944,149.26921591597716",I9UQ8PVHJ0M9ZBC,False
0833582339,2397636753,2025-04-05 09:50:32.484474,744,sms_out,PMXY5,"-76.56658524306317,-90.66851861766703",KD1IUKJWMTPPG7P,True
1240787893,4571236121,2025-03-28 09:50:32.484490,883,voice_out,AS157,"7.719559926361271,148.56619940002747",PYGAOG6GEMI7LYQ,True
1061548418,3293344753,2025-04-08 09:50:32.484508,715,voice_out,AXA4Y,"44.85293193115896,155.96762141069252",U32C9IRE06KOWFE,False
8132466073,4105430458,2025-04-22 09:50:32.484537,807,voice_out,Q5W5G,"-13.63484128891676,78.18032391687387",DVUDM91JVUMEUOD,True
3982459109,4295652812,2025-04-03 09:50:32.484575,266,sms_in,HLPQF,"-61.96577651360033,-140.17567173898496",RLO7BZTT940AT96,False
7561616174,7403473838,2025-04-14 09:50:32.484606,1147,sms_in,D8ULG,"36.32965159259152,158.21068755495764",FJRTBKVU6JVZ4BQ,True
4321734200,0065081664,2025-04-17 09:50:32.484625,468,sms_out,NT2AN,"-16.52631141216449,1.4369922799954225",VPK9QQ1CMGV6HOJ,False
8639974724,2694600132,2025-04-06 09:50:32.484643,810,voice_out,L4H2Q,"44.26219983867597,-41.42413053231246",CKE9ZTA1B3E0BT3,False
8858560235,5847368379,2025-04-07 09:50:32.484659,79,sms_in,0TUHQ,"80.69046182016228,-10.25238317322092",RFJ2O41S6VA4CEW,True
2893839051,3978700882,2025-03-26 09:50:32.484686,216,sms_out,V948F,"-45.55852038070475,75.27662030157256",28XDB8S7H0F3O7V,True
4030309325,2976073478,2025-04-02 09:50:32.484711,738,voice_out,51HNN,"53.16757105128261,-106.29549139045405",435RREZW5YPI2F6,True
5178007068,6370375343,2025-04-11 09:50:32.484734,772,voice_out,XZJD8,"-49.87980772760873,-25.491934864918846",C5SAEPQQLXHMGAN,False
2844115308,1180195757,2025-04-14 09:50:32.484751,345,voice_out,9VFDN,"78.83553222629078,-2.290241508964556",7VMK89K97QKCASV,True
3317018386,6122909983,2025-03-30 09:50:32.484768,507,sms_out,NXRDX,"-23.201394746312033,-68.69388894012165",ZDWB0EGRQ5WGD7S,False
0638734928,7953746933,2025-04-06 09:50:32.484790,802,sms_out,X5XPO,"-53.53617313906283,74.091362043645",ZPZDH7BUOXL331W,False
8703113468,3952109061,2025-04-09 09:50:32.484807,506,voice_out,MXRHJ,"37.12201854783518,99.71264834825581",85N6B5HRQNBFTL8,False
3822537944,4840830743,2025-04-18 09:50:32.484825,554,sms_in,ZPJGK,"-23.8806673219552,165.6173910475872",KMG2QR07ZT3C3ZC,False
2419063601,1548012153,2025-04-07 09:50:32.484842,1176,voice_out,RA5EH,"-7.542637617976482,-23.71270959192549",X0LW7WSUF3CPXXP,False
0118317581,6430024802,2025-04-22 09:50:32.484860,1177,sms_in,GX9HK,"-22.171479119831645,115.16744396843484",GN4LVC5I7HT67FR,True
6666437351,5855454238,2025-04-02 09:50:32.484877,392,sms_in,LP5OP,"40.719981982116764,134.62990510615856",0QWNY939C5BPEF1,False
8576243227,8840027992,2025-04-02 09:50:32.484894,110,voice_in,LA73S,"-28.607606151090543,-102.32441706552036",TWE2COP5XTDN9RA,False
1427666043,6787605619,2025-04-16 09:50:32.484913,651,sms_in,G86OK,"5.754686873272618,-172.11633334148203",45G0CJCBZDWX69R,True
6791088952,4591931097,2025-04-16 09:50:32.484934,313,voice_out,MKC5O,"-37.54299805972892,-59.86836464614872",U3T5Z8X5VZ9HZGS,False
4109168539,9762676293,2025-04-05 09:50:32.484955,813,sms_in,N98G3,"-54.503119760850666,-35.200304745739146",B8CFSTWVFQ7PPDZ,False
4223482647,2010430506,2025-04-18 09:50:32.484972,49,voice_in,6LL4H,"59.157012211824025,175.82142240241632",Y3MHK04YXCWV26Y,False
5619592075,8397773742,2025-04-09 09:50:32.484989,1116,voice_out,DQ5QY,"86.0033744326897,-103.53125434332097",MUGLVC43WPFRL8W,False
0314804701,8181320368,2025-03-27 09:50:32.485006,710,sms_in,QVAXV,"-66.68764083258156,148.05523508751827",U87CDCAVCRD8NBO,False
9685919860,8988490982,2025-03-31 09:50:32.485023,411,voice_in,6V05C,"-49.40502249646247,-36.355063899965444",PY036FVMQHGD2Y5,True
1544031165,7679002424,2025-04-10 09:50:32.485041,274,voice_out,B9EGI,"19.766848380013798,-20.22173235496888",GKHET3V34YFEA6D,True
1232820458,1491322858,2025-04-19 09:50:32.485059,466,voice_out,V5JRP,"89.43066169229411,-128.26603879505163",5CQHB54LUNBOZZC,False
8089700843,0601284748,2025-04-15 09:50:32.485076,973,voice_in,4I1P8,"-39.053811789745076,-57.17747945001361",JJBN680I7ECG808,False
1763287328,2605255537,2025-04-04 09:50:32.485093,1093,sms_in,ALM5K,"58.871620945966015,-68.81649293957646",M0O210GXZO9B1KO,True
3534873349,1513373995,2025-04-15 09:50:32.485111,649,voice_out,DKPG3,"67.34799378338599,-45.65627124888525",903MU5HMQ1IDQTL,True
8664934046,0477457904,2025-03-26 09:50:32.485132,450,sms_out,XZ6O9,"-11.037191655589027,-162.59715625639492",93QCK5DTIALZLNC,False
9327207826,0260423314,2025-03-28 09:50:32.485156,908,sms_out,46ATF,"-44.547675985890216,89.37360651983676",MP0Q5O0R1BNCHSB,True
7743570628,8911203796,2025-04-03 09:50:32.485173,292,sms_in,B7Z8G,"-24.6318795508801,-23.28640752843583",Q55XGI8RUGJATWC,True
1505006654,9004414804,2025-04-21 09:50:32.485196,535,voice_out,WCIZ1,"17.441534974934527,-101.70962067288062",6WACT6VBWU9T8MZ,True
4526442539,0595950321,2025-03-29 09:50:32.485213,1185,voice_out,E9WTM,"-69.27183650264406,-99.04102788005567",IH45LOAY7SNDEZM,False
3619687040,9866538757,2025-04-05 09:50:32.485230,1120,sms_in,EJ13E,"43.50907951391213,167.517940191528",ND4VDE8S9UH1TOE,True
6932091932,1540831965,2025-04-05 09:50:32.485247,1183,sms_out,1LL4D,"34.514440288731436,-159.0881065558776",D77P8GVX183D661,True
4993468778,1753401592,2025-04-02 09:50:32.485264,710,sms_in,T4GBD,"-18.033290670914226,-104.95009645573202",0FT6OFULBMJNDMK,False
8392334288,6306862853,2025-04-05 09:50:32.485285,157,voice_out,W6KXU,"-76.87058038923239,-92.5149714724102",0YDYBWJZD0XBVWH,True
4448329648,8807912849,2025-03-29 09:50:32.485303,422,voice_out,UG14C,"63.893105644166184,132.9897889876018",18CSAZKJTCC1K8F,False
0342569595,8558086799,2025-04-09 09:50:32.485320,986,sms_out,4PC8A,"-33.21542334169419,-151.29899224873918",NQ5CDMYICY4RIQD,False
2229718192,2978253135,2025-04-18 09:50:32.485337,449,sms_out,5CSWD,"-38.31257147913904,79.90411894787167",2MKI8N4U50APV39,True
2483800398,2124576465,2025-04-10 09:50:32.485353,458,voice_in,M9B90,"26.23271029729777,-112.93747378750106",DAZPW0YCK36V91G,True
5750998451,8619419218,2025-04-19 09:50:32.485374,929,voice_in,X65FL,"11.457965641173459,-38.31904225716977",GSNAS8GX0QQ6P27,True
9460869687,3452408076,2025-04-03 09:50:32.485401,476,sms_out,0NDGY,"-56.74088471714963,45.12892191957013",IHJ8KTHMHK4PVYK,True
4196896651,7831888727,2025-03-29 09:50:32.485423,1015,voice_out,ZJTZM,"6.616284845918329,168.3858475116653",4MLTRWXP76057KX,True
3821662932,8362537922,2025-04-07 09:50:32.485445,41,sms_in,LI6K8,"-77.83305106824784,166.935811865608",ZD5KJKIVY13PU3W,False
2155241309,9325786926,2025-04-12 09:50:32.485462,528,voice_out,8ZEDK,"28.55808342126555,-74.96245221541204",B358UDEKBIXVRQ4,True
6916437257,7107082431,2025-04-16 09:50:32.485484,939,sms_out,GEVL3,"55.048846331229555,57.747739763469724",VFH03DSQ8DD6QP3,True
5752407553,5516579387,2025-04-06 09:50:32.485510,569,voice_out,T185G,"87.11255799135182,18.582671008068587",P9MJ7BAKX0BOIKC,True
0179670177,1668569276,2025-04-04 09:50:32.485539,130,sms_out,AUEXO,"39.41551887247786,-124.9904521082662",ZLFYJZAA9LDTM6K,False
6186290869,6963371977,2025-04-04 09:50:32.485568,795,sms_in,6ONNE,"33.89419735745119,112.04812321946724",XUS5KVR14G7AHA7,False
9814979018,7655749178,2025-04-12 09:50:32.485602,557,sms_out,S217C,"-36.27518445637337,168.71319320256407",HN8R8CV9I8D887M,False
9262969291,8877889085,2025-04-23 09:50:32.485631,557,sms_out,2F4OH,"2.3240316374172068,142.39726121831268",ZVXYTMD6F5Z1Y48,False
2012582542,6693785031,2025-04-17 09:50:32.485667,392,voice_out,154SB,"-28.40635595886441,86.08791874951692",GVBXBWFTHJ3WJ66,True
2260260766,3533650944,2025-03-29 09:50:32.485697,1031,sms_out,QCKID,"-52.75115639513662,-31.854029703697307",STYBPMQXWTF85S9,True
9755104701,9280414556,2025-03-29 09:50:32.485733,914,sms_out,CMK30,"38.698832006476636,-88.61093515593102",IXK365IM0WUIUNN,False
5139979884,1502202343,2025-04-21 09:50:32.485762,843,sms_in,T43JO,"-25.832110249622275,126.8428539407596",SMITDDRX4DQQOB6,False
4854575909,3836655826,2025-04-12 09:50:32.485791,310,voice_in,1NFKC,"20.273069673906036,-31.53081925658489",GY3CJX1ILQP6D2Z,False
4571581607,3234218293,2025-03-25 09:50:32.485829,813,sms_out,5R1VA,"84.64678117557793,-114.94337710247551",W9X1FW9KHOGTEGU,True
0553964150,6326269665,2025-04-15 09:50:32.485859,223,sms_in,FXP69,"-66.29876920801676,169.33351804782802",3U4ED1A6G1NLTNA,True
8189643801,0028022474,2025-04-21 09:50:32.485892,531,sms_in,H7H0V,"58.11851342741025,-146.62020179462593",K70VA6F6O8V9178,True
2479316874,9273299810,2025-04-16 09:50:32.485921,1032,voice_out,AC6E0,"-53.263965969958235,95.6370376892263",Q9IKXVM50THEHBC,True
8994368753,3848397447,2025-04-14 09:50:32.485952,1014,voice_in,6IPB1,"-87.3637513457743,-36.93255634842424",4GFPR682OUDSNCT,True
4580974843,1215892657,2025-03-28 09:50:32.485983,421,voice_in,6CPHT,"-1.984246224449123,19.437933739063055",41W8QLXR281LPUP,True
1197748274,1414912922,2025-04-23 09:50:32.486017,1081,sms_in,RWJNT,"23.876027319526102,96.89074979690622",1V55CO8WR18H2ZH,True
5897150601,6563875347,2025-04-01 09:50:32.486049,1055,sms_out,R7E8E,"22.31372650485045,138.37631266743205",KBZ38KTVZLSC5OH,True
5038248045,1913361990,2025-04-17 09:50:32.486081,920,voice_in,W2S9J,"15.237757924401706,163.4888683496713",Y35AI5ZC5PLIK25,True
0181440026,4854503135,2025-03-29 09:50:32.486113,379,sms_in,MZEYR,"7.852169731779256,157.01197058865074",VDAYLJAJC8KPMFV,True
9927495773,8235064218,2025-03-31 09:50:32.486145,499,sms_in,ZCK5O,"-10.738334772044809,-42.51643585986287",C58CM11V09FK8ES,False
1377297767,7001039161,2025-04-21 09:50:32.486176,921,sms_out,YUTSR,"-65.96749264060664,146.53823283555988",P9GVMCVBYJWT5N7,True
7975918202,4578203445,2025-04-16 09:50:32.486207,307,sms_in,V5ZRU,"-47.68394693759147,-121.51866879443631",TAPRQRMVHKZTWB1,False
1530069449,1075350807,2025-04-10 09:50:32.486247,378,voice_out,2MAL6,"42.78119814196279,-174.75084027685227",5WANEMH6AB0YRLX,False
7644203945,2924803178,2025-04-12 09:50:32.486279,136,voice_in,ZZNEQ,"9.206992470029704,117.21462170426156",269YKYSLD59HECK,False
5166804630,7397908761,2025-04-20 09:50:32.486315,351,voice_in,OMZW5,"9.680722417660803,-39.05744984710361",98VVUTG77LG38V9,True
2778863307,5214930176,2025-03-27 09:50:32.486348,358,sms_out,H1O3Y,"-83.04386818963565,-68.52563908145535",NTLUP7F5285MQFT,True
1729483006,1795602770,2025-04-16 09:50:32.486379,116,sms_in,83HTP,"78.59530585120888,-163.09532149129043",1Y9I98ZDGDM1RG4,False
6127088055,8956433920,2025-04-16 09:50:32.486412,234,voice_out,FH83B,"34.45641322153216,161.78746531097096",4Q4MCHMIBVK3GEY,False
6206762317,6959022571,2025-04-19 09:50:32.486443,131,voice_out,EQGUZ,"4.656458998677351,105.47355328847522",DKD1Y8D1B6A25XY,False
0074405103,4670415082,2025-04-14 09:50:32.486472,51,voice_out,UM33W,"-78.21345612411443,40.380907282639555",MWN9ZFN68THX9IX,False
2763025250,6153867683,2025-04-14 09:50:32.486502,1090,sms_in,GLZW0,"1.1314555801379527,-6.541232041644179",H0KNL3SVNUEFWIS,False
7793312911,7349976732,2025-03-29 09:50:32.486532,640,voice_in,GAV0S,"-76.7030002769905,-94.07246616099654",N934HHKXKFF1890,True
1811574319,2667183375,2025-04-18 09:50:32.486563,58,sms_out,SSDPN,"63.27604413116538,97.57826760886553",2S45B4X365RYPUK,True
9773032089,1369595255,2025-04-09 09:50:32.486594,147,sms_in,KM86X,"-1.0830587093557398,-102.34880371947526",RTB94LREHLD7TM4,True
1155646831,5567914917,2025-04-05 09:50:32.486630,509,voice_in,36ZBJ,"46.807283141826616,-2.468494564731003",JUGLWBPWKY8EKK4,False
4937561182,7477953513,2025-04-02 09:50:32.486661,675,sms_in,XM2KG,"-73.21518912243626,-59.16227461782117",1ICHDKP01Q8BIRY,True
5625470228,6153255232,2025-04-07 09:50:32.486693,357,sms_in,1G030,"11.425055222017292,-161.86420638933225",4N9VYGWEVN4YJNP,False
4003292527,1531937441,2025-04-06 09:50:32.486722,33,sms_out,FF4N0,"-87.39084333182342,118.15832312491995",RQR8XHVEKHH0VUR,False
7391537027,6195649696,2025-04-18 09:50:32.486772,227,sms_in,QA7V3,"-80.01651203716077,-145.7427569281418",PZWS3B34FRHAMSY,False
4687024639,8096625025,2025-03-29 09:50:32.486803,998,sms_out,TLICL,"17.514862221144327,-135.29866802087548",DG4A3QRB33TRECL,True
0154996881,8494269957,2025-04-20 09:50:32.486835,187,sms_out,SNP5B,"70.57951811870396,19.253640602310753",YUDDAHZ1VQCV48O,False
8463149042,1310478817,2025-04-09 09:50:32.486864,276,voice_in,AKXPU,"-63.705929185448184,-138.0769856938695",XM8XGENYG9X76G9,True
2815120239,9473808071,2025-04-13 09:50:32.486896,882,sms_in,6DCTU,"-1.1629866860202611,101.68297544393738",92U0CQBKV3IILHW,False
7724831794,7331123189,2025-04-12 09:50:32.486915,41,sms_in,TP36Y,"2.3302665952697197,-9.082701935252118",UZTBHEI0VDIMKV7,False
7065406206,7933842249,2025-04-02 09:50:32.486933,482,voice_in,LTJVW,"-26.10086141193085,-118.95836504312383",ZYXPHSFY13S1SWO,True
3153242209,0175752430,2025-04-11 09:50:32.486950,53,sms_in,RXM27,"37.489298061757296,26.66202748053263",OFCE61RGPWUR7IP,True
5141847821,2452205532,2025-04-22 09:50:32.486966,983,voice_in,QR75W,"83.20636152873931,68.59305183408563",H3VVB6VA165LKLI,True
9821033321,9985871731,2025-04-23 09:50:32.487005,201,sms_out,6HBEH,"-73.57252831844285,132.82678824779208",PJ1XVA360W87E9N,False
1435447110,0155810073,2025-04-01 09:50:32.487023,293,sms_out,YN37E,"-70.22540821902152,149.37603816013808",3I7LGZQ50WLFDMP,False
6384083357,3118265221,2025-03-26 09:50:32.487039,746,sms_out,FLC0M,"32.66191654555803,-101.55652720873636",IZH7VWA4HZ8UE05,False
8892926394,5314916085,2025-04-09 09:50:32.487057,348,voice_out,GSF4S,"8.712888986117122,44.31591210937401",V6TSUSL13EU1NML,True
0401657237,2164102766,2025-04-17 09:50:32.487073,821,sms_out,62DAL,"-66.92963001448629,-84.36234735636667",JGBKV9B9A5SJ4D5,False
8143827225,7417472348,2025-04-15 09:50:32.487090,774,sms_in,WOEJO,"-58.866386059916486,117.91465883384888",6JOFK9JNGAJSUZV,False
0936467546,6480314187,2025-04-07 09:50:32.487108,622,voice_out,PDYCI,"69.48198698767615,-76.86983261175013",XWIZQNVQDPIBALS,False
5617406224,7399333573,2025-04-21 09:50:32.487125,778,sms_in,MPWZX,"-60.81101147698759,127.60169760564207",H0WU0H00Z2KC6UG,True
1334663088,7368107992,2025-04-02 09:50:32.487141,1095,voice_in,PWIWU,"-85.57888540047009,7.690103992240552",8BVSNFC1HC8KAPD,False
2976629632,4955927149,2025-04-06 09:50:32.487158,45,voice_out,KZ8Z5,"-18.220694142572313,-81.37448814402613",EB0ZKDFUZWG23BU,False
4494246090,1865165604,2025-04-10 09:50:32.487176,707,sms_out,XYE79,"23.462052294862602,167.19971972519414",7IM0JQ7LE3NR3OE,False
9814859760,6942437337,2025-04-14 09:50:32.487193,70,sms_in,59W4I,"87.25987927629717,164.40728457667188",PVTIBO5DHQHDQ3E,True
4777507230,4873190307,2025-04-14 09:50:32.487210,1096,sms_in,CQ77N,"60.63930159764831,-84.41691013431762",60LKLRR6TTQWPNE,False
2194182961,6315468779,2025-03-28 09:50:32.487231,1115,voice_out,5HWUR,"-37.510877580369666,31.948070716911104",IB5UZ2YAD4X3IJX,True
6889694652,9987405034,2025-03-29 09:50:32.487251,1110,sms_out,80WAF,"81.97076509128124,-44.85003929834204",OM8O554IYFNPRJH,True
7908505460,0785877443,2025-04-23 09:50:32.487269,411,voice_out,AZ2PX,"63.94723312932706,90.19974414363577",21TVXACXBTGROZ7,False
3399485572,8706904883,2025-03-26 09:50:32.487285,689,sms_in,OG1UL,"82.12163896909101,27.099829237480037",2SAZO09DO8T2PGF,False
3340717197,8994484320,2025-04-11 09:50:32.487303,595,sms_out,4CTNQ,"56.10596408753901,73.19140903649719",Y87T8ZYIZ54RVTJ,False
7754042883,4845433555,2025-03-31 09:50:32.487319,670,voice_in,WOWEG,"67.79045444331607,53.650340807532814",MW8AXKM8CPIP5WW,False
4196740073,1297880082,2025-03-28 09:50:32.487339,249,sms_out,OC4QD,"-73.93286186623195,130.05995150684674",ZW865TOPK3J0RX6,True
7775909942,1796654863,2025-04-08 09:50:32.487356,797,voice_in,9XCPW,"79.90881647349246,113.96296094144532",NNOUXC6NIS1PI18,False
3776702684,5970097264,2025-04-16 09:50:32.487373,364,sms_out,N8ASD,"-7.005875118979475,-127.52916723194383",DH531IXYKE52413,False
0958089928,7992503952,2025-04-11 09:50:32.487390,41,sms_out,IXHMM,"69.08039258831857,178.56249942453195",J4W4CL21TB3WDKX,True
8461987396,8472417017,2025-04-19 09:50:32.487408,1068,voice_out,PJXI3,"76.78971137313218,-109.33736228111017",B5JZHYCVFO8FXWE,False
1493064513,2029321551,2025-04-19 09:50:32.487424,859,sms_out,B6YX9,"-33.019640417168986,-57.55096437549415",PSDQNBHJALOSS7A,False
9286698398,2106708186,2025-03-26 09:50:32.487440,1113,voice_in,J8LMV,"17.102079503645612,99.54304235215108",F04LV7ZCXRSJ7QG,False
6198425157,8474169933,2025-04-22 09:50:32.487467,196,sms_out,XLVDG,"-43.66695177448889,138.18424116379958",QDFQL7UYK7AB8AJ,True
4602729646,4497294089,2025-04-17 09:50:32.487485,1097,sms_out,V9R6V,"-31.138584035340784,-108.43314454074135",INKKJGN3TRGZBGA,False
4698967276,9842164883,2025-04-11 09:50:32.487501,1198,voice_out,5AR1Y,"38.995829899665296,-3.8160667081886857",Z1YTF0UASTO3LSN,True
4948296389,4972859559,2025-03-27 09:50:32.487526,937,voice_in,VMT39,"-72.43897385472444,147.76974895268563",J8UCR6TXHHVD4Z4,True
1839210286,0345301814,2025-04-22 09:50:32.487555,332,sms_in,6MOXH,"29.54137024459662,-5.59542478275381",CE8BFFS5DOIAK6Q,True
9499604166,5519168730,2025-04-21 09:50:32.487575,526,sms_out,TTVMC,"-6.327810654949715,-9.240175385426",MQ9E0CGXQS0BQ7B,True
2254602996,6378857741,2025-04-06 09:50:32.487602,1160,voice_out,TJ0GD,"-33.62427792703786,-55.60352800913441",UD3G3NVD61XXVJ4,False
2494749433,2786146035,2025-04-13 09:50:32.487619,626,voice_in,GQ4AP,"88.38219845619574,159.69874350826382",IUT9AL3WADLL0JS,True
0141853647,8948042707,2025-04-18 09:50:32.487637,1177,voice_in,U25H4,"-78.98318925369233,105.39420187183896",OJOJC541GOSJSSB,True
7322143582,5546608316,2025-04-11 09:50:32.487654,301,sms_out,5WLDY,"23.05094921434305,-39.52282582227133",EAXGJFVKY9E56T4,True
1765366787,4215857894,2025-04-15 09:50:32.487671,930,sms_in,HIJET,"-7.47236346487567,34.98683007592186",G8I4JOJ4HKGV3G4,False
7393712690,9642262924,2025-03-28 09:50:32.487688,881,sms_in,J2PQJ,"40.021353795373074,161.55185190030386",FN3RLP1BILEPNI6,True
9595658076,5333866460,2025-04-19 09:50:32.487705,43,voice_out,LTSE2,"-33.57103514044614,-33.77158166709046",254CZGMZ455SM4O,False
5360511394,6142275576,2025-04-03 09:50:32.487726,428,sms_out,E4LI0,"-49.76899223996859,151.4100615924047",KDFDF8F17DLMN7Q,True
6301788674,1342179306,2025-04-04 09:50:32.487743,703,sms_in,6ZPYU,"-79.97003594610294,-144.72685889857271",M7U0VLECTPQT4AR,True
6235596002,8654485464,2025-03-26 09:50:32.487759,972,sms_out,5PHNS,"-63.811677768184666,102.95772412293041",UKTWHCDPDS1UD4Y,True
1765403218,9553549837,2025-03-31 09:50:32.487780,539,voice_in,0MC3G,"55.46086163562043,60.5647822213318",JQ775DUTYTPI40I,True
4141702692,6817575802,2025-03-31 09:50:32.487797,369,sms_in,SEVEI,"-47.796950290109294,-7.388355918476719",A772084W48JME3S,True
1730648056,2459686939,2025-04-01 09:50:32.487816,545,sms_out,HNZWX,"-21.701906364774217,25.629324036651752",AJKX78WMLK3RB3A,True
7085243852,1724069046,2025-03-26 09:50:32.487834,1126,sms_in,V5I0K,"-8.462104612774183,139.13046326553712",TYGJPAKTK20RYU0,True
4815146933,0019781751,2025-04-13 09:50:32.487850,320,sms_out,YKGNH,"-58.80483892664368,67.8177306213513",Y1C8DY0PGT6ZU9C,True
8759920390,2909725210,2025-04-22 09:50:32.487867,896,voice_in,TYRZU,"68.12727860473652,-144.08098432469586",0VOCL082MUAQ9Y7,True
5910895271,3552554359,2025-04-12 09:50:32.487884,256,sms_out,XWXOM,"73.79501749284469,159.5647334514794",2ZCCSMSCEQ7YNI4,True
1654466801,3690027690,2025-04-01 09:50:32.487901,333,voice_out,1IXB7,"89.82933959002597,131.3909996867742",S0KBVO8W2X3V886,True
5274842253,0515468008,2025-04-15 09:50:32.487933,590,sms_out,SGLT0,"-38.294470493463244,0.9127342552303617",DG5O2PPR1IN7HFV,False
6024210778,5956943589,2025-04-17 09:50:32.487962,912,voice_out,3DWHJ,"-45.10894575826805,-36.69235113609412",Z815X3N63DHZWA7,False
1712280040,5801090635,2025-04-10 09:50:32.487979,870,voice_out,6USVY,"-75.35576963751839,129.61381586329878",5EFX758DWHZXIPF,False
6598517462,3648516318,2025-04-18 09:50:32.487996,311,voice_out,ZCRHG,"66.33629285596282,129.7614179842729",POOKYLAULUK1UL7,False
5876868873,8593002654,2025-04-15 09:50:32.488013,190,sms_out,UK05H,"-7.232566029370048,-163.43206581708034",5668CAPJITNAFLZ,False
7166618862,8584651018,2025-03-29 09:50:32.488029,264,voice_out,6TK9P,"-57.89897193149761,103.96510538879443",ZP82JXAQJGVBO1R,True
9111740783,3474774535,2025-04-20 09:50:32.488046,1200,sms_out,U54GV,"-86.90498007571816,13.083255879810594",7ZJWTFX0H3LE2PQ,True
0085175977,5744980891,2025-03-27 09:50:32.488065,1060,sms_in,UCZ04,"81.71640632937877,65.66543185956516",FM614LID344NRBY,True
6761150657,7705454619,2025-04-13 09:50:32.488084,535,sms_in,B5BPS,"-23.12676768893982,-43.86976101571756",ALBUU7LR5673I9I,False
9120132690,4189669192,2025-04-13 09:50:32.488101,981,voice_in,TR7HJ,"23.222108459167174,-12.946520457125104",ALE4EO93TK8ZY4G,True
7868081652,6995482532,2025-04-13 09:50:32.488118,1153,sms_out,G1HG7,"-70.41321077712975,-15.676875770916752",XEE9W1BYRS37MMB,False
7810383254,6633036863,2025-04-06 09:50:32.488135,740,voice_in,YPD7O,"70.8148106060631,-38.90934042435572",07Z01SH8AI2OF63,True
7815043096,3542601002,2025-04-13 09:50:32.488161,1173,sms_out,4JKCO,"64.10514845488768,-7.614342346385001",FM1WLEW6J1I8YOV,True
5404728771,2252221627,2025-04-19 09:50:32.488204,171,voice_out,1DVYK,"84.28639296138502,-167.76192281573276",9D1SSX3F5TNS9S7,True
6492193206,2165075810,2025-03-31 09:50:32.488243,341,sms_in,1NJSE,"35.2226876999773,26.447861674860462",QX0M0C346FG5LOJ,True
8125456101,4932609574,2025-04-01 09:50:32.488276,605,voice_in,RIWXL,"-42.83988927229855,-20.39893541704933",9GBPIYSSA0XM0D1,False
1890000808,5979436540,2025-03-28 09:50:32.488296,67,sms_out,AFOQ0,"70.92570686147207,-179.82635844090754",VAVDMWEZHQDLC7L,True
7709309950,0903673155,2025-04-13 09:50:32.488312,962,sms_in,D8O6W,"-81.13330349394876,49.87737788197995",WVQL1BS50VG3DC7,False
6363364128,1581293788,2025-04-06 09:50:32.488329,363,voice_out,NRG7I,"-63.126843023583625,35.72256007836913",9SBTORZ4U1DTXEE,True
8997340161,0162757153,2025-04-16 09:50:32.488350,324,sms_out,IUM0C,"4.039402203015115,-147.5570448616861",X963ZVUI7WFI45W,True
6954458880,1000139192,2025-04-03 09:50:32.488369,172,voice_in,0D0EQ,"-30.869410102642775,91.36059549813876",6LTGB7RFAIT8O7S,True
7010672963,4213690888,2025-04-03 09:50:32.488385,730,voice_out,PGBB8,"56.17380834271361,-50.35568889658765",H1CS6UZMXMBFI3E,False
2212133296,8844457759,2025-04-12 09:50:32.488403,814,voice_in,GLT7U,"33.041892578724,-72.96556010932015",2Y1HPXXR7AYF1PU,True
5166586279,2981027519,2025-04-12 09:50:32.488419,1086,voice_out,CWF5F,"79.5059550700717,165.56474920014887",Q3DXQKMFCTZSOAA,True
3569298630,1241521795,2025-04-05 09:50:32.488436,671,sms_out,X414S,"84.34764620826644,60.74148682055451",YPYONHOURZFSVAH,False
0825757785,2604869679,2025-04-03 09:50:32.488455,564,sms_in,BYJLB,"-50.170974830564404,148.32481671184388",Q7R7IK3MHSBAQY2,True
2151193688,9250777181,2025-03-27 09:50:32.488472,380,voice_in,K3DSL,"-49.16591599962176,143.89282516594665",JASXBULNAWZOZNS,True
7672899836,3387636725,2025-03-26 09:50:32.488493,1062,voice_out,1JF5G,"-60.451539746660686,49.8609105838639",Z9OUF7TB0ALGK80,False
4051734876,2149105949,2025-04-01 09:50:32.488510,709,sms_out,Y7NM5,"21.84180907822126,-0.811961330995274",IXCAOBSOKJ41YL4,False
5940933076,8431942219,2025-04-05 09:50:32.488527,84,voice_in,JXCWD,"89.37240289949577,142.10503775113852",VWIAK3PUYYAWUB8,True
0758501558,9621611765,2025-04-11 09:50:32.488544,659,voice_out,VCLGF,"-28.113956145453855,62.47568172442729",PTNZGBGL2MYKN6C,False
4828725327,1228982858,2025-04-11 09:50:32.488561,878,sms_out,63I63,"51.26059026537237,-160.56084659431912",LFQTMPED61PU3KO,False
6513343656,0886891239,2025-04-17 09:50:32.488579,959,sms_out,8DSLK,"-87.22570983427111,132.62773995624661",QMCC0Y25T7HNM8K,False
5113436492,3071476448,2025-04-04 09:50:32.488598,132,sms_in,9QZFH,"82.13221313812295,97.0343590071555",QJS2G55E7PYEX5G,False
2148073854,7553391500,2025-04-10 09:50:32.488625,1171,sms_in,3CLF1,"-63.7565105377371,79.4723553134695",OYBCPVAAKSZGGNP,True
7189819078,2392741341,2025-04-03 09:50:32.488653,1111,sms_in,7NOTC,"9.961354902877176,17.159743995912464",A4UNIA6YG1PTNCQ,True
3384570194,8897353418,2025-03-28 09:50:32.488672,151,voice_out,9YT4E,"56.76526488645729,58.45147232917739",8M36Z08YX4Q8FQO,False
1126530703,3988619193,2025-04-17 09:50:32.488692,54,voice_out,XE4YY,"33.93563267100116,-149.3154047063614",Q9CYVJ239XSTG3D,False
9468791570,1776705450,2025-04-23 09:50:32.488709,121,voice_in,ITQL1,"-66.3772989633851,126.59579182995111",QMBXSTPTIF10BD1,False
7915204103,9137033374,2025-04-01 09:50:32.488726,306,sms_in,HSTDN,"-7.642408827284825,-102.0652925329656",BQGGKBVJO16EUQZ,True
6873891278,7201112039,2025-03-28 09:50:32.488743,522,sms_in,XDC97,"27.655339611677036,-12.467840975378607",RHV6K98QNSAG1AE,False
2396192923,7367056521,2025-04-16 09:50:32.488760,566,sms_in,SBI3E,"14.918455150625974,-68.12797112727839",OJ65NDMSW9O6PTF,False
4522683563,3688857690,2025-04-21 09:50:32.488777,1049,sms_in,OE8NI,"89.579273712738,-111.72509525914732",JBZE8DMY5INTXFI,False
3676773733,2423541472,2025-04-02 09:50:32.488793,1027,sms_in,YJGHA,"-66.22397048743358,151.12131124234975",1IK0P3LNCPQPUWX,True
3541522079,2260808913,2025-03-27 09:50:32.488815,586,sms_out,UBA6X,"45.051273717001266,11.340998412205892",VGHGX45N80A8FFZ,False
0690690077,8740337418,2025-03-25 09:50:32.488832,655,voice_in,HZQZ3,"-63.637020772644696,9.99748319521882",HHYGYALQ81LXSAJ,False
0901121994,9254928239,2025-04-13 09:50:32.488851,856,voice_in,W80LI,"-5.024322320244735,100.09713196242808",F19PY6JD9748WD5,False
0480478067,2037116395,2025-04-22 09:50:32.488868,778,voice_in,TPE5M,"11.506857397982856,119.14956747472667",L0GI7FR5DCIL1WL,True
1704706840,3929628458,2025-04-05 09:50:32.488885,1079,voice_in,L1N4A,"64.73930273067248,73.422307630973",0VKCFJECI7UZJ1T,False
7780099190,6238296160,2025-04-06 09:50:32.488902,276,sms_out,JBZKL,"52.55194907903186,-7.30001753894831",8X3AN2KGSCSD46B,False
4765670429,3359603743,2025-04-10 09:50:32.488919,634,voice_out,80GDD,"-15.917424346271304,19.57585965512007",U9VHI5R5FEO277T,False
7902961891,9365382260,2025-04-08 09:50:32.488936,973,sms_in,HRDAN,"83.7634225592659,116.68764790560095",BSWGNZ5KX4XQQXN,True
9759402271,3247093368,2025-03-28 09:50:32.488952,454,sms_in,YR5XR,"60.45754290534879,-70.37971207216698",86EOLAFIWL4HUXV,False
8005301209,0989313124,2025-04-04 09:50:32.489012,908,sms_in,LRVP8,"84.81030753732193,152.3429858221623",NL7840IQ512F3GZ,True
1697060034,6483980011,2025-03-28 09:50:32.489037,361,sms_in,NWIKN,"40.05735392421286,-51.22897217013764",IVCB7H4ME51NOAM,False
9523413560,0359526760,2025-04-04 09:50:32.489065,804,sms_in,ZEZWM,"53.12927287385813,-127.35476139463796",XXA07ASBRKZ55TN,True
7477315237,3564174751,2025-04-11 09:50:32.489089,806,voice_out,58OBI,"-64.42030877509214,-24.915601377258838",3YSHZNSJ6XEDFQZ,False
4080356011,9747519784,2025-03-31 09:50:32.489111,961,sms_in,J7WEG,"64.5947357078243,4.4999299101621375",T70FTACJGG8CWBM,False
1046400434,5767631642,2025-03-28 09:50:32.489129,201,voice_in,Z67O1,"-81.53714643916746,-78.49369034610044",5H4HJA1DF3LM3DT,False
5427315406,1648378448,2025-04-17 09:50:32.489146,394,sms_in,ITTJX,"-54.797049312674815,127.53654350402519",UB9ZU2VYDJQ8R8J,True
7976500395,7812235220,2025-04-09 09:50:32.489162,924,voice_in,19FXL,"40.857011514813706,-135.24419753525524",Q0XNYSYWB4XF83Y,True
0142767579,8427655704,2025-04-18 09:50:32.489179,857,voice_out,NRY6R,"-68.63178026980952,47.72416142283129",C7BCHIXYK6AXXR3,True
8906284348,1609845455,2025-04-15 09:50:32.489196,514,voice_out,6MOD4,"-56.74187453852655,-86.3739102730085",3AJLZWIUIIYV1OZ,True
8449384813,0473788482,2025-04-08 09:50:32.489213,252,voice_out,OQRQL,"49.04563673257519,24.71747476841199",T6XVS9F55288UE2,False
8033054061,1361446242,2025-04-12 09:50:32.489230,547,sms_out,Z62V1,"-22.964310318257958,-49.60756896796144",SETF0NOO18QNFYX,True
8181741523,6770974457,2025-04-17 09:50:32.489252,283,sms_out,F67OI,"-84.70305311219641,35.53956639154325",5L8Q02QUVYWU471,True
3355610066,4272807613,2025-03-28 09:50:32.489270,1073,voice_out,Y6K77,"-61.15077910254996,-176.45837765601834",G8JRTQR7SYTQ0K4,False
5473642732,1642607024,2025-04-06 09:50:32.489286,627,sms_in,VVJWO,"41.3661446089275,-24.06367215115685",X20WR668H0J63EZ,False
3124277153,1320954269,2025-04-18 09:50:32.489303,1186,voice_in,0HU2K,"6.048840799548557,-43.90405181455327",OXB1H2E00T8MG6D,False
5110794187,7178465460,2025-03-25 09:50:32.489320,292,sms_in,ZI34Y,"47.50608069187672,-0.3211976175041116",VUB0Z9QWLXMK4HR,False
1956726166,6065184236,2025-03-29 09:50:32.489337,254,voice_in,BT4M7,"-60.23033719017819,-166.31447004220095",4BO5Z56FYEP4D7D,False
7044456963,2699255888,2025-04-17 09:50:32.489357,61,sms_out,WAPA0,"10.454931917892537,-109.91283567459136",TWT4U0X5BE9BQZP,True
8085108157,6736545596,2025-03-28 09:50:32.489374,1008,sms_out,MBDI3,"0.07607334398812782,-2.3778676550286377",AFXECEBBG7G0LXO,False
1801621591,2791320772,2025-04-06 09:50:32.489395,723,sms_in,ZHC3A,"-17.094389026054927,-104.79727704518649",VMN64UHSNW4V838,True
3873749311,0983123129,2025-04-22 09:50:32.489412,297,voice_out,KQPRL,"79.28857857645579,-33.08478695804092",9GUN4H3FTOEVM2I,True
0039685802,8039382073,2025-03-31 09:50:32.489429,540,sms_out,V1XEK,"-42.57697701552973,-28.975126494177573",KUYLPHRAM62SGLV,True
5251384878,8354045323,2025-04-07 09:50:32.489445,568,sms_in,A1HW7,"-30.77845125391343,132.11832044821307",B3CFAJDV8458T0O,False
4227525554,6764685970,2025-04-06 09:50:32.489463,265,sms_in,GB0CI,"77.62461461680468,87.30873146827787",7ZDBX4BWK45VQID,True
6023682030,7800434941,2025-04-11 09:50:32.489489,1085,sms_in,PME44,"-54.84020954644072,155.32659039896913",HZ27GH0FDVXTLAV,True
1072357694,1317853031,2025-03-30 09:50:32.489507,361,sms_out,22QY4,"83.53392739738436,-110.96295426856872",AD3BFGKO9QY27EB,False
7999379507,2923508521,2025-04-07 09:50:32.489523,224,sms_in,EWLVU,"72.10784042072342,-159.71502638798955",SWYQSIR190LR0HC,False
9184512269,0280986286,2025-04-05 09:50:32.489540,274,voice_in,IS2TW,"-89.886662327103,-122.18216146353078",39T25FSNM9SIO4T,False
6252611447,3944454145,2025-04-19 09:50:32.489557,972,voice_out,LA2FT,"-0.47168510769526506,92.89691040686824",Z15OCR5H7VU1IST,False
6441554717,0538814590,2025-04-13 09:50:32.489574,265,sms_out,7LWGL,"84.19200652734307,-94.86371926309909",CS3HI8DI7949IK8,True
1956514918,2394945754,2025-04-19 09:50:32.489593,767,voice_in,MTZFU,"-2.374196759688644,27.615908573530618",SKX1LOXR0ZV53Y4,False
7516743080,4955724385,2025-04-18 09:50:32.489619,770,voice_in,MTOF7,"-7.390744457702098,-166.11064187626798",A4499F5QJ71FF86,False
8643925287,8945886119,2025-04-14 09:50:32.489649,952,voice_out,5USRP,"2.3202948849230722,128.84154797948491",YA0TA33X8SQADYB,False
4606523038,3687454607,2025-04-10 09:50:32.489678,768,voice_in,1WIZE,"-8.489692010322017,98.78149990514646",HKZ776T5KYLP6GC,False
9950599076,4895912898,2025-03-30 09:50:32.489704,234,sms_in,KVTOH,"-47.921826012332644,-167.55623636869504",G109X4FF4ZDKKRD,False
1356076496,0621194620,2025-04-23 09:50:32.489729,34,sms_in,2JHQE,"-14.909732258836982,63.77830788883767",UFHOX3FNCF2AHCT,True
8379204502,8641465581,2025-04-06 09:50:32.489747,898,sms_in,688M5,"75.06785608662523,179.20131013990556",TY9H9MOAVXWTXHQ,True
0958488617,0111678015,2025-04-22 09:50:32.489770,216,sms_out,IULBT,"48.71419629410718,167.5135285998237",ELF0VTJR7ODX9FR,False
5965830644,1238334319,2025-04-23 09:50:32.489792,846,sms_out,S37PV,"-23.042849533152605,-121.80995307337977",9NZRG8HTMKAOEXP,False
5236749079,6727625520,2025-04-19 09:50:32.489809,835,sms_out,0QY7S,"61.43032504958401,69.90078976902748",6YV0HQSWTOBOU2C,False
7504206972,6940417345,2025-04-19 09:50:32.489826,197,sms_in,C4CH9,"-42.93787501608207,-152.48828469676116",DLTRJH2386VUCD1,True
8342785811,1547102133,2025-04-11 09:50:32.489843,414,sms_in,UML7Y,"85.46984225979674,22.2205571136586",ZOPXI7FWQYQ5Z1O,True
1211242327,9761651734,2025-03-29 09:50:32.489860,119,sms_out,0SZFM,"-60.10749218966665,-83.23907298342081",Z4RS7JRDZRQOOQU,True
7102618966,5268786508,2025-04-05 09:50:32.489880,433,sms_in,GZIB1,"-2.3440308557856326,-8.303871974249915",L5TLQE20ZYC42LQ,False
8224550089,0054740412,2025-04-19 09:50:32.489897,411,sms_in,K8QCG,"2.703152047995758,74.02526486534217",8OS263VGRJO79UY,False
6272384964,5182479038,2025-04-05 09:50:32.489914,593,sms_out,YURKE,"-64.7421879739324,-19.418689800496082",CZ90QZAT8NF1NAN,True
5310665536,0534865779,2025-04-16 09:50:32.489931,261,voice_in,X3EZ3,"29.402993764314957,-54.764875513108024",ZZN7TALHCAHIV8E,True
2880899270,8523788579,2025-04-21 09:50:32.489947,848,voice_in,KL1JF,"77.29096499029785,-78.51952385584758",HD9S91PLD7CCQWK,True
7825668350,6439713473,2025-04-06 09:50:32.489964,68,voice_in,0YNZF,"13.262740527681729,63.260984127596885",UCALWDCWL3KYVIZ,False
2075754143,1951478868,2025-04-08 09:50:32.489980,362,sms_out,O3I42,"66.48001298095298,-11.453812774641278",D0Y73U1D0JR30YO,True
1516227000,5093681700,2025-04-21 09:50:32.490002,946,voice_out,YZ0YY,"-27.322170342879375,168.69448156882538",EVNLGSHVPBG9A2T,True
0332169329,0282582897,2025-04-14 09:50:32.490019,506,sms_out,Y174L,"64.56239158384844,-138.4991750994048",2KRH4VWX4K1R8T5,True
6232919465,5378550711,2025-04-03 09:50:32.490035,736,voice_out,VEIEU,"-14.936098788284895,27.987853708783916",VUNFE5KDE6L226Z,True
9486273766,7038511344,2025-04-17 09:50:32.490052,360,sms_out,3R6XK,"73.08407812100015,22.120959846988626",IAINJT1VH4PF28M,True
7075703108,3753163818,2025-04-11 09:50:32.490073,1094,sms_in,DHV47,"34.91600427655935,-124.50767286405232",X1ZHFNSKBTJDXDF,False
0243591311,7331827478,2025-04-23 09:50:32.490101,519,voice_in,SNRZ4,"-30.472369925931915,110.6220438582431",UES1Y4XH6P0LYEE,True
3363517977,9020574579,2025-04-05 09:50:32.490127,476,voice_in,V3HEQ,"13.636604760243074,34.56199067546285",K71OCHWQWRV5G5I,False
5894870826,3723991483,2025-04-12 09:50:32.490146,1153,voice_in,2I6BE,"7.318463642191972,41.88372965311436",X5O9F474T3FOH9I,True
4349625318,6788876715,2025-04-03 09:50:32.490162,536,sms_out,W8U7R,"-0.29700131747883063,-170.97518200266433",UWOMGK9JRYHVSL5,True
5126932816,8972042326,2025-04-18 09:50:32.490180,90,sms_in,A1ZRG,"-82.08936709909796,-121.4823765172306",WP3V6CCVGG95G16,False
2365647747,1848422864,2025-04-19 09:50:32.490198,1117,sms_in,M4A2A,"7.428201846181253,-179.1452170723762",KNARSCR7CKBZDA4,False
5401138774,6344121305,2025-04-20 09:50:32.490215,542,voice_out,GV0R4,"42.52648722932659,-160.88188178505402",SA540LEMLYD4JG0,True
2535215088,8166887504,2025-04-21 09:50:32.490232,83,voice_in,6K3AM,"46.322511067887405,-62.151137724889466",C3SRKEYD5IJC7EV,False
5467252129,9095085173,2025-04-02 09:50:32.490254,764,sms_out,VJ0NX,"-44.80505834956864,-1.208400070810768",PWTTEOAZ46WMB2I,False
1679174362,4169327951,2025-04-03 09:50:32.490271,489,sms_out,WZ154,"-44.0610922016492,128.84575324768593",1T5A55W1G5VN245,True
4449502840,6386569797,2025-04-21 09:50:32.490288,50,voice_out,0LL85,"-88.95383685326802,86.30792628818529",MFYQIYPZ31YPAGA,False
6780997432,5489152134,2025-04-16 09:50:32.490309,331,voice_out,4JKQN,"-70.21771545170387,96.9732041446448",R1LM9E59CJ9VBDI,True
9795804430,3105309855,2025-04-09 09:50:32.490326,205,sms_in,19Y36,"-88.27398189573103,123.97193095881858",8NKUV7MCZGU470E,True
2557985940,5742808137,2025-04-19 09:50:32.490344,351,sms_out,VRXOT,"-24.490051464185697,-148.61097998229678",AJ5HRIG67BFKNR2,True
2772103177,3427114723,2025-04-18 09:50:32.490360,49,voice_out,RIG4E,"-65.1287845021474,-120.3932208349625",FO27QYSX6KVM473,True
8120999468,2139582806,2025-04-03 09:50:32.490380,279,sms_in,4BR2N,"40.97998209249653,23.426539233020463",UY1HF0OL9EN21W6,True
6175861184,4736892077,2025-04-08 09:50:32.490398,910,sms_in,6EIO8,"-7.9153087307611685,-16.11540224913358",OSYLLGO8EOOHG7V,False
4521789902,7763266658,2025-04-03 09:50:32.490415,1181,sms_in,V6CIZ,"-62.520068010136555,-152.58240930115318",QGS5YCTJ5LQYZGE,True
5537704502,0556100900,2025-04-16 09:50:32.490431,336,sms_out,5DPCA,"-25.08589084977703,-127.33608003654226",3F6N9IC4Q7B23XV,False
0249209957,4053198399,2025-04-12 09:50:32.490452,759,sms_in,YJ6BI,"-37.95873343940332,45.809161729655614",7H9E40A9USA4C7D,True
2194721995,5009881949,2025-04-03 09:50:32.490472,49,sms_in,YY129,"-57.31305083825022,52.78990249082611",EBND8WU6RMBYRKZ,True
6804667752,5496703215,2025-04-22 09:50:32.490490,137,voice_out,E0UCF,"31.405486690132207,-159.36309199533676",7Y96IITL208HGHQ,True
9028380650,5900046867,2025-04-17 09:50:32.490506,678,sms_out,M38R4,"-11.74251504825483,-53.17994290482045",4ZOHIZZUJCA1KWH,True
1618158195,2655325160,2025-04-19 09:50:32.490524,1007,sms_in,U2T7Q,"68.47927210794015,15.675965988768155",H8698C2X2UOE5YP,True
3309094843,3526806781,2025-03-25 09:50:32.490541,286,voice_in,QZ19X,"86.17922625263662,172.52171128919036",X1IOBXJICDDX6ID,False
6826091578,9081035883,2025-04-21 09:50:32.490558,875,sms_in,L204F,"47.112129824297824,-118.78528434184436",J8Q4NXH4DD6ZDWL,False
2772019840,6627916087,2025-03-25 09:50:32.490576,1104,voice_out,ZFSCU,"-44.792520471873935,109.46359358150966",7L4AIA9BS7GPQJM,False
8910599079,9829439706,2025-04-21 09:50:32.490592,355,voice_in,OF6EL,"-5.658369761484309,-112.46494481525812",OM42XV1TU01WMZ5,False
1721924695,9062580620,2025-03-29 09:50:32.490609,84,sms_out,DILIP,"65.65547433782609,63.68796314021381",34ZLXDCV6MCA6XQ,True
7913782478,3805299575,2025-04-07 09:50:32.490625,93,voice_in,FHSH3,"-31.804993905242327,-97.03733382279239",EMU6FYGCZXD00CN,True
0266525384,9217129998,2025-04-17 09:50:32.490643,561,voice_in,STYD5,"-0.12309500076246138,-1.0504982208724698",ARDCES7C0E06UNG,False
6939969966,8738738545,2025-04-01 09:50:32.490660,922,sms_in,WOB76,"-7.135758986138342,107.9854667188203",HESIRA9UVJI37K2,False
7281249788,0870564116,2025-03-29 09:50:32.490677,88,voice_in,79TPY,"-51.89075383550963,-71.65076458587022",REKV64RPYYHE8DM,False
3251051457,9688504027,2025-04-01 09:50:32.490697,58,sms_out,G9XTC,"19.21117743249401,-15.643053380844833",CFZK495O79GRUL5,True
2658498675,2810255272,2025-03-27 09:50:32.490715,862,sms_out,A580I,"-61.6351579993874,-64.43487058022058",62FJ8UFJOZV8430,True
0602140672,4464939623,2025-03-25 09:50:32.490732,310,sms_in,9OI30,"47.114872083868676,-19.4740682979905",2VE1LXGKZ8MU94G,False
6930024747,9806792915,2025-04-17 09:50:32.490749,598,sms_in,AE4V3,"-81.04851201987391,-120.21455427675447",YLTN3FFUQKFN30Z,False
4470446568,1703576475,2025-04-02 09:50:32.490769,272,sms_in,CNW6D,"77.1915940251996,147.17708822116367",ATD9BZJLF3LTO65,True
1319433185,1751515761,2025-04-18 09:50:32.490802,672,voice_in,LLVHN,"-41.73385692986335,73.41305462901013",5EC9RI47S0UGKLD,False
4677402420,7758208569,2025-04-12 09:50:32.490822,328,voice_in,V02WX,"83.73347887610811,-164.65110023916515",T3ZDW531VZ4XVH7,True
0223582064,0934668330,2025-04-20 09:50:32.490839,419,voice_out,AZWVA,"57.26791108937664,43.44041342531534",WH7JT53QQ3MXEQ8,True
7369491811,5201111527,2025-04-18 09:50:32.490855,566,sms_out,GGLWQ,"-66.94414634979543,-69.55606794547293",5ANEIF39UI88R2D,True
9703531396,6056759838,2025-04-09 09:50:32.490872,975,sms_in,D562H,"-1.5537092692907208,104.96514951220826",4PBBZ7SPZW1GUE6,True
6736183697,8700498219,2025-03-26 09:50:32.490899,141,sms_in,ASDRM,"61.42732802735492,52.49228140077312",3IQDM0NKE2Q828L,True
5656855225,2221144476,2025-04-14 09:50:32.490916,32,sms_out,FVPSS,"23.11642781722253,-40.262098953413044",4V0RLXCJGLQDT2Q,False
0461693221,9755038411,2025-04-04 09:50:32.490934,35,voice_in,FIGX9,"-43.048537360605295,33.979245317748735",5TORPSG1FX0TD2O,True
3243312002,7893823926,2025-04-04 09:50:32.490954,135,sms_out,QKY8R,"-31.30475339882561,97.1539524484158",EXZ947OXZ7DIMVG,False
9374250592,6054063791,2025-04-18 09:50:32.490971,1165,voice_in,5Q7T8,"7.87655483032772,14.176544960801465",JMARSXWYUPB08JI,True
5855039468,4032617478,2025-04-07 09:50:32.490987,790,voice_in,4QGRL,"-39.2705930343013,31.086634411499062",22J50SYFLVH958Z,True
8072191005,0859843631,2025-03-29 09:50:32.491004,590,sms_out,1BA5A,"-5.325601212343017,146.87691651740334",FNS0ONOOF3JQEQ6,True
6532657622,4722593858,2025-04-11 09:50:32.491022,840,sms_in,K2JZL,"2.2583195168509462,110.2713572645265",QM830ISRHHSDKQJ,True
9053594822,1267946535,2025-04-09 09:50:32.491039,1120,sms_in,D9SZF,"-46.06332688570427,28.41021683774636",0OFZW8VMWV7CRJ3,False
4431598649,6571745444,2025-04-01 09:50:32.491056,860,voice_out,DBZ5X,"-89.4362559980522,23.616044489310184",U5N5TTM6R8TI6LE,True
3789934377,0238603512,2025-04-17 09:50:32.491073,684,sms_out,WUF0X,"29.02607064159524,-94.3081294625034",D2U7ZT18GZ3QRQX,True
0933941599,1017606264,2025-04-18 09:50:32.491095,643,voice_in,BJAHU,"-21.75916294776158,148.78485644836684",JV3LASF5IQPMKD1,True
1059106246,9421438552,2025-04-18 09:50:32.491112,360,voice_out,QDT3J,"60.63825632859994,106.09130605998325",82CVWZQHDXLH583,True
2059359335,5242967220,2025-04-10 09:50:32.491132,1008,voice_out,MAW6Q,"-10.681088598347543,54.7921245539022",B4D62M2X71YAMIW,True
5248152238,9016074039,2025-03-27 09:50:32.491154,142,voice_in,EG672,"-38.285843620144476,12.442347879409681",JU38HL7Q72SDVDT,False
7871668375,2023684851,2025-04-23 09:50:32.491182,46,sms_in,KLEK3,"18.099076872267233,-66.94933852134146",5Z85Z694XR1PCLQ,True
6244768906,6141123199,2025-04-05 09:50:32.491231,1001,voice_out,QUTH1,"64.7275558307056,-133.0791651621949",ZIE2XZ070IWK12T,False
7787425988,0042521246,2025-04-08 09:50:32.491263,567,voice_in,362PL,"-29.86066884562696,-86.66366687749183",B7E0IBSY5LUXNWD,True
4776114330,4555488691,2025-03-30 09:50:32.491294,1159,sms_out,26GMR,"-58.25002103958737,-74.1006801143779",C6RT0ZQD2Y50BOG,False
2684539978,5908796759,2025-04-14 09:50:32.491320,401,sms_out,XW9QR,"-9.356970149413144,-156.6281751410099",3WTUHBCUSYVWMRW,False
4419617529,5327010832,2025-03-30 09:50:32.491338,262,voice_out,QFHKS,"70.87369316813553,155.3092113287815",BUKZXQSTSC0LLR2,True
3886214698,1215789217,2025-04-02 09:50:32.491355,372,voice_in,MPAQB,"-11.973354158445048,65.41586631394188",11QGK1OQWGYD9HV,False
7724785930,6951766732,2025-04-11 09:50:32.491374,90,sms_in,RE9WC,"32.92700507713185,-136.6687076064174",4TNL8HKUQ6VEHOG,False
2774071670,2776995411,2025-04-20 09:50:32.491390,1118,voice_out,IXID6,"-75.87702590864869,141.79253569748175",4ICMK8EVP6BD27Q,False
1265451034,5420900658,2025-04-19 09:50:32.491408,255,voice_in,PJWM0,"82.5236252538557,106.29072445050849",S0RKZ2CMOQ5ZFOD,False
1157617092,4726091987,2025-04-20 09:50:32.491425,1074,voice_in,KVXHE,"-2.0371446446004313,-142.11027705673985",N2B5B2MZBWIMTAR,True
7296074354,5654133387,2025-04-02 09:50:32.491442,119,sms_out,ZNZIF,"-27.39210655062937,76.57852241398638",4ML89T7SJQSPD7E,True
1852103283,6781860083,2025-04-23 09:50:32.491459,1008,sms_in,OKVFG,"-81.91753852775224,68.35466989997744",00TIXMMGFRS7IMP,True
8259884372,7380062405,2025-04-08 09:50:32.491476,997,sms_out,31IEF,"-1.1339677801712895,80.11528173902627",XGSQH3BAYZZWBS8,False
4168657948,6272911708,2025-03-31 09:50:32.491499,361,voice_in,90E1I,"-1.9762392952790293,-80.93832683755453",BX77ZDVHG1OG08Y,True
6058361699,3228552617,2025-03-27 09:50:32.491516,98,voice_in,YVO43,"7.319683107657582,4.479291268427346",X4UE4KBHFS29UA1,True
1499787193,6609089710,2025-04-05 09:50:32.491536,189,sms_in,AMSQD,"-77.25876596532642,54.30974050101213",MBAOF8GMNG7CSSI,True
8511567642,6175519154,2025-03-25 09:50:32.491553,484,sms_out,SPPNS,"-70.78296220164546,-131.88588883824355",H7C8LEH2LQ05RB9,True
2832048881,0060537839,2025-03-28 09:50:32.491570,706,voice_in,Q5PN5,"-78.86285446326032,-71.55072645104907",3KB242TAZ4CN8GI,False
6526878259,0605643044,2025-04-22 09:50:32.491587,1068,voice_out,L951F,"79.89150151868051,33.228134126547644",3K90SGARRRA9L21,False
9942248742,9436374999,2025-04-08 09:50:32.491605,807,voice_out,W01J5,"-25.79085456236126,-117.17648921286153",FMGI2KNW4THBYNT,True
5104306394,6193751506,2025-04-22 09:50:32.491621,525,voice_in,ZB50J,"17.952968736618303,116.4876340608563",WXQ63WI357T5SPX,False
8721412703,4090590549,2025-04-06 09:50:32.491638,183,sms_out,ML4R5,"-68.10975514298684,172.00680221300195",7ODCTWHDCO7AS9Q,False
0513983717,1903791392,2025-04-03 09:50:32.491655,419,voice_out,4OR8O,"5.53777107923824,-25.971490456047178",K2CHI6DEG2N443J,True
9522308201,8985330693,2025-04-14 09:50:32.491672,953,sms_out,Y2O3U,"8.363142777419753,69.25959126847539",1MBE0VSZBNC17M4,True
8172416883,7504254362,2025-04-07 09:50:32.491688,252,sms_out,7M33P,"-71.87387299604046,166.9182266140204",8EL9ZOIWLE5LBDN,True
4318150881,4379751278,2025-03-30 09:50:32.491710,957,voice_out,E7VOK,"85.77983296197266,-62.08053557789921",VUB4NI9KAHMWIFZ,True
6378726695,0499659043,2025-04-05 09:50:32.491727,947,voice_out,ZPAH2,"-12.120847435106313,4.782942659650331",P8PVTD6IG64X9K2,False
2418332416,1540316510,2025-03-28 09:50:32.491743,847,sms_out,XT4UB,"63.00493486734263,-39.24325977200607",V8VE9HYV1GC0RFF,False
1675537955,2693527898,2025-04-17 09:50:32.491760,449,voice_out,MEO3D,"-86.45417723719673,-95.16180003335245",SY4XSBWCIHSJFMH,False
9802656000,9290850211,2025-04-15 09:50:32.491777,573,sms_out,1DGQ6,"-9.648702185597344,92.8699357976385",CKN9A7E6MFU1OZF,True
4161647922,1230134894,2025-04-15 09:50:32.491793,672,voice_out,UE0IP,"26.120849836472445,-95.9423656891536",738D3HF6WMMBRVH,False
3280793712,9486622606,2025-04-11 09:50:32.491811,80,sms_out,2R33J,"-16.048446852196477,81.14037435849724",AN7VMBOHZQ0TCYQ,False
3234025543,6248750666,2025-04-05 09:50:32.491829,61,sms_out,FB1N3,"86.81582566684094,59.76304949249277",6LVVVYYQ3CHR22B,True
5751275164,3960548797,2025-04-08 09:50:32.491853,317,voice_out,RHFRA,"-67.87983812802608,-56.864108567153494",2PI27X8UZZD7R8Q,False
6036292863,9487196103,2025-04-02 09:50:32.491881,40,sms_in,EB76H,"16.15830812087337,-115.17698706503968",LOD5M2X2VTIL0IX,False
8289390290,1326391939,2025-04-08 09:50:32.491902,1155,sms_in,2VFB5,"72.49716116984115,-75.35259845406254",DNOR8LZE1ITP32J,True
2456203751,3319222739,2025-04-01 09:50:32.491918,314,voice_in,6DC37,"-7.188159800488904,169.78169556123203",W2ZAGWQOT8MYRRQ,True
1696139392,5122032170,2025-03-29 09:50:32.491935,652,voice_in,9XIZN,"-74.53885494734563,46.94849330656464",IJ1YA18KXOY31F1,True
6767442399,2495168440,2025-04-06 09:50:32.491960,807,sms_in,2PMK9,"7.356373246410044,-72.52433747433199",RZH0CCF1FBJ77ER,False
3011724079,5142733104,2025-04-09 09:50:32.491978,884,sms_in,URIO3,"14.819711355336338,16.70543309849782",W85XHBX73QR9KV6,False
1537036297,5676847325,2025-04-07 09:50:32.491997,774,voice_out,RCR5O,"54.88109856223781,-103.69215497210983",S69JM5IIMHGE07T,True
1243072342,2140691674,2025-04-08 09:50:32.492019,689,voice_out,MMJZK,"30.36655752977694,-74.02839198581229",JED3NK4Z75ENQWJ,True
9434875920,6327227015,2025-04-17 09:50:32.492039,210,sms_out,8WT2K,"86.46806061601845,37.755967997551664",IXMD5K8AQBH6KHN,True
9876656366,6800966130,2025-04-17 09:50:32.492056,1095,voice_in,JMK0K,"-81.63772384481823,54.48244893689244",03T38A3SVF7DSI2,False
9619907414,7765375801,2025-03-28 09:50:32.492074,616,sms_in,KR0KV,"-63.72063570496229,-123.40111028518689",5980491412QGOMW,False
0048062012,9893461755,2025-03-31 09:50:32.492090,108,sms_in,WQXY5,"-53.42758464425278,73.85357965585456",S10IW1EW3KL4ERA,True
4050462049,4361434049,2025-04-04 09:50:32.492109,442,sms_out,KSN3L,"49.61297899844604,-21.132102938697358",ORNY89NEMZEAP2R,False
3176420104,5429498217,2025-04-15 09:50:32.492125,205,voice_in,8UXAN,"78.91075825634002,19.941067760060065",THGMRYMF3GZ0EEA,True
6216197469,3696426004,2025-04-06 09:50:32.492142,1120,sms_in,EEPMB,"18.42356950340948,99.92831181899464",5ZQIU9ZST2GEKUI,False
3658562783,7745282147,2025-03-27 09:50:32.492159,1006,voice_out,0Y8IL,"-47.70362433878557,163.1618406706225",HNBP1QET0Y75VTN,False
8892778473,8555447576,2025-03-30 09:50:32.492204,795,voice_in,OYTX1,"77.88768777667241,119.74640607040209",CBHY4BWP2ZEQQAW,False
4711083936,5639268128,2025-04-14 09:50:32.492240,512,sms_out,1IDQ3,"-15.73456846020305,5.66867351649654",X2PEBFDBIHMBLB9,False
0224332495,7835971952,2025-04-18 09:50:32.492273,631,voice_out,NCFZY,"52.844401108510084,-57.576227895151604",NWIFBHHJP05TB47,True
6857820747,2087129942,2025-04-21 09:50:32.492298,52,voice_out,HCZWH,"73.2418553373733,-103.3063176891434",MQC0LF24JZ029OY,False
3890509651,4050361220,2025-03-27 09:50:32.492315,617,sms_out,HH9VF,"37.90075143965855,-166.84504761397284",C1SMWOPU8OJ6T67,True
6399091887,5561357037,2025-04-13 09:50:32.492333,271,sms_out,YLHJB,"28.29724192348715,-92.12033222902191",063BEOUMT3XNQL5,False
8763876649,7415684309,2025-04-02 09:50:32.492350,478,voice_out,0BGON,"75.19569356779255,-20.1061377253277",H4LX355MIPWBHM7,True
8271494003,3213500381,2025-03-31 09:50:32.492369,1145,voice_in,K6I7M,"-21.70042707168639,-79.21732060466351",C1YH3UUG1CVFR7C,True
0336579596,2217844861,2025-03-27 09:50:32.492386,344,sms_out,FB3NN,"14.835585036817577,-129.19864137738617",4EYG37YKJ9D6XT5,True
4948434120,2027430385,2025-04-16 09:50:32.492402,659,sms_out,SHAJ4,"-18.885203456304538,-47.93947267559804",HBD3Y6AWP01BU24,True
8616140712,8563649743,2025-04-07 09:50:32.492420,253,sms_out,OWH3M,"-15.742728238176369,-90.80095385415127",CFQZM04SZ37ZUQN,True
9639012018,5289367324,2025-04-22 09:50:32.492437,597,voice_out,E3UV6,"-86.70448054797413,-161.65064492307883",RMW376TEFJ069XU,True
7013377356,4144991522,2025-03-27 09:50:32.492453,1158,sms_out,1FVNT,"45.979351885522846,-72.39437450677755",TOI0OSP9O7IS3W3,False
2155347867,0692987062,2025-04-03 09:50:32.492470,831,sms_in,2V70Y,"9.091790120689481,159.33471324143608",QVKW45H9X9N2A9R,False
1803640009,6223139843,2025-03-26 09:50:32.492494,531,sms_in,TTXBI,"-4.383687939878655,-40.333515123042474",27CD0CWE2KWMQGI,False
5669678845,0807895454,2025-04-14 09:50:32.492511,232,voice_in,LMT85,"48.19348921075533,134.7628943767158",U25F5OV38IUIJYM,False
7847588762,0788381978,2025-03-30 09:50:32.492527,734,sms_out,FPGO1,"-62.538328423991814,71.68423876449882",ST94RA14XBOH24Z,True
7451681823,0744174614,2025-03-29 09:50:32.492545,529,voice_out,2SR1P,"20.356832805117392,-57.13204401461158",09DBBH0ZIS0I33F,False
7444768578,6242071156,2025-04-05 09:50:32.492562,436,sms_in,RHZQV,"-17.77137448241423,-130.43839655165033",FA3RF4490B3NCSU,False
9173789019,0182360143,2025-04-11 09:50:32.492579,793,voice_in,O7JWP,"-19.582923403964386,-79.6597504203276",IX3BJAC4FZHLZIJ,False
5992124880,6913526114,2025-03-26 09:50:32.493918,450,voice_out,3JZGV,"-68.96116045783842,-109.85317817163889",I6DLJ8SU1LUH2YT,True
0728060476,7038124712,2025-04-23 09:50:32.493945,45,voice_in,3VTBU,"-59.87695886578107,-94.52908580139288",GCOZK6EANQYHWNH,True
4348277321,5082826384,2025-04-11 09:50:32.493964,322,sms_out,ZHQON,"-28.89895516907746,86.08899779320564",SYVYJBDNO53VQCK,True
1068441028,5131343330,2025-04-14 09:50:32.493981,680,voice_in,37PER,"-88.45711474854384,-172.6215070334915",AZ44L0Q2XRI2ENH,True
0372294467,0338175380,2025-03-26 09:50:32.493999,371,voice_out,80DMA,"-69.5507760677826,-147.56662550574308",UMZJ5WKXL48OD4D,True
6597963925,5453455497,2025-04-18 09:50:32.494032,388,sms_out,FAHLM,"-9.21521655076576,-172.02980162143746",MV4W87UBEKP6NSC,False
0520227452,1082858040,2025-04-23 09:50:32.494049,579,sms_in,FUSSW,"48.54261418550024,-78.99924152129223",BAL1LI26BLEKYWG,True
2475812620,3740165938,2025-04-08 09:50:32.494073,952,voice_out,ZKOVF,"14.60870321245605,94.53253864663014",8DJO7V79T4CULLE,False
2998060158,6049140451,2025-03-25 09:50:32.494099,346,voice_out,Y7AC0,"2.814756245034843,118.92613326560308",RIAOIRGNXE7Z28C,False
0733339534,2664011882,2025-03-28 09:50:32.494123,136,sms_out,MDOLA,"32.28191888831583,-110.89713469997918",0T57EHN0T5SWCMC,False
5823696951,5893307438,2025-04-10 09:50:32.494149,1116,sms_out,CNBET,"48.681605798873136,44.33083589816317",DC3VMSBNTUB2V5T,True
5872824634,5855768732,2025-04-07 09:50:32.494171,1177,voice_in,PYSJD,"29.78868744483023,56.146080550167966",SREONSU46LLRBBN,False
5554635267,7488153213,2025-04-12 09:50:32.494189,32,sms_out,J6DFE,"45.21169280113918,-161.4040394613221",082ULRVAVA3BTXZ,True
0446228032,0330077432,2025-04-10 09:50:32.494206,1185,sms_in,TA0M2,"-15.282429608483625,87.17764334442677",OKYWNKXPG8AO4BO,True
0724789021,9841252782,2025-04-21 09:50:32.494223,487,voice_in,VKSG9,"-36.631281861113095,73.8259873753392",5GEJ0KJAG57BGVQ,True
0573952784,8430225833,2025-04-10 09:50:32.494239,164,sms_in,POY2S,"50.02623786595683,-171.87937161902332",64LFL99UJQQJU9X,True
3435873534,1589808044,2025-04-11 09:50:32.494256,754,sms_out,NRNBF,"-41.20017227583732,-123.46903322386638",COMTX5PJIG11CKA,True
1444184446,7884492470,2025-04-10 09:50:32.494274,321,voice_out,OSRGE,"-0.7267156103435184,-6.847105394503984",HBXUXQCKVTYEXEB,False
8424872389,4101973895,2025-04-11 09:50:32.494299,676,voice_out,ZGVGQ,"-44.189918364630465,-171.03748098051005",3RXL6BYSGDPVA78,True
6753155721,0520824624,2025-04-13 09:50:32.494317,469,voice_out,S6UR0,"-19.6620705344164,39.86884546582286",11UBWGH4RVKQZRE,True
2366138533,7699131715,2025-04-03 09:50:32.494334,84,sms_in,1HLDX,"22.345218119729438,-172.5079324072667",O9AW0F3VOTYF7VB,True
7879403910,0901504753,2025-04-17 09:50:32.494352,441,voice_out,EJ7F5,"55.31175906925776,-175.9932003492492",04F166ESQWUA6A5,True
6280601925,9200530989,2025-04-20 09:50:32.494377,469,sms_in,4FGD9,"79.28548512233726,-33.74330659589464",1RWWG32ZS5LMRV2,True
5869730171,5514805055,2025-04-16 09:50:32.494400,685,voice_in,7BQAZ,"12.895420874864001,34.70650440055354",6EK60UR3WMNKV41,False
6196003203,3331512159,2025-04-08 09:50:32.494421,609,sms_in,GOFOK,"-23.740130277369317,94.02120464207371",KEQPJCGA7PFU9P1,False
4279954848,5055042399,2025-04-06 09:50:32.494448,208,sms_out,0C3FP,"57.9759256492699,19.27788017300503",NH1DJS8YX2R0JE8,True
0682359504,9601141123,2025-04-23 09:50:32.494475,645,sms_in,0KSJS,"-61.17578602393819,103.03769105620256",5G0KGIOOPLXBCKD,True
9574174691,1723969891,2025-04-17 09:50:32.494504,1017,sms_in,81OAE,"36.088709314098026,58.5105444405352",DAWHCVJRAUWPGMY,True
9252997088,0122563086,2025-04-06 09:50:32.494523,369,voice_in,WLG9P,"2.529645145997108,-3.6857705066433653",E2PUTN2T6G8GFEQ,False
0674530011,7939936334,2025-04-17 09:50:32.494552,1110,sms_in,PCFRK,"-72.76022295317742,-45.79490190302488",NHS0LA3P1R7IZ7D,True
1157484146,6955755173,2025-04-05 09:50:32.494573,37,sms_out,6KQKJ,"-65.81345371842517,54.30527675390741",CMQFY77BZADL7H4,False
8118831663,8391357253,2025-04-10 09:50:32.494599,120,sms_out,3JYIL,"-43.41369682824132,123.7168451199235",JSZNXAKTYYYJRGR,True
7880708215,3727789740,2025-04-12 09:50:32.494616,733,voice_in,OA0I1,"-28.10252270627707,-146.06997063071637",IID8HYNDQYA0N4X,False
1443789570,4652463225,2025-04-11 09:50:32.494636,1173,sms_out,3XV7V,"37.25821455761428,175.19076137911196",OGZSZMRV842CH5A,True
9939249844,8033724567,2025-04-06 09:50:32.494654,924,sms_out,UKJ5X,"4.789925718770661,-53.356840857838705",EPL7AD4S2WZHCXA,True
5556801240,2916248579,2025-04-05 09:50:32.494680,829,voice_in,IJG0N,"-33.92221217316814,106.46165480685676",T6MW4SK1552AOLI,True
0907555017,9686924271,2025-04-14 09:50:32.494697,746,voice_out,N3BKP,"32.49002980847317,-174.61097518497078",30BR21OVNVYVYN0,False
7476306753,2524566046,2025-04-12 09:50:32.494720,385,voice_in,LKVKJ,"29.41962128223446,126.76529137852026",6WO1UBUKVSMQR3N,True
5610673169,4703347323,2025-03-26 09:50:32.494738,546,sms_out,OOLL3,"6.509602945658514,-125.99456867514657",6WAZZRGM3GMTHXH,False
2896357432,9036750557,2025-04-20 09:50:32.494755,238,sms_out,V4CXT,"-33.18693633394838,-148.5741627941554",61PZSENXKTLAPKY,True
5259291163,1798609207,2025-04-12 09:50:32.494772,471,voice_in,3YRDL,"-13.727890588582198,99.75150069386189",RHI5UA7RROZN99C,True
4247461306,0095605318,2025-04-06 09:50:32.494789,844,voice_out,A8DFN,"81.29471885616363,-157.58780620211883",0PCUZ7U2PQ2KTDI,True
3411080704,4130306557,2025-04-19 09:50:32.494806,877,voice_in,53SHJ,"5.060647070593362,77.06142994601356",5ERRSB2HV1GUXQX,True
2354489337,5088393916,2025-04-01 09:50:32.494822,670,sms_in,5Z9JA,"-73.6272442409635,103.94130990006647",4YAJPY36CWRX317,True
9423329276,8167737830,2025-04-17 09:50:32.494843,379,voice_in,GXE89,"70.62958239049917,130.1282679128317",HQD3IA8DJH7W8RB,False
9970481398,6688057749,2025-04-02 09:50:32.494862,1025,sms_out,CDJIX,"7.069179901089811,63.43729720346337",HDUZ4KM8M5N4RK0,False
2835225895,3058189294,2025-03-27 09:50:32.494879,777,voice_in,62QUL,"-71.4343267496622,-1.557857675133846",5900W1MO3CPOJZ2,False
4313609954,6343234184,2025-04-14 09:50:32.494895,224,sms_out,RB8QC,"-49.960997352876866,-70.14929481643792",H0RDL6EN3A780G4,False
9824277339,6770155206,2025-03-25 09:50:32.494913,207,voice_out,C1DIL,"-25.857241405119808,-18.41851815433381",PGZZS9SQUJ27S0A,False
1714013923,1357988442,2025-03-25 09:50:32.494929,153,sms_in,40UL9,"37.72876122311874,32.53458270468582",1YZ5EA650KTPEDT,False
9619838955,5714686369,2025-04-11 09:50:32.494947,1059,voice_in,I3XEE,"48.96743001118233,-117.90714307816569",NZUG1OB2KNH891Q,True
1200269860,6434203705,2025-03-29 09:50:32.494964,467,voice_out,7GVFI,"-63.7400807035593,23.700531331909303",PA2CQGJEROOXVXE,False
3848554200,1083085035,2025-04-01 09:50:32.494982,289,voice_out,UDR9A,"-27.154826620438556,45.48219612025707",M5FJX1Y5SJNRX7E,False
6059402527,7456117841,2025-04-07 09:50:32.495003,1025,voice_out,UTR4Y,"29.30088255878148,-130.26330711228843",FAN0SVY3QQFXFA0,False
6241940125,2706396416,2025-03-28 09:50:32.495021,55,sms_in,D1Y0I,"87.78270951884036,118.14199865301885",PO5N685XMEUW884,True
2323500461,3140185642,2025-04-06 09:50:32.495041,1132,sms_in,W7RRD,"48.30822472605357,113.8878231106338",305OJBHSAB4M2GT,True
0611154777,9239698050,2025-04-10 09:50:32.495061,879,voice_in,APTKE,"46.08264028014864,-38.791171082246194",80U3PIAPZPCKKS2,True
4509641651,5943420839,2025-03-31 09:50:32.495082,1054,voice_in,JMHOP,"-24.31307825752593,-15.365645393712981",QIE1VDGY35OXW5X,False
1056031933,3991865436,2025-03-30 09:50:32.495099,597,voice_out,PE5HF,"-75.73256994175429,-179.61817321921524",OWS0X49BOCKSK5Q,True
2055457688,7993087915,2025-03-26 09:50:32.495116,569,sms_out,A5C2X,"-12.514425109249515,-99.15167649147564",CURDF1EEOZKVDDC,True
8976351991,9471772425,2025-04-06 09:50:32.495133,88,voice_out,F35AH,"-57.5622702848549,33.50493316196304",QY4E94V4FKRA0O7,False
7832425925,2295059160,2025-04-13 09:50:32.495150,524,sms_out,I3XTR,"-18.664307825147645,48.193396314337576",5L2LD56M5G2UFQD,True
5300631013,5447337546,2025-04-21 09:50:32.495180,852,sms_out,C9KIV,"-87.45680055771626,-109.46318832450912",Z28756LCV92ES58,False
9652576432,1763784821,2025-04-10 09:50:32.495204,730,voice_out,LD190,"-2.6081302879556176,19.61597439557616",9CNXIKXXEI40WMG,True
0382705970,9572811359,2025-04-04 09:50:32.495221,227,sms_out,L48QP,"-85.92362674213024,65.0999229720596",T1P8XUS0KFKDE0L,False
4253871300,9916053396,2025-03-30 09:50:32.495238,77,sms_in,A206O,"-1.4356326333745955,-73.17065237359512",8IBL3TJVX8KQ4W2,True
0799368003,9772659367,2025-04-22 09:50:32.495255,1055,voice_out,RHG3M,"-23.637740911241394,-95.04437539658477",H8IRQ8HBGD2A7CD,False
5435043681,5575965581,2025-04-18 09:50:32.495272,392,voice_out,Y1GFW,"20.4189111900822,-164.5471870155979",AMNZSL518CRGYBA,False
9468231709,4901525928,2025-04-21 09:50:32.495289,775,sms_out,DX45F,"85.90790097305234,57.400274523098915",UVHVG68AIVXFP14,False
6651777155,2014948095,2025-03-25 09:50:32.495311,1084,sms_in,UWKY1,"-54.2855029984869,-3.7702343714809388",JBR18DEHUYVQKSL,True
9208956453,0555527388,2025-04-21 09:50:32.495331,482,sms_out,PZK97,"-7.975383394690638,-0.46635890863529994",NBTO99J1294Z9YZ,True
1298474324,8201870841,2025-04-22 09:50:32.495348,821,voice_out,O3NNT,"59.840063036728964,122.99200389166919",QTEQM4408EVTY28,True
9322998828,2904463807,2025-04-02 09:50:32.495365,153,voice_out,EO46O,"70.88414955584145,84.12763847755241",NX03OAF5OBSM4ON,True
1056791797,6896559809,2025-04-01 09:50:32.495386,597,voice_out,28DX7,"-77.08507103631813,27.219229037717895",6N2A6GSKDHC4WTZ,True
1857424586,6233337601,2025-04-20 09:50:32.495403,585,voice_out,U4UBL,"65.27397651425119,-44.207651000519405",05NZ1SVB498YDP7,True
1428778654,6188409125,2025-04-07 09:50:32.495421,1166,voice_in,6ZQFY,"54.15050405290975,40.52617313176083",PRBK5KU46NROEFL,False
5386388768,7212511812,2025-04-20 09:50:32.495439,1013,voice_out,MIJF8,"-43.031971257700114,-157.79144300524666",KBQKDHLEOOGROY5,False
2214192881,1515946012,2025-04-10 09:50:32.495456,603,voice_in,RE3NA,"-68.66671091217307,-127.38989589118142",BHC5WUFGXNE10TC,True
1870475235,1096911093,2025-04-12 09:50:32.495473,524,voice_in,DCQHI,"46.951283219486754,80.63545663088405",02XJHDMWOXWB09X,True
1122611573,0582522712,2025-04-04 09:50:32.495489,59,voice_out,I2F4G,"36.55218745470029,-55.88687903363797",GPS6HHJS408HR8D,True
1456956607,9214444400,2025-04-11 09:50:32.495506,400,voice_out,M3511,"-10.992494723350319,-0.9837137982474644",KMVTQTZ3DIET7LK,False
2697697597,7081577322,2025-04-18 09:50:32.495524,1019,voice_out,E39A0,"3.02033844909829,3.5515234014246744",2TYUWPJKM1PQEDO,True
5849782431,5823405625,2025-03-29 09:50:32.495546,1186,sms_in,8RGO9,"-69.9954643044034,90.19893243215876",RZW38PAEZSXY9Q8,True
8508226119,7479770416,2025-04-21 09:50:32.495563,804,sms_out,WI263,"86.74112871498377,8.645836751603412",UHGC9O9K7X13UX0,False
2922307412,4201472484,2025-03-27 09:50:32.495580,1020,voice_out,VHGTB,"61.70964404623311,-97.69509699283857",VQIYCQ1P0TYKA0B,True
4447821956,7634175674,2025-04-04 09:50:32.495596,529,voice_in,LL0V9,"-46.52907969954791,170.27261760310756",PK356AH8S2NYBQZ,False
6274277028,1150533714,2025-04-04 09:50:32.495614,1189,voice_in,0IZ99,"-61.95038958490888,132.6324949501393",UXLANPM3VBYTKH1,True
1528294627,5387549774,2025-04-17 09:50:32.495631,364,voice_in,HPCUF,"22.43949927071735,-41.29940837283115",3VYSQNTLR7FN6R1,True
0077707992,3227998181,2025-04-17 09:50:32.495649,827,sms_in,P9V4C,"50.35016016503573,159.3213518788928",NMSLRSJRB9G6HDN,True
1159226814,3029476644,2025-04-20 09:50:32.495665,163,voice_out,O5N69,"27.09753740762025,-65.22291808981919",0BYB5UEK0V9QFIN,True
7354976589,5499313028,2025-04-19 09:50:32.495682,1194,sms_in,EHYPX,"-85.1261342176725,94.63721989003346",Q0TRJI2WMT9CW2P,False
2656894813,5836378188,2025-04-06 09:50:32.495703,987,sms_in,R898C,"-14.60276744757725,-94.95096818835646",QZROI9MSJNF5QQ0,True
3585032120,2305698036,2025-03-25 09:50:32.495720,276,voice_in,A64ZO,"49.87173323127962,88.83851077129015",VNZIG4NY07PAXHC,False
1670979905,7224452001,2025-03-30 09:50:32.495738,442,voice_out,KEQC0,"-50.20439971445262,-96.71563587046012",IZ2930QWI08THFQ,False
4373263680,9168665676,2025-03-28 09:50:32.495754,54,voice_in,CIAOJ,"21.81569993247591,-76.3986253611638",84ZWY0N3EVA8T1C,True
5589074367,9883395242,2025-04-08 09:50:32.495774,1094,voice_in,4DXDC,"29.99326884100809,-66.21979084857071",V7XDA7PZD9O0NCA,True
2503467040,0798095096,2025-04-17 09:50:32.495795,1139,sms_in,8ZTXL,"-88.59956143462877,-117.42432081380296",GRUK889PZO5DLAQ,False
7326508593,3353902435,2025-04-23 09:50:32.495812,927,sms_in,NLZE6,"11.634732733141078,-1.1747329839826932",LS73QDYTP3YPFTS,False
1858461662,1676915318,2025-04-03 09:50:32.495833,468,sms_out,P2C74,"-9.580046493721824,-135.4458774319679",KOBDHAS17FGS1BB,False
0134766066,1556976792,2025-04-21 09:50:32.495849,585,voice_out,AXN0F,"-50.61226089855845,-15.221051274467698",GTK1GMZIF4Y8OR4,False
1012898320,9019606058,2025-04-21 09:50:32.495867,37,sms_out,VDZF8,"15.621522044070915,-111.9597105972742",S4W3J2VBPBC12FQ,True
9818199062,3741028760,2025-04-18 09:50:32.495885,745,voice_out,1BF4L,"70.06788025917874,159.1747724023295",PJFVV7PAJ8QHPFL,True
6303166846,0340234141,2025-04-01 09:50:32.495902,1148,sms_in,92A30,"-30.354865592950674,-177.88036621890194",MZYALP9M2RHORFR,True
5272265734,7449648926,2025-03-30 09:50:32.495919,222,sms_out,ZSS8F,"-89.01381657105489,46.56710657360756",4ZDKS69BFUJQKTN,True
1606564370,6247312979,2025-03-28 09:50:32.495935,636,sms_in,FLELE,"81.35727412413934,-170.76968338433437",1K8AB9E9MXN0RH6,True
1700944416,1800859287,2025-03-28 09:50:32.495952,114,voice_out,ABSYP,"-74.31589176296411,4.814458406857682",BQGYX4MZFQIO903,True
8315473641,7847124866,2025-04-01 09:50:32.495969,566,voice_out,AG8W2,"-53.32183046824157,-166.39957465642368",YZ692MP7RXN8RRP,True
2866574630,7128653267,2025-04-12 09:50:32.495987,1049,sms_out,KP2YE,"-66.2680739927657,-7.108245371708762",K5PBMZIZ7HAI8QL,True
8565678224,0861424859,2025-04-13 09:50:32.496003,395,sms_out,2GXW6,"-61.19514968346367,-2.646770531170745",QO0YFSG9XGQ9NM1,True
3645898017,5747924651,2025-04-15 09:50:32.496020,337,sms_in,1QJBR,"78.42842867771543,24.24656696399137",418HJZ1P3BYVO1E,False
5846793506,0519061861,2025-04-18 09:50:32.496040,392,voice_in,MGYBO,"-3.7202925539949376,-34.23322403597405",HB6JUYZVPHSDK71,False
7232185867,5860052206,2025-04-17 09:50:32.496057,1168,voice_out,BXR4H,"87.86846999019187,95.98010084549702",0BQHQ2YIJAA0EDQ,True
1422592695,4001763421,2025-03-30 09:50:32.496074,127,sms_out,I5LF7,"-40.10125285785937,154.99354834956273",9EGISYS6K1B57KP,False
5680863549,5783731984,2025-04-23 09:50:32.496091,744,sms_out,B1YNX,"5.017742892308064,149.1221568624984",HRV0M0WDQ4OBG8N,True
3409289523,5839119118,2025-04-16 09:50:32.496109,88,sms_out,LCNXI,"-26.24510263599324,138.81339816756815",SEUSSG92EV5QM6V,False
1993749062,3186991975,2025-03-28 09:50:32.496126,541,voice_out,4WZTA,"-40.320678272897084,-30.242768110490942",UUN96J6MZ09DF05,False
3085669775,2169565981,2025-04-09 09:50:32.496143,356,sms_in,0VPEG,"37.785232698778984,-166.95562916213942",48NBG8NFZXXXOTE,False
8276217654,0210288914,2025-04-02 09:50:32.496160,531,sms_out,69EEY,"-14.265940770195257,-117.1643237703507",PF8OXVAPCF99147,False
2220213925,1460951696,2025-04-23 09:50:32.496206,542,sms_out,U9N2M,"-46.64279365550402,-83.0898432141769",R319R3CFF57I18A,False
4525709612,3138600872,2025-04-07 09:50:32.496235,1078,sms_in,A7778,"-10.845579720125286,-178.5145953159918",TS6CCUT9Y7OXHH7,True
3164470761,6717773513,2025-03-27 09:50:32.496263,695,voice_in,0Y7OV,"-40.42208624279533,-31.915863525482735",CWBEB8VAEW019N1,True
0957498930,1461075502,2025-04-06 09:50:32.496292,325,voice_in,OV4IJ,"-42.812101407007724,31.916825346258236",YPJ83GU5MLPZOCY,False
6028895659,5563344322,2025-04-11 09:50:32.496316,1187,sms_in,9MGZM,"49.67383282118686,164.027573093079",AA3CG0FLB80T6OM,False
6492922853,6279875959,2025-04-07 09:50:32.496333,1072,voice_in,XI8ML,"-1.874965810552382,-43.074468564936154",QH6CRUHV9SV83OP,False
4390654805,8083681226,2025-04-03 09:50:32.496350,283,voice_in,QUX8J,"60.194105367078464,-160.33789337799763",MD5H5EQDWLZWM0L,False
9989445192,6521268843,2025-03-28 09:50:32.496367,812,sms_out,X7AL7,"81.69432067568721,11.662551462748525",00LR2MAQ342JIJY,True
1815411973,4230884570,2025-04-19 09:50:32.496385,1011,voice_in,0OD19,"-21.79519991392897,-125.32606494026642",VA1UHTK6OWA0JN2,True
5726574335,3959479872,2025-03-28 09:50:32.496402,1151,voice_out,EDN8D,"26.136087857880412,133.3480634153981",OA6TOIIWJXDZXAT,False
7497196646,3632532119,2025-04-17 09:50:32.496428,198,sms_in,9JJXW,"1.0847459250569642,-23.577297023121588",O1VZ1EY216N1RJF,False
4283768940,4186129355,2025-04-16 09:50:32.496445,222,sms_out,6HUV2,"1.6008250760797864,-133.78646144756073",LVNY54Y4J664MI6,True
6356083104,1753044520,2025-04-12 09:50:32.496463,786,voice_in,U6I5S,"-14.322909640541155,-139.4996783026392",RB7R3KOZU8QA8EG,True
0384331637,3053829710,2025-04-05 09:50:32.496479,835,voice_in,DEQ4Z,"-20.550412393350996,-76.92395297750102",7NCKFTS3V0T1NH1,False
7697810695,8078808495,2025-03-25 09:50:32.496497,852,sms_out,Y7KMF,"-68.71091700239168,-23.2878915913208",DMFM5B5CKR7V1BY,True
1399967646,2027279699,2025-04-14 09:50:32.496523,153,voice_out,66HC7,"69.36758047890481,59.71077004191477",BE4BW5E5JJKNHGV,False
7415629217,3759996814,2025-04-02 09:50:32.496540,1193,sms_out,YOYQY,"-88.75546030785144,-28.91961998013437",U81I51NJF3XI9PP,False
2944469523,7354931812,2025-03-28 09:50:32.496558,1066,voice_out,91YNS,"-11.722796295771829,-145.0866781272736",2N4DP90677UELJ1,False
5634300371,2091752328,2025-04-13 09:50:32.496575,343,voice_in,XCSF2,"-82.52337112743632,150.23882191178012",Z85EM0KOJI4MZJJ,True
7798260770,3637924294,2025-04-05 09:50:32.496591,985,sms_in,FQHO1,"21.673363059927865,122.69904135284008",0TTAU6I264VRBX8,False
8188223705,8849374241,2025-04-20 09:50:32.496612,898,sms_out,5185Y,"-88.37439514563545,-99.27430302362731",HO9IE7T4CF1W552,True
6628061962,5869315231,2025-03-26 09:50:32.496646,904,sms_in,YIG5U,"86.56122055577856,-50.233274826643026",IGBUVPLIW3K9GWA,False
0094864567,0478119070,2025-04-05 09:50:32.496674,166,sms_out,K7A0R,"-50.56099195900215,-4.406234486541564",Q0FY5ITMM06R9IH,False
8921778286,1743644651,2025-03-26 09:50:32.496704,1182,sms_out,6KOB9,"85.09222356756067,65.1830703251023",TQE0PE7O8WCBLR0,False
8498215060,6941602587,2025-04-15 09:50:32.496744,1190,sms_out,ZU3IB,"55.673416528709424,1.126403092212115",6EWHY2D6SOBXMED,True
4744101044,4259360500,2025-04-19 09:50:32.496773,182,sms_out,REV7Y,"48.1534058321005,-95.20541807170954",Y9CXR26USVETHW1,False
4995008304,8798704785,2025-04-09 09:50:32.496803,724,voice_out,8YEZT,"63.71110782432811,66.91778191428011",2HPQUDQWHJJZEQQ,False
1078911170,7215903550,2025-04-14 09:50:32.496834,843,voice_in,EMR6J,"-1.2007722444877231,-109.4940037334681",85M5YPB8V2GLTTE,True
0739014234,0619327426,2025-04-15 09:50:32.496876,153,voice_in,A9177,"-39.39731336698165,-137.1249337019749",W53OAHB23W3VZ4E,True
4946685184,2616050192,2025-04-05 09:50:32.496909,528,voice_out,ZRL5I,"74.48636798159336,13.453398324522823",WCX4C77TJRDZAYA,False
4256376216,8166528083,2025-04-20 09:50:32.496942,802,sms_out,8H7NG,"83.8845815130363,94.43894096886243",UCARM18DJF6XSXJ,False
4755658329,4194118371,2025-03-26 09:50:32.496972,292,voice_in,4W7W0,"22.194237128196306,-30.78514341061654",FTDN116U5D21S4F,True
2453423042,8479025760,2025-04-21 09:50:32.497003,139,sms_in,PYOQT,"86.1414193653709,-161.35631358099153",WX8FQ5K2E1J208H,True
8299551291,1559119961,2025-04-06 09:50:32.497034,559,voice_out,TSF2Q,"-36.47687960273279,-27.92406137302342",UE216LNNA9BH754,False
3553246266,8877737540,2025-04-09 09:50:32.497068,68,voice_in,UDU7G,"27.34100121051067,101.4042415994441",TFG9LLMXHIR2F15,True
8100565888,6922948906,2025-04-10 09:50:32.497100,260,voice_out,IQ2WX,"-72.7428414709698,-72.14523258528548",TYB68LDL4WTI8LG,True
0723108581,9267947572,2025-04-16 09:50:32.497131,987,sms_out,V92RL,"-1.8019001316728804,126.2217244646119",33UDXJZJNH4BQOP,False
1728982731,2115259013,2025-03-28 09:50:32.497165,783,sms_out,5AQLR,"10.504762540943958,-95.3711313600999",PWFWW4Y9SSNLO4N,False
9727078867,4414738161,2025-03-31 09:50:32.497197,942,sms_in,7H2NS,"35.17334361350882,36.92983381848754",ZHRXVSRRPWTWRO7,True
7867754475,6352851941,2025-04-02 09:50:32.497228,49,voice_in,KTA5C,"76.91188891426361,50.67855178733606",BWC6YK0Q0GBJY29,False
4290613153,4300351636,2025-04-18 09:50:32.497259,53,sms_out,2A25R,"-29.80472305068519,-61.869136171869826",2UEUM8NBJAVPBV8,True
8364822893,9958103775,2025-03-31 09:50:32.497297,1065,voice_in,Y5D26,"-38.10573455248617,47.99174031075708",AF1KUX76U4AN3SU,True
7840064702,1791754755,2025-04-11 09:50:32.497327,285,voice_in,DG2OK,"-67.62439067424802,139.44719661352747",NJLEBNFF3JPW0Q7,True
7647977698,3946069924,2025-04-05 09:50:32.497359,90,sms_out,NW5SZ,"-42.603194970263836,125.83310683264642",ZBC0NT0NU4PCKC2,True
4674039864,0677474725,2025-04-05 09:50:32.497390,920,sms_out,FD055,"-75.5640698534253,105.92847684421213",Q3VCSS3OELQ6RR0,True
2105404529,1949589936,2025-03-30 09:50:32.497421,529,voice_out,X42IH,"-60.81256305596546,-120.27758154497258",33E3MATZDR65CZ3,True
9929381614,6482386304,2025-04-11 09:50:32.497453,527,sms_in,X72V8,"29.751893380958933,-114.98023506578565",QPCGNOM0EVR7OOZ,True
1174649421,3655451106,2025-03-29 09:50:32.497494,1009,sms_in,EW7H9,"14.198113211968732,-12.238437891028724",E2VENOLVEW4Z9TZ,False
8284248543,7103887812,2025-04-23 09:50:32.497526,349,voice_out,FHBA1,"-17.073673496612997,153.59626591529525",TM0A9OX1K8KWEJZ,True
6380207898,6625175982,2025-04-16 09:50:32.497558,979,sms_in,921HP,"32.21029658207706,-164.60699137161308",MMHQHBU0MP5NS0K,False
3246050516,2091994432,2025-03-28 09:50:32.497590,1198,sms_in,AYG0U,"71.0474985970157,-83.91312545585284",LCFTAJOJLFXQAKH,True
6907714590,8357907261,2025-04-15 09:50:32.497623,152,voice_out,HO2QU,"-77.38653883076697,59.96905367270861",G63GU7R35DVUG6O,True
5272388021,8471071679,2025-03-28 09:50:32.497655,556,sms_in,BXYNU,"79.85358982500273,62.38545877066352",GF5QFSPBV3V9K0X,True
2877322832,6019822074,2025-04-13 09:50:32.497685,573,voice_in,RLUT3,"20.458909591601454,-154.33204804481943",QEY4P9RFIDRCQMQ,True
3482691675,0991038940,2025-03-27 09:50:32.497721,1110,voice_in,FI5V0,"-52.5171834560215,122.75817548560042",1M24CBPJ7JMVSSX,False
8746950541,2544141676,2025-04-05 09:50:32.497753,1121,voice_out,8M9YF,"81.41538128832363,-4.9902790727259685",4FW6K17H9TD8BXP,True
0461714376,0179919153,2025-04-22 09:50:32.497782,1166,voice_in,0GYZ8,"26.766101807591767,29.575327043438108",HF57VPB2JOD2YBU,False
2001085834,9559230114,2025-04-08 09:50:32.497813,403,sms_in,ZOY55,"-2.184376428861526,145.37209015380256",R0WGQ2UGPI87A06,True
3873302694,6676898063,2025-04-18 09:50:32.497839,520,voice_out,PUSF7,"-5.382084047651588,78.89607543418543",M8V16I0OKGUHJ45,False
9912020470,3351955128,2025-04-23 09:50:32.497856,31,sms_out,TRO1V,"-65.56369081286763,-157.15143393491417",N5VRXMNO6DP8TC5,False
0458723567,3887353407,2025-03-25 09:50:32.497875,1095,voice_out,0WSD2,"-71.5960028203726,-20.129648603695898",LTU63CUZKWSCT6G,False
9117812217,4779393370,2025-04-02 09:50:32.497892,1106,sms_in,GN53C,"39.426443753547034,6.179240469224482",YRI7DW3SHRIBEHQ,True
2500315013,4144455561,2025-04-14 09:50:32.497909,1051,sms_in,E410P,"46.51100645240578,68.49216242532151",OOCMTOIV3IA6R1E,True
1701495986,5075183773,2025-04-05 09:50:32.497935,1091,voice_out,GF0N3,"27.012228153645054,84.37653084680699",53LMYHQBJ25I9Q8,False
1560433932,1700514128,2025-04-07 09:50:32.497953,187,voice_in,W2N5P,"-3.755135306389775,95.42234373411821",PM7BTQW2RYCW9DS,True
2788819018,1724635460,2025-04-11 09:50:32.497974,646,sms_out,3SE5P,"-17.450341359511043,10.54947876411569",RNQ4KU5KIDIFU9H,True
3365952521,5313747064,2025-03-30 09:50:32.497991,690,voice_in,LB27S,"-74.78359939813195,5.8970472349923",7V3YW4C5PLGO73C,False
5836282955,5857069355,2025-04-07 09:50:32.498012,247,sms_in,LDSJM,"83.23312675654756,118.64611052143124",QAT4SRTRI27MBBZ,False
2520614461,9815376219,2025-04-02 09:50:32.498029,854,sms_out,VCLZH,"18.90966381558134,-94.71847149020809",8K5D39YK0AHKYF7,False
4585931462,5179317816,2025-03-28 09:50:32.498045,413,voice_in,5J1SV,"-67.85621253690213,-40.10038156823589",ZD6K8G2RRR4DE2Q,True
2817286625,3108012115,2025-04-02 09:50:32.498062,884,voice_out,07OXL,"-51.06341516161879,-2.139259822991903",WQ36HRH5JE45VCR,False
2297282330,6529106833,2025-04-13 09:50:32.498079,51,sms_in,BF3VT,"18.70298299026041,48.17801550724684",OWY3UWYRUG2TPW9,True
1007762137,7009739390,2025-04-06 09:50:32.498098,133,voice_in,IQZIH,"-49.29934981336528,-129.89175625232542",QDAYBENKE30OMCK,True
6844191083,8337173303,2025-04-10 09:50:32.498115,574,voice_out,MS87E,"80.66907959580573,112.05180821921579",VBK9IAD6TBAA1FZ,True
2050880021,3116099098,2025-03-28 09:50:32.498132,1007,sms_out,8CQMJ,"85.74921950114418,49.4983519136762",BVXOT2S9CGFKJPJ,False
3309024453,1293838742,2025-04-02 09:50:32.498149,442,voice_in,6K70S,"70.24913257228886,42.51016786908119",9XY61SFP8CJUR95,True
1533609490,8227491250,2025-03-30 09:50:32.498165,988,sms_in,3ZHCK,"3.1860438889546003,124.27550026825628",2S6XWJGWNXGKXVO,True
6759408022,2902613635,2025-04-02 09:50:32.498182,275,voice_out,ZVLNV,"73.67501758523804,-145.61500697296833",TGIBU558OBYY3D0,False
7360853426,2254235395,2025-04-18 09:50:32.498199,661,voice_in,CV281,"-38.79144409392019,-101.77250075943758",02FOO35AV6TI63V,False
3772124159,1215698439,2025-04-03 09:50:32.498221,363,sms_in,AIG81,"76.25543688659027,-173.08297192540584",ZLLTUUPM8CVCKK9,False
7292318282,3261902835,2025-04-22 09:50:32.498248,948,sms_in,NNGJ7,"-4.405322670396359,19.190196392214034",KX3GTAAMJFAEJDE,True
9664520590,9136600687,2025-03-28 09:50:32.498265,732,voice_in,8RSL4,"61.190880034073075,-130.05004075422244",Q1R9GRE7P2MUD0K,True
5226462151,5036470315,2025-03-25 09:50:32.498283,43,sms_in,CY07G,"24.77334967257883,-64.64450268732692",P3K4DRVMVJG3O3A,True
0813402949,4389150118,2025-04-04 09:50:32.498304,331,voice_out,C0PK1,"2.1134937325849137,171.9684592262825",ICAC1VIBS9OHB3K,False
6563677455,6183474566,2025-04-19 09:50:32.498321,770,sms_in,WE9E5,"84.09729018056413,150.54623594434793",K8SJSR1KLRGNWZW,False
1750874136,8589965596,2025-04-06 09:50:32.498346,152,sms_in,4L0Y6,"-36.397627610948824,126.21270025361031",TKO6HV5NUBBWCSQ,True
8183362866,1409421706,2025-04-09 09:50:32.498364,203,sms_in,EU8MQ,"-68.85574293231723,-62.34716784134196",EL21GW4MJWF9K22,False
0275434741,7907547458,2025-04-21 09:50:32.498381,760,voice_in,EMPTX,"59.823169686065256,149.72923325627397",Q9LWPPA95BJFKIZ,False
3630361710,2421856673,2025-03-30 09:50:32.498398,1174,voice_out,KFCZL,"67.29647643880864,-28.291720249922747",T29Z4463PB4P32R,False
9324545615,3908985173,2025-04-16 09:50:32.498415,579,voice_out,ENYFW,"29.657389705000767,-51.453911261041725",VXW2X6P805J3UX1,False
3224467565,0715927636,2025-03-30 09:50:32.498439,945,voice_in,QH8XL,"-8.879284664279183,177.7588254581678",IZ5UQS03H7ZSZN0,True
7517951782,7882527503,2025-04-09 09:50:32.498465,824,sms_in,CPROS,"-6.17731158657638,111.36023916295915",XJ0SUQACBIKPS8N,True
1237672133,7338969232,2025-04-23 09:50:32.498492,291,voice_out,F8D4F,"-87.35987660730623,133.52572241556288",IFH0DW9DQ03NG2I,False
5049692082,9420876731,2025-04-05 09:50:32.498510,909,sms_in,N6A5F,"-77.31339030462598,129.45373747893638",K5G275RHZ3DCXST,False
5083267668,2094916587,2025-03-31 09:50:32.498528,1003,voice_in,69YMS,"15.305417502578237,-142.59462185498413",WJRYY9MQL3A3MKM,True
8751574321,2752171355,2025-04-03 09:50:32.498544,874,voice_out,1D3GV,"5.530076161430912,-35.79374753802995",7X2O76G2JC5ESWW,False
1874916628,1876487410,2025-04-23 09:50:32.498561,1033,sms_in,8T91I,"-50.350021504426536,-1.9624762438335495",HNE5PTPH738ZNHD,True
1453433514,0733813398,2025-03-29 09:50:32.498578,765,voice_in,LR4RH,"59.190415244141974,31.546739251884134",C2HXONQVAPQ634W,False
4738405141,8180293422,2025-04-10 09:50:32.498597,241,voice_out,UTZNK,"73.17143119993256,113.93613250295255",BAU5ZAJRSZ5LV87,True
8781045960,0685149915,2025-04-18 09:50:32.498615,1077,sms_in,1DJ0Q,"78.65922621233332,-53.02040328766992",EESWYR7RPNW0M5S,False
6995285317,0212838266,2025-04-16 09:50:32.498632,389,voice_out,BRUBO,"-29.031298464683708,-176.35521508359616",FHHORSL0X5V38YE,False
6620445965,2015294382,2025-04-03 09:50:32.498653,952,sms_in,IW609,"-62.18835930759471,79.49806372387565",TIVZG2EZ3Q11TD4,True
4093862394,3559716352,2025-04-08 09:50:32.498670,1133,sms_out,YH569,"52.92037941120691,75.28722340442698",2AA39SO77CLM3I9,True
8320771016,6740790782,2025-04-22 09:50:32.498686,216,voice_out,DZX0D,"76.573122001667,-157.77666655077994",7AS0PS61J2TNFNW,False
8311351578,9021140091,2025-04-14 09:50:32.498703,1189,sms_out,QWZ6K,"-6.632163066661519,-135.21201205013708",6SYE2Y09GBOOXY9,False
8058324564,6889677261,2025-04-14 09:50:32.498724,162,voice_out,NICHH,"-69.54197968124221,-89.31461381419585",JDO0YXXBEAUEI5F,False
1318079010,7814034664,2025-04-14 09:50:32.498745,97,sms_in,TYXG8,"-57.04224465893876,71.00525831177532",V4LO1OR2F48HN5S,True
1676782015,4499581859,2025-03-29 09:50:32.498762,897,voice_out,VZ1H9,"53.47303862883791,139.7263724094757",GXE6Y9MH54FI67O,True
5104347768,6289421397,2025-04-07 09:50:32.498779,683,voice_in,45BSC,"-48.88324465484298,-25.646640840400323",VZEB5M98JFOVZ77,False
2136533515,3780956877,2025-04-16 09:50:32.498799,773,sms_in,K70GW,"-29.581073582859354,39.30170199517249",EZ3FK8BW2BSMVFV,True
5141514555,1149763351,2025-04-14 09:50:32.498816,852,sms_out,ICCVP,"40.64007899556245,84.1613321391261",QP4FEPTPAARRZ1X,True
7224749710,2871206969,2025-04-21 09:50:32.498834,1120,voice_out,PCAIF,"-54.109573056305074,23.616412584805687",MKBTFB2PB915N8T,True
8339995700,1098789601,2025-04-10 09:50:32.498850,474,sms_in,Z3I2V,"18.928775220613858,-15.791750849622929",SYGXSD3D03S9NU5,True
5193513054,5675454970,2025-04-16 09:50:32.498868,322,sms_in,G7HPB,"-47.365017924755705,-21.219654374210336",4YJHR0IA8HX5AXI,True
7864855246,2557080578,2025-04-14 09:50:32.498885,572,sms_out,VWNE2,"-68.31044149614833,71.54195251520156",S37QCEHFIVOKYWJ,True
0836605309,5637839754,2025-04-22 09:50:32.498902,706,voice_out,U0QLJ,"72.91460837758066,35.219169223557145",MAJSC4VLWCCZNNQ,False
7280170452,1347899047,2025-03-30 09:50:32.498919,114,voice_in,ZY9W8,"-3.2824546286087184,135.3833361527121",U5H37UK7XXKGJLB,True
9011923612,6609965676,2025-04-22 09:50:32.498936,782,sms_out,JS3RD,"-85.80532205279758,97.1624409961924",QPVC83YWI5SBG3P,True
9836538647,4823135116,2025-04-06 09:50:32.498957,1071,sms_out,59SVY,"59.952832281919086,174.51188837423064",PZZ36H4IXWL9SZH,False
9158564157,6401964655,2025-04-17 09:50:32.498974,519,sms_out,BIBRN,"-38.111640855763106,-113.42508133299673",LSJJJ8AHBWKR3XP,False
9714703007,6971163080,2025-04-21 09:50:32.498995,646,sms_out,K8CTO,"-8.881768735635276,176.93483452341945",22VZ67NPCSPVJ0P,False
6095635601,1029276554,2025-03-31 09:50:32.499012,374,sms_in,2A9JW,"70.6846357103075,-129.90270321392643",EK0MTAHJTILGDDF,True
3009255238,7860308669,2025-04-03 09:50:32.499029,291,sms_out,ILEBP,"-26.09258703136171,-170.65603532138752",IK0X1A6V7T1KV7J,True
7121680381,3780611314,2025-04-09 09:50:32.499046,283,sms_out,7N5K6,"81.66238155047222,86.26052494461254",HEU7YMDKYP00BJA,False
6404565287,3189140147,2025-04-16 09:50:32.499064,990,sms_in,V6QP6,"47.52219764278237,70.26719587244932",QVCGMS5PCAEG8Z9,False
8831303284,5986526500,2025-04-12 09:50:32.499080,973,voice_out,4WRO6,"50.99621946212383,-76.97660532788606",MPQ9IMLGCC727UE,False
9539904685,0759874587,2025-04-14 09:50:32.499097,850,voice_in,EQHCW,"78.35787198001697,-139.54042120358005",YQPMN6V9FZ0R0AC,True
4440682412,3519936968,2025-04-20 09:50:32.499115,823,voice_out,P4GHS,"15.902034260402061,14.169999811337135",R5ASGTN4RTFM9Y7,False
7931144356,0923713801,2025-04-16 09:50:32.499132,210,sms_out,0QPCZ,"23.168314966027424,134.13644553488604",FE0IS3LHCTPBPVN,False
3540590067,5970842748,2025-04-18 09:50:32.499149,441,voice_in,W0GUO,"13.50240030144478,120.02161998377528",1G0HV5IG9MH9DWJ,True
3911802393,7542784726,2025-04-13 09:50:32.499165,825,sms_in,CHH3B,"22.47511095589047,-112.29463367378533",I9RX8H3EZADU8BT,False
5536996154,1688697533,2025-04-02 09:50:32.499187,848,sms_out,LQF09,"-80.23276533437159,-129.4764635195151",SH9ODW30YM2Q1GM,False
4115430015,5561808572,2025-04-01 09:50:32.499204,1046,sms_in,FKR23,"34.96493991299937,-84.00646525285586",1MT9OMZEXJ0DFGR,False
3190251521,2397169901,2025-04-17 09:50:32.499221,184,voice_out,XGCLT,"30.068196139121767,-32.19429884199303",OIUXGQMS5PGVM2H,False
1455673773,8167868499,2025-04-12 09:50:32.499238,803,sms_out,IGTKU,"-59.280422105126775,-128.1836424602071",3126U2EUBJK1G1B,True
8085646588,1440564344,2025-04-04 09:50:32.499255,517,voice_out,ILOI9,"-38.59258269473371,30.282052069120795",41BKS2G87102OTQ,False
1924134929,4995640600,2025-04-23 09:50:32.499273,922,voice_out,4G2SZ,"-88.59489970801727,110.34756593147796",KQU46I2YSWE327P,False
6679197325,3896218847,2025-04-22 09:50:32.499290,505,sms_out,A3GQY,"-65.14911862485545,-15.09633576192104",XA3PCBTJ0IRL43Z,True
9755444959,4100116412,2025-03-26 09:50:32.499310,76,voice_out,LR7QK,"83.22803483033596,52.84453698853051",63FFUMPGP4SW2K5,True
2233167398,3305139571,2025-04-04 09:50:32.499327,458,voice_in,4RHJ8,"25.740168123136314,81.52497502693899",TVDN55SKQTWJKNR,False
5276396764,5396644268,2025-03-26 09:50:32.499345,448,voice_out,XGRPT,"-48.798986498955685,48.75109315302424",TN88PJC6JN2KNHY,False
5558578868,8345189563,2025-04-11 09:50:32.499362,154,voice_in,DCYTI,"7.473014633607377,-177.26936752122666",IEJNCSN2X7RXS6F,False
4003128535,5848130700,2025-04-22 09:50:32.499379,255,voice_in,EGAPW,"-89.43796418735835,83.48227649226226",S640KF4PEBV99UQ,True
5576843344,4172052753,2025-04-17 09:50:32.499399,732,sms_in,Y4V8C,"-50.48489881705944,-16.745964744001384",ZVW9553NWL6R9NL,True
8818574979,1633216778,2025-04-12 09:50:32.499416,675,sms_out,QAT3N,"-35.77398071314132,-88.08577899250359",16MZO9CRQX38SWR,False
2588955812,3057166338,2025-04-12 09:50:32.499432,58,sms_out,LPRUB,"-40.666669264247766,-85.4399143373349",EPSGCR6JI3BI0FA,True
3303003869,8569855806,2025-04-04 09:50:32.499449,664,sms_out,6UIWK,"-6.4957505685949,165.26307305184093",1K5H8CRZ055ESD4,True
9898938402,0399530572,2025-04-23 09:50:32.499466,1043,voice_in,WXK3L,"39.16956172776892,81.23200657339231",Y7RKLD99913XUP3,False
2754289701,2734089363,2025-04-22 09:50:32.499487,1147,sms_in,4AO6Z,"35.12858420010315,16.548296158373375",8CHWKX0FC7UMQCC,True
3585039186,1300320735,2025-04-15 09:50:32.499505,1054,voice_in,2WISC,"-49.025324600740596,-39.24429484370512",946EHG9W5YSC5O2,False
7370948020,7864577171,2025-03-30 09:50:32.499530,957,voice_in,7XMJ1,"-53.1297652453038,11.709430700849225",9CDF56U3BA35O1V,True
4705074414,2549130914,2025-03-31 09:50:32.499554,101,voice_in,OKVNF,"-24.21808185233583,-19.864945278134",WNBNAKE6YAZ84TZ,False
9000894119,8862532256,2025-04-03 09:50:32.499573,622,voice_out,PTDG1,"45.75043533978149,171.7529952587343",QVUOOW0CFASTZ9L,True
5489431086,0560768929,2025-04-10 09:50:32.499591,51,sms_out,2Q4PF,"-11.339087227152191,-169.39453443229908",O60I8PWPEE1IO5D,True
1121046664,0267159543,2025-04-13 09:50:32.499608,75,sms_in,G2CMT,"-77.57502569104285,-148.4502710363447",TC9PLO7KHE9ES9H,True
7665757825,0999945612,2025-03-25 09:50:32.499625,1000,sms_in,UG9GY,"-87.83027903894383,152.33439443217674",E3LFII2SE0SGCQ8,False
2972652488,1903864975,2025-03-27 09:50:32.499650,999,sms_in,FR9M8,"-52.90678194891375,-85.44071814969917",VIEQQLJQ3EM4DFN,False
3309448151,0387533030,2025-04-03 09:50:32.499667,133,sms_out,9Z7FC,"-42.81634864268628,-171.18195175885694",6K5V9QAVW298B7Q,False
4545645221,6952588505,2025-04-23 09:50:32.499684,560,voice_out,0FB9V,"-43.7394772990205,-20.83349778405804",5P5EAWKDQC6PHO9,True
1799698475,4602090927,2025-04-04 09:50:32.499701,101,sms_in,X32ZF,"67.78412776775181,163.95822652989983",RIU8FSA7QK7ZVN7,True
3567845896,7481885693,2025-03-25 09:50:32.499718,1121,voice_out,QAA02,"51.20563406870659,20.068169894998732",GL1ABOX18V2YPHE,False
7897437422,6909457482,2025-04-02 09:50:32.499735,533,voice_in,8KN7S,"63.861580592954965,-109.15271443964633",H03P13B0VWPXU3P,True
6540754578,8790501704,2025-04-17 09:50:32.499754,511,sms_in,IBLEF,"-16.56255304970047,-66.47298074265643",4S80OPYELKDE9BA,False
6026479423,7116712597,2025-04-10 09:50:32.499771,678,sms_in,OWJGH,"55.8487711410462,-77.82233919553818",MIR8J9QMAN7SK72,False
6997134972,7950244251,2025-04-06 09:50:32.499788,863,voice_out,7C8Z3,"-63.99502222907814,-23.07221456831246",P1DNOVVQDXVNYEU,False
1420092201,5512490468,2025-04-19 09:50:32.499805,542,voice_in,K4NJC,"-61.13638204260071,-155.1708833454512",BC90ES7NC67WJTW,False
8012844781,6295788255,2025-04-07 09:50:32.499822,721,voice_out,15I1G,"2.9733526992451687,87.64710630524996",TSB3SQT8H356QTZ,True
7702797130,0804100063,2025-04-02 09:50:32.499839,850,sms_out,U28ZY,"-27.947381103254465,-36.22284203643352",8T89DVF0CG7Z2RR,False
6860526248,6095535857,2025-04-14 09:50:32.499856,545,sms_out,BNLM2,"41.199417683718394,-72.43477888715717",OYGZT1KCTXC1UV4,False
1004480454,0982009898,2025-04-07 09:50:32.499878,552,sms_in,FG4CE,"-67.0372863090875,134.9268048996667",4UXS8NLQSMSVC63,True
6611508604,9369708880,2025-04-17 09:50:32.499894,115,voice_in,U8R07,"33.1946177849655,-6.960132100671871",21NIPKX6S7LNSVB,False
1356784011,4832592049,2025-03-30 09:50:32.499911,179,voice_out,ZYTC8,"-79.116565026182,113.39777673197659",A2NDDQFC98AJPXE,True
5934139273,0903841444,2025-03-28 09:50:32.499928,196,sms_in,AFFJC,"-21.196271557296598,-64.12731101776374",KGRMZZIBCE4DHJE,False
1531699780,6377757547,2025-04-05 09:50:32.499945,139,voice_in,LT3L3,"-28.646575009946133,-17.500251117180312",BGZFIFS7A8KVONB,True
5118492113,3245776581,2025-03-27 09:50:32.499963,1115,voice_out,WWL0Q,"-3.19650836959228,123.47293433094438",AYU9QNON9G7AXHD,False
1379718440,0669226172,2025-03-27 09:50:32.499985,1094,sms_out,ZDMWK,"70.43093459982103,85.11893640428889",Z9A0MKK8ATN0T1O,False
0744366248,8383416910,2025-03-31 09:50:32.500002,475,sms_in,K20OZ,"-5.274771792871832,-111.77283069385673",4DX21K5FKTPFTW2,False
6885134736,9787819900,2025-04-03 09:50:32.500018,696,voice_out,NA7AD,"14.220103442490768,-82.08061114271055",SHMXGVERTTCPBEP,True
3030424524,7384018502,2025-04-09 09:50:32.500035,610,sms_out,OA1VQ,"-31.31229976555953,-80.39562958386519",DR75810XVXMMSVU,True
8809876655,9761179713,2025-04-19 09:50:32.500052,1080,voice_out,TY8DY,"-2.4849074893455168,165.03233623723992",T809TTES7V3I4XN,False
6191096993,0211738173,2025-04-14 09:50:32.500069,886,sms_out,CGVZV,"3.4469216799136433,142.63276353636184",951UY1386JYWTMV,False
9701851168,5415303026,2025-04-22 09:50:32.500090,698,voice_out,RDWLY,"62.398378756992486,-34.14574767856658",JDTSKPAE8H8SY6K,False
9043666511,0285115870,2025-04-21 09:50:32.500111,739,voice_in,89XF7,"-31.992588232718447,-86.80950317595934",VFIS66WYB3QTO2F,True
3164734986,7861170418,2025-03-29 09:50:32.500128,862,voice_out,QAEIX,"-18.352432624343976,-106.96089174968425",E07P0N33ZDC54G9,True
1343594465,1205552321,2025-03-29 09:50:32.500145,893,voice_in,BKKBA,"45.384818228618826,-63.643171985501596",72YCW2XZILGTA7H,False
0509366088,2280329934,2025-04-03 09:50:32.500162,433,sms_out,Z8X1C,"61.97776708870654,-157.5508318753035",NQUO8CN9T4CYQEQ,True
9931544431,8638266724,2025-04-06 09:50:32.500198,880,sms_out,MYK4D,"23.295471417395646,76.46863534241453",TQACJG4XC1V7JCS,True
0669012396,0687550356,2025-03-29 09:50:32.500226,1088,sms_out,QPRBN,"-64.99034842281372,29.851091206756735",MFWK9HT3J2VIV5D,True
3783497076,2761102672,2025-04-10 09:50:32.500257,794,sms_in,7QO97,"-3.1379821167297877,171.97099355142666",DUA4JTPRUH4VQ0L,False
3260658780,7097632942,2025-04-12 09:50:32.500288,983,sms_in,LGLW6,"14.27859930520627,4.077019596376772",N2B6OVXPD1WD8U3,True
4199346035,9447662492,2025-04-10 09:50:32.500318,1060,voice_in,QRCIM,"78.29789795932408,-72.12912740616613",M6NXJV5OWWNH48X,True
0203681528,3375947919,2025-04-11 09:50:32.500357,722,sms_in,KTNES,"25.653052315498925,-35.5933023545538",3JLLUXDFVQPELVC,True
0400314894,4391101872,2025-04-22 09:50:32.500402,771,voice_in,X04LA,"40.47017486499456,137.9691747160739",E8MW9WYIT35Z5I6,False
0950265805,1687322324,2025-04-17 09:50:32.500427,672,voice_in,W4OCU,"-42.49255879220854,-158.7998559608327",CWIV7EJDIZBM47H,True
4721482420,0416382991,2025-03-30 09:50:32.500447,628,sms_in,MKHEJ,"-81.97552424395326,-83.38355833910049",PQY27EY3EC1GWQJ,True
2156495107,9818995300,2025-04-11 09:50:32.500472,1044,voice_in,LL7AG,"13.6242393841909,-94.95220660085445",I4YQYNFTW23KACW,True
3326706044,1540789554,2025-04-16 09:50:32.500488,790,voice_in,Q0LR2,"27.57242624430384,-101.52879239731699",FBCE2FN9LUDR50P,True
2524698944,8486388320,2025-03-28 09:50:32.500505,697,voice_in,EHM7V,"-29.807146357273965,85.77519207136652",HT4MK795VPG8X6S,False
4854032431,8442209694,2025-04-15 09:50:32.500522,920,sms_in,QXIZ4,"-74.28808750202737,-27.63292230265884",HQW08N5UUWM58NS,True
6076244718,0699295335,2025-04-08 09:50:32.500539,107,sms_out,MNNL3,"-66.09962201350456,-32.52983256154255",H7ZKCVSIX7RTD51,True
8069967489,5110755058,2025-04-05 09:50:32.500557,916,sms_in,X9TY9,"-67.08577955702279,-70.91149201757925",VBJK42GZT059E3I,True
9919600758,7494225388,2025-04-19 09:50:32.500573,1137,voice_in,9SETO,"8.42287752825436,-178.9754199408702",BZQYVW9AHQBIUZX,False
0370090036,8815577124,2025-04-13 09:50:32.500593,1073,sms_in,JNDTS,"-7.171199638108035,-17.790265089062103",6I4FBIX5FBCUSM2,False
3532228163,5621200400,2025-04-01 09:50:32.500620,390,sms_in,UH7MS,"57.155594847627924,-120.13742860277921",MEXNZCSYI8DHIYW,True
5026493750,3464784652,2025-04-07 09:50:32.500643,565,sms_out,RRVAU,"-9.727937491733684,22.85199792837159",8V2YY6K7QKFMJW6,True
6599965400,6608637723,2025-04-05 09:50:32.500660,584,sms_out,6QQ8T,"17.511000691927165,-151.2468680143338",Y7WJ23JEXR4OKNC,False
0199581021,9401997071,2025-04-11 09:50:32.500677,188,voice_in,HJW8L,"-79.71532086271279,-170.83205861778572",NMD225W1064E5LA,True
8618365740,9646382895,2025-04-22 09:50:32.500694,807,voice_out,NCR57,"-53.88367546612339,-8.98871683137267",J21O75YQYSAUO0E,False
8320476557,9482530118,2025-04-23 09:50:32.500711,144,sms_out,12X2P,"-15.146077752820531,-73.33718883138312",O10HJ3GUTIW0MDY,True
3620396298,0097540310,2025-04-12 09:50:32.500728,298,voice_in,IQQ49,"-67.78934056834004,59.889899989305206",1C1FXW4L0AY9QV6,False
9245952218,8290273262,2025-04-18 09:50:32.500745,985,voice_in,U2CUL,"46.2671641553267,-142.78726270029796",Z3DXV7IUGZQQV8G,True
7785327764,1043252871,2025-04-15 09:50:32.500767,39,sms_out,CMX5G,"-3.7687108991254377,-158.68282418431716",N2T4BO7XHWN9ZD1,True
9563175581,3905883572,2025-04-14 09:50:32.500784,553,sms_in,GJ9YT,"34.92458663250591,9.13988572074328",N628HZYTAMYWUKQ,True
1046658963,9494898966,2025-04-23 09:50:32.500802,217,voice_in,2JVW5,"-1.4158643260082187,-176.88412234417837",BUGG2XV6HPE1G6R,False
6301019020,5813969641,2025-04-17 09:50:32.500818,552,sms_in,N8KLG,"32.283870642771134,-127.52283434762091",00AUQD2HSXZVFDM,False
6403622926,5298776616,2025-04-19 09:50:32.500838,1173,voice_out,BJBU6,"-46.59909399272157,-70.52546727656215",1G4PDU6ECTJADA1,False
9934179173,6182441130,2025-04-03 09:50:32.500855,827,voice_out,0ZL2Q,"4.766540762498494,-179.77722831435344",DWFMZNEVHH5LIJM,False
6984497359,8194654257,2025-04-14 09:50:32.500871,715,sms_in,UFBW1,"39.565556112738875,30.703836955121147",AGH9LVNWRXWRDQO,True
7517397357,3043096924,2025-04-07 09:50:32.500888,453,sms_out,WNCPC,"78.62126191975099,116.00199385793206",O3QC8XJAKGTX865,True
4126295310,4007388199,2025-04-01 09:50:32.500904,501,voice_out,VRLDF,"69.78064571297742,-50.53524988864456",1A4OYV0VGLVM9DN,False
1718886020,2476939650,2025-04-16 09:50:32.500921,963,voice_in,8CAU5,"-10.237560548201571,43.57900699173743",U1HRO9698U4R38P,True
9162728747,5196710493,2025-03-28 09:50:32.500938,1135,sms_out,QMVTY,"-54.52235973172268,56.07677895654521",1CDQHUJE39BXTDV,True
4906639770,2744949767,2025-04-14 09:50:32.500956,264,voice_out,3VVL2,"-47.57636171193118,-37.71331054727412",S2RXLBCXKBYW3J6,False
8565489899,6024860130,2025-04-22 09:50:32.500972,537,sms_out,0XXH1,"-70.99332603339218,-118.12759280880425",I4P0WKRHHYJQUIF,False
1161506198,6401893909,2025-04-04 09:50:32.500989,395,sms_out,6SSXU,"-33.69172019648404,90.68824299427848",H2ZOLHR578UMGCD,True
1574971838,4363570036,2025-04-05 09:50:32.501005,462,sms_in,OBMDL,"-13.817266201245857,-121.50139888377011",UB4VAXL1KDWN23H,True
6686261424,5844140052,2025-04-21 09:50:32.501023,960,voice_out,2JXJ8,"69.48617483931997,-128.00042505025957",KY2XO25SC1740VP,False
7695828320,0699291664,2025-04-08 09:50:32.501040,159,sms_in,Y167S,"-86.48643111145734,125.53887237064515",LJ0887MQQGC9AB5,True
7864761088,0943180259,2025-04-17 09:50:32.501057,336,voice_out,6T0L4,"35.84464223294037,76.54566429427996",D3JOQMY7W9VW3K6,False
4769114534,6828508273,2025-04-03 09:50:32.501078,370,voice_out,MA6PC,"31.68995596273274,-153.2874047274144",ZWS8BRYZKLZQMWL,True
5390637110,7056440144,2025-04-22 09:50:32.501095,464,voice_out,1P2TJ,"60.501371079273184,135.3029003195714",HI3ED5MXG9CC5B4,True
9023985855,7506515176,2025-03-25 09:50:32.501112,1083,voice_in,FHCPZ,"63.90930361425029,95.75777897312753",2F78DIXFFTKY2AI,True
0226248468,8839277904,2025-04-21 09:50:32.501129,597,sms_in,G0UX9,"15.691042453713123,99.06692667030723",JJ1I8HQSTIZX3KF,True
8964815272,3921693499,2025-04-07 09:50:32.501150,91,voice_in,7AN4Q,"-73.92748624351398,-48.37269898110921",JYI61Q1IYP8GTAN,True
9650045727,8297830319,2025-04-09 09:50:32.501171,295,voice_in,PM86R,"-46.54153156427302,-10.281144420393758",UNI7O4I8U5TIA0E,True
7704356489,6524575888,2025-03-26 09:50:32.501187,791,sms_in,1PZAF,"-27.44570315530538,-46.08959627654215",1UXN647RXSKL4AL,False
6861486203,9156258302,2025-04-17 09:50:32.501205,1054,sms_in,XCGTG,"27.678184759319038,53.77581689202148",9633PTE9NDEVYK2,False
4628753665,2688129564,2025-04-09 09:50:32.501221,112,voice_out,ZK1ZC,"-75.67721330369136,58.67288904911493",SFVD95O0AQ4UUX4,False
4949178096,7961113732,2025-04-16 09:50:32.501238,228,voice_out,LAX24,"41.12780813466574,-16.942401877229287",Y3W4QRT6X5GVQKY,False
9247483807,0008281010,2025-04-12 09:50:32.501256,498,voice_in,R3VD1,"87.0596735325322,24.580476896700844",ZSSP30RM6X2A6CN,False
1090057503,2088655468,2025-04-08 09:50:32.501273,856,sms_in,EZ8XW,"-81.59320981145207,-54.624216313468",QLG0KFPWNRNC1BT,True
8408779992,5949492457,2025-03-25 09:50:32.501291,665,voice_out,UNP7I,"-47.86542458218476,-35.200419365532014",RUNKHT7GL1GJFYT,False
8689347643,2611612760,2025-04-07 09:50:32.501308,790,voice_out,SEN6M,"-42.88815183014681,-60.96523358299194",O4VTD4AOLVAFX7Q,False
7972419309,3044366352,2025-04-11 09:50:32.501326,198,voice_in,SMYFM,"88.91894346400983,101.7082256311432",YGI44UZL1IBZTZ3,False
4293936159,0982738268,2025-04-06 09:50:32.501346,358,sms_in,PY7O0,"-50.9240472872685,160.693944203419",UEBA8YPVKMZVEYM,True
2013377858,6695224851,2025-04-09 09:50:32.501363,448,sms_in,5ANDR,"-89.86794681465467,-91.18831772955913",SPQA42E7SRD6MCA,False
3515008999,5596878506,2025-04-17 09:50:32.501393,716,voice_out,WV17N,"15.934201987122904,-98.06810087774969",3ZW9CKUYOCACWIQ,True
4685833432,2032773877,2025-03-30 09:50:32.501421,220,sms_out,A9WQ9,"-78.74452250621559,-56.11772778460791",5Z76W0RIBIBCQWR,True
9342421834,8842116494,2025-04-15 09:50:32.501448,901,voice_in,7WSRJ,"-54.10760765199535,-60.934123516626",81DJY9G61TA8T7H,True
1606541682,7206247964,2025-04-18 09:50:32.501465,1071,sms_out,3ICKP,"-65.28333023624288,-175.52640418519937",U4EKXJ5BE8Q7VEN,False
1002788449,6457537841,2025-04-18 09:50:32.501483,586,voice_in,SGUX6,"-10.747577730595083,-89.19853189689083",WJOOW52EIB5MJSC,False
2618417997,9745994248,2025-03-30 09:50:32.501499,805,sms_in,PELJQ,"63.44385701436764,112.32997664177805",EZQNN5SFA764D15,False
6914259681,4182128177,2025-04-08 09:50:32.501519,362,sms_in,3836J,"-3.4382608850271623,67.10020921450862",RD60C4TICK89CRO,True
8607040660,0880909657,2025-04-09 09:50:32.501536,96,voice_out,WGWZI,"81.63360987093589,77.38177408972649",TLHIJT79QAT491M,False
6798590696,8831073382,2025-04-02 09:50:32.501553,909,sms_out,X10DJ,"-19.338546941791392,133.35229055460053",MX0RN69QGQ0TP7D,True
4919453838,1988544804,2025-04-01 09:50:32.501569,540,sms_in,4XB07,"-66.46263384135084,131.0562268354746",BOPQ23O2X6CF142,False
1931963085,7645218039,2025-04-17 09:50:32.501586,1002,sms_out,NG6UV,"-0.011645093979751664,34.82248860814738",A8HVCUZ5WKLFQDN,False
0767906348,3736383625,2025-03-27 09:50:32.501604,68,sms_in,7L5RF,"52.325784030298564,115.30768006851758",GB8VZXU74A76R9I,False
1945088231,1625006685,2025-04-07 09:50:32.501622,57,sms_in,QZCSJ,"-6.207276931399704,80.45889222874263",H8Q5QALSFCFWX4O,False
6505490496,7988981858,2025-04-02 09:50:32.501643,407,voice_in,WJAQY,"-17.321251521198107,-168.96962488080166",NT3SSND5ENI1417,True
4130743469,8543209173,2025-04-15 09:50:32.501660,44,voice_out,6QU5E,"-62.52144361335035,-85.58306407894216",X5YBX7Z4ICKFU0K,True
9292165175,4123698903,2025-04-13 09:50:32.501680,743,sms_out,ULY0M,"-85.83611241821116,-79.74060409295032",7YXDOJADYO2ZMBR,False
0867987415,5669324686,2025-03-26 09:50:32.501709,719,voice_in,QZXEJ,"-8.068163599183563,25.816884179078613",LBBCUNUDCU109AB,True
4384843947,2420931128,2025-04-20 09:50:32.501727,137,sms_out,XYUN8,"36.129541275741005,140.33627487137727",673ICJRK5CHRF52,True
9767994612,7924730661,2025-04-23 09:50:32.501746,1194,voice_out,NI3PM,"-87.08925859164346,-10.415595064675927",RYFC1GNSX1Q6NYD,False
8731021456,8474624073,2025-04-06 09:50:32.501764,169,sms_out,QRQVD,"-74.76227451933228,-82.38009686186118",I2NTUTJRFSU1KJ7,False
9363117403,6092234790,2025-03-30 09:50:32.501785,982,sms_out,N72CF,"59.92456932179465,-146.79892384478478",75TU9ZYVD4WBW0T,True
1592651625,6148507645,2025-04-09 09:50:32.501803,688,sms_in,AX2SU,"84.85484638943211,-152.4478488704305",8JAJOJ0TETANPK3,False
5135243561,4655822147,2025-04-03 09:50:32.501819,767,voice_in,8TMSZ,"-43.457086753705866,111.78362988449095",6CZLAS73D1JAT0D,False
5608132111,3829319243,2025-03-31 09:50:32.501836,905,sms_out,4C5LA,"-40.63361973352487,65.21648131820228",U4OTZGP07K6UMVO,False
0237478441,6777280074,2025-04-13 09:50:32.501853,244,voice_out,UUBBS,"-48.17945037768277,167.5282443680964",3379K2K6IQUYPWI,True
0621810940,1720839703,2025-04-18 09:50:32.501874,702,voice_out,VL3M7,"-74.39968819624892,-59.189768145910634",YWYLEJAWDONKGSJ,True
8868605728,4045312661,2025-04-10 09:50:32.501892,128,voice_out,HNWSL,"5.64236894515642,-17.15163309298444",YQ2MLBTREXACYH1,False
7772724377,0196890639,2025-04-16 09:50:32.501908,833,voice_out,7G7L3,"-27.193703647169144,174.02508537010436",FBBN1OSFN616FSQ,True
9571069083,2359158644,2025-03-27 09:50:32.501925,1031,voice_out,OW8FO,"-41.687508739685754,-144.96290376260418",RMRSDAZIWK9P5CN,False
6901661193,3131904341,2025-04-08 09:50:32.501942,62,sms_out,5VNKW,"41.89230533378162,-130.104123689789",VAI7FP5K5VV0EVG,True
2826000934,6473308244,2025-04-22 09:50:32.501963,822,sms_out,TX876,"41.81044142739262,25.470637996354753",SWO8E3L264MSMZC,False
5703372734,5945359260,2025-04-11 09:50:32.501982,121,sms_out,B5TKC,"-43.4548211914502,-30.215681556110525",QDBYHUWH6WMP4RN,True
1843475875,7810404554,2025-04-04 09:50:32.501999,1178,voice_in,QVXG2,"-65.1122205975222,-17.93788828730763",E7YWX4BU1AMWTU2,True
8329512824,4484419876,2025-04-18 09:50:32.502016,412,sms_in,QPLHX,"-29.514525312650868,95.97264106950928",EPWK9735J6BCV9U,False
0351128197,9470998236,2025-03-29 09:50:32.502037,615,sms_in,2VX6Y,"89.51933223843147,-172.67116555020297",H7MG195X4WBG0M2,False
6896591279,8408904625,2025-03-28 09:50:32.502054,88,sms_in,ZK45V,"65.3441023088551,143.09482398816834",OPHQJVJADYLE73W,False
2126418710,6349015170,2025-04-20 09:50:32.502071,447,voice_in,FQWY7,"-16.017582767950216,61.152445200251634",DJ28U0F7YY4TNC0,False
7447572689,9051299274,2025-04-07 09:50:32.502088,129,sms_out,H5QWR,"-6.58669155478124,-91.01295961791952",U08PJU5F6NQG7C1,True
5202532987,0285182335,2025-04-13 09:50:32.502113,277,sms_in,MM67C,"-67.50392043580861,84.76300172983326",VXRM19XW1U66HKG,True
4324939326,2898924110,2025-04-17 09:50:32.502131,1155,sms_in,9FIU0,"-83.6137434667601,-175.71864793113386",IN5N7MP66U5C9YD,True
3996355130,7783294667,2025-04-23 09:50:32.502148,139,sms_in,GLYOO,"71.33525447865279,-88.46135479796868",HQ0CWW9C9P08QIC,True
8481317506,9463255777,2025-04-08 09:50:32.502165,854,voice_out,GT4Y1,"-24.630630130929006,-82.92997581588749",YVAYZHNFHWH1RO3,True
5956805082,1880834110,2025-03-25 09:50:32.502181,566,sms_in,18VL5,"12.027762606856598,-151.4394905096696",CBIUO308KW9VK4L,False
1840607112,6854017077,2025-04-10 09:50:32.502198,763,sms_in,229EL,"-35.07055419503564,-70.6629035679075",OR7LGI59IY9BEUK,True
9860701281,7577154132,2025-04-01 09:50:32.502216,276,voice_out,8CGGV,"-3.009425802293535,-8.879429715924147",WOXGMQ0Q79DF9H2,False
4356760573,6361807469,2025-04-04 09:50:32.502234,1198,sms_out,ASYZ3,"17.290634321583155,-93.88540240169584",J6J2G112MWAL4KM,False
7778764670,7282457680,2025-03-26 09:50:32.502250,395,voice_out,53553,"-31.93923369936379,132.1486190670463",EWYG2K5IQ1S2NBF,False
3999494463,2072413099,2025-04-19 09:50:32.502267,353,sms_in,7V8D0,"-44.40435822037292,122.70360738271302",D3WSBCV9JS1CJDH,True
0621540993,7693249848,2025-03-26 09:50:32.502283,731,voice_out,7RAI1,"-5.773346570052624,-18.93506350449252",752QPZJKHFC8EQG,True
5139477773,7825554943,2025-03-25 09:50:32.502300,517,sms_in,MR31Q,"-47.939946126314865,73.74047094692733",9098LO4BNIGAKAP,True
5350553059,1127089061,2025-04-16 09:50:32.502317,738,voice_out,L0V64,"11.876413169973276,113.21309815549637",2KMK6IF4C2SCSZW,False
0276455631,0395159427,2025-04-15 09:50:32.502339,1160,voice_out,VYQ4W,"-3.5203143186409562,108.60793174681044",4V93O8IORIX7W4C,True
1166778444,9594091805,2025-04-06 09:50:32.502357,1082,sms_in,BD9BM,"-10.682056824946258,112.35925867178997",7CEF2XV6Y8R3ETA,True
4190993413,6955242448,2025-04-15 09:50:32.502374,301,sms_out,WZ1DX,"22.46158861308963,129.04977285206587",41HVQLPZRLPL7R3,False
7444366111,8256177283,2025-04-18 09:50:32.502391,1148,voice_out,SIBC4,"-65.29935018305056,41.580369511278036",ZDJ2AL666AF944C,False
8895841212,0730415456,2025-04-04 09:50:32.502407,613,sms_in,VRVVN,"-16.898413351686685,-52.72062107573254",8JH8DJF433FKKJW,False
9901927558,8663795671,2025-04-13 09:50:32.502424,1051,voice_in,UZOKP,"-76.38429621611641,141.1094494190756",OK595CWN8QU7JLR,False
4761468774,6387075933,2025-03-31 09:50:32.502446,659,sms_in,KFJM4,"6.956777704394852,-2.526534171372788",K5IVWZH0RIFRRCP,True
8803521072,5119214401,2025-03-27 09:50:32.502473,604,voice_in,W5P2Z,"-75.32582022578245,-92.14002484951999",7RO5OZI9FVDRU1X,False
0350121576,6095686121,2025-03-28 09:50:32.502502,242,voice_out,B5WLZ,"67.53761852922358,-48.00362003658668",H820WA8YJDFN4BW,False
1954399305,9530679046,2025-04-11 09:50:32.502521,1031,sms_in,F0ADF,"-67.49314787096259,-104.50155385375965",MLRLYN0GG0HN2QX,False
5994978584,2260521479,2025-04-23 09:50:32.502537,402,voice_in,35S1X,"-77.42865456520553,-117.67509745390109",KAAHEZFP0LMU7CM,True
0677643646,7797116112,2025-04-18 09:50:32.502556,1018,voice_in,YXTWH,"34.591093774201056,38.88967170310502",73VBSC41U4NTN9K,True
0282016290,3813663156,2025-04-11 09:50:32.502573,1142,sms_out,DK2D2,"-15.820986412016111,0.14337954810588371",U9W1HAOAVQA52BS,False
8643083087,6829193186,2025-04-13 09:50:32.502596,666,sms_in,KFRAF,"53.953139792760226,160.11844192907648",35VRMLARIULGJGH,False
2517753554,0070723501,2025-04-20 09:50:32.502613,455,voice_in,UQ5Y6,"85.76795452154937,2.45476836903174",KGUH4YE5GMAZOIR,False
5291135074,8375220916,2025-03-29 09:50:32.502631,959,voice_in,PZIBB,"82.63153683158907,-110.8514662038105",GZ6ZKZ0H2NQUFJN,False
6499790228,5491942774,2025-04-07 09:50:32.502648,1091,sms_in,1S2DW,"-80.01247325489915,20.96197688594509",419JJBP4TWMS2V5,True
4685912491,6614122020,2025-03-25 09:50:32.502665,206,sms_in,DRHPA,"80.4777301754971,128.93163622486986",23AQDR87SAAI0LB,False
0824542902,7028989897,2025-04-18 09:50:32.502683,260,voice_out,3T5OX,"-4.340426810574783,-142.4925975703476",2R4PUJ7YS1U4KBQ,False
7988843935,3385465216,2025-04-13 09:50:32.502701,922,sms_out,S2XD7,"-74.9917576971765,99.58532702935025",V2XAEZA7OKE8E33,True
3516579583,6695088335,2025-04-05 09:50:32.502718,1105,sms_in,EE7EG,"-43.90853188026781,77.21441242704049",6NR5UZHAVLHQ1W2,True
3137613461,1910901363,2025-04-16 09:50:32.502735,744,voice_out,QFL46,"41.736832049425146,-106.88251284596278",W9Y07JW5K06AJUQ,True
9120029956,1278408417,2025-04-12 09:50:32.502760,54,voice_out,T0MHJ,"-65.84564885858033,96.47073429643262",2MWT0ZJDO9W3Y03,True
5437700416,9142730754,2025-03-30 09:50:32.502789,493,sms_in,8VPVX,"-15.542265086519436,-38.19378654767556",FFDPO4M49XIPUOL,True
1300453588,9129169702,2025-04-20 09:50:32.502812,375,voice_in,9I9L1,"-4.886380742630237,-15.314009705097021",42WGWX7FZQDBPN1,True
1181377958,2444261784,2025-04-21 09:50:32.502828,340,voice_out,GFOTH,"17.607840332804344,-174.90579146338214",RNUUS3BONHZDMGZ,True
9942278802,5169055059,2025-03-28 09:50:32.502850,339,sms_in,E0SPC,"-30.637890644474084,-100.10103924400919",FJJF2N4XAX58756,True
6215854163,4567978474,2025-03-25 09:50:32.502866,1043,voice_in,2WDI6,"49.53660632769041,-152.45887835834148",0IQZISU0QTQJ3P4,False
1993397138,4769679783,2025-04-09 09:50:32.502883,661,voice_in,6X56T,"47.04559857520175,7.919942441634618",3MYJ2VDY9791BKI,True
2314300773,3485298369,2025-04-19 09:50:32.502901,914,voice_out,UYVM8,"-57.156001550519576,117.12751697049919",5D5YF5BPKGDW4BS,False
1025450430,7222219046,2025-04-19 09:50:32.502917,890,sms_in,PK7IE,"-46.55008216904463,-92.13605002867828",XC3U4B1O7FNEG5Q,True
4602322638,5048032332,2025-04-06 09:50:32.502936,415,sms_in,BIKTW,"71.60010595130689,-28.514077043142862",19X78T7J35CLXGH,False
9248978577,8593521874,2025-04-17 09:50:32.502953,1125,sms_in,NSY9C,"-72.85529257177487,-76.21479186700319",1MBFEDTM987Z2RI,True
3071731053,2325121646,2025-04-21 09:50:32.502970,734,voice_out,UMOF5,"73.90749009157258,34.416957370062164",GDU4DXNWSLUVESC,False
7059051786,1486271361,2025-04-04 09:50:32.502986,808,voice_in,8NMKI,"4.313427453049812,75.30091018485794",1VQ38V8GL9QFIHC,True
5541653541,4579137951,2025-04-07 09:50:32.503004,678,voice_out,NOB2F,"35.862441341558466,-131.40603747789885",9R4U1ABO4DMN411,False
3053157797,6252477181,2025-04-16 09:50:32.503021,648,voice_out,HCNSU,"-86.73134052863062,176.52109185603587",GKSMR6YJXZE0XH7,True
7859632081,1957924123,2025-03-31 09:50:32.503038,1185,sms_in,F03OL,"-58.22801281681186,59.16538215948398",PYH164X1JXD4174,False
0595248471,8981060571,2025-04-19 09:50:32.503059,229,voice_out,MPULC,"41.26926967011181,-176.6265690391807",42NEW0QXD89SNOB,True
0463725524,4921330423,2025-03-27 09:50:32.503076,982,voice_in,T4OCQ,"23.078546339559608,70.7432424075806",YX2DLGGPY9Q3AWA,False
7409618772,9074637916,2025-03-26 09:50:32.503097,1038,voice_in,WD5W4,"-28.166455229173167,82.28048108749908",5O9C5PD853EIAPT,True
5991013278,3600438966,2025-04-23 09:50:32.503114,973,voice_in,F9GM7,"75.46386435667648,-52.31098163749202",4XGMHGFYBIYEA8U,False
0726205138,3551084109,2025-04-11 09:50:32.503135,373,voice_out,0N76W,"-78.84015003859625,-59.43640213034419",VD8FE5OXQKCKUAA,False
2834089590,8135546872,2025-04-21 09:50:32.503154,467,voice_out,86PJ6,"65.00274514360493,-107.17040779334702",U2U33GY2V6EW8K6,True
9486779378,0159083119,2025-04-02 09:50:32.503181,107,voice_in,V4VMS,"44.85878338301774,30.796231197746778",MLVK08QHO1NMCBZ,True
6414062971,4778471189,2025-04-20 09:50:32.503199,250,sms_out,HGCP8,"-54.41931061115539,85.24674724185013",Y2TN65Q0C273VIY,True
2270652681,8953498453,2025-04-09 09:50:32.503216,1057,sms_in,PURIQ,"-12.783856197489058,-164.92419542938987",FS4YNH9LJC46N1S,False
9625406680,8255063190,2025-04-14 09:50:32.503233,137,voice_in,U5UXQ,"68.78516764912388,170.44049631736925",BIJ0T6KCNZ3LTTX,True
8238388713,7960754342,2025-04-03 09:50:32.503250,837,voice_out,7SDRM,"24.93971834986381,161.0118172436164",ZWI1OFM0MFOODD9,False
7427910059,0893964888,2025-04-13 09:50:32.503268,351,sms_out,IWDSE,"30.843414727342747,161.01471557547433",I1DZQYEZ8ZYMHQJ,False
9160421723,6142440405,2025-04-07 09:50:32.503285,114,sms_out,A0KCG,"-86.40115509517047,11.107011659116012",JT8S5RYLMPTYYM5,False
7187058448,9502187809,2025-04-20 09:50:32.503307,843,sms_out,R0LI7,"60.47088443751409,-161.80547957730693",O4PHPI1J7H9BA5H,True
3128735665,8244850267,2025-03-27 09:50:32.503324,374,voice_out,FL1TM,"-49.924474732175575,42.73023812208541",E0H53M03L0IYJUC,False
4847541714,0492766790,2025-04-13 09:50:32.503341,103,voice_out,25I21,"89.97446806093811,169.19759728637092",05QK4VQ95DZ5S3Y,False
1666130350,9393682398,2025-03-31 09:50:32.503358,322,sms_in,D05PO,"46.190764712968786,23.407840871386753",UUATORD0TWXSO9U,False
2181603889,0334648319,2025-04-12 09:50:32.503376,1194,voice_out,MUWA4,"-40.05414867461797,-66.54153504916569",H3OY2EA5GAQBPMD,False
8222750025,3986054241,2025-04-13 09:50:32.503394,601,sms_in,GZ9WF,"80.41788043514606,-89.14578674944467",LHKSAD799QAANN3,False
9636152843,0587877409,2025-03-27 09:50:32.503412,1179,sms_in,7DSB0,"-35.07641516204324,-37.65565091854222",UK44L5KVV23UP9X,False
5992263875,2713267737,2025-03-28 09:50:32.503429,43,voice_in,1IF3M,"-63.82229427932575,-133.62856369317348",EZ1SOQ5HKLAI216,True
9090055795,9220591741,2025-04-09 09:50:32.503447,505,sms_out,UHJIK,"71.04938270610961,157.57214980130112",V6ZKYRG8HDJS5JK,False
0366813491,8882767151,2025-03-30 09:50:32.503467,191,voice_in,2R0CU,"-8.163598422019518,90.27454955791052",AX5KWCKSTQHFN0N,True
4042898400,0851176221,2025-04-14 09:50:32.503486,230,voice_out,66C5M,"-29.221013565896335,-34.30693446917033",0H2M28PKOQ4EPKL,False
7660890776,1181056732,2025-04-04 09:50:32.503502,1037,voice_in,JJLJC,"-59.076351852634815,113.32289960621705",QF3JX4MJ0WYIIJP,False
5610756962,4145153950,2025-04-15 09:50:32.503520,226,sms_in,1T7DT,"61.71665824042242,22.790151774252934",R7VEG2YSELRNCOM,True
2544114963,6572256149,2025-03-28 09:50:32.503551,357,sms_out,FS03I,"30.60138676415791,149.96914994685352",ZJXIL8BG4KUN2A3,False
5518304496,1902051583,2025-04-16 09:50:32.503574,231,voice_out,LH61H,"37.05826143519066,-69.67255376846065",K918E7V9O6WVUQW,True
1150590633,1877972592,2025-03-29 09:50:32.503591,913,voice_out,3IKWF,"52.55452095477551,-53.17004824310959",MZ8TD2ZPZI45V1D,False
0590737152,8845624707,2025-03-25 09:50:32.503608,1076,voice_out,B2X5U,"-62.39250295008719,-178.05625979588575",YTGOBTY40MQH396,False
1144473433,5075544242,2025-04-01 09:50:32.503628,765,sms_out,AB7S3,"-46.165206745202354,-62.60160136966299",55X4RAXBA3NOF8P,True
9582853710,4129983323,2025-04-08 09:50:32.503645,959,sms_out,JM1HI,"-1.8466514576363835,-163.18413013947122",YCD3IDFMJF1PNNU,True
7022276460,5699146995,2025-04-11 09:50:32.503664,1005,sms_in,A5FH3,"74.12633925693646,-16.453643039971354",G8NLMY6HIAPFA81,False
7844782434,2165917406,2025-03-27 09:50:32.503681,315,sms_out,17QN2,"51.13245622646676,-44.86902780619144",06AN8E0A87R67TN,False
1574820830,8745292955,2025-03-30 09:50:32.503698,353,sms_out,7JYJK,"53.757530311272916,119.19439256134189",FU8FBM0SCMD9CI8,False
2755455566,2957608642,2025-04-23 09:50:32.503715,122,voice_out,M5SVB,"-18.19310253235936,-157.6065540326158",75COFSPM8BL3WCW,True
1222285967,7887980845,2025-04-07 09:50:32.503732,798,sms_out,4Q36H,"-29.267261750435495,179.80237530433885",BXY1PZ0NYV8WY2T,True
0516549878,5122559847,2025-04-06 09:50:32.503749,670,voice_in,I6QOJ,"-52.34190646524667,-115.04960023426297",BMTYR0YYCI7492V,False
9269443116,4638423164,2025-03-28 09:50:32.503766,1168,sms_in,NARPP,"-3.5253337595971317,114.28501363958804",RET13KBB01W312L,True
8282599852,3074973557,2025-04-02 09:50:32.503787,701,voice_in,9R89G,"50.347823177140185,-20.50171160735809",79HXHLCJV18XC4K,False
3298343060,1830947795,2025-04-13 09:50:32.503810,812,sms_in,35MHT,"31.186700438314872,-147.38978220602888",W9A6ZYME9WT2HEB,True
9628515460,2423608814,2025-04-21 09:50:32.503845,488,voice_in,IVGSU,"6.920257074964283,177.77156241755426",N6HG4B48ZHVC3LJ,False
0068037648,9508528299,2025-04-06 09:50:32.503871,1018,voice_in,WZNWJ,"41.411285976231994,150.56292963453717",6SYI1QP63MS8RO8,False
5338269309,6023484788,2025-04-13 09:50:32.503889,918,voice_in,H3QPW,"42.72664748958027,83.6021467432555",L4L5FNQ9M0NXOBB,False
0822113286,8676258262,2025-03-29 09:50:32.503906,769,sms_out,8MONJ,"28.952518632326544,-158.10687026971635",NUOEJEXICIG9DKH,True
9303507746,6180199039,2025-04-22 09:50:32.503925,229,sms_in,LE6I3,"-10.306144721694594,1.65185357600663",H37Y34Y4UTWQCFQ,False
4002983505,9227350874,2025-03-27 09:50:32.503943,568,sms_in,TFCO7,"60.697385968553874,-42.11584007885935",TM0V67PCQMDVUJL,False
0990631933,9988079604,2025-04-05 09:50:32.503959,811,sms_in,5PEYU,"-10.94610369235619,35.045310805093266",ZNMIC29JP5EPR15,False
4724494775,1598868937,2025-04-11 09:50:32.503976,620,voice_in,1G037,"-70.31466598811255,136.35104441741328",V8OVWXI4W1BF2NJ,False
4112378189,5330731274,2025-04-14 09:50:32.503992,478,voice_out,CTI45,"-22.88708700143168,150.92319001932492",YOD2NRG6JEGYS0S,False
8367354424,7017399081,2025-04-09 09:50:32.504009,913,voice_out,DJ2AO,"-82.03438815542066,-149.55589834526972",UC6GQHUNDV8JTQX,True
6200835372,3314810903,2025-04-23 09:50:32.504026,794,sms_in,ZFOVH,"27.058955461664297,-173.32863759055437",482UPS5CNRKB4X8,False
3800292115,1902880505,2025-04-04 09:50:32.504049,1040,sms_out,79WZQ,"25.103373611140256,136.09029035389693",RVBNSJ887GE8DC6,True
2149946498,3925893547,2025-04-18 09:50:32.504066,207,sms_in,TVJKR,"80.19235958401251,31.038795785719685",RAZM5KAJZF9ZVY5,True
9345760317,1938580618,2025-04-11 09:50:32.504083,168,voice_in,O9QHH,"-71.9870625522151,91.43812280260818",UIXI54I4E098ZXX,False
8167305302,6936091493,2025-04-18 09:50:32.504100,1181,sms_in,ILTLQ,"-66.46140760339894,-150.97411091591943",D2YM051NK6G799D,False
0803187168,8141564357,2025-03-31 09:50:32.504116,180,sms_in,HMXVE,"43.93427559407655,-22.42168617618438",FH00T83S4DUU31V,True
7312041588,0917296107,2025-04-02 09:50:32.504135,935,sms_out,KJNKR,"43.89095640759808,54.9789807845828",WCFKH41VJW08HLE,True
1769143917,8282754074,2025-04-09 09:50:32.504152,798,sms_out,2J6Y7,"-89.01515558464753,19.72196688586311",VG7S43H2M1SG6NE,True
4167850075,3081569481,2025-04-23 09:50:32.504195,952,sms_in,JFBU1,"70.90732337518702,-123.63492431677176",ZUZ874ZHVGIAY3V,False
9128707099,3237996701,2025-04-03 09:50:32.504214,263,sms_out,ZI5ZS,"-2.5810230643783143,69.11490485070831",3SJXDMPXBOM8G7P,True
7733065601,2235717079,2025-03-26 09:50:32.504231,1024,sms_out,TPB6Y,"-66.59754751132895,69.15143442817475",YOZWAFI27TM17OG,True
3263451462,1512601530,2025-04-14 09:50:32.504247,463,voice_in,50OGA,"54.650722807328094,-133.29423617074602",6CU2J9YGATSUUTE,True
4639562308,4745580821,2025-04-09 09:50:32.504264,1022,sms_out,HR43H,"67.37860636089525,104.70042329896256",HWUDIDY3VE30KOU,False
1848670120,2459585375,2025-04-17 09:50:32.504286,223,sms_out,AIK5G,"54.95020211195339,-83.3313198152062",3Y2SCY9Z8NJGOGO,True
3769889677,2060239765,2025-04-08 09:50:32.504304,565,sms_in,LIGLG,"-43.34301003990856,116.16058435182276",R30BV547GQMDNYT,False
8431242028,5462536256,2025-04-07 09:50:32.504326,542,sms_in,74URG,"-50.15104514643296,-166.8444418373458",RE43U083CQVAKIO,True
9087289750,2200800707,2025-04-11 09:50:32.504351,775,sms_in,K9R15,"-35.574071750156115,-31.062044967581556",9LLL7Q30SUKG8E6,False
4959715158,8581949353,2025-04-05 09:50:32.504368,349,sms_out,N0NOG,"77.04186819692839,24.85081120796346",9RDZH6G7OMP25U0,True
2799123568,2668567912,2025-03-29 09:50:32.504390,714,voice_in,Q8S85,"2.9586678616089728,-103.44168874159317",S3RV9XQM3Q6UF3W,False
7983351652,6761326306,2025-03-31 09:50:32.504414,793,voice_out,EKTLD,"66.40417613386012,-10.77604084691211",30MM09H4L5LFMXA,False
5864657186,6070421225,2025-03-29 09:50:32.504431,1194,voice_out,MSOAP,"69.52063486213316,-87.8365647771471",NE9J9D9VMPHVLR9,False
9243001098,9140701284,2025-03-28 09:50:32.504448,891,sms_out,5WGM2,"-22.455382095081035,151.49364797071092",0AA0D0JOGT7KJ0L,True
1594810990,5031141790,2025-04-05 09:50:32.504466,1019,voice_out,EO2YA,"52.96117740177601,-75.10972555782119",0K9XRBL7Q2A59IT,False
4872935018,8652030040,2025-03-25 09:50:32.504482,650,sms_out,6HCG4,"11.757254326497787,115.18176445885729",HI6HO9BWJU3N6MV,True
1270935190,0468877744,2025-04-15 09:50:32.504499,86,voice_out,26F9U,"47.93900689317843,-91.93188273972117",Z5OYDML4FHD4W2T,True
0154602565,4399726003,2025-04-18 09:50:32.504516,343,sms_in,OLTEE,"38.175922816457216,-82.96781289808226",8JBSOKP6OWRQVRG,True
4001299135,7630623977,2025-04-05 09:50:32.504540,103,voice_in,THJHP,"60.84295243533086,-41.698884596246074",PBHX25LV123WB53,True
3507631060,8437794599,2025-03-28 09:50:32.504557,631,sms_in,EI2Y5,"38.07272681471946,55.617943301958746",LZP09G030K7WWC2,True
7232674940,9222220926,2025-04-19 09:50:32.504573,1151,sms_in,7KVKX,"74.12559772193725,72.05977450717236",9412TBNC1T2B570,False
6116052828,9088799122,2025-04-10 09:50:32.504594,287,sms_out,AWWHF,"-45.44884160899114,168.3657440312286",G57HU4TISDSHNFG,False
4399771776,7806282305,2025-04-12 09:50:32.504614,898,voice_out,WJKE9,"88.28062110000161,138.33787123272543",2NG08YF7N211V8N,True
8335735586,6612763161,2025-04-01 09:50:32.504638,362,voice_out,N2FTC,"15.235243094069162,104.01146496933018",P047MY8CKISAJB5,False
7909988949,3315874629,2025-04-03 09:50:32.504657,1150,voice_in,WCESE,"75.67537708377068,-137.86028847511233",DPR82E38RPDFAE6,False
9799935899,2632598558,2025-04-11 09:50:32.504674,213,sms_out,KY8NX,"-29.869519687440373,-170.877982410614",H8QUI6I7HRQZ9WI,False
5639787559,1087485625,2025-04-12 09:50:32.504691,1129,sms_in,OJFIE,"65.0011372398593,-12.773716750352492",UE2KXZKG6XZ1BX0,True
3697388650,3657115077,2025-03-26 09:50:32.504708,684,voice_in,0L05S,"29.240056107985723,91.81036788764328",QH7YGVMRAXKFO35,False
9400404639,5576413101,2025-04-12 09:50:32.504730,1139,sms_out,2G5L3,"-34.86948212189078,16.09262784706118",KK3W0N96GLEXGNN,False
9634078338,3832785021,2025-04-12 09:50:32.504754,1139,voice_in,F9WQ9,"-0.02217805821210561,75.51832038333404",CKATFRY0XD5UGV3,True
0687248305,7936110550,2025-04-11 09:50:32.504774,239,sms_out,1IB86,"-44.070695795451,-179.79693106388373",XJBJ9MMG173UOTX,True
0508978671,3503313793,2025-03-31 09:50:32.504807,731,voice_out,UYMSQ,"-1.3235938323245335,126.88504460530095",CUOG4J9GRL819FS,True
6730531822,1789270820,2025-04-08 09:50:32.504836,172,voice_in,U38UC,"-71.68203835354606,-101.18966281233003",0A222MT5B8KQB8X,False
2261349997,6575247594,2025-04-23 09:50:32.504868,811,sms_out,7UM5T,"26.137198022048466,-163.17111366017517",U2T4506KW73423Q,True
7490210079,2785153680,2025-04-15 09:50:32.504900,1043,sms_in,RGZE5,"16.80186089166753,-123.23641528805082",6ET7P3KKP3PPB3C,False
2485316173,7330023864,2025-04-19 09:50:32.504929,294,sms_in,A55AN,"-80.19088310014607,116.47705052634524",OMNADIOBPVU70YD,False
5459337325,8308679477,2025-04-08 09:50:32.504960,743,sms_out,MAF4H,"-67.03216625388093,68.95311678778432",CUFJ2T6LVZITMRA,False
5203410509,8535361420,2025-04-17 09:50:32.504992,492,voice_in,JLM7W,"-7.381606052629579,173.61375458587418",QRI40T5NXXPQK45,True
3426086728,6654998203,2025-04-12 09:50:32.505011,340,voice_in,S4NMU,"-72.33559858879875,-78.63334249237245",AC9I37CCDRX3HFG,False
1304818306,0186825588,2025-03-30 09:50:32.505028,290,sms_out,T5XFW,"-49.00875319339313,4.9115863511851785",XMP2TF5M75HOXF9,False
8152771043,9917570708,2025-04-10 09:50:32.505045,972,voice_out,22JPA,"74.49195668691442,-172.6046974858778",U0I3SKQJKD4XHPR,False
2908055680,8725053182,2025-04-01 09:50:32.505063,191,voice_in,DZ3EJ,"-64.0087527842524,-47.61078469073422",4LEGLV60IIVQ2QV,False
2037535149,2772872091,2025-04-12 09:50:32.505080,567,voice_in,4AQZK,"54.395476673794064,-179.84718226005552",LWF2961YYH1IKN5,True
5901346252,6736183169,2025-04-05 09:50:32.505096,251,voice_out,UT3UR,"25.278461557275094,108.28327214612631",FI8RQ3NEHPR6X4Z,False
5097310464,3630191023,2025-03-30 09:50:32.505118,580,sms_in,PAV5P,"82.10079209285206,91.147241475557",0N6NJC9P186Y1FR,False
3218543490,5486677534,2025-04-11 09:50:32.505135,412,sms_in,QUX2K,"86.66318142556085,-0.6811538550719831",YVADSCE1XQWMTPD,True
6892907927,3092886783,2025-04-03 09:50:32.505152,717,sms_out,I6D5R,"77.07523933129235,130.0540867298289",LAFA4O20M1LOAJU,False
4393502568,4755046802,2025-03-28 09:50:32.505169,103,voice_in,0WOFP,"-28.159378676937727,175.89429800196984",N2WY0WWXZMGZ04J,False
6352924130,6224157911,2025-04-23 09:50:32.505186,767,voice_out,ONZ6Q,"81.69240464281242,-102.30829883617422",U4NLYSTYKKDSGGZ,True
3330302153,1040897121,2025-04-07 09:50:32.505203,43,voice_in,KHNS5,"13.431540519559704,-157.39474387373352",7YZG8S54U5AC53X,True
3844788439,7512086845,2025-03-30 09:50:32.505222,895,voice_in,2US35,"-9.876167404456666,143.99054728111037",AMWSNK6IEF6IE0A,True
4176834209,3706474073,2025-04-19 09:50:32.505239,1167,voice_in,J9S6I,"-20.026651524677874,-139.06518239291643",I15R2HNG8GWGWT3,False
1645038470,3155001779,2025-04-04 09:50:32.505256,624,sms_in,369V3,"49.745082198393135,46.42112152409368",9W6ZGTG71NP76OV,False
9833109921,9263594571,2025-03-28 09:50:32.505276,633,voice_out,N2I5V,"-62.427822873479215,42.82032601918013",IJ8EQDAQSLQKLJJ,False
9878230173,2128548418,2025-04-08 09:50:32.505294,675,sms_in,LGS0G,"19.232378599047465,75.35690714977929",0Z1S5EHFGKUPBTD,False
6941697459,6157046798,2025-03-28 09:50:32.505315,887,voice_in,AHLW9,"-12.733830690005846,-168.5568371343668",GJRBUU0G8UU5263,False
0827040645,3581872147,2025-04-09 09:50:32.505336,329,voice_out,4UBW5,"-43.67478172364454,-95.51974371859446",FD3AQIGZZZ9FIMT,False
2797569012,5523945055,2025-04-23 09:50:32.505356,121,sms_in,NFJ2I,"-82.68523085238631,68.53230394023336",PSIIWFI0Y6COM2X,False
3176619797,6971050447,2025-04-13 09:50:32.505374,742,voice_out,XM0DG,"20.589995789601332,-63.462700771504984",GGJNZJ95DMFTFDB,True
8479657299,1498063433,2025-04-12 09:50:32.505391,642,voice_out,YHM7Q,"-50.45158319442839,-144.8408231019764",8SRJCSJHL0XQX3X,True
7353343874,0847165341,2025-04-03 09:50:32.505416,458,voice_out,7F6G6,"-83.73791777347095,-57.39586961338185",DWQZUUWFJDHTNUY,True
3910838580,8205042673,2025-03-30 09:50:32.505439,609,voice_in,URX6M,"-57.60113020971951,154.10358424548605",4CEU5Y88TEB8DPW,False
3958544448,5898830856,2025-04-15 09:50:32.505459,42,sms_out,Z2BKU,"51.481842043328186,109.76848404936953",DAEOQ84Z71HP11U,False
0047832877,7280494324,2025-04-09 09:50:32.505476,486,voice_out,NZWXJ,"-88.42736588510954,133.94983142510034",XALYPSAV1S6G7HF,False
1334337406,4532002253,2025-04-22 09:50:32.505494,982,voice_out,O0TBG,"-48.697747693197556,-62.89288915654075",SDKCCGK1TA8OGIA,True
1340751159,8950745437,2025-04-16 09:50:32.505511,592,sms_out,I06T3,"20.230462289284034,106.47060190389499",YKYNVYTJEAY4CBX,False
7842203347,3098330259,2025-04-23 09:50:32.505528,754,voice_out,75XN8,"-82.35028075284855,-140.24901593332424",N2YAXHVYODWY8G6,False
5314689155,5782085894,2025-04-10 09:50:32.505545,852,voice_in,GUIZ6,"-71.51380414639743,80.48279709745435",V63T5IRSCN6B88M,True
4196864185,2265417990,2025-04-12 09:50:32.505562,971,sms_out,7RVK7,"-9.27012018876222,161.36354646435922",GI7HP1AS40QXAOD,True
6068092397,5250458160,2025-04-10 09:50:32.505585,916,voice_out,2ETTL,"-65.1620514298818,-13.622686918773212",M58IPASERJE5TNR,True
3217369037,1032616240,2025-03-30 09:50:32.505617,263,sms_in,9Q5IJ,"-88.78877381669555,-48.0351515116451",AW3N1C0RGOKXIPU,False
0976804404,5575727546,2025-04-19 09:50:32.505634,1025,sms_out,RFVUH,"42.03841490399378,-75.48714277272677",8HEU79YLR9LVN3A,False
8454502268,2535730625,2025-04-17 09:50:32.505651,657,sms_out,6VWAK,"-46.54136444125576,175.3529935668131",4PZABJP7KBF4LCD,False
6250152392,0174767176,2025-04-16 09:50:32.505672,244,voice_out,0VX02,"-31.649612765491213,2.909280417081078",Z08JOB0BKCPWLXG,False
1487131851,1173317198,2025-03-26 09:50:32.505689,345,voice_in,AEQ3P,"45.30332155059483,156.2989157487258",PRVD58C3ARIY2T5,False
0540553760,4046222456,2025-04-02 09:50:32.505719,821,sms_in,KEIH2,"-41.667061697528816,-8.120616331747755",KTBIFVBGJB9FDJK,False
9155729628,3215413399,2025-04-03 09:50:32.505737,114,voice_out,I5CV1,"15.723418288899978,155.8017397545393",N9QCCRFZE5PESKK,False
4276969853,2086456848,2025-03-31 09:50:32.505754,912,voice_out,MVORY,"18.652402567144463,109.1275059286811",YNDM4GK6T88WJB2,False
8663574103,8876742932,2025-04-18 09:50:32.505771,743,sms_in,XMKYP,"29.99871871328071,140.11803870832745",DHED9F014M56PVA,False
9626171411,6072866474,2025-04-14 09:50:32.505788,214,voice_in,TH00J,"-32.24647257047089,141.16065302778287",UW0UCZ61TPHGVVQ,False
1666569602,9338409988,2025-04-07 09:50:32.505805,502,sms_in,8OBZP,"47.84916123856331,-165.84768731481506",02MNFJW0O6REM8D,True
9380064334,7602748287,2025-04-10 09:50:32.505822,1049,sms_in,EZ3SK,"-52.49280654085688,-119.05760887913762",BCRN1LDIJVCUUBP,True
2363196490,2988828016,2025-04-20 09:50:32.505839,415,sms_in,OUZBK,"50.77041438378339,131.68179543423776",4JQFSLV9NHKUSJR,False
8977122440,6087784417,2025-04-09 09:50:32.505855,57,voice_in,8ASTK,"-74.87095799375945,-163.82647883451108",6H0VQ18IC5BVQNT,True
1620885997,6445405005,2025-04-15 09:50:32.505872,1011,voice_in,RSVKT,"-65.33250627001857,1.2398487153488418",SH1EMZEB4YXPVMA,True
4246751906,2228946199,2025-04-13 09:50:32.505889,717,sms_out,MXKFX,"4.642603023280884,-92.86842592170639",WFF3UUI6IHJEU0Q,False
1648599781,6504013160,2025-03-29 09:50:32.505905,1159,sms_out,1X5OF,"-54.469207985768314,-164.62876107850803",9QDRDYH3MQD2ULC,True
1343230814,6474401677,2025-04-14 09:50:32.505922,505,voice_out,Z335T,"-58.64444906022712,-21.239992429256972",HT1WNRCTPDYDXRY,True
5070705250,7921283796,2025-04-08 09:50:32.505940,144,sms_in,0ZQM7,"83.81057852987095,7.045266369236231",PBMEH4QEDJRI1NR,False
0485276881,5950754821,2025-03-30 09:50:32.505957,1166,sms_out,41RBD,"-78.61162020941896,-151.2167539921115",6APOI4MNCO2TII8,False
4556499199,0378987399,2025-03-25 09:50:32.505974,38,voice_in,WLC9W,"-63.80445570009938,36.443372675193416",3ZHI974NK78PS3D,False
5355753725,6172153347,2025-04-06 09:50:32.505995,903,sms_in,RFA5N,"-68.80399812253481,117.49754236388685",0FCGOFCPDO953SJ,False
7171178894,4579071098,2025-04-03 09:50:32.506012,868,sms_out,ZT4Y3,"15.145313709602874,74.79190100364363",RNO7LPJ1VDUP75Z,True
6694304070,0248158663,2025-04-06 09:50:32.506030,693,sms_in,55POL,"-65.33896777612023,120.71171718616915",ADFNF1EB8QXPT3D,False
2026076046,7204504134,2025-03-25 09:50:32.506046,266,sms_in,5JW7O,"32.270624059238,11.471602582292547",SH5N7J9MQT0F2OV,True
1209994112,3485393439,2025-04-18 09:50:32.506063,825,sms_in,7PW4M,"-38.66221684365114,139.8671212197678",BFT17B1L34SNBXN,False
0452165909,5742817831,2025-03-30 09:50:32.506084,337,voice_out,R4EAB,"0.385076674015707,-157.1758778154844",HA502TK7RLP1E3E,True
6918996526,3829768261,2025-04-18 09:50:32.506100,615,voice_out,294MA,"21.813642989547077,92.4869063859457",DTR6JXERMR6VPKI,False
1785817372,7106093618,2025-03-31 09:50:32.506117,847,sms_in,DTPID,"48.94148678668671,77.95803602396586",O5E4TW8YL8YV1LE,True
2019111194,6276494477,2025-03-26 09:50:32.506133,1163,voice_out,3GNUI,"49.227059822216745,57.752029997830874",Y33Z84ST0MQTQ71,False
1426341072,0302061547,2025-03-29 09:50:32.506150,1146,voice_out,9SLVI,"48.782043230614164,56.84434378785585",JWD644I7AVUQXKA,False
7746183143,0964666795,2025-04-11 09:50:32.506168,887,sms_out,USATA,"-29.073067033674107,13.180894435670865",LIWZ2XNMGALTQG5,True
0710201374,8963948512,2025-04-22 09:50:32.506185,385,voice_in,R2W2I,"45.32277582860732,122.15437234851305",W9XB7SEIM5V60Q2,False
8148028733,6990531650,2025-04-09 09:50:32.506203,570,sms_in,8BP5J,"47.68524465052988,-83.50667528996158",WSRBI9VUHH5CW60,False
3749256980,2096058734,2025-04-09 09:50:32.506223,1146,voice_in,USX7P,"-37.090984380606365,-91.19077839892564",TM28OI7DHQE00YZ,True
0211993435,8942510734,2025-03-26 09:50:32.506240,1188,voice_out,KF0HR,"-61.91796134867786,43.30065613487096",KKOGVHCOLFBHKWZ,False
0674733620,0884612571,2025-04-21 09:50:32.506257,933,voice_in,XK5UC,"16.72505028473769,-159.29002938404162",LGNC20F36UEPUG8,True
8669513818,9119509799,2025-04-16 09:50:32.506274,863,voice_out,LLCOH,"54.982737732511595,48.0121456932614",5AYNV06GAR4V8V6,False
9044219358,4346655885,2025-04-05 09:50:32.506291,616,sms_out,XFC1W,"73.78760135173812,65.33789116721789",AVA00INK9VSD2B1,False
2487481427,9229368034,2025-04-02 09:50:32.506308,816,voice_out,3ACET,"-19.510835326001967,80.54733198991528",E0UOIRRBLM8HZ46,True
9365356270,2159051312,2025-03-30 09:50:32.506329,1036,sms_out,75ADE,"-69.07023416386878,44.52881617402747",E0QUON8HXK1JJI0,False
5105182861,9382504474,2025-04-04 09:50:32.506346,978,voice_in,YJXRS,"-27.644838452657787,-99.47778594032528",6SHBYOD0T0L57KS,True
7547853638,1021385386,2025-04-10 09:50:32.506363,70,voice_out,3OV0Y,"-64.44826402992064,-94.09825633519014",EKVAB1N6EGNQ17M,False
2266561900,4742108891,2025-04-16 09:50:32.506380,1030,sms_in,ZT8TW,"-7.357458650047178,-157.68291954120102",70MCUE0EO5TNGET,True
4282430671,0814774938,2025-04-02 09:50:32.506398,91,sms_out,HSZ9Y,"88.96518506543461,145.17258874227463",82KXK344HMJBVKX,True
0648566779,5026948844,2025-03-27 09:50:32.506415,570,sms_out,AHLYG,"-25.015038924590897,175.15686853661288",ZBXZVQW2KH3R04W,False
7584950875,9838816384,2025-03-25 09:50:32.506433,680,voice_out,OMZL6,"-20.30561109867932,93.74886734624079",T7XFMU07ZLXQM2Q,True
6660317699,7982808422,2025-03-26 09:50:32.506450,472,sms_in,YCWQH,"-39.833078652341285,103.69192144704465",JQMKEKT58LW5LR3,True
8699560989,3099581623,2025-04-03 09:50:32.506467,570,voice_in,93ZUF,"73.48366753794033,159.46603110210742",E7YXO44UKAJ0NBM,False
8026554843,9141484548,2025-04-18 09:50:32.506484,862,voice_in,ALND2,"44.798537092924164,-58.93075662685902",TZJY8P3963L53L9,False
9261321647,8300610498,2025-04-20 09:50:32.506510,418,sms_out,UZQDZ,"27.596719679957104,118.76427917110703",1VGUWLANDYEB49F,False
3744118416,7654927596,2025-04-08 09:50:32.506536,803,voice_in,E81X9,"28.573653747883,167.32411394860395",TNTHHOQFSTHQME4,False
9524951560,2879852494,2025-04-18 09:50:32.506552,807,sms_in,5P5LG,"-87.53812702714772,-104.02686675993782",PO1YT7IURIZ2FSO,False
7314423419,9680711364,2025-04-09 09:50:32.506569,918,sms_in,HHEG5,"81.62233442377453,47.19029101168343",I1ITQVS5TMSC04S,True
6844905712,5655743803,2025-04-11 09:50:32.506586,1133,voice_in,S7JB8,"36.62554522631051,-27.512492487017937",FX1EWTAHS5TVRDR,True
2464745657,8323951977,2025-04-17 09:50:32.506603,602,sms_in,ENTSB,"19.1692126855568,166.8806107242882",S73O7M2UP68T8AM,True
9790392337,6746116822,2025-04-15 09:50:32.506620,141,voice_out,55PWK,"56.42586767808382,131.3120709744502",RW727E9TPPFDHOH,False
5226270350,3716024882,2025-04-23 09:50:32.506641,315,sms_in,WSWHD,"-6.358417477284505,-136.42532110994043",KNMTTORII4GINCI,False
8000830703,3456649398,2025-03-29 09:50:32.506662,220,sms_in,IHUAR,"-63.38439819207616,11.95389176939267",6UBOCBJ3ULQJBXP,False
1889194614,5357877862,2025-04-15 09:50:32.506679,1026,sms_out,Z7DEE,"2.3872703781283775,49.639320021010036",1QPFUODH4K9EDM0,False
2080752760,7560656601,2025-03-28 09:50:32.506697,965,voice_in,PTFCM,"40.576141260168924,-39.87036724341661",2VCKF2IVG015RFP,False
2771453343,8861808077,2025-04-08 09:50:32.506714,428,voice_out,PAE6S,"18.136738711149576,-12.302384948370445",5RJT7KP22HFGZUH,False
7087047077,2800236269,2025-03-30 09:50:32.506731,290,voice_in,VG8RI,"-4.546726168350418,-175.35849333344663",HZDJ83ES9FN9SPO,False
4514840638,1301654241,2025-04-11 09:50:32.506753,464,sms_in,10XZ8,"-5.757745159653325,15.619111056385208",XT2WDIR4ETLARUV,False
9618985929,4253145543,2025-03-28 09:50:32.506777,920,voice_out,W8FQ8,"-25.344891106056537,112.97167677737383",R2E056UW82S10ZQ,False
3990709084,1226558945,2025-04-09 09:50:32.506798,1055,voice_in,N3GQI,"31.704138141399625,-147.27102410213803",WEHCDWIYAJXC6QN,False
5250778271,6124221245,2025-03-30 09:50:32.506815,712,voice_out,9PNP7,"-71.63483116647106,-31.95054432819387",I4FFL8FXFU9C3F8,True
7289955623,6867429349,2025-04-06 09:50:32.506833,704,sms_out,EKSJL,"51.59790329844495,99.79058690333864",6FXGU11FQ3ZUR3H,True
9515936568,5099995350,2025-03-28 09:50:32.506854,407,sms_out,0L6W4,"9.325693148339326,145.95269521757",XX2PPN40GP8J70M,False
4956166931,0729050006,2025-03-29 09:50:32.506873,425,sms_out,XXMLB,"52.66257106418135,-126.71195498016635",SO9SWFYTQ7JLIFD,True
9637756213,8527490669,2025-04-06 09:50:32.506890,553,voice_out,1WP86,"57.188912361824805,-142.22080620974782",VP8D2SBO2UN9JC8,False
2195476371,1793462573,2025-04-23 09:50:32.506907,167,sms_out,KIFGQ,"36.27139774390707,-21.807086322793822",PRF07SFAJ1M50F7,False
9913674483,6327532838,2025-03-25 09:50:32.506927,161,voice_out,D8XS9,"-43.16387950558723,85.39259482531457",3SOB3C1UWN3ZENS,False
0622675788,0408105783,2025-04-20 09:50:32.506944,926,voice_in,TMICH,"-46.03397569526807,70.67627794591826",RUHV2K1DPYIV5J6,True
8683725313,2173634693,2025-04-20 09:50:32.506962,412,sms_out,JG0UJ,"62.63527047997911,113.17812626050096",SCCOXPARVK0FM65,False
1941319659,7467775052,2025-04-11 09:50:32.506979,894,sms_out,LZH6B,"87.04340370787227,132.19034254002702",IMPGBM1A5T21IM3,False
7563372281,0466630593,2025-03-30 09:50:32.507004,408,sms_out,QBGDI,"-54.00023974226377,11.588816990001305",XEK6TYRAVEHECVT,True
9090640704,0831171104,2025-04-09 09:50:32.507031,334,voice_in,AJ4HT,"62.78559399036607,31.466496597547945",7D65C9CRSJ3IRN3,False
7317872952,9839833269,2025-04-02 09:50:32.507055,612,voice_in,XGGLC,"85.16421736763945,-168.097259929748",MOX2IEYSPFY2TWD,True
3587036417,3326815270,2025-04-06 09:50:32.507071,622,sms_out,AUU07,"-48.046559281774165,-160.9400661579919",LJM5BIQUJIFYT28,True
9617306073,0122164125,2025-04-20 09:50:32.507088,1034,voice_in,S8LYE,"-72.08703934145511,63.25591943727403",N653ED05JKO4QXY,True
5394830632,7388471996,2025-04-09 09:50:32.507105,928,sms_out,5YO37,"-47.74082230739059,-139.06016849709462",8JZOCD16JJLRPR4,False
5370414524,5884454737,2025-04-03 09:50:32.507124,947,voice_out,JKZJV,"84.18488235879892,-60.10330389871197",P86ZNHYJ0KSCGEE,True
4977073337,3224352394,2025-03-31 09:50:32.507141,604,voice_out,KD3YX,"47.10702390537634,122.3501968526964",K0BPXUSD95SWTTA,True
0126905025,4767503901,2025-04-23 09:50:32.507158,618,sms_in,DCYWR,"78.00727438701617,27.226766738607978",XRLGV46JTC4PBSE,True
4140527306,6444944191,2025-04-09 09:50:32.507174,672,voice_in,4A1OJ,"12.352109894401877,161.70707544805316",C4K1AU9QY9QA9OF,True
5562380240,0177525261,2025-04-16 09:50:32.507193,510,voice_in,DGPWH,"63.1819679274185,-44.60610960848368",TOEV5AR5IN21952,True
0412928950,3650415917,2025-04-18 09:50:32.507211,1016,voice_in,6RJ9N,"2.2096178447099817,2.283788315805907",5X0Y5NSJVCPVW56,False
8011750931,9495096397,2025-04-07 09:50:32.507229,171,sms_out,CHNRG,"89.17133585455423,-3.530951543438306",41GXKGZXE0C4RRC,True
9702703582,3854539225,2025-04-05 09:50:32.507261,647,voice_out,I3ZO9,"-39.315878620841985,152.35914332844226",O49DM6DEMJY49KA,False
9380715734,5802927872,2025-03-28 09:50:32.507289,829,voice_in,5BS1L,"-15.740888618945888,70.28759868657039",Q6DMKD3KSOFOG2K,True
3226417539,2278118876,2025-04-13 09:50:32.507318,1051,sms_in,ZFGT8,"67.45274613783903,74.40759641415767",9L4J75Z5QX67QUE,False
6706846027,9466840055,2025-04-14 09:50:32.507348,426,sms_out,JQLC8,"58.488520614336835,-19.405603250693957",8FM10SJ0I8N3ACO,False
4835626372,9055766932,2025-04-11 09:50:32.507378,577,sms_in,AFII3,"11.056197658949117,-7.478526417284542",STRIOZE2CCPQ8HO,True
8941848864,6658470996,2025-04-19 09:50:32.507405,1093,voice_in,26SQF,"4.651758712427224,-168.42081319411145",NBGC7ZTNTZ433BT,False
7652017361,5654455688,2025-04-02 09:50:32.507431,385,sms_out,BBZF3,"-77.81898932542924,89.12670465117111",32XRC0X5KTO70J2,True
0287729477,2038083567,2025-04-14 09:50:32.507448,163,sms_in,ZIC8E,"42.868017793889294,92.22149126300354",R1U9V9Q8UE8UI92,True
1419218205,6048032211,2025-04-13 09:50:32.507465,218,voice_in,CKSNV,"25.709231668360815,62.07091985363249",WM26VGXGWO25HVU,False
3164780080,5668865213,2025-04-18 09:50:32.507481,971,voice_out,8WTS9,"81.42344583260797,-122.8847908212648",C3SNG6DWDKPCK4K,True
7601524193,8326269749,2025-04-09 09:50:32.507498,506,voice_in,61IZZ,"-57.39566815871964,125.33906240424807",LL4S6Q77D1VH61F,True
0440286055,0499790086,2025-04-12 09:50:32.507515,534,sms_out,9F06T,"-45.67751852660677,83.31798182958158",G6MUO4WLZC3XTS6,True
3755284742,4292461847,2025-04-05 09:50:32.507532,805,voice_out,WKT45,"47.50516286105557,55.67486530241678",EPCG0PWAP209UCN,True
6675122124,3631053873,2025-04-01 09:50:32.507553,958,sms_in,MO7MZ,"-70.67924718096356,-77.52371163883721",5T1RNDZ9SRX62KG,True
7821839609,1265635528,2025-04-23 09:50:32.507570,358,voice_in,79LG5,"4.100140722816704,111.85257422052655",O3HVNC1KMWVOXOE,False
7692481349,0638107964,2025-03-29 09:50:32.507592,391,sms_out,V1U3M,"89.97896892808231,129.96517312949743",TLM8AJPX8CMAJ24,False
3545363536,8071416551,2025-03-29 09:50:32.507615,861,voice_out,KZ7TW,"-37.17405389955285,50.0310411052256",DE5KC8HVP0F7R0L,False
8733045381,8621487392,2025-04-20 09:50:32.507632,1042,sms_in,A7S3J,"-74.05494015295412,53.15883328637918",NLTM8HL03FJVEJQ,False
0328656214,6516987131,2025-04-19 09:50:32.507648,364,voice_out,IC8EG,"22.278074589051656,123.56569369308403",CTGSV1URKZB1DN8,True
7658212700,0950122923,2025-04-09 09:50:32.507708,1002,sms_in,NQ0HW,"-24.381438139756426,-8.21517990484736",00AJ9AHQI5F822X,True
9107366157,6214950830,2025-03-31 09:50:32.507725,990,sms_in,IWILK,"-78.12321880089013,44.62303229548476",0549TFSBT7CCYNK,False
6329282689,3261329257,2025-03-27 09:50:32.507742,115,sms_out,8JGJP,"54.57781603326785,152.2169261250973",1MNIR9OGZ8ZD4H7,True
9829041484,1652297837,2025-04-16 09:50:32.507764,507,voice_out,187XW,"-71.76326965993111,174.83129475168334",OVM3OCT0M6HIUM1,True
6718821685,5670714723,2025-04-21 09:50:32.507781,169,voice_out,RUCK6,"44.66658881481294,12.936540530018107",QQEA5YT8EXKDS2Q,True
6801039923,8672507034,2025-03-27 09:50:32.507804,343,sms_in,AKGGH,"10.0898051796961,39.10232960157188",OYY2DJMHO6JT24Y,True
9649075541,2719583492,2025-04-08 09:50:32.507822,360,voice_in,KQDD1,"9.072895787906617,-114.45182086824408",XSL5QYEQATFAP8X,False
8588163950,4120450738,2025-03-27 09:50:32.507841,275,sms_in,JT68U,"68.22361931755756,-166.07032447511804",G5M8S701AFX3D2O,True
6950933682,5985627519,2025-04-02 09:50:32.507867,674,sms_in,JZP6J,"-36.57505327881406,142.97893890379703",ZWTX12HSFSE3IQ3,False
6338035156,8098486628,2025-04-22 09:50:32.507884,1006,voice_in,YVNXQ,"72.31779964668527,-124.67070483837242",TPNQHXJDOY4CIX5,False
7330369854,9273648926,2025-04-15 09:50:32.507901,682,sms_in,TP7NN,"-38.193543135461155,-50.356771798613465",TXINXMJ90JQQZI6,True
8137340190,7207537895,2025-03-27 09:50:32.507919,764,sms_in,2NU1H,"26.184501811021107,-133.45836668118343",1N9MRAEV7DLSH6N,True
8690183482,4590906488,2025-04-20 09:50:32.507937,954,sms_out,43F9K,"-0.992458831036032,-143.18903054320242",2FA2KW402E538J0,True
5397907084,8584298895,2025-04-15 09:50:32.507954,120,sms_in,Q2PCU,"-26.108190344416464,-169.1453570570567",TZ3PHFZVV2P1IQ0,True
0936097266,9275843704,2025-03-28 09:50:32.507971,487,voice_out,4DUA5,"-64.59918583204669,-130.33282264996672",WAQJCJ3F3GZCTKA,False
2714363671,0810707963,2025-03-28 09:50:32.507988,339,sms_out,HX4YW,"-76.54091893170207,-174.8750635590589",3J3FTEDVNI3AZIR,True
2505488627,4658322542,2025-04-10 09:50:32.508005,349,voice_in,4KMBF,"-28.320209298388498,74.16201380587785",R6DYRMF05MU0S4J,False
2237678780,8776180780,2025-04-15 09:50:32.508022,434,voice_in,M5YY0,"-60.54739997077779,75.4955521578328",92NAS7RY7BZGEOJ,False
1957030110,3575862162,2025-03-28 09:50:32.508043,336,voice_out,S97S6,"-44.832444078373214,-95.78296764071455",LWU2Z5CUCZ7SEIG,True
4239168753,8715182371,2025-04-13 09:50:32.508060,817,voice_in,3R453,"32.07737585156818,120.96640257291517",H2OZ3QDIGOYHS8G,True
0310306155,2644451891,2025-03-28 09:50:32.508077,313,voice_out,XHGAS,"-77.9487367680169,-138.6143048621637",V6QYUHSAIAK6G1L,False
5030486065,4020441043,2025-03-27 09:50:32.508100,867,voice_out,9JRIF,"-84.5759222236657,-124.6078448824302",U9XDS5MSRWCUMHT,True
0113494282,9373071839,2025-04-22 09:50:32.508127,736,voice_in,EKCO3,"-55.04795144972286,-108.28814203536662",VQKODK357AIA5QI,True
8076137528,2429722894,2025-04-08 09:50:32.508151,538,voice_out,NQCB1,"24.974498718870237,-80.73598468935471",5N2WH3XBD7Y36EQ,True
4003410092,6587031776,2025-03-26 09:50:32.508185,267,sms_in,TWJGK,"-26.253888768657255,14.594664621909345",LAGYOARCP8GSSXL,True
1613953521,8136365068,2025-04-21 09:50:32.508203,110,voice_out,LS9SB,"40.98569999195553,1.5716347062962086",81EID1H4KVN7WJL,True
2648535264,0870000072,2025-04-11 09:50:32.508220,709,sms_out,ATMBK,"-33.40110876844858,131.6903741838966",XDLWDE7BQA6MCA8,True
2219743555,9732331561,2025-04-13 09:50:32.508236,379,voice_in,4EEIB,"15.741912062527149,-107.6204687590003",26L98K4OOXR7BA4,True
0788797849,2320686109,2025-04-01 09:50:32.508254,169,voice_out,OYNHB,"66.02001364629751,3.1218031648376723",80CVFOPB6OR5PU4,True
7598767000,0728439057,2025-04-05 09:50:32.508270,657,sms_out,30GFQ,"-9.85681221451739,-10.48049626750651",A7AHYBH4WCSJQ5S,True
8888985578,5323342433,2025-04-18 09:50:32.508287,97,voice_out,PBCYV,"24.46790815965649,-83.12218180309928",G2AW6VE5BLBOSES,False
4443417191,1253982259,2025-04-17 09:50:32.508309,1181,voice_out,DI75R,"36.65386715641627,167.2073048916006",7JNX6300CF9WJNX,False
8228140118,1780538744,2025-04-01 09:50:32.508325,526,voice_in,S1DRJ,"57.61359739103699,101.99679115365677",NO8AZDQ952XFUAR,True
9418517472,2296500360,2025-04-22 09:50:32.508342,1126,sms_out,SANM2,"75.57324498327688,-18.47704119256946",6XSLET25FQDQ9GY,True
1170025836,7296190773,2025-04-16 09:50:32.508359,712,voice_out,VZ8AA,"-38.933591368603565,-93.80813987741278",IIIVEXGLHTNX9C4,False
9083516944,2138803903,2025-04-13 09:50:32.508376,677,sms_in,HK8SK,"-64.26284431535866,25.767766754502475",M1AMQOE1JW7QYN4,False
9212389700,3239246897,2025-04-06 09:50:32.508393,1033,voice_in,Z30XB,"34.80662213008277,40.578984261308136",JQGMKTR2J9NW6EE,True
4631310674,4881177896,2025-04-13 09:50:32.508411,241,sms_out,144T9,"86.46125205595484,-45.27559846835831",JIGTMV5AGP1T3YL,True
3489820812,3811286425,2025-03-30 09:50:32.508428,139,sms_out,0B6O0,"-68.47058964870638,5.578000619489643",BBDLDMW8EGEIV3A,True
7356097388,7946344495,2025-04-14 09:50:32.508444,470,voice_out,DXQLI,"-13.770751451600702,-45.87792322550223",5NN15RM2ZCHCSJI,False
9678089102,9204723852,2025-04-19 09:50:32.508462,1103,sms_in,H87FN,"-14.7116567884148,-158.541641519822",QN4CMP3Z58XK2DG,False
0262480376,4877088229,2025-04-11 09:50:32.508483,942,voice_out,NE09T,"-61.053403275580976,-67.23531017898208",6R95PF6UMS5RZ79,False
3438009721,9801360055,2025-04-08 09:50:32.508499,682,voice_out,F3OMB,"-69.87695073557855,-144.97841935403164",6FSS6NNRWI9711K,False
3947956910,0485793476,2025-03-27 09:50:32.508518,726,voice_out,FLXJK,"11.32670915548016,20.002963792868485",BVDUETX2AHYRMFW,False
5623547302,6273764614,2025-04-23 09:50:32.508539,95,voice_out,DIUQX,"-39.4026736110244,-1.6310390603862288",EHBTHNR9OGC9562,True
9923010158,0625359860,2025-04-07 09:50:32.508556,753,sms_in,I964I,"-77.10967601346711,-80.12948130260821",18UHCO44KRS84VA,False
2867441512,8353787242,2025-04-08 09:50:32.508577,313,sms_out,K89S7,"-5.993282987702827,57.98001974403212",QR0QIIKI2YEYJ3C,True
5927053182,9706898139,2025-04-06 09:50:32.508601,603,sms_out,2Q1Z6,"-25.70799544713701,173.89714293480853",64KFH36CTEKVGMU,True
2485579979,4436077190,2025-04-05 09:50:32.508628,431,voice_in,F8ZD5,"40.393076734349336,38.259894953094204",RKG5SCLCKKN2MRB,False
5249993132,9363787434,2025-04-08 09:50:32.508665,710,sms_in,8VMDO,"-76.4592934661438,86.86500107185958",REBHAY9ZX9JY3V3,False
4770758033,7350783178,2025-04-16 09:50:32.508686,732,sms_out,33Q36,"-24.032565216741816,-172.71876133424166",PG72Z9KCL43QPCO,False
0896667961,7384431793,2025-04-16 09:50:32.508703,126,sms_out,L1G7O,"68.83564122878136,155.25902805366337",AX2A50J249WCQ36,False
3217646993,0917831191,2025-04-16 09:50:32.508738,674,sms_out,7MBHE,"46.62516656031568,24.374656422259108",966LSMTMBIUK7I9,False
7106453745,6620560578,2025-04-16 09:50:32.508755,174,sms_in,DT9WF,"-59.713713680829315,162.2484888822715",SV4J3KQ1KTP1X4K,False
7313228367,0507299962,2025-03-28 09:50:32.508772,1198,voice_out,15E9V,"40.35021348951207,74.9832869541338",T2HYFC14RBBZOPB,True
4408720663,6334563407,2025-04-18 09:50:32.508789,373,voice_out,WHPJ9,"-68.30205814866277,-112.12214487848729",E3R2DRUZDH2DJ8T,True
4999327335,0817063590,2025-04-23 09:50:32.508806,963,voice_in,J09QM,"-50.52355467795812,33.74473714195469",3UJZ2HC7FUSJCDN,True
8542031607,5604058171,2025-04-08 09:50:32.508826,952,voice_in,YHGRQ,"80.75622376581322,-152.73439686650164",A5383ZDRK2M9X0V,False
4083728749,8794350660,2025-04-17 09:50:32.508843,250,sms_in,5P0MM,"52.586665011387396,-135.39063271454478",L5AVKJ46U6JIIV1,False
1940332368,1661983588,2025-04-04 09:50:32.508860,1055,voice_out,GXGE9,"-85.02845643284876,-152.44273851438388",4RO8SE7JOE702F2,False
1832374720,5402477153,2025-04-17 09:50:32.508881,166,voice_in,RRQ93,"-23.82469227237692,-25.352502575249957",V7IOLTIZYXPVCYU,False
5827346650,0044477435,2025-04-15 09:50:32.508897,622,sms_out,XFCWQ,"86.10504351902136,-114.71116886885211",FZCP6CEMJUHK1ZG,True
7782568627,2330960216,2025-04-12 09:50:32.508916,1023,voice_out,WWPES,"-70.7786277840348,20.67825773787513",YF6AKAFQLDH1Y3R,False
7086838616,4820793018,2025-04-05 09:50:32.508939,554,voice_in,R0Z14,"26.34143864833935,137.80901113218965",YHXWE0OUL4G55E4,True
0335046573,5615353015,2025-03-27 09:50:32.508960,1154,sms_out,OE75I,"-50.806191892727796,-125.48214149725132",7GDU0RAFZVRSB24,True
8542110240,8119743027,2025-04-16 09:50:32.508977,177,sms_out,II4LY,"1.3992141400691764,-167.10542240158108",6PUKG4A1472XD0B,True
7180617806,5577054901,2025-04-20 09:50:32.508994,503,voice_out,8U0X6,"3.2145942127084766,42.96682077568451",6XSH8CFMLNP9F00,False
5295564601,7435955611,2025-03-27 09:50:32.509010,948,voice_in,ZV917,"-56.79364819248449,-28.650632572602063",HXD64NP8TC5FGW3,True
6031477672,4557629918,2025-03-25 09:50:32.509027,906,sms_in,NMD3S,"-59.49961525629751,-8.341013159925666",3573ZN6M2KVQX2W,True
1339888829,1966766163,2025-04-02 09:50:32.509044,995,voice_in,RXF3V,"-26.357738838923147,63.53953754965934",TK6G9ENBMZ9HDVX,False
2429152212,1039491614,2025-04-07 09:50:32.509060,905,sms_out,ZB126,"-59.66212812997828,118.74451970654337",VLW4HVE0ASVZFMN,False
6819998861,6580059337,2025-03-29 09:50:32.509077,1076,voice_out,CIE5N,"-16.05598679891338,115.3034364936317",DCRYZHHPJ0USHTC,False
2394727892,6947932976,2025-03-30 09:50:32.509093,172,voice_out,F7YS1,"-11.537954803986096,24.278236112734106",JXAR46GXFB522FF,False
4175725330,4853846643,2025-04-22 09:50:32.509110,85,voice_out,R7I57,"88.39944437390622,-167.89540880544433",QMO9QPVCEBTQ9FC,False
6585276039,8717712864,2025-04-23 09:50:32.509127,940,voice_in,QQ6ZN,"53.389464199342115,-146.23286914271836",1JZXF5Z6595Y1OE,False
0198916256,5716470933,2025-03-31 09:50:32.509145,1053,sms_out,WAQU7,"4.6189119309665045,75.90559266196053",PHZHMJBKN88AJ2T,False
5250850691,2781932394,2025-04-02 09:50:32.509162,1081,sms_out,JTNBD,"39.33156501070218,-135.0821168287181",JFD11Z03P9IIAVB,True
7225275076,6800702462,2025-04-23 09:50:32.509186,1086,sms_out,P8Q9K,"-23.291326520148004,-60.85735979347034",7JOBG4UWNSRTNDQ,True
2334963620,2387314087,2025-04-01 09:50:32.509217,347,voice_in,SF6KK,"-70.44039978917561,-64.01974054710566",ECQRKOWOBNNWBRK,True
9479157289,3805351335,2025-04-23 09:50:32.509239,224,sms_out,8OIVS,"10.360232431900172,43.36633408662374",I6XO38KC5F3SLEQ,True
2565950600,5537219532,2025-04-19 09:50:32.509258,435,sms_out,HRNOC,"84.94493193265805,-30.66950420405766",QAMU0UVFIJ2D472,False
3357893899,3687127856,2025-04-06 09:50:32.509275,1172,voice_out,YZO8N,"46.76922927150417,-119.48883744114237",E9Z11JADB1T171N,False
9515041426,4864461581,2025-04-23 09:50:32.509292,793,voice_in,AWGOQ,"-23.116183336434347,-53.20199610633698",NSNJAP2HH0KO6UK,False
1246073876,5469412923,2025-04-13 09:50:32.509310,1155,sms_in,9CXRG,"7.636996965584913,-57.428411635836895",XQK1CVZWJMJ5LAF,False
4819406904,4144749831,2025-04-20 09:50:32.509326,238,sms_out,V651R,"46.1001329433675,167.0725274715153",YW8OJI341O2P5ER,True
0251111628,0862636111,2025-04-09 09:50:32.509343,1180,voice_out,E80PD,"73.97440700130869,-148.888760299091",3HVMJB13AZ0EXUS,False
0855228862,4842644620,2025-04-07 09:50:32.509360,649,sms_in,506T1,"-65.35015736422342,-168.46066713398756",0SIAIOYLI769C19,False
6797663297,2244040076,2025-03-31 09:50:32.509377,976,sms_out,L71PK,"-9.030909046499076,-111.42882846216088",KKH39AJV0TXYAFX,True
3363436099,3486460978,2025-04-14 09:50:32.509398,116,voice_out,85YKJ,"84.84219540345705,7.6107272614187025",IP0V6475O4X8I7X,False
8786331785,4605839874,2025-03-29 09:50:32.509415,929,sms_out,SGFF2,"-11.530716981411004,-151.5233004009498",7ONN6RACWIBM6ZV,False
3095525558,0504785219,2025-04-06 09:50:32.509432,997,voice_out,WBAZO,"57.89265190871785,1.068491100018747",YAG63GKZ57E1AF2,True
5866788129,5398920341,2025-04-06 09:50:32.509448,45,voice_out,N7FCW,"88.50667942701622,-102.59625614496763",AUGOPGV76LOYU5I,False
5420875196,9189973422,2025-03-26 09:50:32.509465,287,sms_in,NZU65,"20.00744543948565,168.34868713429745",GKVK1LQJES5IIO3,False
3965474053,3718576627,2025-04-01 09:50:32.509482,608,voice_in,WQK34,"40.80127490866985,170.8310143431371",PW2E3PDCS0U8FXI,False
3546137446,6060082169,2025-04-23 09:50:32.509499,127,sms_in,W2XTL,"60.45404646078555,-121.56411757886738",M77ZSPPNDWYAMD0,False
6944425345,8785050767,2025-04-02 09:50:32.509515,319,voice_in,IEA1W,"-6.451795258719329,25.209242539175506",1IJD4U8ID76JPVR,False
6931776497,7236732995,2025-04-20 09:50:32.509536,229,sms_in,SIVGP,"-52.793715721683654,-7.827969527278981",WW1P3AXAEMGV0V0,False
4306714674,8622865513,2025-03-28 09:50:32.509553,955,voice_in,MPU1I,"-44.37897453027614,121.15676852536399",ZGZTX6Q8GZENRCA,True
3014534976,6940678340,2025-04-13 09:50:32.509570,512,voice_out,CTTMO,"-71.83671082563518,-90.41989943003487",ZQQR5RVKKGBYLEQ,False
0135217058,6682206102,2025-04-10 09:50:32.509587,42,sms_in,9IPAH,"-80.61637441801702,68.30898468875372",UQ126TRR912O1K6,True
0477060046,2543037576,2025-04-12 09:50:32.509603,1139,sms_in,TN98A,"44.65539814226628,-32.97990110371927",5X84F90ZZB4O9UR,True
3921691551,5468503195,2025-03-31 09:50:32.509621,1045,voice_in,MLAGQ,"-61.842267784666646,112.32564638769145",BWHNMA3XX9HS2I3,False
3995596387,8968164127,2025-03-31 09:50:32.509638,950,voice_in,4BEB5,"58.75911343981599,-161.51227595727445",4O2AX9NMN1O0HI6,False
4550701023,9131260941,2025-04-20 09:50:32.509655,244,voice_in,3QNDF,"-39.0306816041024,-25.139436410531857",EW9VLLL8WKE1G5O,False
3760529321,1769402261,2025-04-15 09:50:32.509672,455,voice_in,NTOBZ,"43.48875856224285,172.11067692025802",ME9P11WU2I4W056,True
8482676112,8574139808,2025-04-14 09:50:32.509689,517,voice_out,3JS1L,"36.901420955214704,-56.127041584035084",3UNT0148P25T7VI,True
7545912399,6137481059,2025-04-04 09:50:32.509706,413,voice_out,AGBJ0,"2.5497783882990035,100.82603022631145",F5RVPMIOG2NONOK,True
9340213177,7541168843,2025-04-15 09:50:32.509722,744,sms_out,4DP0J,"-54.766398772821695,-21.462190531650037",PZYY80LIGGZ7FDT,False
0316752820,0832202328,2025-04-18 09:50:32.509744,966,sms_in,2LRFD,"-37.92742208984722,-45.42142814401541",FO03X5ET1O6ZKKN,True
8363182084,3472572714,2025-04-20 09:50:32.509760,1167,voice_in,TZ1PD,"-59.73004418242823,150.65223817461316",QBIWRN7YAOR442A,False
0121237049,7559670708,2025-04-06 09:50:32.509778,135,voice_out,P3AYK,"-24.177785182320136,131.21445838038477",6S1UFOVJ0XR8V02,True
1076527603,4022551054,2025-03-29 09:50:32.509795,1041,sms_in,E6V3A,"-67.88604575068175,56.72826418596108",QS9I1NXKAVUSNFP,True
6102287824,9518941263,2025-04-09 09:50:32.509811,713,sms_out,R843P,"49.597345103538856,-152.4497420560624",MGPNBG6WJBAAAYY,True
8817819740,8758619724,2025-04-09 09:50:32.509828,1168,voice_in,WHA82,"84.57423094246133,85.32749052473537",KWF1KN3IXYMEG2U,False
7660266853,7504775696,2025-04-12 09:50:32.509845,634,sms_out,4JQ0F,"60.48471816165997,25.41343686327741",K0RTE1L4HYOPL5E,True
2710143612,2345696042,2025-04-23 09:50:32.509866,1187,voice_out,HP1BT,"-65.70811232505403,3.002223587901483",2EODSB4GW56RE3K,True
2339827729,8658793486,2025-04-07 09:50:32.509883,349,voice_in,T4KB0,"83.65700876897904,78.29018930356659",LKEDVCPXVX9HZY2,False
8891995022,2108886943,2025-04-23 09:50:32.509900,209,voice_out,XISQ5,"-12.224131308014321,-75.36539423160349",PRAQ6O3UJT09RHK,True
0183055092,1991567917,2025-04-13 09:50:32.509917,32,sms_in,MJF5C,"-89.36723079264003,156.58001380239318",HE3FI5GV0XHM69F,True
3023247187,6230865718,2025-04-22 09:50:32.509934,950,voice_in,HFZZ1,"17.182607321150527,36.856691484524276",PIJVO7GBBS2F7BV,False
8737813648,7001667718,2025-04-22 09:50:32.509951,650,voice_in,SU46L,"64.58933626225752,11.179003867766511",9RLW12RN881FZNV,False
0353756078,2447526457,2025-04-07 09:50:32.509971,180,voice_out,8EJN2,"-76.9808149914201,169.02871505066963",FRI12ZZR992PNID,False
3518388344,1676038458,2025-04-21 09:50:32.509995,600,voice_out,I3YP2,"37.3706272699192,-26.19705400124886",QF5AHQA31CGXI8Z,False
9081135517,0805001494,2025-04-18 09:50:32.510024,54,sms_out,9O0UY,"-88.83268005056372,-152.33267440246294",9DHZMJ5TF9WAO8O,True
7610169410,4186716084,2025-04-17 09:50:32.510054,763,voice_out,I435X,"77.90642289240947,-35.94900978631824",ZJ19X42IBEG5H6O,True
9505805628,3709407106,2025-04-11 09:50:32.510083,948,voice_out,8DSPG,"3.8839674203848205,158.0301470276579",99MQUBB5S2K869Y,False
9082310002,3757665586,2025-03-26 09:50:32.510103,1028,sms_out,I1324,"38.46627456532548,-42.5025432863296",A62AR57RR1OHXHB,False
7692602738,1990162186,2025-04-18 09:50:32.510120,603,sms_out,T3RDS,"-77.86456354346257,-135.8258260470707",UZN7QVBKKCR8G5A,True
1891247140,1480729975,2025-04-19 09:50:32.510136,523,sms_in,BLT1U,"35.68027348638847,-133.58602054049067",84Z95XCMPZXRLWQ,False
1713960533,1249434568,2025-04-15 09:50:32.510153,1039,voice_out,TTTVC,"82.18014906889664,-93.73236236208261",FRJ1ZL4CFXAHQMF,True
7610782504,9738650100,2025-04-23 09:50:32.510169,1184,sms_out,YOIH9,"-78.24872457701353,-127.53592654530254",9YH5ROQQFOVBV5S,True
3877822655,3192390504,2025-04-09 09:50:32.510192,497,sms_in,I58YG,"-39.39059233870954,-3.0008239010886086",V4Y5SJ88BG4L2II,False
4946270052,6469755302,2025-04-07 09:50:32.510209,1059,sms_in,LQHIS,"-81.2107664310299,10.593537436038048",1KVFF67628LQRGJ,False
9887577111,4530552716,2025-04-01 09:50:32.510233,952,voice_in,AUE6R,"23.184501154165176,-50.00520410936767",67HG59SEL1X96DX,True
2563601501,2026647474,2025-04-23 09:50:32.510257,830,voice_in,MESS4,"-13.607959891299316,90.81385263895243",KDW9VP3N03S12K8,True
9560786846,4388553131,2025-03-30 09:50:32.510285,858,sms_out,Z4N5H,"62.16177596803081,91.75743912100694",WKDPGFRNXG9URVX,True
5761078239,0777639412,2025-03-27 09:50:32.510303,1156,sms_in,HQ9QK,"65.78423889820291,-147.42505586958617",265WHG0RTIE1C73,True
4851411010,7709844070,2025-03-29 09:50:32.510320,1185,sms_out,DKT35,"53.71682488040909,57.74548775893447",3J2P2GGEIPE3SVQ,False
3945295353,4072836100,2025-04-13 09:50:32.510338,757,voice_in,WN9QZ,"-29.92418410653493,178.69388662916487",SA5JFQFF5BE2AT8,True
7817145304,2876586170,2025-04-22 09:50:32.510357,428,voice_in,HESMV,"74.02976034760275,-36.060923751934524",KZNVTJQCPTZPRCU,True
6542653811,3446253949,2025-04-23 09:50:32.510373,1027,sms_out,RB9I5,"-29.0285408515331,-124.80408102069381",VBKIVGP7NEOMJFO,True
2311261862,3508701212,2025-04-11 09:50:32.510390,258,voice_out,4EAON,"-4.742510299008956,14.732112373868404",PRLULLIL2ATSGUW,True
4057629932,4121623910,2025-04-17 09:50:32.510408,191,voice_out,7JMCK,"-75.56105476883573,-146.32845586722524",LOWMW0923E1GUFC,True
4272797283,2674261160,2025-04-04 09:50:32.510435,426,voice_in,7B4SF,"3.371170359909499,-78.4584299480781",MCYRB5NRACBTBLQ,False
9430530129,8160407565,2025-04-23 09:50:32.510452,842,voice_in,G4K6L,"-50.39524019633535,43.955704216322715",KC53ZFJJW8NRKUV,True
8928251490,0750606461,2025-04-19 09:50:32.510470,1017,voice_in,8O103,"-89.81503205480688,-43.81038457867865",RI7BFMJGYQD5YTM,True
6668074826,2119929650,2025-04-15 09:50:32.510490,754,sms_in,UW2C2,"51.59551014923784,-35.25885015844125",3PHK41VCP060K20,False
3496736495,3879693599,2025-03-30 09:50:32.510507,70,sms_in,JZSFD,"0.5909346772382094,118.5330506114936",9CD63PKU2A1A7U4,False
6747552679,0228686171,2025-04-04 09:50:32.510524,250,voice_in,J1TC9,"-10.565569271059957,-164.87954392764144",AHKRBRI9ODU8F3R,False
4891639542,8594323043,2025-04-06 09:50:32.510541,117,voice_out,ULOC4,"82.06876390892893,101.00715307720958",K4YDQ1EPXGC33X2,False
8530685273,1025863624,2025-04-23 09:50:32.510558,52,sms_out,QOVNK,"47.698650525474136,47.604770357030844",SFAUFGD3ZXDM61C,True
6209917817,7422753040,2025-04-18 09:50:32.510579,124,voice_out,DA25D,"51.27838474525555,71.63946868876255",MSTCIGI9L0DO3P0,True
9227848706,0367854720,2025-04-09 09:50:32.510597,638,sms_out,D909C,"-88.28590275273402,-21.05611303098408",CWD1DJPW5FI087G,True
0820227926,1815979141,2025-04-17 09:50:32.510614,1148,sms_in,6F37U,"-53.99527302210912,168.13609456076972",5U5SB9HYS8J4GDS,False
1337742016,3046118132,2025-03-26 09:50:32.510630,658,voice_in,MBNA8,"-40.82335081011629,122.29958194396932",UWET1U4SFIKZPXY,False
8890587613,4127508784,2025-04-02 09:50:32.510647,120,sms_in,KDHUN,"78.10253625631597,87.51419659709643",I2EXNFPVFMILYVP,False
9082495459,5205234509,2025-04-16 09:50:32.510664,170,sms_in,7SDVM,"-27.618308528715353,3.9753080955143503",BHI2YZX2NH4Z3YF,True
8595258570,4924493775,2025-04-08 09:50:32.510680,585,sms_in,QBEJV,"-63.481564291054234,38.402803932888446",YTOO1KNY5FPD6RW,True
8957717503,7556934010,2025-04-06 09:50:32.510698,657,voice_in,N4KV2,"-52.09311210034247,21.81584678489918",H367AAHE05858U2,True
1687017340,2754270229,2025-04-16 09:50:32.510719,713,voice_out,F495G,"23.669005144025675,-123.2671488193713",YBKZK1TSMT1BBQ3,False
3043299716,6089724476,2025-04-05 09:50:32.510736,212,voice_in,N6T7R,"-27.613793218785375,76.25338511610448",IQ88HCICNI051I8,False
6057129096,7078000501,2025-03-25 09:50:32.510753,99,sms_out,UZFC2,"43.9205254802699,-93.95567191814162",U6NCBWVD360ON2U,False
3525040270,0829301974,2025-04-03 09:50:32.510770,864,sms_in,1Y6SM,"50.90990761544407,72.46460057112449",J67LOFRG9LR3E4U,True
9307507208,8330007921,2025-03-27 09:50:32.510788,253,sms_in,7Q66G,"-34.090438879648815,-84.05178515763275",OL81XWN318089H6,True
9127359137,8901864053,2025-04-16 09:50:32.510804,414,voice_out,H1SX5,"-33.065318198870685,7.500126579919595",7B4D9CPVWBV5UTY,False
9339959335,2671099904,2025-04-10 09:50:32.510833,1158,voice_out,KBEV2,"32.01854426472042,-172.1331966570233",6NU1JKKYATX1Z6K,True
3425517511,7288491825,2025-03-28 09:50:32.510852,554,voice_out,7MDGU,"-77.48165559633925,165.96763766109035",SRY9ALEETZWW8H5,True
5908661240,3969019943,2025-03-27 09:50:32.510869,507,sms_in,JP5JT,"9.211170774420793,-115.83963337995797",8M6G93PY9WI7ZSV,False
1098557016,0366656338,2025-04-23 09:50:32.510885,1013,voice_out,O3KDB,"-71.62436347538802,-44.725423283375676",NVD0UYKW8VJ3EP8,False
9227433830,1403190182,2025-04-07 09:50:32.510907,52,sms_in,TGF3Z,"14.439458781086216,105.05439098528336",FPG255T9EMEM3J7,False
1897405638,0681678300,2025-04-01 09:50:32.510924,537,voice_in,L2TDS,"72.77568029391364,1.3138305047606593",BX1WMR012Y9USPZ,True
8210212339,6576053097,2025-04-10 09:50:32.510941,259,sms_out,70SYQ,"-32.75507123263209,-122.33548548674065",OVK1ISQI0Q0Q5RO,False
1486029063,2873729921,2025-04-06 09:50:32.510962,548,sms_out,47Q3F,"-20.721881087885734,71.89753337040699",PHUZ13W1EA3307V,False
2052406954,0499388909,2025-04-07 09:50:32.510979,817,sms_in,QNIJ9,"-58.26239187751459,57.372968115999925",GWCCRR2WQFVC48H,True
4220443646,7958384900,2025-03-27 09:50:32.510999,966,voice_in,O1P6Y,"64.099930134927,75.05335908083714",Q6FCH36LISL1BBY,False
0600149597,2636388812,2025-04-22 09:50:32.511016,479,sms_in,QTR9N,"38.059088841993486,149.03758585342456",ZAK8LBY8PIVASAY,False
2619901684,8109613297,2025-04-19 09:50:32.511032,760,sms_out,PFLR4,"-71.94691927076484,99.4676612748442",3N4EF6CZ8OG7I68,True
0510537804,8357391100,2025-04-15 09:50:32.511049,1067,sms_in,SX5X6,"-19.07625147203376,-7.383802593650273",Z9RPRLCSATBHK2J,True
8683958983,0397570688,2025-04-15 09:50:32.511067,586,sms_in,YI79K,"45.12781079865613,166.7726510141253",UP8ABQLG04KBQ33,True
7164806028,3274544787,2025-04-15 09:50:32.511084,1124,sms_out,2OBJS,"4.373811694659324,-130.15982225621318",F669EILUSMPINCD,False
7036338713,0286002971,2025-04-18 09:50:32.511102,1047,voice_out,205P2,"45.01174218159642,-179.58786876315526",B4OYJ8E57TS1C5E,True
7331142273,0760080348,2025-03-25 09:50:32.511119,981,voice_out,XDOSY,"-67.8095194276002,112.8945554766554",WSYP4NJUX7JKH3M,False
4400674483,8864169979,2025-04-01 09:50:32.511136,1123,sms_in,H57G0,"-37.893252191178426,-138.34213640596963",X2WJI3IIL521AB9,False
1610898481,5341597878,2025-04-09 09:50:32.511153,711,voice_out,BYWHV,"-47.81532718494211,-49.48378789644781",X80QHKAV8JFIQ47,False
8252291580,1137708361,2025-04-17 09:50:32.511174,281,sms_in,2PKC8,"-85.10043788443915,32.729038389321545",G0GVCGSKON9NUTG,False
6852476719,7522200644,2025-03-30 09:50:32.511195,195,voice_in,TNGJT,"-78.49999608448732,42.13553983396011",R1KWGZ7JM4TG2QT,True
5956715675,6690439018,2025-03-26 09:50:32.511214,968,voice_in,K2G90,"66.38784320646272,170.98410779862422",5WWPWWA5VYGETF3,True
3142608880,5042017383,2025-04-02 09:50:32.511231,752,sms_out,MH9KQ,"-57.598889721774995,99.83870051146005",XIGG6KZ68HMPM7W,True
7973158330,4375534037,2025-04-08 09:50:32.511252,532,sms_out,SBLPH,"-25.668460470569542,-75.48223261981383",LLN38NUZDCEBB87,False
5170732447,8050225348,2025-04-13 09:50:32.511269,66,sms_out,STU5N,"-43.613538164082485,-135.94647338870683",RASG0ND0PUHI21A,False
8188214148,3024454608,2025-04-12 09:50:32.511287,53,sms_in,2OBOX,"23.644457646942158,-148.4049288997914",C0TE5B87B1RD53P,True
6012417161,3076883649,2025-04-14 09:50:32.511303,57,voice_out,02A51,"-18.617866730499898,-119.03374715209887",TA7CP90HRYFL4TM,False
6846074015,2569692691,2025-03-26 09:50:32.511321,288,sms_out,SKGJ6,"-78.92482075449145,-64.50635828509692",3DS3I8A5EZ2P9YZ,True
0782760004,9366106089,2025-04-09 09:50:32.511344,504,voice_in,X2L4Y,"20.726570319494314,-174.88005886190447",A3GDEF2X06OV00N,True
7607069937,1334549798,2025-03-31 09:50:32.511369,518,voice_in,4JGRU,"-86.45109715923604,21.611489452545698",ZDSM3YOMBTGWP3P,True
6192018405,8286924576,2025-04-04 09:50:32.511386,555,voice_in,YBZRG,"-15.07686818685589,-132.07124224250566",J11CIGTIFPB7Y8S,False
9159092660,9362280133,2025-04-23 09:50:32.511403,111,sms_out,CVD2T,"31.55198194844708,56.275086630142994",R0E3VAWIX4RA1W1,True
9147235429,0336938826,2025-04-22 09:50:32.511425,856,sms_in,PU9YR,"47.49900873572278,-95.4526939963915",NCNHHJDVO5UCI6A,False
7264436191,1250673427,2025-04-08 09:50:32.511442,132,voice_out,A5DD3,"11.281551269513798,77.96525245910118",XA7M8CRN1GF4YF4,False
9582880365,2148631366,2025-03-29 09:50:32.511459,1000,voice_in,WNT5R,"72.2022139908699,140.24810195867792",DF2WZ7D9PKM68KR,True
7691973484,1337040051,2025-04-06 09:50:32.511476,560,sms_out,6FD1C,"-30.47447928124833,71.97772315092337",QLBDE92KRBCBPCD,False
9357817995,8493678127,2025-03-31 09:50:32.511493,561,sms_in,EA0NG,"85.55712205981325,9.431032323782773",F2ZB66X1LVSD73L,False
4669620061,7400703992,2025-03-31 09:50:32.511510,167,sms_in,J4ZZU,"86.12541089937324,-2.1049075872790013",KHEXCZODEI6ZK00,True
8095493334,5116362102,2025-04-04 09:50:32.511528,406,sms_in,TKQ0U,"13.579519893725305,-173.79031539675913",U68YU5TNT7NKVJ3,True
0932993397,6202392416,2025-04-10 09:50:32.511545,672,voice_out,DS1LF,"-88.77696435920265,-4.01152716555535",VB0QS6QK4SG376Q,False
8101365533,5678429358,2025-04-12 09:50:32.511561,172,voice_out,TSL7E,"43.64958210465309,169.16396841681677",J4JPAFM902Z0E2X,False
4835145174,0044044140,2025-03-29 09:50:32.511582,531,sms_in,APTTY,"76.80399636894234,-66.12270717736071",GTT47KFYN5I1YLQ,True
6870247825,7547694744,2025-04-20 09:50:32.511599,755,sms_in,LGI5A,"-82.62263725115801,-146.26323562763093",JJ4ULTUUCP8HQDM,True
2494239985,9721369867,2025-04-21 09:50:32.511616,905,sms_in,EDUH0,"-47.026944063513504,77.5928199836967",6ES16U1HD91E20A,False
9102287322,6047552113,2025-03-25 09:50:32.511633,462,sms_out,A38D8,"85.2167763601704,61.05229596848383",SNIYAEBYIVCLSG7,True
4418447893,5337792640,2025-04-22 09:50:32.511653,318,sms_in,WBQ4R,"7.5600948140992585,86.20547623662424",DWR7J77ILFLLY03,True
3022287264,4836232043,2025-04-01 09:50:32.511670,1151,sms_out,YYL90,"-72.85005226899824,23.89507842449663",E9VEAKLCUH9VCS0,True
3393826299,0692187397,2025-04-23 09:50:32.511687,759,voice_out,5G7SZ,"-66.54298267803657,134.68764607641293",ZY6BEA37TYULE16,True
3767875592,8346077843,2025-04-23 09:50:32.511704,1124,voice_out,RA8RG,"-0.5089189689661708,146.19228878382648",9HVHAFMXW8PGLD4,True
5034441788,1061565360,2025-04-20 09:50:32.511721,250,sms_in,8XCTV,"-44.69669723331617,139.90321575732713",96DG9CB61ZEM224,False
6098149382,6479250195,2025-04-06 09:50:32.511737,694,sms_out,2DSPS,"-27.564461493582193,133.48038613518275",FOX0PUH43K0VDGI,False
0068446848,9321114996,2025-04-23 09:50:32.511759,760,sms_out,H9TLL,"75.51710246203584,11.533298142802977",OWV34KPYSOZ7XOY,True
6134443685,2973959821,2025-04-07 09:50:32.511776,966,sms_in,BSWZT,"56.94364447452213,-129.28568956855298",JNPRX3HFIB4J0RY,False
9334040553,2058785714,2025-04-04 09:50:32.511792,202,voice_out,NRPTW,"-29.697597608660807,-157.54498605162493",3VMOBM0DJKNJ21Q,True
6646507718,3420631515,2025-03-28 09:50:32.511809,1199,voice_in,R8MGC,"34.112960132836264,-149.57278275972914",SL6CIGXVJQMMJ7X,False
6765106389,0716020390,2025-04-22 09:50:32.511830,173,voice_in,08VH0,"79.53612374185604,-158.51592014393063",ZTBWLZVR7U9SZ6R,True
6282664423,1757459245,2025-04-18 09:50:32.511848,512,sms_out,20UZH,"28.21794146506697,81.93711288750256",Z0182BWIXLEGA5B,False
5537608867,9089738914,2025-03-25 09:50:32.511864,786,voice_in,1GOUR,"33.3511718980249,-2.050750711016434",87SP61GO7DGLC6X,True
3541727901,5653864617,2025-03-25 09:50:32.511898,1059,voice_out,H2QYL,"47.65067862823079,-163.74502707560052",KWHYMHH5JTG1VDK,False
7517923416,4846281915,2025-03-31 09:50:32.511931,639,sms_out,CRSXJ,"49.087375032717745,-93.25616763582413",Y83N5PAHP48G5H9,True
7035804384,3822847731,2025-04-13 09:50:32.511961,582,sms_in,TQ37W,"-72.91438439681228,88.85334695522062",CBT4Z8BI43PS5OV,False
4346051243,8016270280,2025-04-08 09:50:32.511979,204,voice_out,BH7PY,"-64.819161145904,-77.41151071464671",BXYNUOLSH8D4B55,True
9023449015,8402293867,2025-03-28 09:50:32.511997,254,voice_in,2ZCZ7,"12.133224261731655,-51.61398604447919",WMQ1Q3TIK4JGJRC,True
0007182606,4436389877,2025-04-03 09:50:32.512013,187,voice_out,4O1NX,"-32.27282125998371,115.08004121406981",WZ24FH7WUFLYW2R,False
2218797604,4848147542,2025-04-19 09:50:32.512041,159,sms_in,JC3BC,"78.11777198059383,124.61115384700793",OOQR089ABKYK5TD,True
9628727519,6034872233,2025-04-11 09:50:32.512069,116,voice_out,T7OK4,"43.94054559550506,-144.40697777466167",MLKO1V9AZCTFYJN,False
7032185435,3188541628,2025-04-13 09:50:32.512087,685,voice_in,7V50H,"86.74523740198771,121.58673119980438",EXIB3BLJU46XSC8,False
2681443886,9574516858,2025-04-11 09:50:32.512104,241,voice_in,1C6BR,"89.83323771620303,-161.01025235661714",LS6ARWK4KX3CH39,True
1864822139,5114016884,2025-04-03 09:50:32.512121,309,voice_out,6Q9UQ,"57.457725262285635,-127.08177064505162",CG693ZQRC1HXHG9,True
5375468422,3423476498,2025-03-30 09:50:32.512138,1121,voice_in,DS0QO,"1.7027029354501622,-117.4917610478597",TE098TGC1W2TW4Y,True
9278170123,4268108776,2025-04-16 09:50:32.512155,1134,voice_out,OW2FE,"51.58931395854805,-149.1031982440046",ZIN1B7ETC8TA9NH,True
4897220563,6456440459,2025-03-30 09:50:32.512199,209,sms_out,T60SC,"-11.479556278307257,98.75596740478198",JS061QCMQ0J3VUV,True
0097796433,7593970706,2025-04-07 09:50:32.512227,225,sms_out,R2VQZ,"-76.65288456535673,-23.642303146877254",D4JLN0MNCP64L3T,False
3493060202,8202031060,2025-03-31 09:50:32.512254,38,sms_out,C62R8,"-80.07191390799154,3.579801678929499",CIZ9G6CJ9NA4Q21,True
9504512097,8226064296,2025-04-11 09:50:32.512277,127,sms_out,0SEZZ,"-29.22980050373714,85.57000702457646",S4LMG2UTCAUSD66,False
7801539851,1503036313,2025-03-31 09:50:32.512301,430,sms_out,1UIX7,"-50.41873497777293,-10.650568452953564",0XOZS9LT2LNH13C,True
6455739904,3114281289,2025-04-06 09:50:32.512323,639,voice_out,QTTD3,"-17.245781960346335,-31.783070511664533",ODXOL7LFMFF6L40,True
5982443708,0263675114,2025-04-07 09:50:32.512343,242,sms_out,7QBI8,"-0.6985719077664783,-103.97469059727223",FU9YICRUIHUFQSX,False
4200204651,4837076431,2025-04-12 09:50:32.512368,690,voice_out,0CP3Q,"59.726471684111516,6.208632050562443",4SI32FC3L0B1CPL,True
2972653404,8020369569,2025-04-21 09:50:32.512387,498,voice_out,T9YFQ,"8.086181960446623,-88.86746107850443",ZE19WFLXR9ZYOC6,False
4807793267,0048902874,2025-03-25 09:50:32.512404,243,sms_in,7URQB,"-45.27540365836917,-75.89506015779347",8UIJAJ90ALDEZAK,True
5586767990,1123358412,2025-04-17 09:50:32.512430,833,sms_out,FGM3P,"-16.17233653306525,116.82219001809477",L7HR263QHCHRAOF,False
2600146494,6069130840,2025-04-11 09:50:32.512454,1008,voice_out,6E7N7,"13.471298097845846,51.134816981763066",4OAHEV7IMUQAITI,True
5910170465,5323787535,2025-04-15 09:50:32.512473,942,sms_out,SMZM5,"38.90990386044456,-61.492356019656",W7CWYGJMLYNU6NM,False
3645778333,8512797342,2025-04-01 09:50:32.512494,784,sms_out,XSOFU,"71.93414956364859,-77.75405076463312",3LWD3JPOV3GWOZ4,False
3668788454,7523568446,2025-04-16 09:50:32.512511,1046,sms_in,CHU3W,"9.445979256745943,87.46035993354076",FCLVTFMGKHM7MFJ,False
1867172515,6408464803,2025-04-23 09:50:32.512527,1160,sms_in,FHA1T,"-17.58278321468225,123.67021063844334",M3H8KRZUVOJ6JLO,True
8170716557,4211156362,2025-04-07 09:50:32.512544,930,voice_out,DPJVS,"34.23541465186008,-72.38672276947143",IH30DZCF95CW0I5,True
4902153520,0848352599,2025-04-13 09:50:32.512561,1072,sms_out,V86WE,"42.76406970497561,88.72964882770589",RSAVJI5CUQ67MYV,True
9395362441,4119220913,2025-04-17 09:50:32.512579,849,sms_out,1YX06,"-15.167293327871079,-7.833687781414653",DLJ8AJSLSO5JA16,False
2868631794,6691252713,2025-03-25 09:50:32.512601,753,sms_out,9IW3X,"31.54781663035365,147.49571941704392",6OHEAGBG43MC7UI,True
2825487489,6666968705,2025-04-06 09:50:32.512618,311,voice_in,5V70E,"-11.646258571206587,27.990868526656755",YPG6STQQJ2BNDHX,False
8340244211,3345595695,2025-04-07 09:50:32.512635,585,sms_in,5JEDW,"-26.225346449067217,-32.088995303493874",N5TH32OA8TXWFWK,False
4187666292,6557669339,2025-04-18 09:50:32.512652,368,voice_out,3H7M1,"-3.768333697235974,-173.7634161710831",KBN40QA1ZW66WHE,False
2524836578,3439013735,2025-04-04 09:50:32.512672,530,sms_out,C0SY2,"7.155798053740597,141.2443839438905",0D4OFF66KWOUY1O,True
2645725675,3534623005,2025-03-30 09:50:32.512689,312,voice_out,XLFXD,"56.80026180624222,92.29352824918573",EJFFRRM9QVCAFB3,False
3465368897,5598913813,2025-04-17 09:50:32.512713,628,voice_out,8TNA4,"14.358456768321105,151.98853976286375",6DEKKNXHG6S225L,False
7189224095,1276960450,2025-04-06 09:50:32.512731,145,sms_out,VK0BW,"11.893338475816236,-65.56889959020614",025284UYQSDVAZG,True
7257031720,5734025004,2025-04-07 09:50:32.512747,65,voice_in,EKKKY,"-43.379966334884465,57.15473179526606",NK4HJGZTR2LT1QB,True
3265866975,4772022667,2025-04-18 09:50:32.512764,110,sms_in,AEDS1,"51.2982427496604,143.6990134311742",S0L5XQHSW3OIL1K,False
5355419654,4146935575,2025-04-05 09:50:32.512781,167,voice_out,9RQBP,"3.7578246516382308,93.75877576169353",9UVIABK3499M2QK,False
2687177782,7197714207,2025-04-23 09:50:32.512797,1131,voice_out,EU7XN,"-88.4283414051382,-47.73583006379667",TDQE530AG6G38L4,True
9043873298,8009882461,2025-03-30 09:50:32.512815,408,sms_in,4C3IP,"41.2805364763222,122.9814143179828",CUJUU5OM8QD1UHC,False
0535958128,5936160699,2025-03-29 09:50:32.512833,891,sms_in,EGBCU,"-4.518954457742765,-129.32939813347735",P5CJ7EDY6ZLI6J4,False
7523755931,4511686599,2025-03-27 09:50:32.512849,395,voice_in,FUX55,"21.43956284650075,-41.5477003576143",CG6TC455APYREWB,False
9496496861,7020050983,2025-03-28 09:50:32.512866,134,voice_out,ZHTB9,"2.1478159804832444,22.7015303282424",UJKYK3X5CPE0ZQD,True
6101688579,7560972132,2025-03-28 09:50:32.512883,88,sms_out,9RUXZ,"40.64862871937996,21.903179388794058",YM58ED30AC2ED87,True
2535208168,1233555389,2025-03-25 09:50:32.512900,421,voice_in,54W5V,"-47.21182428158692,-48.90890001180054",VPKVBTC9MUYDTZT,True
9659097767,3441215601,2025-04-08 09:50:32.512916,43,sms_out,K2R8R,"2.309682124529715,125.05034258134037",I4BNCIXROMZGIQC,False
1450601144,3460389018,2025-03-31 09:50:32.512937,681,sms_out,D8G7J,"-60.788572317836234,86.00655800315201",FP6ROJTI9LDX9HI,True
8228326641,7888173646,2025-04-21 09:50:32.512955,76,voice_out,H3YN7,"-22.037123690449945,142.7104425913842",M5TTET7M3NMUL1G,False
4118888831,9192191411,2025-04-18 09:50:32.512971,53,voice_out,ZVWA2,"-6.0759409971238085,114.12066959937732",CG136D7CA98YJAL,False
4515216272,7030605657,2025-04-03 09:50:32.512988,338,voice_out,RZ3RS,"-83.66955605274856,-44.62047170032747",P9LIMRS6PNFE6P6,False
3831098205,2374518797,2025-04-01 09:50:32.513005,1117,sms_out,YXIOJ,"-83.28470037371365,104.4579082714589",CSTEN82IM63AYHC,True
5301223003,0017436965,2025-04-14 09:50:32.513025,95,voice_out,BY3BW,"32.58684106126374,148.03740212813074",T5RDWH5I8WP9GCT,True
1932372035,5880847218,2025-04-20 09:50:32.513044,393,sms_in,511EC,"42.51886651743567,154.01547156659603",D0TR3KM2SDL71YX,False
1830201671,6161345506,2025-04-11 09:50:32.513060,612,sms_out,G8F87,"4.707103081579646,-57.89458596563364",K9J5P8A59NS97HV,False
1094694213,9877062914,2025-04-09 09:50:32.513078,707,sms_in,Z01XY,"43.86239178540626,69.83611021699596",BWCRGB9NIETXGDB,False
6610195652,2714164575,2025-04-12 09:50:32.513094,321,voice_out,R2KMU,"-40.992842167284714,41.88396952814594",I0Q1B90B7T79M4Z,True
5710980888,8961008434,2025-03-31 09:50:32.513111,69,sms_in,LXW2U,"-82.07143498210473,177.93652769474943",6GDAXSDZ4GGQYJT,False
8589710735,8002638990,2025-04-14 09:50:32.513128,119,sms_out,9NGTU,"21.280576552871892,-92.19499551057152",GFIIDKH8EHSTL8D,True
9784686796,6010999911,2025-03-28 09:50:32.513145,350,voice_in,39I3O,"-61.73636266719656,-38.62191094301255",6779LA67U110YZ1,True
5249909841,7387777388,2025-04-13 09:50:32.513166,141,voice_in,T4YYI,"18.36630393394249,153.95142649509967",TLUWU3OL3UUOYSY,True
1277971195,1644875835,2025-04-15 09:50:32.513183,93,voice_in,8ONC4,"-44.38728579132149,-114.6052640502639",MZAQLLZY00UHYDU,True
0633021433,8464505560,2025-04-11 09:50:32.513201,706,sms_in,LY6Z4,"-32.66533659181303,156.97078428015698",1HQEI6X8S9W0XAN,True
4387531757,5621955080,2025-04-14 09:50:32.513218,51,sms_out,5JDKU,"59.63253630863301,52.20831986703155",ZRSBVUPX3F5R73G,True
0857024955,5365017351,2025-03-27 09:50:32.513234,605,voice_in,PB546,"-44.21840843811309,100.10664076573613",72WM2GG4HURW7EO,True
5825472761,4932293619,2025-03-30 09:50:32.513250,751,sms_out,1IXON,"67.56081276590407,83.91034278784821",0HRRRHSBC64JB7H,True
4887918834,2533622914,2025-04-15 09:50:32.513268,173,sms_in,705JY,"81.654017971234,162.0025063459857",67ZJ451S98FOAJV,False
9488885057,8794007791,2025-04-04 09:50:32.513285,655,sms_in,266WX,"-16.997920099680528,-9.774982492492882",8SGAW6X8WK04ICR,True
8067716195,6177204618,2025-04-18 09:50:32.513302,625,voice_out,ZH96D,"54.65763759823872,25.33471278449005",BDSFRWJHU6D7F0H,False
7508435548,7067405019,2025-04-10 09:50:32.513319,81,sms_out,06VE4,"-21.214933543381647,135.2280033226496",432ZV3WLZ88YADA,True
1114116833,9023848321,2025-04-01 09:50:32.513343,279,sms_out,SAK7R,"62.57795347483585,-6.5836754299243125",S1E7KT8XW37ZPPZ,True
5795492009,3290290346,2025-04-16 09:50:32.513366,905,voice_out,SDRHS,"81.19506121701514,113.20324540095243",5ZD30IUD65Y88O0,False
2701941874,8785667829,2025-04-14 09:50:32.513383,584,sms_in,UH5UB,"62.25544572709995,-85.30540053236808",PTVMQF1W2ROB4F7,True
7391784385,6922959070,2025-04-08 09:50:32.513405,386,sms_in,R491F,"-45.813252413098695,-14.930064079790327",S2W0HOU9KSECL4L,True
8894628047,1239091901,2025-03-29 09:50:32.513422,930,voice_out,D6B7R,"-20.39921264708856,112.43776083937286",9JSUUZIRQHZ27WX,False
4317508347,4638639082,2025-04-11 09:50:32.513442,1001,sms_in,AV713,"22.887082323500238,-19.0404993557041",UBBLOZL5KSZI60T,True
7710422772,1167071109,2025-04-14 09:50:32.513460,775,sms_in,S31JQ,"-76.02313352347726,143.81472201022922",F1PFBQSXRYMOCGI,True
5637712534,5302440878,2025-03-26 09:50:32.513476,354,voice_out,862AX,"65.88560932510822,-137.15890873376105",8NIMN7SUF0MUKAU,True
5201370500,8381140370,2025-04-05 09:50:32.513507,784,voice_in,QJSTZ,"-21.45587510628532,-50.026741309336614",5NUM7FDW1Q21DG8,False
6774015427,2549090274,2025-04-05 09:50:32.513531,705,sms_out,KB59G,"7.715087069471835,-100.22803761949642",FPX83XSJB6HJR7D,False
6930749133,4513026977,2025-03-25 09:50:32.513548,1058,voice_in,0ZYWN,"-34.82661380441375,150.79764355976823",392QAI3P6AWCJII,True
8479809661,9460879838,2025-04-16 09:50:32.513565,859,sms_in,VQ7GY,"40.22837731230345,-157.3399036689745",ZK33KAGZPNRBF0S,False
7640019589,6343172372,2025-04-11 09:50:32.513581,1111,voice_out,EO64Z,"18.400834447472462,108.86683307512243",D6SE99Z2CMSPSP9,False
4257084710,8143471999,2025-04-06 09:50:32.513599,1006,voice_in,TD3XB,"-58.89482903482686,172.03078582994613",ZY4NWGTJGXT63NW,False
7391183163,3757919928,2025-04-15 09:50:32.513615,220,sms_in,D3N6V,"31.474067484195785,-13.02406815667257",NUYCYJ6R0WRI3DF,False
5876816622,4542711982,2025-04-10 09:50:32.513632,1068,voice_out,NQF5I,"-79.38366603925601,-83.52246625264398",2PFJXXX44DQXOMU,True
0697350640,9568116772,2025-03-26 09:50:32.513654,677,voice_in,U6R3V,"54.33151549339212,33.95814168978495",D0W9U6EKW7Q83T1,False
9475232894,0525387015,2025-04-13 09:50:32.513670,1194,voice_out,1N76I,"14.262674713870425,-84.97051636853276",EYD339K1BDXS5UK,False
3773198329,6210374865,2025-04-11 09:50:32.513687,1197,voice_in,EZOIK,"-11.607922188759076,-171.81981512499274",TZXPY8EJGMCZ97G,True
8163673323,0617597916,2025-04-10 09:50:32.513708,761,voice_out,ATYWX,"63.254871267988904,78.37142809240419",0RKS6VAFKBSCMZT,False
7706241079,6404570709,2025-03-30 09:50:32.513726,236,voice_in,CC0FP,"-38.20931145335718,175.3784586377916",B00MJOTUYO3GWMT,True
0572548890,2350452342,2025-04-15 09:50:32.513744,746,sms_in,6Q7TF,"-55.89229605766683,151.38410695610924",F45SMY8TEJMASEW,False
6665760756,5705560190,2025-04-12 09:50:32.513761,924,voice_out,ISDHL,"-62.37665594833153,108.36554920656681",6T4IISM9WAJRYSA,False
7939696222,4881060476,2025-04-14 09:50:32.513777,476,voice_in,KG8S5,"74.40057757694746,-11.173903598558525",50U60YTMM4PVH2W,False
4406461589,1519911963,2025-04-20 09:50:32.513794,1082,voice_out,0S0B6,"-12.567391788051694,-102.92107463860565",CTIYGI84O5RC6VT,True
4488073052,1365782735,2025-04-19 09:50:32.513810,55,sms_out,MIXKW,"-86.89830966521814,-64.11453001085785",NO5HY7DOTTXVG2B,False
9732220261,9848488492,2025-04-01 09:50:32.513827,588,voice_out,3K2Z4,"-7.988367330708925,-15.098584735951874",MRLE6TPU661DY0Q,True
0447400156,6357814518,2025-04-15 09:50:32.513844,1139,sms_out,22QD6,"76.92611194926116,40.55290584031192",ZPQ8BYMTU7RWL82,False
8922673677,5865141271,2025-04-21 09:50:32.513865,354,sms_out,ARR7B,"-86.68214780188879,117.20357920227349",U2Y4JWHKS4NMZ9F,True
3378499121,0451167468,2025-04-23 09:50:32.513882,1143,sms_out,KCZ0H,"-49.03881049249146,121.093120184248",DH3CVQQH1WAP5T1,False
4734312375,2286569843,2025-04-11 09:50:32.513899,369,sms_out,C8541,"-88.3026786586721,57.14628857440968",VD8FTVZOFTB5XUK,False
9486821482,6340818306,2025-04-05 09:50:32.513915,90,voice_in,LXDLA,"-78.48971561278752,113.78276603340106",BOQO1VO7N4MLVM0,True
0434863144,1115883721,2025-03-25 09:50:32.513932,68,sms_in,58WAS,"76.9892328204894,159.6144417280767",VVKVVZUPWZTKPTB,False
0429314957,9980613321,2025-04-17 09:50:32.513949,591,voice_in,RTJWA,"-1.0208134743106427,154.38397042430142",OYJI16PI46SRTK6,True
3202536189,5632384483,2025-04-06 09:50:32.513967,49,sms_out,1QR0P,"-72.05191405918568,103.63870363858871",1G703MZ9XWHLVW1,True
7927012307,4134383876,2025-04-09 09:50:32.513984,276,sms_in,EC9WE,"-35.82015362333734,-9.495515608765658",G95QF591C5BWVBZ,False
9051821151,1745337097,2025-04-10 09:50:32.514000,507,sms_in,DXLHE,"-39.832673314219676,127.99294663535437",6S0XF6FHQE9SQNJ,False
5317877725,1349701030,2025-04-14 09:50:32.514021,987,voice_in,OBQRD,"23.96767725608389,-119.01120396394886",ODSN7THNACYF5CG,True
2155125312,0694256843,2025-04-04 09:50:32.514038,791,voice_in,AXU6G,"-13.814699364752286,3.485487008927066",2M5LO96Y7QX4JTI,True
8563942160,9573650422,2025-03-25 09:50:32.514054,207,voice_in,PD2A2,"-45.89583653180276,24.45633381048117",MPN88KL2D772L6D,False
8769508478,5637236239,2025-03-30 09:50:32.514075,573,voice_out,TJKNC,"-77.73368374988067,84.81890960496975",2BN6PUIDBJO10J5,True
4760309707,7391409870,2025-04-03 09:50:32.514106,1111,sms_out,Y7XXO,"60.90056069826471,63.41837729027972",9FZPO2S9C7P3XAC,False
5687665890,4053698305,2025-04-05 09:50:32.514137,806,voice_out,3Q46P,"35.57806462300793,161.44231560752547",FFFY1TKB2FLXOAI,False
2785135335,7377936670,2025-04-01 09:50:32.514167,662,voice_in,XCUN8,"-28.11934565215296,64.3485179221986",PQNHJMNB1CZ7I56,False
6683387535,0046566414,2025-03-26 09:50:32.514190,515,voice_out,11PYG,"87.80393926979968,-167.5315637746436",K2Z46MOP8FP68KD,True
7834101289,6277475111,2025-04-03 09:50:32.514207,479,sms_in,Q0IN1,"64.37281197031749,-93.8626847032672",LCGN8SFRAQODAEU,True
8152625248,5599238541,2025-04-07 09:50:32.514226,864,voice_in,7W6Z8,"-47.36857111615925,67.30778919020315",FH3QLZK0T0WWPYZ,False
7526361309,9169342299,2025-04-13 09:50:32.514248,786,voice_out,BHQON,"27.49775391497039,113.4331248348239",EPZX1AKYPRT6UC2,False
2377432492,8537662281,2025-03-26 09:50:32.514265,442,voice_in,E1V1X,"62.75590643131821,111.37747727703515",MFBLVNX8HZGA7L1,True
1963922499,4796748062,2025-04-03 09:50:32.514282,348,sms_out,YEBBU,"75.86859622072177,-147.5046944143266",L1V2UNV7YBEFKT1,False
6539376743,9864197315,2025-04-09 09:50:32.514298,958,voice_out,RE8Z1,"12.405591788116183,-158.51403529051413",ZHVDQPEBLYHABHF,True
7476282207,5841019621,2025-03-29 09:50:32.514315,659,voice_out,YYCV7,"29.91262419158106,-101.19752550005161",CWJQ4CSKJ097TXG,False
2762768155,8282605586,2025-04-09 09:50:32.514332,478,voice_in,46DER,"-86.5650399267132,-21.730038542089744",F8HSFQ9RFJRMKBK,False
2567521204,8420711977,2025-04-17 09:50:32.514349,699,sms_in,HYWF1,"-25.52363625701301,130.46232739970634",Q4SZ5FP3GGQBR7K,False
6160027348,7110826076,2025-04-09 09:50:32.514370,566,voice_out,GPPK8,"10.817651699835196,-45.30379167270695",7EZKIV7X1C8HE7C,False
0553633404,1009442074,2025-04-19 09:50:32.514390,911,voice_out,7RL34,"17.069202809807393,-148.86571465028356",EC2RZIPHY3OIYKM,False
5507758368,4295036745,2025-04-11 09:50:32.514407,299,sms_in,M7KDA,"-62.25438077864602,90.69967023707767",CFUYGYNO9HCFN4U,True
3324660300,8161214320,2025-04-22 09:50:32.514434,350,sms_out,57VJO,"42.32998804183407,-167.36481345400014",7R0STPBWGDYH5JV,True
2106316545,8913900485,2025-04-06 09:50:32.514452,1036,voice_out,ZV51L,"-35.92360205581017,55.87684580721515",PWZ6QVYXEW2NGND,False
0446341629,4643647366,2025-04-19 09:50:32.514468,525,sms_out,0M892,"-62.79741484532616,-87.91995627217652",RCD5O1MWS4KLF5Y,False
8304469549,5077504286,2025-04-08 09:50:32.514490,728,sms_out,N5TQ1,"-14.372999527979715,-154.37432472367422",OMVI049RR01D51Z,True
3763934887,5807494940,2025-04-06 09:50:32.514516,235,sms_in,63961,"-22.04130032507338,-174.37870657511436",OGQILO850CF9KOM,True
9265488347,1030943140,2025-03-25 09:50:32.514542,634,voice_in,TWKC6,"-10.108041779818336,-59.62334197889204",I8EF0CECBOOFJ8G,False
9326280624,5567145659,2025-04-13 09:50:32.514570,505,sms_out,G6MPT,"-19.400703614527472,-94.41906092025957",TWN1J5C930HD3YQ,True
5296035428,8544706155,2025-04-04 09:50:32.514598,331,voice_in,U1TJZ,"-12.738013947320454,56.82579806812919",5X5JFMLV5TMA8D1,False
5526945284,3871302812,2025-03-27 09:50:32.514620,236,sms_in,EFZU7,"33.15969031701728,-162.92142490652552",80GYC213DIVG22K,False
1204822030,3454904467,2025-04-11 09:50:32.514637,725,sms_out,9F6VU,"-38.447620065947646,110.47929665465506",I2YUQOYI8246QMD,False
0920262762,9880720271,2025-04-13 09:50:32.514660,1015,sms_in,UMYS5,"37.285584860864375,27.01150890521143",RE88YBN61YZ4H8R,True
8670143660,4771279778,2025-04-19 09:50:32.514678,782,sms_out,Z89L5,"78.27827064027232,-2.5393854897702397",IGZB88LK21DAR0F,False
0271294368,5056221149,2025-03-30 09:50:32.514695,242,sms_in,FDHMR,"-58.8380957647712,-178.26405591826403",JXIM8181NA70J0K,False
4471347944,3838365242,2025-04-16 09:50:32.514711,1083,sms_out,BC6E5,"-28.39609896983906,47.18908238984915",Q95UGX7XG8ASOPP,True
9617777200,0387597895,2025-04-21 09:50:32.514728,212,voice_out,K74U1,"-1.2308860839677607,-148.66199984428346",W12PXS9U3ZTGJA6,False
2497723038,5861477472,2025-03-30 09:50:32.514745,481,voice_in,QW5X3,"34.43042966832925,38.409288289885296",UFFVTEXI5P0YURI,True
4346935000,6335935252,2025-04-06 09:50:32.514764,958,sms_in,1P5M7,"-3.2571104425624355,34.76263951293109",57P5ZQVPLHTXC1F,False
0183107700,1469613695,2025-03-28 09:50:32.514784,647,voice_out,JIJ97,"-87.25271771077138,38.35485767775205",AE7FIWZ738JF0D2,False
6627678647,6272966879,2025-04-08 09:50:32.514810,536,sms_in,Y75LH,"-71.84249416818977,95.9267120903632",CWBF3QWRHPRP8CH,True
9221771672,3164804385,2025-04-06 09:50:32.514833,880,sms_out,13HQB,"-44.11530805133899,152.020391897823",ODN34QK466G0GS0,False
0508731072,2832856636,2025-04-12 09:50:32.514850,1024,sms_out,S2C1P,"76.33500704669538,114.12931217162247",XMAZ78Y108B0VIA,False
1041233656,5387323944,2025-04-21 09:50:32.514867,793,voice_out,Q2GRA,"-57.10216192896712,-23.092846800306546",NRU6HOFMINLYK4W,True
8213600082,9477490965,2025-04-12 09:50:32.514883,170,sms_in,6KV5Q,"-54.982751206467356,54.26997361652721",OFQQWS1MYLP5TKH,True
2500666545,3617244953,2025-04-16 09:50:32.514906,463,voice_out,22FLJ,"-61.194706176366594,-125.75408455470298",9HQ40AMU0HUUX8K,True
1712820347,1834198393,2025-04-07 09:50:32.514922,266,sms_in,UKFAH,"-86.44568424426052,124.20191161739302",3BIZTGY07IB9XD4,True
6399378044,5268598392,2025-04-17 09:50:32.514940,827,sms_in,0HAE9,"-10.068251601044366,177.63363896019865",8BONM3FWDK94ZOW,True
4049038328,1221823245,2025-04-03 09:50:32.514957,513,sms_in,37MJK,"19.29917959662599,-82.34607482713307",POQHYGC4G7GRXUC,True
4858711295,8573107222,2025-04-13 09:50:32.514974,997,voice_in,6OCST,"10.456266241557358,-47.7430351843131",JUNTQH1KKZEA19F,False
6205641945,1291165216,2025-04-05 09:50:32.514992,653,voice_out,LEUBL,"77.40282094246993,-70.86659282663314",4Q20BS6IBNO2QBL,False
3516717949,3331314599,2025-03-29 09:50:32.515009,504,sms_out,73QBS,"-33.203716541258544,-38.75998348024609",SHHBKMLLR5XZ3US,False
0030822658,3197915797,2025-04-13 09:50:32.515026,353,voice_in,EL301,"45.88778717817215,-8.436187404686649",BZ0MPF7M42XC7BK,False
0705289430,2597248557,2025-04-15 09:50:32.515042,977,sms_out,PKSRI,"80.42004646213877,123.87644147973703",E9Y3JZ2BKTKQO6Q,False
5084740593,5168240502,2025-04-14 09:50:32.515060,496,voice_in,5OIK0,"31.73808832088909,-4.512719561077745",UK45KHINWFG78BP,False
3262002631,4035403366,2025-04-22 09:50:32.515087,330,voice_out,TIMZN,"58.873273686427694,-151.51737075053097",LXUHNICO8R98ER3,False
3861887841,2825393521,2025-03-29 09:50:32.515113,614,voice_out,P9NMO,"-21.06284250658706,166.50372516506673",Q5U6BUMCIRGF1OU,False
6426070043,3627572595,2025-04-22 09:50:32.515154,341,sms_in,9JYG1,"14.675530855434602,-65.0737362667216",WJREGW1DWXW5H5S,True
3959232614,4305400730,2025-04-09 09:50:32.515191,674,sms_out,1I8TT,"26.81706904259009,6.090838252811011",8J08JABBI5L9X9L,True
2505810394,6631788200,2025-04-20 09:50:32.515220,964,sms_out,PNB47,"-8.196060337860331,32.14827671005088",28KVZY80L68B4JY,False
3805678479,8832271159,2025-04-22 09:50:32.515251,503,voice_out,AJZF2,"70.06871526849233,106.5632902619979",8KTYCCH1LRAVM3J,False
3094350401,4974636349,2025-04-03 09:50:32.515282,692,voice_in,SRQWP,"-68.59229532266738,119.0086537338529",7REBV75XE4DDV2Q,False
2705228154,4516766338,2025-03-27 09:50:32.515305,674,sms_in,9TS5N,"65.85361381601692,-65.36254210557637",8ON5L5CZBOXAAWJ,False
4752716425,9543741108,2025-04-10 09:50:32.515325,1180,sms_in,Z9RVG,"-73.74771768757235,-88.27371571382209",8OOJZ6E9HIZPK54,False
7972526295,8090707818,2025-04-09 09:50:32.515342,755,voice_in,UT6HU,"61.96350358607933,-55.839394694336406",GCEN6A6LB78ECDN,False
7938238926,7907198947,2025-04-12 09:50:32.515359,78,sms_in,F0WTD,"-53.699216673519004,143.96155798166387",IQJR5L38DXT0WZW,False
5306074793,4626467005,2025-04-18 09:50:32.515375,618,voice_in,7841Y,"-65.29823520236633,-107.54178018478595",APOXB4A3CBIYHWM,False
0770557708,4459964675,2025-04-17 09:50:32.515393,798,sms_in,J6PK5,"81.99721726162718,86.90745004231047",JEOA4N9JHOQOOV6,False
2170477456,8787733597,2025-04-16 09:50:32.515409,497,sms_out,3PP1P,"-82.25284591537593,-42.502677289885526",RB5LU9OFZSDPGOX,False
8836973929,8940412443,2025-03-26 09:50:32.515426,755,sms_in,QTAEQ,"49.47882014204069,-115.90933685323358",CGCNHVZUCZKQRUN,False
4183751580,2346873568,2025-04-22 09:50:32.515451,728,sms_in,FTPK7,"7.6619695725570836,175.23237636301963",573OFNVGHC87PXG,False
9864657050,0068920611,2025-04-13 09:50:32.515468,359,voice_in,5GMDH,"-45.67694518941569,-103.7320704493079",VKZYT6OYT5F9SR5,True
9787196490,0641845093,2025-04-10 09:50:32.515484,264,sms_out,T33WN,"-89.88044717519907,43.771313045760735",ZJZM2IHATST3UC4,False
6367740233,8630850466,2025-03-30 09:50:32.515510,369,voice_out,4A5EV,"43.289914021087895,130.84825938676852",L3TUFL2JF40AR10,True
1113192499,5232114486,2025-04-07 09:50:32.515530,138,sms_out,R9WZ3,"82.66733012939551,-41.29075059108348",A9RC89GFPOEFKU1,False
2950992645,8911227800,2025-04-04 09:50:32.515552,281,sms_in,9W6SM,"25.89948101785076,-70.12504065409146",9G7U5ZKYWJEXYXM,False
5234857793,4150249229,2025-04-17 09:50:32.515571,731,sms_out,8MZF1,"-44.02842694408469,157.396215068787",BGF3AZXKIRCRDEB,False
1698080138,8841834127,2025-04-05 09:50:32.515587,403,voice_out,O3HNE,"-88.4849344577503,177.25590596445608",YV74YHM71EOJW3G,True
4735852317,3385201702,2025-04-11 09:50:32.515604,675,voice_in,HGZL8,"58.75876587676672,-149.1978189554445",8Y43MBLEMRIXXI9,True
9219187073,0010309439,2025-03-26 09:50:32.515620,36,voice_out,1LTV7,"83.39914634024521,-45.37650047713856",S49MM3TVPOMAPXM,True
4428985958,9771111842,2025-03-27 09:50:32.515637,1100,voice_in,H1FA7,"-48.282512469192,-34.65671274617523",RBG19JO4FWXBBL2,False
6901555401,1210632188,2025-04-10 09:50:32.515657,842,voice_out,ZMWK9,"-74.0850173681582,-46.21069290059191",MY9OSSJ6MZ6KJ0I,False
5444755119,6321585883,2025-04-17 09:50:32.515684,289,voice_out,1E8QL,"-63.51108209219297,-58.75234507796917",R0U74Z2ECCWZHAV,False
1310064111,8290378067,2025-04-15 09:50:32.515723,914,voice_out,YZ85Z,"-0.9520953102991143,-74.26870605883154",593A6R1OYQG8PHN,False
9293256217,9287807055,2025-04-14 09:50:32.515743,846,sms_out,5S4ZW,"-35.51236424653501,179.14116269747348",84VEUS8W2DDIP6X,False
8825894733,6300642639,2025-04-16 09:50:32.515760,395,voice_out,E1XQR,"-74.57366217570852,-85.6957419105761",UTFHD7AGBELNXSE,False
9890700653,0598259499,2025-04-10 09:50:32.515778,233,sms_in,SAAZ7,"18.601237982518313,148.26947926270788",WLA3XQWIIA4UJPW,True
4544123069,3459723794,2025-04-17 09:50:32.515805,907,sms_out,61LZC,"2.5322861152719724,162.44198918769013",6DR0K09VBU9KFP6,False
4249189747,7228422220,2025-04-09 09:50:32.515834,219,sms_in,DER2W,"-67.04001660283632,-173.48159448637574",6DZ1R4TREUKWRVJ,True
2730767753,6129029249,2025-04-12 09:50:32.515868,889,voice_in,W447H,"34.49166422153647,38.728864040465965",S78MRI08SH2Q76F,False
9899787651,8864434122,2025-04-12 09:50:32.515898,914,sms_in,DE90W,"60.93702420809444,-133.84259636482014",BHR15E5H5240AGN,False
1256849643,5177105977,2025-04-14 09:50:32.515930,605,voice_in,JJKGE,"15.31171001197987,-96.31498206118245",3OZ7G8STPO6IVCO,True
9454635228,6424640603,2025-04-06 09:50:32.515962,635,voice_out,G9TWK,"-4.269788086655737,-93.96970081505665",SGMNM8FRJ2PHBOU,True
0731891799,4295527386,2025-04-18 09:50:32.516000,33,voice_in,BKVHT,"-10.519556111640085,-27.551539765909126",N8OBLUT8DNUNXWD,True
2714108325,2465514077,2025-03-27 09:50:32.516031,829,voice_in,6ENSZ,"-57.836572161776154,43.983399818605164",UF8QWJ6A08QJRE8,True
7916168857,6936454625,2025-04-03 09:50:32.516062,1022,sms_out,CLGKV,"7.283562874970897,164.14211141222665",PMQ6GHZCT03NT68,True
9269326812,2390744379,2025-03-25 09:50:32.516098,519,sms_out,5928Q,"-2.6602981380261497,11.726140004571903",ZHM4PVHQOH33Y0G,True
3385036593,3654014782,2025-03-29 09:50:32.516128,901,sms_out,9U7B1,"-8.833064327713132,174.31304201348354",0SVG1QBV53ZK3CC,False
6979731391,6145664782,2025-04-03 09:50:32.516163,395,sms_in,GA0MU,"29.265031773346095,-10.959937631150297",VPBWGASUB3Q2XVS,False
4446590608,2728179573,2025-04-22 09:50:32.516209,208,sms_out,PWUE9,"-1.1228536073368502,46.73234856133766",JCFQVXAQWJNIVF8,False
6196667263,1011049512,2025-04-14 09:50:32.516237,268,voice_out,IHY2F,"-37.46637853712139,-144.8425805354803",YSSRAU5EXDEY4MR,True
9490293926,7862526373,2025-03-26 09:50:32.516266,1065,voice_out,13AYH,"52.63542862511605,-94.46551263782426",7OBPAJF6POHCOML,True
5654497938,1548856055,2025-04-21 09:50:32.516303,201,voice_out,690H7,"81.70588247660226,-141.05880820629983",YJOS56CH1E9DNM8,True
2921150215,1720749548,2025-03-31 09:50:32.516334,679,sms_in,B8O5K,"33.94964437166482,-170.1971762019714",QHVVEE1GELH1TKT,False
9145592498,9157006553,2025-04-18 09:50:32.516404,114,voice_in,ITZIY,"56.66554986101977,-20.9240015705588",D86U6KR52CME1BE,True
9160451247,3039328938,2025-04-02 09:50:32.516436,548,sms_out,IGIJG,"-79.81203002200884,-56.73886199809418",UJDE3WEC5YO4HDU,False
3887623633,2303612000,2025-04-07 09:50:32.516469,768,sms_out,R1E3M,"8.999908323927414,89.4689046551415",D42CV1QAKXDCIHU,False
5395091983,0215681569,2025-04-22 09:50:32.516499,885,sms_in,CPXNF,"13.70611907258693,142.9316820388346",4CPFLHF6YE3BOW9,True
0848781150,7610778121,2025-03-29 09:50:32.516530,540,voice_out,38VKN,"-64.35643206708451,-87.79271969860868",FTT3TGZN61O7MUI,True
7955536526,1835503757,2025-03-25 09:50:32.516569,169,sms_in,SEAJ3,"-15.848621040793901,111.5216650945938",OX333YBG9W3HF7Y,False
4508043711,0075718579,2025-04-03 09:50:32.516600,639,voice_in,41HIA,"28.64617671761718,173.25007669823185",8CVSNQDIV8DA5JX,True
2090652954,9538507407,2025-04-11 09:50:32.516636,928,sms_out,3A6WW,"-28.452668353900926,-66.27366867906039",GLFSVVGH7YDDSYG,True
9074310183,1514013496,2025-04-14 09:50:32.516677,1154,voice_in,U4JCG,"-51.24045239311256,120.18333958740538",3QFY35D38VC11LT,False
0014461054,6661248244,2025-04-07 09:50:32.516708,184,sms_in,ADS4U,"16.888891055938686,50.01780548192286",4GIS41EZ5XZDGOX,False
0796289066,6793381998,2025-03-28 09:50:32.516741,634,voice_in,0G0OW,"-7.291898432219483,30.43362105215047",2TFMFHLI6SREZKS,False
1265918015,0207509783,2025-04-04 09:50:32.516772,511,sms_out,A5HT3,"21.0834403945764,29.93350083856413",EVDAKEVCCEIU8ZR,False
0726156353,9724127649,2025-04-19 09:50:32.516803,1051,voice_in,8ZJMD,"14.296412580517583,2.7517561214386603",YV2B8S97VQPW0VN,True
1195016240,5752655745,2025-03-31 09:50:32.516835,931,sms_out,KA2RZ,"-66.89847815314869,120.71401340490189",7LWUV9EAIUPTSIK,True
0683271834,0718299281,2025-04-15 09:50:32.516866,164,sms_out,0Q58E,"-38.828986173325575,-176.68565743287522",3VFA48F5GT6GBZ2,True
4823183534,5138909704,2025-04-09 09:50:32.516897,1115,voice_in,RL2IC,"50.01244274874148,120.70667719420436",OENVYHUG8YWI3ZC,True
6737738302,6228022374,2025-04-20 09:50:32.516927,311,sms_out,LWCB8,"87.20502356713865,-176.85610887340127",1GBWGQQI9N4PS9Z,False
0182822925,8800217820,2025-04-16 09:50:32.516958,263,voice_out,6WH4W,"-51.00609377368192,-89.74005380374304",1BM6PRZ6S0VNHML,False
8398161418,0810262934,2025-04-03 09:50:32.516990,793,voice_in,BNL5A,"72.95652945635052,-115.25839575773655",O8Z4Q9DIMR12M9W,True
9356259725,1090331766,2025-03-26 09:50:32.517020,616,sms_out,4XPWL,"76.7409405854086,-28.978697453383887",GYHISDNWKYF0MH1,False
5128744321,3720427624,2025-04-14 09:50:32.517051,48,voice_in,X04VC,"-56.526359830838814,139.9545843112291",5LLV29ZCLSGHYXB,False
0046780324,7406054601,2025-03-26 09:50:32.517082,467,voice_in,OTQ7Z,"78.18556640622376,-90.5369799367196",XIZ2094T5F0JN7G,False
0531369296,0965379797,2025-03-29 09:50:32.517114,79,sms_out,5UIYW,"75.24034948393867,-115.44280275159122",8XYR358PLM246FD,False
5702888079,2923333431,2025-04-08 09:50:32.517148,930,voice_out,1YJU4,"-0.1362763497712649,157.97573780952763",C5JK7POP8HGZSTU,False
1806229018,8413862633,2025-04-19 09:50:32.517180,799,voice_in,USQ4R,"-45.533178287979894,-171.29497344404058",FADXFJJDHENRHTS,False
3427834308,4301539006,2025-04-16 09:50:32.517213,1021,voice_in,4SALD,"14.004654401826485,135.83588602179458",SQQABE77HRQYCRN,True
5228967648,2790485871,2025-04-21 09:50:32.517252,52,voice_out,D1RCC,"-82.71300638431086,-119.01647993747648",ASJ8OD9P1MJ4KHZ,False
8563671615,6885502731,2025-04-01 09:50:32.517284,688,sms_in,V8BBZ,"7.788637249321809,86.14476757106632",L57W8Z0AN6LRMKJ,True
3415955922,6978525785,2025-04-07 09:50:32.517315,1026,voice_in,EPQOY,"-81.03793802987352,178.9777303736593",V2Y9C7XZC84JMTV,True
3401369097,4168762968,2025-04-12 09:50:32.517348,46,sms_out,8SU1L,"71.88039588618096,-30.479419945133827",R6MJMGTFXRVJ3X0,True
0632300336,5556581648,2025-04-16 09:50:32.517378,1171,sms_out,COWZ9,"84.57103094019752,99.24631476837754",O4V6Z8TBG0PGO15,False
2214328396,6033730471,2025-03-27 09:50:32.517409,1192,voice_out,4BGZ3,"-80.18925735645722,-175.89908022546103",EZKE4OA9OPWUZ0D,True
9770688836,8039026457,2025-04-12 09:50:32.517442,1060,voice_in,RKNG5,"60.9011592706307,47.152752519446494",0XCMDCPNJH05YNF,True
8889883150,2398917146,2025-04-06 09:50:32.517473,815,voice_out,0U4CJ,"20.595806572200004,23.06999154109303",3WAGKD3PBB8TRCQ,True
2229243025,9939649063,2025-04-17 09:50:32.517504,387,sms_in,ALWG0,"-43.140729765515324,-149.01745481530835",DDDPJTBQY96R5EQ,True
0479024883,9952817205,2025-04-13 09:50:32.517536,1128,voice_out,IFIAK,"-10.054785265463252,67.25732821658013",Q7EUOT0HHGRF49A,False
2739841110,8011381258,2025-04-14 09:50:32.517576,1063,voice_out,PRRWF,"17.665178272405313,67.92248710941229",6802VIHHL06PDOY,True
4698814163,4375799180,2025-04-12 09:50:32.517609,425,voice_in,HPH7A,"-19.688221255122173,-178.84121582307174",CPKD3VRR82GUI58,True
9839824837,4803119211,2025-04-11 09:50:32.517640,471,sms_in,051B2,"16.375965748322557,49.059845531761766",M81SQ2C8IU2XYM2,True
4935642554,0071504027,2025-04-12 09:50:32.517673,576,voice_out,AXW73,"50.544728825529546,-77.97704396494186",LMRJ5USSIF3P7RG,True
2861179009,0022439694,2025-04-17 09:50:32.517711,184,sms_in,1B53I,"-16.567464298156438,-92.59596507068011",1947GON5XX3CAMY,False
7246830141,2176744148,2025-04-17 09:50:32.517742,926,sms_out,8QY4X,"-68.20944655274461,175.8473367389186",S69UTO4BKNLQ9N7,True
2273016222,9610639290,2025-04-19 09:50:32.517774,1130,voice_in,Q5UUQ,"0.19465620188059063,144.48735047553862",4Z95UA6W3EYQXA0,True
5808783300,3529193264,2025-04-07 09:50:32.517805,390,sms_out,QQ1IB,"25.21037379681455,-17.649407609590583",W7OK6CPFM3JOGDD,True
9473904956,5594457645,2025-04-19 09:50:32.517845,917,sms_in,R04NF,"-78.7306337840082,-34.41627998113941",BKD64UF272S54I3,True
7499024076,2424471490,2025-04-01 09:50:32.517877,674,sms_in,G8JHX,"40.250454055458675,-70.75390915596113",ULD0QJB41MOFXX8,False
0235987318,0053383400,2025-04-17 09:50:32.517910,516,sms_in,ZYEVA,"-60.0053169502123,-112.86622910104322",0FGLNCWZVABMH9F,True
7040872958,3204659786,2025-04-10 09:50:32.517939,811,voice_out,2831C,"0.09732972675253393,91.94161884680307",9S671X329D0UGW9,False
7836250667,0320933944,2025-04-20 09:50:32.517971,992,sms_out,UY0HA,"73.37881263920909,18.79414064117384",19SPE0ZL7I8YZBI,True
5449870754,5896172715,2025-04-14 09:50:32.518004,91,sms_out,D22MA,"-79.57590796205415,52.2715120429219",HIZ353JH8MS5YL1,True
1361727365,9993112101,2025-03-31 09:50:32.518036,1184,voice_in,QW8U3,"82.37794578646938,89.1316297082476",RVVXT7TGNAVPO0P,False
9527369716,1504923980,2025-04-06 09:50:32.518067,538,sms_out,INU45,"3.275006454315019,-28.227291635654012",O5BGP5RV64IZ2UX,False
9112225062,9192387286,2025-04-01 09:50:32.518097,466,sms_out,KCFLQ,"32.77560344422554,-79.73964924410848",EX8ZFZ2T1LMTG38,True
8682565530,0082908802,2025-04-16 09:50:32.518129,1004,voice_out,71S9T,"52.97513026207085,-60.61590822511893",EDPCRNBHCMNWEWW,False
3922917039,9893994859,2025-03-26 09:50:32.518160,959,voice_out,SCJAK,"16.106075363872705,-30.46322375888144",MJGNFTJNOBFEQTK,True
8735804169,4213584840,2025-04-10 09:50:32.518190,33,voice_out,1PB81,"-18.469140191209007,-8.68883511149832",PACNMEJR5D8C408,True
7953751433,7766388742,2025-04-05 09:50:32.518220,1179,sms_out,6F5HM,"-16.701778079281667,-67.3006506249819",O1UPK34H4KHOI5G,True
1741147931,7044859629,2025-04-22 09:50:32.518254,877,voice_in,VCJQG,"10.301709767462967,-11.334441818572031",W3846R2TK3WR7L3,True
7517620978,6472457918,2025-03-26 09:50:32.518285,775,sms_out,IHK4I,"25.52097183903085,-177.69028160707782",AAQCLE2RNXKLFQ2,True
5759251864,9174375076,2025-04-17 09:50:32.518316,293,voice_in,O3OU3,"71.03759315892722,-116.7672811103985",AIRRFVA507J4FKD,False
0074137151,3055934944,2025-04-01 09:50:32.518349,40,voice_in,Y4L83,"21.263308778387255,-129.00677648679124",U8AFF0MC5B9T12A,True
9316788656,2435032152,2025-04-18 09:50:32.518379,420,sms_in,ZVCP1,"16.606746589751097,-158.5784546109161",YJGEUJC8WF6QM0V,True
6848625872,9383889595,2025-03-28 09:50:32.518412,483,voice_in,UZZSV,"89.94119184379505,84.31184736050022",FH33BDZG4K8H8EM,True
3326746732,6529763151,2025-04-20 09:50:32.518450,466,sms_out,KKAWY,"13.411336351212071,-114.75636994688419",D90646SVWWP8E5P,False
5938815902,5461042474,2025-04-15 09:50:32.518482,490,voice_in,YV359,"-26.263450058399442,-74.55119454385678",O87MH15P4STWIRF,True
5090356104,1724089009,2025-03-31 09:50:32.518513,342,voice_out,W14AZ,"11.824741885978739,125.85190766177385",R5ZW0MDQVFFMQN2,False
7923867853,9570368030,2025-04-16 09:50:32.518543,72,sms_out,LB2HJ,"19.460911555000948,-55.67983515486165",ZX4N2GJLTGADBXN,False
7216949308,4181434335,2025-04-22 09:50:32.518574,429,voice_out,E7C4H,"-78.64051326403633,167.332780145806",BRAEEQX1L81VWVD,False
6040741874,6645970586,2025-04-05 09:50:32.518604,540,voice_out,F354N,"-53.4732032270327,-17.91009719473169",G2DYIMK10IKZ82U,True
3113619832,7538653555,2025-04-13 09:50:32.518642,1137,voice_in,UY1E4,"-18.364828641254192,106.85179264193556",9Z5CM508KZY9W00,False
0530478104,0623035261,2025-04-20 09:50:32.518673,61,sms_out,1T0ZT,"16.398561043793535,-126.06094621909898",1E6O4BLZBWK8UAA,True
9288480669,0550758286,2025-04-14 09:50:32.518704,791,sms_in,78Z9U,"-59.22061045928761,88.95745247520824",FOYIHXFRHZWGCNI,False
6790159124,4690623256,2025-04-09 09:50:32.518735,1134,sms_in,PSE6C,"57.58418145252705,-107.39185798284663",EM55Y4X82T4T4HH,True
8540139198,5675809255,2025-04-01 09:50:32.518766,110,voice_in,EKQ4B,"-64.73353954623195,74.46473980585148",ICE8BNFODZWDZYU,False
5549470916,5175515273,2025-04-19 09:50:32.518798,706,sms_out,K4CLO,"40.61998208551074,-177.28290814337245",M675QC92EJS7FPR,False
8537322808,3557379541,2025-04-07 09:50:32.518830,726,sms_out,0H6ZL,"71.9309797507504,1.600815794887808",UPLC9NTERMFGHMK,False
3823750662,5170916448,2025-04-01 09:50:32.518862,1169,voice_in,OZQM5,"-68.38188034768754,100.77418860014592",E2E8O9ANIUXPAKT,True
1517519314,6422281755,2025-04-11 09:50:32.518893,743,voice_out,9P66W,"-25.64528665438111,56.895034175248384",1JYCBI4W5KBO8FZ,False
2090893874,6380995470,2025-03-31 09:50:32.518924,66,voice_out,4X1W5,"-17.691605683070122,20.107372968927535",0OWOZQGDDUTICBM,True
6333092554,0375395186,2025-04-18 09:50:32.518961,596,sms_in,NPTXG,"29.029569240019583,-28.4353977917296",RHEPD8XSMQN58H9,False
3653020207,0352228860,2025-04-14 09:50:32.518993,130,sms_in,K9CP3,"76.9488166072181,-82.05268324170882",F2021RKMINZ0NBE,True
4284861749,7675650661,2025-04-11 09:50:32.519034,793,sms_out,GC5CJ,"-35.912336055435794,163.1845589189715",38IQGQOQCTZ1JE2,True
3267620678,5879617757,2025-04-08 09:50:32.519066,493,sms_in,7HIN7,"-64.63963501954187,136.9888864906805",CPD3T9SJZFDYIOX,False
3214251969,8340627522,2025-04-14 09:50:32.519097,1137,voice_out,T8PQT,"50.76516291167917,-21.072870299908686",MGHZDY0JZBA553D,True
5109802781,2798245391,2025-04-01 09:50:32.519128,632,sms_in,TWGSD,"-68.111543568195,172.65283527880513",LZWRFKHLUU57C4Z,True
6287205001,7393873789,2025-04-09 09:50:32.519159,355,sms_in,2BG4W,"-7.805289421988874,-29.833418139261227",450RVYCC4IHEIRB,True
8567822236,5860244704,2025-04-03 09:50:32.519189,640,voice_in,LLXKO,"-14.086902911673064,-88.63066539411787",MI6Z5S618IE8PPV,False
0659842854,5843460389,2025-04-08 09:50:32.519224,1164,sms_out,HJKPN,"-85.23473978719854,79.67113384838979",CP3DDIQ830QIFWS,False
6879516652,3487962286,2025-04-08 09:50:32.519256,326,sms_in,SXYF5,"39.599818087922586,85.22859982398961",X1SL6ZTQRSG7OFS,False
7369980503,5058652955,2025-04-09 09:50:32.519286,213,voice_in,CKEIN,"-0.572034838854151,-132.37943127786352",V5AVXT46GH3J2HE,False
6264118053,6079575835,2025-03-27 09:50:32.519317,683,sms_in,I5XYN,"-15.647789362612684,76.14011802089988",4VH0ZXSCGP4TNA1,True
1373021830,7319629799,2025-04-22 09:50:32.519348,409,voice_in,ZOXQJ,"13.781582666565413,-36.43675073034319",42P7Y7OU0BLP03R,False
7916782687,4966163852,2025-03-26 09:50:32.519379,115,sms_out,WZI4J,"-28.127219232523245,-102.32324442283648",1KTYKDEW61YBROJ,True
7418804244,1352062810,2025-04-05 09:50:32.519410,1153,voice_in,IA8IB,"-25.350303674409005,-3.4686623891927013",XU6TE2RZHFWGKXM,False
8822209654,7449545520,2025-04-02 09:50:32.519449,1176,voice_out,VG1XB,"-0.33610218724608387,141.42520913146853",SFBMTYWPZYLIQYT,True
4258765840,7062524666,2025-04-19 09:50:32.519480,264,sms_out,5ZX87,"-16.891979564706872,-18.36291881610387",HR298BGQPEG3XPX,True
1951546706,6401966216,2025-04-07 09:50:32.519510,442,sms_out,QFLK3,"13.516001123349085,170.44064793013996",61TC5N47R5WV9DH,False
0688616411,7566772271,2025-04-07 09:50:32.519545,936,sms_in,BU57P,"-54.96737916139313,-120.82812883933644",29H4MGH76F89JB1,True
4208299072,3106002827,2025-04-12 09:50:32.519575,1024,voice_in,VQ6SV,"-40.796956526700704,-110.7752075816916",0VZT094Z75ICN6J,True
0643725397,4545684458,2025-04-17 09:50:32.519611,302,voice_in,0OV38,"32.230892748150836,-104.09215386675221",G169YMG2237UVO6,False
0903038262,5155609434,2025-04-18 09:50:32.519645,1035,sms_in,I03OK,"-58.444805169589245,-151.1272655329287",5QA5REHF5SLY9QW,False
7430895888,7504275634,2025-04-12 09:50:32.519678,390,sms_out,U52QP,"-66.73148039029506,115.9835674058537",L1HKLTGRSMP76A7,True
3055151134,8249163456,2025-03-27 09:50:32.519709,730,voice_in,G0ZKQ,"83.76344535545559,-98.79373618216108",JDFI3U20QI9I9HT,True
8364636764,1736645422,2025-04-19 09:50:32.519739,414,sms_in,MXIVV,"-56.47089572288581,-104.83713108971368",6HTATLCLMI4IU6R,False
8518069333,1861137575,2025-04-22 09:50:32.519770,995,sms_out,IKJ13,"-72.89999289114272,-114.05539366582357",6OQ44DYISFDFNVE,False
0992868965,8228803145,2025-04-07 09:50:32.519799,517,voice_out,VYCPW,"-79.03143385222725,100.66018862024566",S1I1GV1ILM38IKP,False
6207859931,1148394297,2025-03-31 09:50:32.519830,598,sms_in,YFERI,"62.8518236778624,116.76321602830666",Q2466DYK9KHE9BE,False
2782562834,7876168057,2025-03-27 09:50:32.519870,848,voice_in,T7TY6,"55.66720382354464,-111.02736784962414",PTZ8IE1EPH3AZ1L,False
4139605849,7654536225,2025-04-08 09:50:32.519903,962,sms_in,Z7ZPS,"75.87177307069828,37.053043137933315",CH4RMBX555TBL2X,False
3204215073,8122914140,2025-04-04 09:50:32.519934,992,voice_out,8WTSU,"30.25638076731275,-56.3690726434741",JI26PJDX2YRWX2J,False
3471268381,4293474553,2025-04-12 09:50:32.519965,310,voice_out,UNSOI,"-23.224724371784447,-106.0570171738037",OPWDVGIU6CI7IVV,True
9836729501,6640231291,2025-04-12 09:50:32.519996,693,sms_out,EI86L,"25.749428387533243,61.352951291704414",JZ5GFXASX0EJTBV,False
5755636666,1403895296,2025-04-16 09:50:32.520027,1043,sms_in,TRKKQ,"-29.4829141752178,125.57057728689927",P26SO6U6S105FIF,False
3352264700,5074581803,2025-04-08 09:50:32.520060,49,voice_out,OO4KD,"57.372148892457034,112.04170868811303",TX2IGP3CQSCM3WZ,True
1639236345,7863074257,2025-04-21 09:50:32.520091,655,sms_in,AITZN,"1.6996538831780583,13.169690004221934",8ZUKZQ048GH56FB,True
1940287631,6751602686,2025-04-09 09:50:32.520123,147,sms_in,B64NH,"-61.14508625830226,74.37035710121532",JGNFTKW4KOMVL3I,False
2978157853,2908629599,2025-03-28 09:50:32.520154,672,sms_out,LGLG0,"25.089147951724527,-122.13245873643558",CV2XSKMLMK4X8N9,False
7856017384,3056555215,2025-04-07 09:50:32.520210,340,voice_in,QZ6SC,"-53.509471472470196,-111.61429080148537",GS9M3FQYPQU2YFK,False
6320902271,5677764523,2025-04-07 09:50:32.520243,576,voice_in,MDE4P,"68.5695993132814,108.15703020806609",29P537ORGBMZQ1Z,True
4416257565,9140456671,2025-04-15 09:50:32.520275,87,sms_out,BX6D7,"72.55034229362366,-163.75201310856582",B2K7V03ON1R9Z8C,False
8344262024,5960277002,2025-03-25 09:50:32.520311,551,voice_out,XQ06I,"27.665080226837503,113.33791301110563",GG8DW2T4GOW17Z0,False
5232704450,0024703140,2025-04-13 09:50:32.520343,69,sms_out,LD8DH,"-39.91599008323614,79.45992255602573",47VP3W2L97LQ6RU,True
0185572329,5241109426,2025-04-20 09:50:32.520382,543,voice_in,6P2Y8,"-58.19734404462651,148.2398440680601",C1WNL6LP8IPK5GR,True
3471826531,4835232021,2025-04-23 09:50:32.520413,181,voice_in,951JE,"-81.07746637142084,87.0097350646617",UETY9T7C10LXSL0,True
4756359530,7077582814,2025-04-06 09:50:32.520443,101,sms_out,GDLHC,"76.83836274692433,-8.083447873075954",AL5MGZ6SZPUX4FG,True
5235906673,7702330132,2025-04-18 09:50:32.520479,863,voice_out,GZ77V,"48.2703425272577,135.83547145487876",FL20O7B5B8AFFW3,False
6183928606,1122193216,2025-03-31 09:50:32.520512,936,sms_in,MGY1N,"4.092219688989545,-61.13058209632274",YSOGTWWTWNSUNYK,False
5821231151,1278724057,2025-04-17 09:50:32.520542,444,sms_out,KF2GI,"-30.924427511873077,-74.09660448282472",1GWTUGDFVWZNSA9,True
9476444941,7084325370,2025-04-23 09:50:32.520574,681,sms_in,KJ32N,"-54.65591896121265,5.577024112877297",STR63GCIDOOLCBL,True
2873088396,1441546141,2025-03-29 09:50:32.520604,1024,sms_in,JK86K,"55.35387788615722,160.81091137782778",WGXR39RWFG4D3PC,False
0081976950,2195612452,2025-03-26 09:50:32.520636,459,sms_in,DCOI7,"4.358372244011235,21.02720803894968",C7RGPPQTAOZCZL0,False
4380156495,9704381062,2025-03-26 09:50:32.520666,1040,sms_in,CECZM,"-11.361426334612219,-72.92086650493466",9ZUT766YYHE0MWT,True
2283273431,2178744760,2025-03-26 09:50:32.520698,823,voice_out,BGGRK,"4.1470393477407015,-108.79736643411086",6P2YXB3AJ1MX000,True
5344653015,4785154231,2025-04-23 09:50:32.520734,133,voice_in,XY90H,"-60.527714884633795,79.77023674957042",TLKROIAVF60EO84,True
5433952651,2395980977,2025-04-02 09:50:32.520765,438,voice_in,UQTF6,"-43.418687740190286,-90.69091183149871",71GCT00ED07CCYG,False
6867076539,9640218657,2025-03-28 09:50:32.520796,571,sms_in,JXD56,"-15.60014430975994,-72.99688663564606",MBM4D55B43TK06U,False
4704869395,6235434540,2025-04-16 09:50:32.520833,179,voice_in,ZNC7M,"63.53266888786513,-109.33537983497536",F0S86FG44N1FR99,False
3099163088,9696918867,2025-04-16 09:50:32.520863,880,sms_in,WSHSP,"57.30562254019827,163.1354248974199",SSOBM73I840ETIA,False
4474293439,2292211113,2025-03-30 09:50:32.520897,503,voice_in,4EL8T,"85.68853112893697,79.63999191257221",DL5TO39AY6Q8TQT,True
6113794427,1616041505,2025-03-27 09:50:32.520933,875,voice_in,X934J,"51.6494121971964,139.52950561766556",5GW3OJPMPWLT23D,True
8776603967,6315381894,2025-04-18 09:50:32.520960,210,voice_out,XKEY7,"37.65269205377449,-30.402936494685576",YIJW5ICKJYIMT0T,False
3411672502,5292800363,2025-04-04 09:50:32.520987,338,voice_in,43P1H,"48.82056234961655,105.40439426496852",F434I2VYO3Z00QC,False
6625162854,0860292787,2025-04-20 09:50:32.521014,908,voice_in,0B6O9,"-39.39506068914744,-40.67537536456223",GF8HL5F08H3STA0,False
3645746432,2042200629,2025-04-07 09:50:32.521040,930,sms_in,N3659,"-43.86222199011123,-19.476244564100227",UFG5TP77PY1MVS1,True
9001058587,8094192491,2025-04-20 09:50:32.521081,484,sms_in,7KJJU,"89.07023677426744,55.03241021524482",MIKKTKGGHM1H3VK,True
2258516383,4183066915,2025-03-30 09:50:32.521116,47,sms_in,S99FY,"16.42548137198068,153.92552119569672",WXEX58D5G8DX687,False
8621790862,1851780861,2025-04-04 09:50:32.521146,637,voice_in,K0JSE,"64.67391663952014,-25.638449476212315",T0KJKTXPAWNVBJ9,False
6715416811,3535195841,2025-04-08 09:50:32.521176,54,sms_in,KP8B7,"-37.94837214570893,-89.49858893691342",MTTJLFCMGARY02M,False
6191139825,6660794360,2025-04-04 09:50:32.521207,804,voice_in,A2EWE,"-37.970681133756784,138.77993204476377",43LQ04MP6Y3WIIR,True
1159586896,4453062135,2025-04-02 09:50:32.521240,557,sms_out,JM18H,"-34.248814699837794,29.657485631889216",2HG84U7XU2A7T19,False
5290245285,1377331015,2025-03-31 09:50:32.521272,302,voice_in,46CKJ,"81.82896309847064,148.14505446485623",VDR6F45UW0H2INI,True
8764191465,7155145332,2025-03-26 09:50:32.521305,469,sms_out,0NUQ0,"-1.6444536982804863,173.12734903864236",8QL6RBAVXFRPHP8,True
4377543299,9992350865,2025-04-13 09:50:32.521336,702,voice_out,KKXKP,"-48.14818255364566,102.50104480536697",YM850T5U9RVTGIY,True
5788584909,5566207776,2025-04-10 09:50:32.521368,93,sms_out,S0AAQ,"-41.68615147943335,-21.271929210824993",MKYDYCLFVYP1OOW,False
1724619961,0345496918,2025-04-15 09:50:32.521406,1090,sms_out,RMJ4G,"6.541111891216332,31.016292337555114",CHTYRGFH1QZAI0O,False
4300248267,1152443622,2025-03-29 09:50:32.521437,624,voice_in,3PSC7,"-75.50959326499122,-101.4162684026737",NPI01YJT555U8YF,False
7663611138,4507925500,2025-04-12 09:50:32.521471,444,voice_in,YGO3L,"70.93176093441849,49.54676934604956",BM7BT2CI2924GS2,True
0013638959,2483954547,2025-04-07 09:50:32.521501,870,voice_out,VERWS,"-35.915039747261375,90.26450361582488",72IJZERUT9J4W4O,True
4370694616,9792228945,2025-03-26 09:50:32.521538,546,sms_in,5KLIS,"-65.46845571345749,-138.74372253682836",0NYHKVVN37NM6K6,True
4479209834,7967171461,2025-04-04 09:50:32.521568,255,voice_in,8NUDA,"9.626849015997834,147.77994077676243",NGER2NPDGMTI8T4,False
6815939846,5511168420,2025-03-30 09:50:32.521598,588,sms_out,X531T,"64.62461980763686,29.463690908038274",E0SPJV1NRV24MWO,True
5172966379,8631553282,2025-04-06 09:50:32.521628,1119,sms_out,OO1G2,"10.319091979838902,153.96646175460438",B3TH3Z1OGM0DXK7,False
1863698359,4889948887,2025-04-21 09:50:32.521658,168,voice_out,AG6CB,"-82.56354921789516,152.15628940054967",5SAFBHC5CSK82F2,True
2992859540,0432352055,2025-03-27 09:50:32.521691,831,sms_out,0254B,"-36.089156384187575,-28.426902798480427",EQS3IRNUN3FIU31,False
9449403889,9956542406,2025-04-14 09:50:32.521732,177,sms_in,VL7KV,"34.71363088022416,142.48599188634387",ZLY9FJW3LFPOM8J,False
5464731041,6052536624,2025-04-09 09:50:32.521763,911,sms_out,54PKG,"36.28952854802044,-144.8202199534497",27NQXC7XEBIJIHA,False
3944871001,5710497804,2025-04-05 09:50:32.521793,876,sms_out,DK5AG,"53.244270585013396,156.8668362880572",6HE1KFRNUFT7ZI8,True
4377955724,7373107203,2025-03-31 09:50:32.521824,417,sms_in,8JIXS,"26.26731962227312,-119.20937651433694",1550TIQ9VNSH97Z,True
9978242665,4610999356,2025-04-18 09:50:32.521856,448,voice_out,ADWEF,"-46.607354298295796,172.0753207485344",2VMB8OJQBWXTK2S,True
0469785324,5506001146,2025-03-31 09:50:32.521890,802,voice_in,LTZZZ,"34.22614320582274,18.685337740423364",W6POE8UUHQ7SAHZ,True
4429443746,1179133453,2025-03-28 09:50:32.521921,1102,voice_in,UJU4Q,"80.22386311217161,-148.74331430501192",EWCXUL7VIP519LC,True
1427581262,4397489644,2025-04-04 09:50:32.521958,368,voice_out,WOG6P,"21.751698957813858,152.26465068554302",GPFYKENBMRC1MUC,False
1431664062,4941058719,2025-04-09 09:50:32.521995,1046,sms_in,2OY1K,"76.61935118901906,170.82046121977817",49SM05DVH0SX5Z4,True
4475822229,0464773892,2025-04-20 09:50:32.522026,1051,voice_out,VQTZA,"-89.65119176976276,-125.1684281874357",ITX4H630YR0TFDW,False
9378628116,7677076493,2025-03-26 09:50:32.522057,73,voice_in,479RC,"-80.69102070058698,-69.61937772404397",UFT2GR4GW4S8IQ7,False
3534867730,2097628144,2025-03-29 09:50:32.522087,671,sms_out,TNF0S,"-17.76411671836574,-114.87493030271823",14VC0XAIY3IRBA2,True
7196827965,2502902715,2025-04-12 09:50:32.522120,938,sms_out,LHNZ2,"-87.51845692696277,44.75329708263939",IIFLS2KTLDT3B30,True
5283013301,9351154721,2025-04-17 09:50:32.522153,212,voice_out,I7PBK,"44.94764013802873,-74.57508581478723",6I1U5R1KMZZR1UL,False
3773163485,4300758983,2025-04-13 09:50:32.522183,140,voice_in,G5Z4B,"41.77233430143454,154.24009494021254",AUK5S37R18XA6J9,False
5380916038,3308369490,2025-04-22 09:50:32.522214,437,sms_in,ODMNG,"10.074376274022526,162.1675433759193",YQS7H7LM1KF3YHX,True
0049715850,7931068712,2025-04-04 09:50:32.522246,297,voice_out,5NOO0,"53.23897854642257,164.04392455400057",EB9XDKNNF5GP8VE,True
4271341306,0278969277,2025-04-16 09:50:32.522277,906,sms_out,DDPR5,"-4.618782603776339,-138.99555230826883",Z8PL2FCAYTETLGG,True
9467954586,8580535612,2025-04-04 09:50:32.522308,962,sms_out,HRX0P,"-25.938819607175688,-11.502085412994688",41FFRN270AG0AHK,True
4097117067,3847407041,2025-04-21 09:50:32.522343,57,voice_out,54BRH,"-22.768956877089906,3.5828291111683654",1ERRC6F0B7L9BC6,False
8914429463,9824662395,2025-03-25 09:50:32.522381,859,sms_in,Z7AGT,"-0.9680388801686917,161.18735946672462",B0RF0YV35RFS4I6,True
3293444434,1397524646,2025-04-15 09:50:32.522411,146,sms_out,JHA4F,"68.79322387439623,90.48724605953049",EJ7WLTMBDV1AJCA,False
4283108337,1172703459,2025-03-29 09:50:32.522441,276,sms_out,DAMHT,"37.017877273194344,-32.63902583124235",IGCRTTP887KIDLR,True
9278654540,1617994541,2025-03-28 09:50:32.522473,430,voice_out,UFKQL,"-57.870090810260514,-5.0684806521249754",HA2TGAG33TZJL5U,False
9609933193,3077351411,2025-04-17 09:50:32.522503,1060,sms_in,6JZH8,"-6.146979898928095,-116.47910218151745",3T4GZGZYENOQQ7V,False
3066001349,5005031014,2025-04-01 09:50:32.522534,464,voice_in,I6BRM,"-89.71099989844603,-98.50485798665056",0E1TEOKV6ILZOSO,False
3905884275,7220637966,2025-04-15 09:50:32.522569,1062,sms_in,E3YTU,"38.23544476926409,-2.059625944276945",MNTINSCZJ9AAHF8,True
5978235097,5575961444,2025-04-23 09:50:32.522606,898,sms_in,ROONI,"-17.256733058604752,15.995284199145601",CRE18MRVI46TWZT,True
7150564641,6624819886,2025-04-19 09:50:32.522637,545,voice_out,48WUX,"35.36552307893477,-143.87348937514614",KS8ORA111Y431R0,True
5909988894,1002900928,2025-04-05 09:50:32.522668,535,sms_out,I0SLF,"39.910268202736205,-117.20374372310937",E91OYK636CXQXDC,False
8213373032,5994639786,2025-04-12 09:50:32.522699,625,voice_in,RZAQG,"-30.778366324253085,-127.66257637854306",VKSXULG49KQHEGG,True
2096844157,9535708267,2025-04-05 09:50:32.522730,136,voice_in,KFQQV,"36.85249010634543,-39.4892710634187",3EVDUED62Q2DN8Q,False
8861089915,3582725459,2025-04-23 09:50:32.522760,694,sms_in,N9I34,"-63.09893231529233,-86.46641942749356",O4CPXZ72SO0D5I9,False
2710119706,3581619480,2025-03-30 09:50:32.522800,571,voice_out,V199S,"-21.01722434144574,-132.46427900584297",BW20ENSZ9VKP9RE,True
8671422503,0992214643,2025-04-05 09:50:32.522830,1010,voice_in,HD8MD,"-44.71023667755695,-65.12055562158382",5GT8ZSHLI3WEH7O,True
3741877730,7036545464,2025-04-18 09:50:32.522861,100,voice_in,4ZBKZ,"-71.52660044032052,93.98686283161709",MGYL4DY9O064S1K,True
7860057536,1315591197,2025-04-08 09:50:32.522892,438,sms_out,IM8U1,"54.08484970547977,-43.67777921803466",2YGU93RPMPGOJN4,True
3787626523,4675525862,2025-03-28 09:50:32.522922,777,sms_out,V4RGJ,"18.830386273150424,98.26373813565328",O72NCL8VD41I4NW,False
0420614543,2857246008,2025-04-13 09:50:32.522956,880,sms_out,656MU,"68.566709667612,-93.17780537221574",BP245BIEJIQGE68,False
2898959407,4426629648,2025-04-22 09:50:32.522986,90,sms_in,HKUG6,"45.745107098019304,-33.57426404487336",2OC9P0MHFU2Y870,False
4999124727,0283088296,2025-04-09 09:50:32.523018,324,sms_in,SLPCC,"-72.15161522685894,-128.12089086089802",9Z9EICZCV5JEXDK,False
9795763049,1681146602,2025-03-29 09:50:32.523049,769,voice_out,D34KR,"-6.0992769325176255,-156.6756661459347",S6ESN87NECTOSJO,True
6096007683,2697799730,2025-04-16 09:50:32.523079,405,sms_out,EZWJO,"-2.32830301347272,-117.4214896097034",QQ2L57W9IPF4PWN,True
2615010301,9469007421,2025-04-17 09:50:32.523122,732,voice_in,4PAPT,"-86.01965608099667,85.79989412013668",LRPMBWANFNRPSGN,True
4469735389,5963706083,2025-03-28 09:50:32.523154,1094,voice_in,MGAQ9,"-78.06120851151968,3.99517581813609",447251LGE4Y4C7K,False
2105853816,5098694100,2025-03-26 09:50:32.523193,154,sms_in,VUJF6,"37.51991448135399,127.09773026035913",Y2I27C81QRFMGHU,True
6805265468,1979594034,2025-04-08 09:50:32.523232,336,sms_in,DXPCB,"-13.589432998746787,-21.52936165925138",MEU8DY6B88HSJY5,True
8322537231,9907253445,2025-04-03 09:50:32.523263,556,sms_out,U4LJU,"-39.78808834392033,-87.0471439091705",ZEEVTBBKGKJTSUN,False
6616432754,6560324122,2025-04-23 09:50:32.523293,1153,sms_out,K49H0,"-79.61395686863219,-132.20385335035172",KAWRUBXYL3E6A5A,True
9498337944,7277233350,2025-04-03 09:50:32.523323,479,sms_in,DYMBJ,"29.184467051235615,-98.18589284271063",174FU0ZY0VLVUS4,False
5235609026,1243260565,2025-04-19 09:50:32.523354,541,voice_out,HVL1G,"19.158726428536895,86.56920165794679",HF5X7ASI0LOBGYX,False
4634470263,8996355288,2025-04-12 09:50:32.523389,650,sms_out,A49GP,"20.551164659807327,130.25825058162042",8WV78ES3PQ79U81,True
2871706941,6330465448,2025-03-31 09:50:32.523415,996,voice_in,24ILL,"-80.14369923671784,83.42296531758836",EKN2CE129BMGU0V,False
5612552160,4886036861,2025-04-09 09:50:32.523443,549,voice_in,FTCTD,"70.3184887405751,159.38217978602938",38ASWV4CF9NX3Q7,False
5435693815,5660111173,2025-04-12 09:50:32.523470,911,voice_in,BEUB4,"29.2223621222562,-94.70227792809573",6NADBFN4G3HL2CI,True
9299046042,1871982136,2025-03-31 09:50:32.523499,854,sms_out,S4ZDX,"-73.40196960715294,-72.37534895201921",XKW0JUTELGK980O,False
3991361984,0439889456,2025-04-19 09:50:32.523530,582,sms_out,VARQT,"50.47620056713501,106.07718776240802",CR6Z8I68ZY07VLG,True
2641162745,7942937738,2025-04-21 09:50:32.523561,257,sms_out,A0EHW,"28.03759585440376,-58.942192215632105",IG7PL2P187CZC8C,True
8580357599,7091467463,2025-04-11 09:50:32.523601,301,voice_out,DLBM6,"-79.12590015833175,-133.0899464507987",563YVW302VS9496,True
0534686435,8958742394,2025-03-25 09:50:32.523632,36,voice_in,EVLCM,"52.35072577824397,-35.07323330626866",7ZD84TFACVOZ0DE,True
0255890087,2188740317,2025-03-31 09:50:32.523663,39,voice_out,D6KYH,"-88.63920638193574,-127.7667483216515",1NPM4BFOVOGFHTZ,False
8814233113,3768080875,2025-04-15 09:50:32.523694,352,voice_out,AR7U2,"64.73447821121093,-17.580731670634947",XOLUXUHHRX9EJQZ,False
4210415968,2217367819,2025-04-04 09:50:32.523725,1105,sms_in,ABDYR,"-6.210267455457696,1.360972378084",XSX87J6Q89VNP4C,True
0937638329,5859553050,2025-04-14 09:50:32.523760,233,sms_out,LG8IO,"-7.390613805934677,-169.93736684738354",LS9UTKQ2O3C32YU,True
0291447492,1814035968,2025-04-03 09:50:32.523822,695,sms_in,B3VNM,"-76.8175234008957,-159.6230191378093",GODLYGTEN7TU4EP,False
2071610262,9864668765,2025-04-14 09:50:32.523853,1157,sms_out,0E9ZI,"54.60752676519999,81.06027561423792",EE1R2JJ344N9T6N,False
3182963495,5554330283,2025-04-17 09:50:32.523882,371,sms_in,71S0F,"14.209766596930834,-2.0473255281152376",XD8JNA7Z2EBM9HF,True
6269025993,2376448498,2025-04-23 09:50:32.523914,167,sms_out,8SUX9,"26.92233986068493,-17.622556767913125",FQUGT9I8NW4WK9J,False
6892893261,7818645452,2025-04-09 09:50:32.523945,110,sms_out,E9IU7,"16.90473745561566,116.76496617713394",NI2A95EQEAML1EZ,False
5693342525,9178868237,2025-03-28 09:50:32.523976,195,sms_in,ML7YB,"78.0751834964978,-31.287071224341275",TOEJ3OA4DR1NLA3,False
3984392377,2728745120,2025-04-03 09:50:32.524006,217,sms_out,7710M,"20.20476346096399,7.0095685483738635",2QZ4FSH6TB3NZPM,False
9463893025,9340559183,2025-04-17 09:50:32.524040,775,voice_in,TL5ML,"54.07557369059256,80.94949778557128",X5EOHFXPTC2QBP1,True
7759902962,5289793732,2025-03-28 09:50:32.524070,197,voice_out,XCOQQ,"51.57551723535062,-138.89720803916822",UNFMZGIAHYHSF4I,True
1006521830,6291158909,2025-04-22 09:50:32.524097,993,sms_in,CEYSV,"-84.5767427989298,-116.8318825909418",7JWGE8QE5EO0NPB,False
6296891795,3349539153,2025-04-14 09:50:32.524129,53,voice_out,9VD92,"19.176736461272412,-127.91657280067881",FLSX7FLQUIXKB8Z,True
2156163462,9663603961,2025-04-11 09:50:32.524159,165,voice_out,1HEGO,"50.420598029760384,-18.14647263212646",JH8MTRXUK3TQ29I,False
9049245585,6619067100,2025-04-07 09:50:32.524204,680,voice_in,OZWGZ,"-47.19091975815214,67.01073222538315",JDECXV57OK9I5I8,False
5466916983,6636869478,2025-03-29 09:50:32.524237,909,voice_in,DNUGZ,"46.40338073207914,-80.45864403400068",9AF8HXPRK10CL8U,True
9344852271,3576853887,2025-03-27 09:50:32.524264,793,sms_out,I35O4,"89.9113888422479,94.03659603744654",MQ0SURSRHMGTB66,True
2438719562,2151512052,2025-04-06 09:50:32.524292,861,voice_in,HHYX2,"62.537364675726394,-97.45062494679404",F57D7MSYG0AQBGO,False
2154074345,2886498536,2025-04-12 09:50:32.524323,782,sms_out,0GS1V,"57.22950586251784,42.619365602815805",3P9J5KJOVBUP31V,False
5581767158,0713000877,2025-04-15 09:50:32.524352,843,voice_in,526H2,"-18.201074707349406,-22.301568451320378",4FWMUNN68PR7IBW,True
9870695886,8890164251,2025-04-02 09:50:32.524370,918,sms_in,VJB4A,"-74.78231157445744,-25.46902206756465",R3JHN6EA07UMSTC,True
9134015122,0682818355,2025-04-15 09:50:32.524387,590,sms_out,MKVIS,"-72.30335810755335,-145.9103515848638",OMA2IL35WDFV90J,False
5029638167,3359477385,2025-04-12 09:50:32.524404,92,voice_in,7DMI2,"32.439572586522104,54.64743826412163",UV920AMZUSWTQEP,True
9899388216,8310565924,2025-03-26 09:50:32.524420,188,voice_in,MLUEL,"24.5434110775483,-67.7503993950464",NW8C6KD7XUY6M6U,False
8384854865,4079352855,2025-03-29 09:50:32.524443,902,sms_in,7WUH8,"5.207751818145425,-57.30200306564112",L6M72V90CVWQ2TZ,True
4625327722,3076810315,2025-04-10 09:50:32.524461,255,voice_out,Z45M4,"70.51204285203161,5.0042369645906035",JXGAIC189YF1LS5,True
3127712970,4063280059,2025-04-03 09:50:32.524477,167,voice_in,PU0FC,"22.751687306931757,-3.0129809604550246",2MLFXI609ZZLCNZ,False
3019441308,6942704972,2025-04-17 09:50:32.524495,531,voice_in,55Z07,"-26.067749961201088,-129.5132011166333",8GFHD5FY2JGTUV1,False
5955066021,6665255605,2025-04-13 09:50:32.524554,785,voice_in,M1WOH,"-74.82282489701808,49.77189495246989",L9ADI1QOTF03P0Y,False
6657166065,7075486006,2025-04-14 09:50:32.524572,1167,voice_in,9ZW8E,"36.6373750737353,22.99985208307217",6C1E3YTU7JN6LTI,True
9450727000,8521638535,2025-03-30 09:50:32.524589,465,sms_in,M0DDT,"19.24274284817075,-167.40346584542968",BBQR95HK3Z4Y882,False
7424933884,3308229783,2025-04-01 09:50:32.524606,329,sms_out,PFEXG,"49.40637377978382,-51.02949579635663",H5NXO5L7OA9A74W,False
8403159647,0172395919,2025-04-10 09:50:32.524624,235,sms_in,0GE99,"29.671280935463415,94.29309858969765",PLV359NUHP5L6R1,True
2515661403,3744115371,2025-04-09 09:50:32.524641,461,voice_out,8TMXW,"7.528270791105371,-88.15215555457043",1HQ5MNOFKILRGKV,True
6797874226,4214824360,2025-04-17 09:50:32.524658,846,sms_out,S9AQZ,"-74.14614162863244,56.47005057803136",JUOVKYK2TJ5LL0O,False
3853354718,6420446457,2025-03-30 09:50:32.524675,235,voice_in,SPRZ7,"9.179951167809477,-134.67513116285124",KC9MLUEDE1PNFZY,False
7848834262,1849826434,2025-04-17 09:50:32.524692,722,sms_in,B4SFT,"4.097755930882187,-29.693328958627205",X2ANZNG15D86MO1,False
8230228810,6392005319,2025-04-12 09:50:32.524709,175,voice_out,I3KMS,"-80.22857655267525,-5.916138512576197",0AT1M7GBN2FKHVA,True
7652019105,2402764095,2025-04-07 09:50:32.524729,1151,sms_in,7OR92,"-58.94682948878703,86.51843735949473",SKIT0ZJKUQNEH7J,False
5258428543,0350242878,2025-04-02 09:50:32.524749,1149,sms_in,7V8A2,"-35.459764188354804,12.214634682394319",AU9PL55WBZB3JRQ,True
4031348274,7666643095,2025-04-08 09:50:32.524766,685,sms_in,GF44B,"42.50764995675786,37.316677141244384",4IFDLG3C7ELOA7B,True
8692883820,8049936114,2025-03-29 09:50:32.524782,108,sms_out,DWDJO,"27.291002610959964,47.11438637285602",UY9A5DMI7SK8WQ1,False
9972662855,4656677118,2025-04-20 09:50:32.524799,67,sms_in,DAPUV,"-27.415637014932948,-105.06769305366137",OUF7AZNT0F6LXLS,False
8546063786,4944413149,2025-04-12 09:50:32.524815,188,voice_in,WKMIZ,"-41.6036162651496,59.416708663514186",LQPHTVOSGCHLQRW,True
7119276907,3138743261,2025-04-23 09:50:32.524832,972,sms_out,609QJ,"41.23482192167242,-71.21887862820189",RZ0FFQPY6IYUKCX,True
6885451341,7953914204,2025-04-12 09:50:32.524849,539,sms_out,QFYT5,"-8.26413180006277,-169.3390824945746",LU1V4VQJXQ89QAK,True
9643653145,3663439988,2025-04-08 09:50:32.525082,1183,voice_out,SPM4L,"-89.91324295168324,-167.63390256207495",I7A3B7Y3D9H4I8C,False
3256455291,0980779984,2025-03-25 09:50:32.525129,1126,sms_out,BWEIZ,"-53.59338532316323,109.69503188648923",I0CI5Y8AVV9PW3V,False
3287378996,6618756146,2025-04-16 09:50:32.525149,1083,sms_out,724AG,"17.05461766385126,-115.65056286717859",ALOUD8KAO0GRHRT,False
1952272878,9320508094,2025-04-15 09:50:32.525174,180,sms_out,1ZJUR,"39.60728798457714,-61.14051125433285",IBSTFP9AOEW3E8K,True
2684535462,2522656510,2025-04-18 09:50:32.525205,119,voice_out,B97NS,"67.93304060718089,-3.260519714709204",25DV3X4IC2MTCVI,True
5014703534,6167211289,2025-03-25 09:50:32.525229,846,voice_out,G5611,"4.735948140712594,130.86629943666009",USADYHRZK8LLLUC,True
0319258736,1132650244,2025-04-13 09:50:32.525252,942,sms_in,HFBQZ,"-24.58900745044106,44.266775067644346",Q0EBXM16BLKA31A,True
2632936807,6586227608,2025-04-08 09:50:32.525271,164,sms_out,JPNVC,"39.07991179095802,-140.75134974517243",IUC2FNOXD872JPP,True
2841238882,1641616045,2025-04-23 09:50:32.525288,50,sms_in,DAOBX,"26.412253795346132,-152.95983805862164",01EA157EJ4N42FP,False
5219642804,8777035259,2025-04-14 09:50:32.525305,445,voice_out,26QRV,"-49.26666881278127,120.55759533758663",YR6U32PFZKNM1EU,False
1354583598,5056225252,2025-03-25 09:50:32.525340,216,sms_out,8EQ22,"-35.8592254189942,-53.516915041462596",L8N41N1A25LOUKR,False
6451154625,2018075190,2025-04-17 09:50:32.525359,863,voice_out,OXI17,"-70.06057376067088,-3.78318498214378",WDN8ZY6ISJS7L0U,True
7471091920,3687216886,2025-03-28 09:50:32.525376,811,sms_out,FDPOQ,"-65.5591096770729,-162.2514058183721",OSFHQ6XMD7YLA1B,False
9162850540,4218264785,2025-04-13 09:50:32.525421,948,sms_out,5IHKK,"81.64031341326762,-85.31171626418814",AJPXZ8EUTDYEN8A,True
5141250677,3983979393,2025-04-08 09:50:32.525441,255,voice_out,KHU75,"-10.106331091854287,-178.6564409186834",RW93TGFGRDVUL65,False
9330514387,3158858985,2025-03-28 09:50:32.525458,1185,sms_in,JMVV5,"-43.2240832746072,-115.35534526063185",H9XTJP36MN9UGK0,True
7122697984,4610228945,2025-04-22 09:50:32.525475,697,voice_in,4O9W3,"20.177562550410926,41.744157822310314",JJIZRF6KMBJO1FG,False
0333089707,5446065063,2025-04-06 09:50:32.525493,516,voice_in,MUKBL,"-85.93748971613576,-37.35609944101168",CGX7GVFX9UW42P1,True
9996498807,1513899738,2025-04-17 09:50:32.525510,318,voice_in,37NZB,"-27.14587895926129,-96.14639314680709",JPJAIUAPH07EOVO,False
9312715549,8185017893,2025-03-25 09:50:32.525541,735,voice_in,A8JHD,"-60.50665608344572,-69.06492389293285",NUJL1QDNBJ4WMAX,True
3381639519,9762213193,2025-03-31 09:50:32.525563,492,voice_out,5V0H9,"6.0802923875137225,-125.7336474876154",A4QBX3XZ8RKIWHO,False
0168786774,1441870012,2025-04-04 09:50:32.525581,297,voice_out,WV98T,"-82.70099275264613,-132.6584699218655",1TT3C543IV9XWUP,False
7176453757,2073300021,2025-04-01 09:50:32.525598,704,voice_out,FKC3C,"56.824735017782416,-124.48934548884718",28HD7H71LDXNV5Q,True
2981146597,1009145887,2025-04-18 09:50:32.525615,411,sms_out,PWA3P,"56.65993193033137,35.49555349463503",LTRWHR073830S9I,True
8591275094,1648874834,2025-03-31 09:50:32.525632,498,voice_in,YNGPC,"26.993253392045744,-38.641304053840145",ZBQR8F9QTP18VQ5,True
7459980262,2510221193,2025-04-05 09:50:32.525660,192,voice_in,CK19S,"-7.917508613299148,40.1273761602109",NRNSXAT4IWT4BNF,True
7105696203,7303423168,2025-04-06 09:50:32.525694,431,sms_in,W0OVQ,"3.1093458732378565,-104.11316175448721",3OH9BSXV4OGA9E2,False
5840580198,9775713444,2025-04-23 09:50:32.525714,38,voice_out,1PEPD,"-15.69070590247864,-178.9340444228386",403NLASDSI2M1SR,True
0821685647,8651172922,2025-04-12 09:50:32.525737,492,voice_out,XBH2F,"-14.044711205171438,105.1612137231528",6S5TSD4SQ038CUP,False
7598233476,2423377769,2025-04-15 09:50:32.525754,610,sms_in,GNSUH,"-57.08410813354347,-103.8304164277135",8MJ0RBK2M69IARB,True
8367245529,9582717544,2025-04-05 09:50:32.525771,431,voice_in,8RW7J,"88.89106626762242,-58.14430692677965",LKZ6CBTNG1TGMD4,True
4502877373,6261099116,2025-04-05 09:50:32.525808,221,voice_out,UGIXM,"38.06249812642102,-27.76959449125374",AMC4CXZ5UFHZLRZ,True
2805615978,2479170637,2025-04-02 09:50:32.525834,35,voice_out,6V4J0,"75.06897671684521,-92.817081880525",PJ75BSJ0F9BNPM5,True
5090806757,0629071889,2025-04-19 09:50:32.525851,733,sms_out,WF71L,"-65.44398072184471,-80.21620237544545",NTXVHL8F825Q61Q,False
8969164478,8940598720,2025-03-29 09:50:32.525869,503,sms_out,BVH2Q,"86.43210577036544,47.50178013284739",4TZOYADJ47DPUU8,False
9728774289,8762660032,2025-04-12 09:50:32.525898,524,sms_out,Q3AWT,"-89.47133409325751,15.108318758103195",IPPDYVVUB5PRRQK,False
3066474614,8244316795,2025-04-04 09:50:32.525925,892,sms_in,XXFGR,"-58.53784687356681,-10.97403105775416",R30ZYMDKKMOLZQP,True
9864469905,7782820354,2025-03-26 09:50:32.525948,1159,voice_out,AUGFE,"20.1233352400142,13.489446450975322",VM61HUBN53IZB9J,True
0225639024,3654497713,2025-04-16 09:50:32.525964,626,voice_in,ROVBR,"-24.410103915130364,101.25395117537926",4OWYCZUVEVVDQRA,True
6403252861,2918198990,2025-04-21 09:50:32.525988,839,voice_in,GG3JR,"40.9713090014001,115.02325054433709",HJTZBN4EJ0E3Y74,False
6260063140,3018460895,2025-04-13 09:50:32.526004,1060,voice_out,G402Q,"27.705098323811043,128.19238938069395",UZNA2H3RN3RWV0W,True
1702832117,7065955780,2025-04-01 09:50:32.526050,195,sms_out,DQJ5E,"-4.266802154963628,156.33841869961805",ZQ60HL0DQQA1THB,False
1854827931,9830020677,2025-04-12 09:50:32.526070,82,sms_in,C1DPT,"-58.70177855816049,105.85544868595883",I2RVCAEEMMG7IIP,False
5072855876,9588498237,2025-04-06 09:50:32.526086,255,voice_out,CPZW2,"-5.78135939047435,11.679081626744306",476SKCYNCSXFOMJ,False
3008185969,3993507555,2025-04-06 09:50:32.526105,1200,voice_out,7SZ1T,"-61.071519217473686,-43.55084438942876",7NZTFTN8XA24MW4,False
4560848354,2220223774,2025-04-03 09:50:32.526123,383,sms_out,V20RM,"-31.19986812233231,-127.5818732309806",CPFP9Y8VRFLBWKY,True
6103806349,1188483762,2025-04-03 09:50:32.526140,673,sms_out,UGHJJ,"83.61150868440765,83.98381919200432",EUEO1J7NIA0P1AI,False
9599560344,3201131954,2025-04-17 09:50:32.526165,271,sms_in,J4R6U,"53.00568053819211,-112.62763482940707",50HPJ1FUPQI0R3J,False
1274407676,9418977540,2025-04-05 09:50:32.526183,281,sms_out,ZBHW2,"68.65969571196561,11.551405246445142",ML66TT3QDVSOF1H,True
8632643692,3350399870,2025-04-05 09:50:32.526200,897,sms_out,H0LFD,"2.701269954516931,-28.490584912221976",YQNUQV7KLJ3VVTQ,True
3773370859,7627162006,2025-04-14 09:50:32.526218,1076,sms_in,2U3PR,"45.01523586599998,-69.62887021410968",DM2L25WHFRKR9OM,True
4159916818,5794499256,2025-04-21 09:50:32.526240,917,sms_in,T6U3I,"-45.83430259768546,-39.317850992639336",DGVQQ6FTDN4KGRF,True
3954326906,9749969587,2025-04-12 09:50:32.526266,1170,sms_in,E02Z7,"-86.81070924654709,-89.85245024608992",RMV9IYD3615SIJV,False
6755575806,8880919128,2025-04-12 09:50:32.526283,497,sms_in,DRTYU,"84.82954737510312,119.22440377787399",LFS1O63A3NC5P3Y,False
5866654463,1734311893,2025-04-11 09:50:32.526299,735,sms_out,GPDCB,"60.87432468077375,-56.08609661776019",8A9FJ5PDMSCZAEC,False
4610691983,1429979837,2025-03-29 09:50:32.526317,462,sms_out,2LZPY,"-13.87312157318614,166.83683110293788",JKNI7AH92R9B7J3,False
9837442271,9298145597,2025-04-23 09:50:32.526334,744,sms_in,JJZBZ,"56.68839508663996,170.30256851453976",ZSLRB1YB6CTDY0X,True
4523327576,3503774244,2025-04-12 09:50:32.526352,694,sms_out,ZCQHC,"77.1228331084269,-144.16421592365464",GUWLJRM7FLCE3V0,False
1425866521,4935057289,2025-04-23 09:50:32.526369,583,sms_out,3IYYX,"-33.61742110850701,171.809323917318",MWV978U3VISCES2,False
8250914274,6363943904,2025-03-28 09:50:32.526385,240,sms_in,C9M3K,"-87.29838659714638,160.5895136258273",UQFMGP5DH73FYA1,False
1803776814,2636346665,2025-04-03 09:50:32.526402,1055,sms_out,MYRYC,"-42.611755378799465,24.868374361969984",3DPVMI0DYKUJUJ5,False
4131462387,7819209659,2025-03-28 09:50:32.526419,1047,voice_in,FQQXN,"-63.229649826142214,-104.70850250113257",IAYG0YWDPDKNMM9,False
5294692463,7957848202,2025-04-10 09:50:32.526437,1068,voice_in,VP6RC,"-46.947422147756875,-44.825985252354",OSVHSWDI388L4Q8,False
0501490651,8065440354,2025-04-05 09:50:32.526464,102,sms_out,SM41V,"-33.98098164193822,-111.12182078179688",J7SDDPSVQG8IL6N,False
8322997608,6470378092,2025-03-27 09:50:32.526498,1139,voice_out,0FBEA,"-72.24996995730432,152.42224669624744",BZY38R7A5BM06DW,True
1985283526,1092794199,2025-03-27 09:50:32.526531,880,sms_out,HDGET,"-26.068512202244648,77.65489962692288",RK4RFQ4X79YKQOX,False
3819155084,9456067083,2025-04-13 09:50:32.526550,1078,sms_out,S0OZZ,"85.08851474420706,64.9627384189445",B3S7UWG48J2QROP,False
9546441074,5836993361,2025-03-29 09:50:32.526566,621,voice_out,WRPLJ,"22.738725293765413,-45.00207689408137",24QRJXPPVKOCQ0X,True
7471804664,1213233034,2025-04-21 09:50:32.526584,732,sms_in,9CLAL,"68.89766377688463,-138.1943156475227",3UHKJ023XFF6IF1,False
6679280888,6010749887,2025-04-12 09:50:32.526602,1076,sms_out,9FAZX,"86.69479249991508,64.91649287084113",A146899QSKO59H1,True
5913441134,7234518254,2025-04-01 09:50:32.526620,293,voice_in,PVX1E,"89.95788368578985,-175.94263113761616",5SPSCJUCGS8JPU1,False
5598424214,9055270170,2025-03-30 09:50:32.526637,145,voice_out,YNVB7,"-73.5311646208006,122.08224206689152",LGVCDQT53PZTQJE,False
3390761338,9291493485,2025-03-25 09:50:32.526654,34,voice_out,X7I67,"74.6228841597736,-135.14457796545264",498SA7YHGUAHELR,True
4590390186,7661093920,2025-04-16 09:50:32.526671,895,sms_in,WPVBA,"-42.007103820999454,22.670045122236928",NCWCEZERYKXF7LJ,False
6608733145,0467956598,2025-04-13 09:50:32.526688,347,sms_in,6ZTIQ,"30.238557359557177,19.12951993853588",VR835HJSEZILQXE,False
0639901048,8582662806,2025-04-18 09:50:32.526705,1108,voice_in,PIVTD,"-42.38281914656521,21.687788228678556",M3Q4PXFXC9JK7AU,True
8951964989,4297740004,2025-04-13 09:50:32.526722,842,voice_out,456I6,"-84.71872619500203,-147.60694617677117",SGRDWYGUIZE59I9,False
4849748237,1649024957,2025-04-05 09:50:32.526748,682,sms_in,ZJUH0,"-15.931938227471505,2.6618326022651786",VI029LWSWOBO9WY,True
8951103432,9423904366,2025-03-31 09:50:32.526776,1192,voice_out,7EWYX,"-75.72421300426805,-55.070677705152704",1Z8Y0WMWEOPB7LG,False
7586245737,9495956647,2025-03-30 09:50:32.526794,301,sms_out,3U9XL,"50.40423519947444,-145.14837850365655",7KJXEX6R6YN6ESC,False
2028344372,8562216322,2025-04-16 09:50:32.526811,645,sms_out,0CDDL,"-81.77691580997545,-83.30980646263757",BOPAPFLV8RGOSHD,True
0938871608,2601929072,2025-04-23 09:50:32.526827,443,voice_out,U7M09,"18.047396689006362,120.58134380905324",L5LCC45QID7JQ45,False
6123234005,1283453071,2025-04-15 09:50:32.526844,930,sms_in,HLGAI,"86.60568951045906,86.40015365585299",RA22OJLBKSCWW85,False
0276195243,8279972057,2025-03-28 09:50:32.526868,437,sms_in,2MHIR,"46.34787364566611,33.45743373149165",XZ97ST069GOZH8F,True
0272413482,0236437892,2025-04-05 09:50:32.526892,1125,sms_in,V0K8O,"-35.663714725241356,86.2223064846084",1VKYSFRDIOL5TTT,False
7423540010,6215938052,2025-04-19 09:50:32.526913,479,sms_out,7H8AK,"-66.07399105895038,101.8389792717715",QS9TFL1LVV9XEG4,False
0392436480,6265783908,2025-03-31 09:50:32.526930,1112,sms_out,VJC1A,"-46.82636708292299,98.35170637148309",WMCQ3J20APABNLL,False
0759136283,8916617254,2025-04-07 09:50:32.526956,867,sms_out,UAOA8,"83.1742857623615,-54.77247704477659",2XIN53SNB9Q757L,False
6484897291,1742572850,2025-04-17 09:50:32.526974,646,sms_out,S2ZJ8,"53.41311563196945,28.80700583763661",MOQSRTIOHIWV1MD,False
1864011351,6661399295,2025-04-05 09:50:32.527001,952,sms_out,UT9SF,"-42.00532455581279,-164.5112947647074",J6424VW6LEDX2FP,True
2277536598,4654396370,2025-03-31 09:50:32.527029,80,sms_in,2VXPH,"-73.92987045530107,169.94742769214474",F7RP0KG203W9IST,False
6084294062,0924918074,2025-04-19 09:50:32.527046,730,sms_in,QIWBN,"-62.41432079931023,24.59603502202583",2W79G3PY2WS46J2,False
4075285807,5725067762,2025-04-08 09:50:32.527063,237,sms_in,VH99N,"40.51213945560403,-80.23803084688709",A8Z8SA2HEMVSZHW,True
8933839797,8170685927,2025-04-18 09:50:32.527080,1046,voice_out,VSN9Y,"23.021021730458415,41.861178515190005",EXDCFVS7E3OKN2E,False
3064862008,5395834518,2025-04-20 09:50:32.527101,139,voice_out,SQBWK,"78.18289553791732,37.883749050539535",JV97OHNA2PHSAKX,True
1889082069,5553103062,2025-04-01 09:50:32.527128,401,sms_in,2LWB5,"59.95523851070644,-170.30534758251505",ZEUUYP2424TQZ6V,False
7548694936,5965123673,2025-04-12 09:50:32.527149,654,sms_in,MMH55,"25.53470029148218,-54.12041277133882",P2R12BSD06LJF9Q,False
4700104732,8062080530,2025-04-23 09:50:32.527166,306,voice_out,D5XFD,"-49.16293297731641,-45.165427089690894",7O5BR92KDOADVSP,False
8594559950,2846467081,2025-04-02 09:50:32.527182,123,sms_out,CQCNU,"-10.797131484890471,96.12355549760952",1S819AJS41P36BF,False
7781943631,8360092036,2025-04-15 09:50:32.527200,1008,sms_in,1A8BS,"41.305217313064674,-19.708979437644956",Y3FT2A16K5N6UUO,True
4730325482,4888608129,2025-03-25 09:50:32.527217,1010,sms_out,1YVPE,"-55.01952225665817,-175.96385050239454",02MVCFRYYMEIZDG,True
7751455154,2870366886,2025-04-18 09:50:32.527239,525,voice_in,5K2LA,"62.194121428529655,83.09735968493612",RO0CJ41XGBJXLZB,False
0880302577,5197333913,2025-03-25 09:50:32.527256,162,voice_in,NPU4P,"-16.384476769828694,79.9389928704752",L65A1IRNBS0GVPV,False
6845470989,8140257670,2025-04-12 09:50:32.527278,497,sms_in,KKDW7,"-2.3474437925007976,-100.90774597059412",J4XOACVNOKBZK7D,False
4058663590,2666525571,2025-04-08 09:50:32.527314,364,voice_out,VHCF3,"26.714786463816765,-29.284906348742766",0ZCH7YMI6CN9NIT,False
2382776493,9803083258,2025-04-15 09:50:32.527333,1074,voice_out,3U9G2,"74.66238434199428,-134.2065544309557",SQ75303Q7V4FB33,False
1045371393,7920541626,2025-04-15 09:50:32.527355,66,voice_in,7NIOE,"-85.71667029531832,141.39213624240176",SQ75G8G79NZP525,True
2562439331,8205419350,2025-04-19 09:50:32.527372,697,voice_out,2Z1W7,"-73.80645662272872,146.04529061872785",2OKDXMNFDQPCKWF,True
0025263397,5943776413,2025-04-11 09:50:32.527391,363,sms_out,FYV3E,"-22.240234059320926,-128.57210241714586",CNP84BT02X7BZG8,True
9418282210,3262934522,2025-04-13 09:50:32.527408,1040,sms_out,77S72,"23.996747772965577,-163.41267536180993",OBIDV4U92C8NLH3,False
2296042949,1698849001,2025-03-26 09:50:32.527425,990,sms_in,0P4HF,"47.55762927643096,-21.74078954365976",R00V40JPOSSYK62,False
0060558421,8706664905,2025-04-09 09:50:32.527442,371,voice_in,P2JAB,"2.1860765614835316,-168.07237712283137",LBUNDHKD1I43TE8,True
2169174770,1225525207,2025-04-11 09:50:32.527459,166,sms_out,9Z2SJ,"38.393043042617364,86.6782535936917",CKLQ8A8TRGMGFXD,True
3574664193,2753732783,2025-04-12 09:50:32.527476,335,sms_in,MZ1F4,"-10.429993828418134,0.9000145078941841",PR78IFZFQNJSEK2,True
3611339656,8291601219,2025-04-03 09:50:32.527493,540,voice_in,7RU68,"-8.969410185305193,81.8722322189463",N0K98PWBA7Q9S23,False
0988218367,1135472572,2025-04-07 09:50:32.527514,1088,sms_in,V53IQ,"39.14814619929561,-113.46730887726518",ISU2QIBEDA4G9FW,False
0863468994,5266159545,2025-04-19 09:50:32.527531,332,sms_out,NT0XX,"-28.737874992412195,151.30982275042726",G2NMX1JMTGJF96G,False
1695946108,1040993209,2025-04-05 09:50:32.527558,371,sms_in,MEQX5,"63.94890951190763,5.758485392849394",TZMLVWEM4UGX5T6,True
6432583255,0334931494,2025-04-08 09:50:32.527589,296,voice_in,Q49PP,"67.79555508535373,60.4965391600893",B3E1HAOQYJDZTTI,False
1658653295,4975992170,2025-04-12 09:50:32.527607,1088,sms_in,2K8PT,"-8.714529711480097,73.42576064359639",7PI9ZRX6ZN5RD6R,True
5667860751,7939174126,2025-04-16 09:50:32.527628,856,voice_in,XMK59,"55.7523587852865,-120.71249522347384",8O3JIOYVTZ0MKOH,False
9726435919,4789871385,2025-04-13 09:50:32.527647,704,voice_out,TOSME,"0.04349531102657522,138.29759577993894",YZ2A1XCTMSDQB4U,False
2799967315,9170508017,2025-04-17 09:50:32.527664,1023,voice_out,OTAQZ,"5.860126149338896,121.47467468425157",7B4BTUYMC8TMGA2,True
0477423278,7659073066,2025-04-21 09:50:32.527682,898,sms_out,FEL3A,"46.529931885704514,-108.94021329893414",NQXB9EPT2CIG5S7,False
1375389106,5149481832,2025-03-30 09:50:32.527699,539,voice_out,6DNSJ,"-53.54130244010658,-142.4065246803138",B33T3TGILEAP461,False
0642564553,9156804485,2025-04-15 09:50:32.527716,583,sms_in,FSTO2,"-72.36310751052844,162.59417281957627",6XLZZJE5QKLQTQ7,True
0088391256,1621916650,2025-04-05 09:50:32.527732,388,sms_out,2WP41,"-52.9374869046959,1.3059828185566573",QRBYDTN4QWM7GMB,False
8991735423,7989956562,2025-04-07 09:50:32.527749,594,voice_in,D3D76,"61.105993994709905,156.80125960263",G8Y1VBB75VGKWD5,True
8902968890,0546369636,2025-04-23 09:50:32.527780,1144,voice_out,QZJX4,"-82.25205143196453,40.48187804042598",K331KLOB6WZMXSO,False
4037067417,7766698226,2025-03-25 09:50:32.527798,1108,voice_in,I1XKU,"45.926381033631,123.59790568210587",53XN3TZPC6BHZFJ,True
8155031420,1061134813,2025-04-07 09:50:32.527816,172,sms_in,OT4CR,"-48.15042546259339,-14.449698280814175",NUDOXUHW4X7DYUP,False
5628134713,1866997906,2025-04-14 09:50:32.527843,729,sms_in,HA39I,"63.434698952935946,-3.4201294692539363",3NZRBFKN1I7R6T0,True
2088701354,3429761144,2025-04-09 09:50:32.527866,205,voice_in,2Q7Y6,"-48.483775335840484,166.23511026782882",O992TILNYHUNX4C,True
3455114087,0949145378,2025-03-26 09:50:32.527883,1033,sms_out,5746D,"-23.06178185235673,113.40750948550027",JLG64H7LDAFH54C,True
8562528300,7931434656,2025-03-27 09:50:32.527902,746,voice_out,0QWXA,"69.14432715500274,-160.8390997603011",IB3044YQ6C0FOMK,False
2551334546,3163867658,2025-04-10 09:50:32.527920,156,sms_out,CPHYS,"59.03505643789481,83.98296005231134",EAMUVC13TNS5POH,True
7483118295,5021889155,2025-04-11 09:50:32.527937,268,sms_in,VW3XJ,"89.73007647669658,-83.59661268994087",W9UHO5JBRGCOGAS,True
7690731765,3351830785,2025-04-02 09:50:32.527958,683,sms_in,KP1UD,"4.751009967308207,16.99348055165524",HJDZVTNGRP13AEA,True
2743867858,0805204376,2025-04-12 09:50:32.527987,110,sms_in,6MRGQ,"80.12934493349783,-79.76537411954827",RDJKK7I37LJHQNN,True
2441163020,9387717968,2025-04-10 09:50:32.528004,368,voice_out,H2QKA,"-65.06614512187716,-16.46438260844272",I6KOZRGUVISL89C,False
7701185184,9409064220,2025-04-17 09:50:32.528035,71,voice_in,EZ24L,"-63.11697526738527,-154.05910484737362",181WSWOOQAR6H3R,False
0411549609,7443860993,2025-04-16 09:50:32.528061,1187,voice_out,WP69P,"-60.004174421788726,-62.70066193523607",L7FJWK88OLK79O8,True
9385492175,1963252193,2025-04-07 09:50:32.528089,145,sms_out,ZXZGL,"-76.68446396874478,146.33398662461536",WQP28E6AW49EBE1,False
5962806105,5530517868,2025-04-12 09:50:32.528108,256,sms_in,CMDBD,"21.147255148016598,-29.031952153516244",P8ASBVN8OEEQV01,True
4943638683,0546489283,2025-04-08 09:50:32.528126,167,voice_out,B00YX,"-44.37737569484894,-173.46671369924354",JRYOGB01TNCCN1P,True
7802814430,0473837452,2025-04-11 09:50:32.528143,1113,sms_out,VL5JZ,"2.6874321567796926,-99.90887422337337",UOYQJCW3FQQXF4P,True
8230442277,0413873765,2025-04-06 09:50:32.528159,852,voice_in,B6IFS,"28.877859831740054,-90.24406675962243",SJGENBZTRZEC5SO,False
4302028289,6641839290,2025-04-17 09:50:32.528300,501,sms_out,LZJ0L,"-49.11678810882461,-49.9900928742702",JVBNXBTSWGD7CMJ,False
0797037398,9502870201,2025-03-27 09:50:32.528329,823,voice_in,0BR4R,"-42.3207424924422,-43.8875747036077",0NSNS9YFG33C03P,True
6599212260,9766938410,2025-03-29 09:50:32.528347,1154,sms_out,NAXTK,"35.4994507229799,27.35334107773423",011D75GPYK2RGU9,False
5315987166,1321208568,2025-04-15 09:50:32.528372,1182,sms_out,7BK8H,"62.26600473597068,-71.10175352436627",3TWG83PRLN3RPDP,False
7501112173,4721992769,2025-04-05 09:50:32.528392,558,voice_out,2D62S,"-20.14713321695801,-66.55655597542048",CM4IHP120W1L3CE,False
0794140092,2569443982,2025-04-06 09:50:32.528409,421,sms_in,G55GH,"24.752853907239057,-47.076645087822925",ARUN52CFSIQC10C,True
1746989545,8234883534,2025-04-20 09:50:32.528426,90,voice_out,WZ30A,"18.085037780488136,-35.15095508822449",WN5JX6QQB32AJGL,False
6060496431,3092047670,2025-04-09 09:50:32.528449,118,voice_in,PN4CZ,"79.38927394545362,169.8854813843136",WVR935158D3FTXO,True
7615739961,3735740484,2025-03-30 09:50:32.528466,883,voice_out,U28R1,"14.910759698041076,128.03536572821815",Y96YLF8JDRPSEP5,True
0234035442,7544959166,2025-04-05 09:50:32.528487,89,voice_out,PJ17O,"17.38661508835841,161.1425265828056",BB03WNJ9R2HCCXC,False
8347997806,2205582086,2025-04-13 09:50:32.528505,42,voice_in,DXDSL,"58.7099847981645,55.414476897095284",Q7QZZ53RZD26ETN,False
9960952497,6347114947,2025-04-05 09:50:32.528522,852,sms_out,N7U0Z,"79.74892150703906,59.57172754134143",2BF5O8GHHTTJQPJ,False
5145177595,5668705410,2025-04-06 09:50:32.528539,985,sms_out,RIP5V,"40.78974677254567,-168.64507349963108",2FF1LDLH911565P,True
7697647312,1903515865,2025-04-19 09:50:32.528572,452,voice_in,WHNST,"-34.45620922043103,66.98205460672014",81C837G4Y5OUK63,False
7266492835,9638650674,2025-04-04 09:50:32.528595,338,sms_in,6Z9UD,"-87.14095685893314,-160.85050670865425",JLM3M6XZLWL0ZUT,True
2426976963,7649318851,2025-04-12 09:50:32.528622,957,sms_out,2WY4V,"-49.8209502170358,-150.04106848451048",NHTZ20798F0DMMM,True
0215864758,7787924078,2025-03-25 09:50:32.528648,1030,voice_out,6HXJ6,"23.64118567604278,-78.22988418924372",DA2JNP7OEK8ZXMB,False
3593790503,6619599879,2025-03-31 09:50:32.528665,1146,sms_in,XLCKY,"81.25944475532253,148.20529234839717",W1MHQCD5MRA1VRT,True
9181019340,3353959310,2025-04-17 09:50:32.528683,1037,voice_out,BUFV2,"-53.17491695442684,128.03668628014162",VJCN8JSWY0FRJLO,False
0223330910,4319060988,2025-04-13 09:50:32.528700,482,sms_in,XSHA0,"15.657213848207903,-26.923932725944525",TQWP61DK5J6QL8B,True
2417816447,7769328371,2025-04-19 09:50:32.528740,88,sms_out,DFDJR,"-8.699016595703569,-57.2432786235091",855P16G5OA9ZFXT,False
0203948941,5793376271,2025-04-20 09:50:32.528762,987,voice_in,8H6GI,"13.736177184089698,-92.39522298306767",6KLFVFI0LFZ7MWL,True
5358091308,8448148463,2025-04-13 09:50:32.528780,582,voice_in,PFQYU,"-0.8013124121921464,77.2291149601188",XKNU1OZ3XSNK6TJ,False
2879650865,4143746403,2025-04-03 09:50:32.528797,374,sms_out,F0UDZ,"63.97278667381008,-168.70338153165935",VIGHNRLCF6SK0YC,False
8392628052,9067696390,2025-04-19 09:50:32.528815,319,voice_out,KU6RP,"-89.50491972541661,90.34856627129216",RJESRB3VZE95TBZ,True
5393423168,6063880748,2025-04-18 09:50:32.528840,929,sms_out,GB475,"-83.01166063447565,-2.0159874840327063",0SD7QLFI5QUNAGN,True
6621934404,8527470895,2025-04-23 09:50:32.528857,440,voice_out,4DINW,"56.274923262601504,166.03584704813142",C652YB8OGKH7VPB,False
7949150256,8672785187,2025-04-05 09:50:32.528875,316,sms_in,40IAG,"-50.60629290684801,-102.28702457035791",4O36V85HRL70WJF,True
6428458573,3759353649,2025-03-30 09:50:32.528900,310,sms_in,K2V08,"-78.4069396523456,131.11726186911676",Y9M2PIMJYSEUOPD,True
8938064860,6448426570,2025-04-23 09:50:32.528927,814,voice_in,EKWL5,"-13.24745108081865,-138.99181837037955",GNHDCLVHBWST3BH,True
6884717008,1355945415,2025-03-30 09:50:32.528949,600,sms_in,QL8UZ,"25.22505731459438,175.4487143800829",TQPCOWDNFCU504O,False
1475936791,3216898482,2025-04-16 09:50:32.528967,297,sms_in,B41MS,"-84.41112871350366,57.47159474886212",FYVOU9LZYQGEM74,False
7307776761,0054477470,2025-03-27 09:50:32.528989,1175,voice_out,X5JEG,"38.52603260681789,-137.5223765263208",40GAK0P5243N4AV,False
3868608380,3115460315,2025-04-01 09:50:32.529007,73,voice_in,6CR02,"39.40419262911064,24.52440410966804",KRDAC5N6CXMX9PU,False
9523457355,0415395699,2025-03-29 09:50:32.529024,292,sms_out,HZM2S,"-30.38859528313874,138.8315234084406",U5SUIFS7MGBHJPJ,False
8688882574,5795125322,2025-03-31 09:50:32.529046,302,sms_out,DMR0O,"-35.36180881706982,-106.20379756928777",N429Q8IP5QY052H,True
5588570919,6920746327,2025-04-15 09:50:32.529082,1045,sms_out,GDKOY,"-16.29388447441042,-38.555951218104155",P5W6OQWH01HN307,True
8992837034,9354500345,2025-03-27 09:50:32.529099,551,voice_out,O7IVW,"-24.532446821137157,-17.219688069349843",ZKNZWU5LHZ25GZ0,True
0458235584,9929544500,2025-04-12 09:50:32.529128,536,sms_out,K9964,"47.33964667976912,-110.33347903582832",P7I1A757MTZEN1Q,True
6656968675,0206830391,2025-04-18 09:50:32.529156,499,voice_in,XD80P,"-33.34444591247271,92.17790778101528",JJ4NIBD6MZWSIEW,True
3374934887,4436092976,2025-04-15 09:50:32.529179,856,sms_in,JA39D,"65.9747534861041,-60.871617818633354",S1WJ7E4949ORCQR,False
2084181462,3825187331,2025-03-31 09:50:32.529196,343,sms_in,GWU3C,"-78.60302307435586,111.91786832467284",D8FYIXLSARWR3Y2,True
8512036242,5402248610,2025-04-06 09:50:32.529214,163,voice_out,SKGO4,"-53.38041572554815,161.57917535556908",60AZ31TEE7EO8EK,False
7672539307,9924315240,2025-04-21 09:50:32.529230,996,sms_out,GEPDC,"25.709136831106406,-87.47518006820243",JJEQFP46QRX7O5F,False
5613523391,8126942499,2025-04-01 09:50:32.529256,919,sms_in,SX21D,"-80.04341761762784,-9.960624086464037",JKM74UTLR92SV0C,True
4404432221,9900775478,2025-04-10 09:50:32.529290,1165,sms_out,ECEZR,"43.013546767526776,99.52213118205111",GK0VTZKCDJ6T1BP,True
6485896437,8092734944,2025-04-13 09:50:32.529313,431,voice_in,DTPS3,"46.526028794068,-167.4463007427504",Y1HXJLLN5SDWZ77,False
3660205138,6162979089,2025-04-20 09:50:32.529330,339,voice_in,NTZO6,"65.87218016689721,-104.09114586885762",559VTPXUAUYGQPN,True
8238810709,3361010831,2025-04-11 09:50:32.529354,1142,voice_in,HSFNE,"-40.260012225848676,169.49724668010685",W21208OT57MTILI,False
0365043810,2682194308,2025-04-09 09:50:32.529375,42,voice_in,Y7H6N,"-54.77712152634257,-112.26438510248607",0N3ZWQM58V1FTRG,False
7284949054,5341777393,2025-04-09 09:50:32.529392,493,sms_in,10D4G,"-66.27518955943819,101.86236920212593",YDMJPV02P1PHUF4,False
3607019108,3705791568,2025-04-22 09:50:32.529411,1029,voice_out,YAZMV,"-27.432939262929487,-113.39361209315305",JLP0M5EMTQ7B23G,False
4979404479,5892972385,2025-04-19 09:50:32.529437,340,voice_in,1N38L,"80.36137088963648,-167.25496543232643",HBUJL9MLGZLVJ4L,True
0925524283,9637533139,2025-04-12 09:50:32.529461,1077,voice_in,8DL0S,"-2.8740681326506206,-7.060843841749488",CMY3J6OJFIJDL0Y,False
2685001770,4669836467,2025-03-27 09:50:32.529479,1106,voice_out,FK67A,"39.49866492300799,154.04413950557603",XLBEZGDIDKFHT05,True
7224682297,7136142754,2025-04-16 09:50:32.529496,728,sms_out,QWNUU,"78.658311781315,-158.3071795091962",OJB8GH18R2BIBCR,False
6313929758,7266611875,2025-03-28 09:50:32.529513,731,sms_in,FUUK1,"-3.1674733948375007,41.80080900352033",Q4J5S6JB6T1IP3L,False
8085557644,5719810470,2025-04-17 09:50:32.529530,716,voice_in,Z8X7G,"-59.212742066638995,30.020484570603315",1NU0IF2KZHC650A,True
8857939208,7887300937,2025-04-10 09:50:32.529552,236,voice_in,HRUGX,"85.92711768782493,177.18646591681568",H4VK3YAL6MPHHO9,True
9691666063,5197577695,2025-04-11 09:50:32.529569,762,voice_out,EEHZY,"83.24994672259956,-83.40476568958306",HJVBMM0IVSWW5CW,False
5387585795,2943352262,2025-04-13 09:50:32.529586,358,voice_out,T2M97,"74.79353161734863,-60.037419970416266",7Z6Y9BJPDCXNXO1,False
7606959333,6971550106,2025-04-04 09:50:32.529603,158,voice_in,N7D7S,"-38.046482368442675,27.794743988207017",2GSV0S9MU5BA7FP,True
1741691359,1827657013,2025-04-10 09:50:32.529620,346,sms_in,N3BF9,"56.25221984888776,152.73930256134287",B7B12QQGRFULHCZ,False
9078834989,8012831384,2025-04-06 09:50:32.529637,761,voice_in,U93YX,"-51.95780996598344,-153.93849775117545",7AXJ877WOXP48D5,True
4293505345,8056814448,2025-04-04 09:50:32.529660,1165,sms_in,Q9VUS,"20.822434503647926,-138.03581661010372",YL4C66R873F1N9V,True
3728043472,5814640284,2025-03-27 09:50:32.529689,521,sms_out,8KPAQ,"40.71122471696111,103.49452624731953",7DE62MFX6C117NI,False
0284713214,0782711359,2025-03-29 09:50:32.529716,1144,sms_out,YJ3XT,"44.65021669752514,-0.68012329181974",VJAH120UGYAAQSU,False
9624380368,0178775225,2025-04-14 09:50:32.529739,1108,sms_out,X0CN5,"-65.14832424924742,-46.73705738770994",I96I88LL8VL3AU2,False
2342193641,2023490932,2025-03-29 09:50:32.529756,34,sms_out,QMW7C,"3.538794235667268,-39.473303160021516",T1WCHBLUA9F4OQT,False
3706001745,0150579223,2025-03-29 09:50:32.529773,395,voice_in,YMKX2,"11.251860422898034,-118.51385026291334",87T4NYKFCRQ4CJ8,True
7950953761,7351125714,2025-03-27 09:50:32.529791,448,sms_out,34UV0,"70.37945463714809,-16.398097319402893",JHDLJ3HNK8DPEVJ,False
5592064820,0231341686,2025-04-23 09:50:32.529825,596,sms_out,URHZT,"65.92440920528688,-60.381973453008044",HMFP55G7JY3E6M5,True
8112711540,2083885346,2025-04-06 09:50:32.529845,265,voice_in,5BSFR,"-78.40379353752051,144.14185974554476",AHCE18VJXQ6RUH5,True
2787101272,0814404376,2025-04-19 09:50:32.529863,615,voice_in,GY7QD,"11.789239933696578,32.660426807205596",00FK0G5L11QS8NY,True
6804145420,5976978051,2025-04-20 09:50:32.529880,701,voice_out,A5QU6,"71.12454702057062,-179.96206275221581",3NA234FYNS5V6TH,False
8686666152,0789383216,2025-04-02 09:50:32.529897,190,voice_out,VUJHL,"46.185333805870414,23.670842850130413",M3KHHSN645YKU1L,True
3911966338,9626542861,2025-03-25 09:50:32.529914,79,sms_in,6WK8J,"54.388542423565326,-150.05209459856016",0MLV2CYMAQDBNOI,True
8401230460,3650083487,2025-04-18 09:50:32.529934,30,voice_out,O4P73,"69.65081273240298,-130.8862950107943",LUDQWPXIVXNKY1G,False
0653527882,2571943385,2025-04-23 09:50:32.529951,895,sms_out,5LY4X,"13.14319847513758,39.670716336443604",FKG04X6NKYPXV4U,False
5416766756,7017045115,2025-03-31 09:50:32.529968,732,sms_out,9XZ7P,"-33.24677258865013,-93.338778334526",ODEVFUX8CSUPHOK,True
7205088089,2708811054,2025-03-28 09:50:32.529993,724,sms_in,22F2G,"-27.526717177993305,-96.77027278091369",I8UT05YNJSKCHWK,True
2394459659,6477490069,2025-03-31 09:50:32.530027,39,voice_in,O1S21,"-47.3698441580439,-17.105907566935997",GZWPTIJGGIS5TDD,False
1334563676,9358704174,2025-04-21 09:50:32.530052,1046,sms_in,ZPWE0,"23.349658118040452,64.58162165392201",2OOX62TP8DC1ZIH,True
8468256688,9031840296,2025-04-13 09:50:32.530070,620,sms_in,D16X7,"-44.19132778325945,-97.4955609154278",SFAMWSEMB9OPP90,False
5108052337,0728179236,2025-04-05 09:50:32.530090,507,sms_in,5M772,"9.918555383615598,93.36298542837147",45GT1EYTSMTH1QK,True
4155765738,3587687619,2025-04-20 09:50:32.530109,207,voice_out,JBRSC,"-62.21308894499317,-1.3651552987580828",LJ5XAILRJO6A2FX,False
5740148654,7204980037,2025-04-14 09:50:32.530135,401,voice_out,T15QH,"55.37591341879818,-76.66714033255217",KLCCNA102A0VU1C,False
6538879878,8693654043,2025-03-29 09:50:32.530158,556,sms_out,70GGN,"36.70489210041798,-10.119890879641872",MTZX4XUDKXBSPEI,False
6084398061,2255277637,2025-04-20 09:50:32.530185,960,voice_in,9OBWS,"-82.80646775963766,95.51980249320258",73150IJD04TRHUD,True
4478151237,7171357323,2025-04-09 09:50:32.530205,547,sms_out,TWCZP,"-85.87868617470433,-103.28370496364835",MTZLOO3D7CBTHSC,False
3340795926,5719210185,2025-03-28 09:50:32.530229,676,voice_out,JHZV5,"-81.61951655598743,129.14588810408253",E1RVDH0AYSA4DO6,False
7871597608,4736645140,2025-04-13 09:50:32.530254,700,voice_out,QP6AF,"-0.5091176137472928,-136.81931912113617",Q6R3N2PVOMWJJ3C,False
9795348085,0797980846,2025-03-30 09:50:32.530272,540,voice_in,8HGYM,"71.26236779719036,67.52953826537359",R1HJHGV71PZUL1A,True
3248096518,2824043743,2025-04-08 09:50:32.530290,576,voice_out,O7X98,"-76.7183193506743,172.9543397732469",LYMJ0WFAVLXNJEO,False
1183287307,2023854109,2025-04-22 09:50:32.530306,839,sms_in,AP8RU,"-63.67818077259234,-136.94536116790238",4YBE0MPZEZTMV6Z,False
9333698295,5163138885,2025-04-18 09:50:32.530323,772,voice_out,JDCXQ,"-23.03383169697412,-77.21238649891943",XT90CP8XGDJ7ZVX,True
7002928890,1731279217,2025-04-19 09:50:32.530353,970,sms_out,KZB9L,"61.442360919569694,21.41023602439799",9RN429ED5DV3ZWV,False
6138706016,0007594279,2025-03-31 09:50:32.530376,602,sms_in,657RL,"-18.722735376593732,-34.970926615338016",9VZ1KXNOKDALE5K,True
8136710896,5798311631,2025-03-29 09:50:32.530394,886,voice_in,D6K8S,"-23.3059063239795,161.59929581546982",Q0XC3565XX9EWGO,True
6666460287,9828789155,2025-04-02 09:50:32.530411,982,sms_out,BA757,"67.50945681093668,141.25623612435072",N3PI6Y4HM9KK4T7,False
3594720514,6969348018,2025-04-10 09:50:32.530439,368,voice_out,9AWNT,"33.466351822470756,108.9676233223015",65675Z7RX9GPO7F,True
2233292447,2974129512,2025-04-17 09:50:32.530461,843,voice_in,6IF1Q,"12.669283549055862,74.75867777864335",7VCMO3MHDDQPFDB,True
5934892717,9227923663,2025-04-07 09:50:32.530481,1137,sms_in,73V8K,"68.66552052956928,139.26476457727114",EWTOI6CRHKQAIGJ,False
3819716021,1002673644,2025-04-23 09:50:32.530498,474,sms_out,0VXW5,"-52.44368981299025,-170.05577074041844",9QVQV0G5YIKCWHK,False
0257962627,4557022229,2025-04-16 09:50:32.530515,85,voice_out,JZFFS,"-85.82361439355569,119.82671006143255",R4QAPPAX6TOHTRS,False
2135283240,0905936428,2025-04-07 09:50:32.530540,555,voice_out,9PWQV,"-4.2055570986035775,65.03836146335999",V5XGSU1EU023J9D,False
9439499834,6255276564,2025-03-27 09:50:32.530560,661,voice_out,5I268,"-21.91004557199375,-174.89676095878102",NB0VE0PWOA8AQSH,True
2059594078,2391202242,2025-04-09 09:50:32.530578,700,voice_out,NM2KH,"50.29033040043413,-26.424421536124612",SAK0EQ1XGS0Y3VT,False
2391918188,5917017469,2025-04-16 09:50:32.530595,636,voice_out,WM8CK,"1.6433520956134942,-105.5485234753138",QVO8YQMH49LCTVV,True
9750601243,2276217623,2025-03-30 09:50:32.530616,99,sms_in,4U1DU,"-34.09215485726084,75.89114853628104",B60BVND49JECKZA,False
8886339011,3633080322,2025-04-03 09:50:32.530633,961,voice_out,F3OI2,"60.36231408157542,-39.15188116435502",NDGR079MXE7Q3TK,True
4105264954,7548441736,2025-04-12 09:50:32.530651,292,sms_in,NYBEX,"81.30780678227089,43.78997603885253",71QQ9CRE9KS4Y7X,True
8354670452,5480694473,2025-04-19 09:50:32.530668,81,sms_out,M7CBM,"-31.56177019039889,38.98733654928782",8ZRZQTU3FRB0N2B,True
5380782591,9418949045,2025-04-13 09:50:32.530685,928,sms_in,PYHAU,"64.89929146584097,-131.22350179680677",QVCVT0MFH3XPDBK,False
8819404293,2477747485,2025-04-15 09:50:32.530702,1190,sms_out,SPVB1,"69.57396471397368,-41.62268071963484",OYCYU49JWPKNTN1,True
4531390510,5142942140,2025-04-21 09:50:32.530721,1083,sms_out,Z497I,"52.876035600446414,41.669637462294844",MQDL2RW828UO2T9,False
1271635579,6593952749,2025-03-30 09:50:32.530738,716,voice_in,4142Q,"-31.875561270593288,106.78439245223916",1BHFIOG43REGFT3,True
4196336224,8671403877,2025-03-26 09:50:32.530764,240,voice_in,LT8JN,"79.54495063816466,52.919019572409326",LCRAXGMNC8GVY6W,False
4346237390,1431264411,2025-04-01 09:50:32.530788,983,sms_in,7SCRC,"62.25525281009985,35.25157627781559",THAP9FLC26K27KX,True
3900969412,7769405952,2025-03-29 09:50:32.530818,827,voice_in,ZJS05,"31.596436866808702,120.42235060774226",OHO8CKIYSAEKQVH,True
9898473372,6389066955,2025-04-16 09:50:32.530837,1164,voice_out,7JPIO,"-74.47451781181277,-18.795893931132696",XZ1NN5D1T51XATD,True
4872842929,5821457107,2025-04-05 09:50:32.530856,1129,sms_in,JY9JG,"-22.812903100922725,23.588313466633394",9P5J39E1YPQ989E,True
5059422757,9164566994,2025-04-10 09:50:32.530881,921,voice_out,26TYD,"-27.112389168003318,172.36052436750873",JIGM79RKZIP6DEH,False
4593870783,3531413347,2025-04-07 09:50:32.530910,1136,sms_in,5GJMS,"57.27621358947383,-40.663599291055306",AQZNF682H64RFDH,False
5427594726,3539986007,2025-04-03 09:50:32.530936,232,sms_in,Q7SLE,"-84.35441556249026,134.19317940088564",78FITLD17QY0VZE,True
6712119737,3660347540,2025-04-08 09:50:32.530958,468,voice_in,SM7G7,"51.683230213629685,-134.5129505481938",A6FGCRNMGRXCVAO,True
3325552784,5876468151,2025-04-07 09:50:32.530975,661,sms_out,EIDJ8,"-52.30127834195993,90.74924284256326",WAQOPLQ476PYZ0H,True
1661422845,0045038061,2025-03-28 09:50:32.530992,640,sms_out,RWUMR,"-32.01852117239944,63.257501212091825",6SBMJJDJU57D2D5,False
1776853367,5812706026,2025-03-25 09:50:32.531011,1035,sms_out,7R4AK,"-50.732394576793084,-107.36890433470387",FVDHGRM3BCABMNR,True
0907859884,4834489111,2025-04-05 09:50:32.531033,676,voice_in,S5IRT,"-25.525038748985068,131.04542470535534",1R178DEXD0PQTCV,False
8728131637,2162285912,2025-04-13 09:50:32.531051,796,sms_in,GQAIF,"50.70988798567487,-123.14279051137882",2HPDKITDQAKHYLJ,False
5449331829,2601602194,2025-04-01 09:50:32.531081,907,voice_out,0HILI,"68.35746888197195,-161.31044675362307",5RQC84XI2HNLZ49,True
0281039204,7792375996,2025-03-31 09:50:32.531116,942,voice_out,ZCCNR,"89.24895503915681,-8.830963962807715",34XR7FAGYETBEZD,True
9154199509,9738378660,2025-04-10 09:50:32.531139,631,sms_in,WMQVF,"-55.95495556832253,-44.48231211688943",GXFEMWYGV1WA9SE,True
2634243311,2765251683,2025-04-18 09:50:32.531161,1016,voice_out,JNNM4,"48.75497055218824,-111.25977600822182",9BHTKR7CW48HCQ6,True
0796942322,8635548852,2025-04-19 09:50:32.531189,860,voice_out,1J2KE,"25.649334718869824,46.75053229519128",QSMMSI7G24ERIOE,True
2517359679,8062112532,2025-04-10 09:50:32.531205,986,sms_out,JG04U,"-71.69292277188418,-34.56933954756923",UZXOQ7OPF2AFIF4,True
1115414381,1594749383,2025-04-15 09:50:32.531226,1157,sms_in,DAK4N,"-83.9035144578821,46.56959908796529",SKBNX99ISAM9LS4,False
2277022094,6433714603,2025-03-31 09:50:32.531245,436,voice_in,16BTH,"85.87704797666328,-65.76776878769147",GOUM8WIAXWFYH1P,True
2810558247,2232049032,2025-04-21 09:50:32.531270,186,sms_out,6VCNZ,"-11.140652343428272,124.73721642723814",MLVA743IATNXG21,True
8125580541,3865043170,2025-04-07 09:50:32.531288,558,sms_in,2RL34,"28.119436075078184,140.71086705495065",MOS93LS1PEHVMA4,False
1766838786,3219581514,2025-03-31 09:50:32.531320,236,sms_in,1VJ0M,"-67.37400945577328,-63.559503802485295",O46WQ3R492014JP,False
2253595431,4283362690,2025-04-17 09:50:32.531340,934,voice_out,FH2QI,"-74.22524203529872,161.93731614865817",JU5EZTNTPWLT7TL,True
8253644922,6646965376,2025-04-16 09:50:32.531357,656,voice_out,GTRO4,"-89.69212333504785,-86.04374688232404",WT79C7OV3LZV6LQ,True
5778944483,2103765006,2025-04-09 09:50:32.531374,42,voice_out,FBSSA,"-60.134046257227375,-94.95558490353069",QCOLTJEG6XOOSLL,True
1032789431,3810745005,2025-04-19 09:50:32.531390,181,sms_out,LUQ5F,"71.06741933841491,59.08688408697739",DD2WQE6O976MPLB,True
3244024011,1538530014,2025-04-21 09:50:32.531408,206,voice_in,YCULV,"-2.120121728839493,101.26713673555145",1NNB0HRKVP8L8XA,True
8263069275,8970947819,2025-04-23 09:50:32.531436,861,sms_out,FPRVR,"12.705768288012806,-178.26277837156616",TUYJB1XET33Z7ZE,False
1112169528,5167684082,2025-04-23 09:50:32.531464,931,sms_out,XMPW1,"44.44402284976701,39.09113207245804",OTPH6I6ZTGGLT1P,True
3895145201,3843773080,2025-03-28 09:50:32.531481,1047,sms_in,2OBTX,"-68.0146844916932,-116.25156760173401",ASKXTGLWLQA8CGE,False
1393100608,8681874504,2025-03-26 09:50:32.531504,1198,sms_in,7MRDH,"-79.04040511077261,-19.51405089094669",2QN9V2L5JQEQ4P5,True
9106402886,9064315430,2025-04-10 09:50:32.531526,124,sms_in,6OG9R,"78.40255007390104,9.97558046100454",O2MZECGSLJCIYUS,True
9016383956,8492562175,2025-04-14 09:50:32.531543,483,sms_out,VXSV0,"-29.964380977116015,-104.73704085379997",GEY3T6TK4LO4XVS,False
5770567042,1783067331,2025-04-04 09:50:32.531561,875,voice_out,KX9F7,"-59.471888078146975,-124.0054898908564",7YKOSLTPP6R03N7,True
4292889887,2004234322,2025-04-08 09:50:32.531578,265,sms_out,XLM33,"23.468399258075223,-6.753480654241088",K4HIF2EGOTCOEVC,True
0821488975,0318181474,2025-04-07 09:50:32.531598,518,sms_out,C3PCY,"-87.67576957196141,-65.79048795968869",IGVJAFDI3VCRCST,True
9792224802,9275578177,2025-04-13 09:50:32.531627,796,voice_in,DMDUT,"49.0745597714475,-21.961893853477534",0GBVMHP3RTCJXL9,False
8206231537,1985792085,2025-04-02 09:50:32.531645,339,voice_in,XD2QH,"0.9299899153762254,29.206028650775323",YXROHM3S6SPYGOO,False
7724910958,1815544639,2025-03-27 09:50:32.531663,1018,voice_out,2F6MK,"-32.58447007578197,-132.1837251170839",OTE7R5ESTP2FM1N,False
0921050075,6776644151,2025-04-08 09:50:32.531680,264,voice_in,PHOQC,"28.672686329293768,165.38252946685384",K8BG6VA47SY2STY,False
1621219868,8762819040,2025-04-12 09:50:32.531700,249,voice_in,OXS61,"77.59212304623219,-163.40352252252774",ZWX0WOZY9CBT84B,False
5235545968,5434325231,2025-04-14 09:50:32.531717,1200,voice_out,3C4Y2,"-55.01753693810404,35.45993884283928",BPX03YJ0VDA0NNW,False
5424634600,9479180007,2025-03-25 09:50:32.531735,304,sms_out,U01CJ,"46.27817699132174,155.5184060280198",JH3JWNZZKALOETV,True
1978311851,6688904742,2025-03-26 09:50:32.531752,377,sms_out,70EPP,"-60.490856723075865,-177.23673771137442",W696V0FFPEFO98A,False
9269082520,7627211395,2025-03-30 09:50:32.531769,145,voice_out,NNGBS,"75.69507975884667,-167.96042781300548",LIY7HOWT34IOFOK,True
7965884464,6386215787,2025-04-18 09:50:32.531786,389,voice_out,GI62X,"-5.3364669855677676,-42.49186794564335",S9FBYJM86LFEFJQ,False
0814431893,9644093944,2025-04-05 09:50:32.531805,1099,sms_in,PTBGS,"-58.08446460909938,-69.09821287172929",US9YU64INCZ7KCX,False
7272475517,4261320582,2025-04-23 09:50:32.531825,887,sms_out,H6JPB,"-55.700479695635664,143.7015734216858",UU7YHUQJ12GRO68,True
4293427068,0078665532,2025-04-19 09:50:32.531853,417,sms_in,L9P6U,"-48.62225660022519,18.141050564579302",A67RS8O3BF3WASO,False
5181570131,8716606150,2025-04-03 09:50:32.531873,297,sms_in,ADGAX,"-14.56953214453226,-83.37612197560294",PWH7I8H5HZP9QIU,True
0900906537,7171096694,2025-04-19 09:50:32.531899,625,voice_in,4HYXW,"-16.242053426426907,68.66340190454937",148O8S0JVCMWN1X,False
8589820849,4217252236,2025-04-18 09:50:32.531918,304,sms_out,8427Q,"-16.271887269863058,104.19579406961088",PJIPRSTF8J02URY,False
8423441606,6287874890,2025-04-15 09:50:32.531941,427,sms_in,LCQ4L,"-76.12680368665654,71.3031463288905",P59WYCSM0F4XBBQ,False
2260724242,0440518444,2025-04-20 09:50:32.531962,1112,sms_out,IGQFG,"-76.91603640726694,-69.07764906234353",QT3QMD4BM2ZUDPS,True
2713093249,1138647533,2025-04-21 09:50:32.531983,1147,sms_in,7H505,"-3.089055739614224,-175.06211985909783",BW5M35CYU3ABY38,False
4204665627,4809822973,2025-04-11 09:50:32.532010,885,sms_out,M0HAL,"-31.119915182084647,28.347493411616256",0C6G133IVXKFPRZ,True
4132825413,3683909624,2025-03-29 09:50:32.532039,997,voice_in,8ZGKF,"-46.1073470122227,-1.783818702567629",BWJFFBJAM9FUIEC,True
8854338015,9873671382,2025-03-25 09:50:32.532062,482,sms_out,FBVGY,"36.38488288023072,22.150500758076817",MM5Y6OMMWZJUWPF,False
6011952990,9950984488,2025-04-12 09:50:32.532079,473,voice_out,5R1AU,"-73.46298005578356,-109.44934083251445",FV1JI4YH5RPWZJ0,True
3484066768,7925981779,2025-04-08 09:50:32.532098,372,sms_out,3WQIW,"-89.10172490214745,-106.93609348367056",6J7YV8L7SWPH8MY,True
3230339543,0191900011,2025-04-01 09:50:32.532115,191,sms_out,ALB3A,"-79.05238333806287,-133.98622710270055",UC0HE51ZLRPLG8P,True
7685308051,0411279240,2025-04-03 09:50:32.532136,281,voice_in,JZH3R,"-54.955697033406345,-93.72409432811365",IAAUNBK94NMDWD4,False
2843901173,5181224881,2025-03-26 09:50:32.532164,658,voice_out,5YBYD,"-52.19126088901708,-55.743601131678304",ZWOPCQVQHQYG9HQ,False
7096761065,3546427679,2025-04-19 09:50:32.532197,134,voice_in,BV93V,"22.589607685985868,34.70802381187778",S2NUMM2Q6NHIV6U,True
4333250902,1414040200,2025-04-12 09:50:32.532215,137,voice_out,E75KO,"7.380354732599642,1.5547503561757878",HOSUL10M793DGMR,True
8156701241,5030113394,2025-04-23 09:50:32.532232,1003,sms_in,PU53G,"-1.5315453882526526,-174.29121093955476",X3HEFGG9GQDHBA3,True
7999698170,5095592637,2025-04-06 09:50:32.532256,566,sms_in,3CB1F,"-46.56467943549732,68.4025741245483",W5C2WAPVFK5ZK9B,False
9785160417,1374832079,2025-04-19 09:50:32.532279,546,sms_in,WZQZ0,"19.262902818483198,-18.582972231469654",N79NO7MLKKCT7ZU,False
3818144570,3051608114,2025-04-14 09:50:32.532303,1089,voice_in,1YNSL,"-15.612887053240684,-151.36389414562743",ZEQFX8VX3JAHNSC,True
8990243939,4326843952,2025-03-27 09:50:32.532324,307,sms_in,1QJFW,"67.22348910795415,110.28273485315344",47KF85FV07ALB49,False
4940134967,2055010150,2025-04-01 09:50:32.532349,945,sms_out,PMN28,"87.74867652919835,73.65176830586546",3PG9JPTDC711FDF,False
3242469306,0892966312,2025-04-03 09:50:32.532368,400,voice_out,AYQNS,"-72.27775890775673,154.09922297883207",U2Z9TWS86RPNRYC,False
3512161990,5876749080,2025-04-21 09:50:32.532404,371,sms_out,8R0MM,"-65.02651580686442,-150.15463206409623",PL1P5WQPOJSCC9A,True
1545458309,7360899859,2025-04-12 09:50:32.532423,197,sms_out,KIJJR,"5.921475152901408,169.7407348329785",VMXWBE106TYR5RA,True
1916283845,9113217735,2025-03-28 09:50:32.532440,503,sms_out,EG5KF,"83.82711772736741,16.58039060238997",ZRD0HNK4PH9Y8FE,True
6622231991,0751471341,2025-03-31 09:50:32.532456,176,voice_out,DJ9OJ,"50.38294917047088,135.43704387024303",IENT8ELXSMU3WQB,False
3681950275,9412092086,2025-04-18 09:50:32.532474,810,voice_out,26EEW,"81.7744723477476,-83.43086840489104",CB13ANOXZCGLFM2,False
3059892366,4808711302,2025-04-21 09:50:32.532497,958,sms_out,EX0T5,"-34.69638333266485,-7.740666977247457",RR55CG2LP15BY13,False
7635899550,5097379376,2025-03-29 09:50:32.532523,661,voice_out,EV7OI,"-16.73333140180293,173.56822988574936",ZO8GEA85OPIXOFG,False
2420411430,5570859211,2025-04-16 09:50:32.532546,593,sms_out,WH4M4,"-55.71693738365789,9.552446636309071",RLBN31VJ8FJAB4X,False
2736104062,0136345573,2025-04-17 09:50:32.532563,507,sms_in,J6VLU,"-82.29703140275093,96.66015911773445",YSP1JMEMZYOCKXO,True
3006722720,3953051566,2025-03-28 09:50:32.532582,1072,sms_in,JNJWK,"61.05282043382937,21.799810213367635",DK343AM4JTSVJTE,True
3366441619,9972859177,2025-04-10 09:50:32.532608,837,voice_in,2DUEV,"-42.877757120682666,-115.97778554771048",C5EFV58PQFCOHQG,True
2902137896,6946771323,2025-04-12 09:50:32.532626,349,voice_in,H3UEV,"73.64931293912363,59.84185877210524",4UQ8F0MCIFKEII6,True
0587036650,1998384657,2025-04-07 09:50:32.532643,353,sms_out,T738B,"-4.85238964075009,-123.60335449323328",XFDU95AQR8UQ0UJ,False
9263050139,3137911577,2025-03-30 09:50:32.532671,599,voice_in,HDO1A,"-40.11457049374831,-58.88342568437349",YOZQXW9BBVSVUE4,False
3590608843,2889773752,2025-04-23 09:50:32.532700,102,sms_in,K00YY,"-50.38748457883732,-34.262017970691886",11RRYQWODVNGUIL,True
4964907068,8882592967,2025-03-28 09:50:32.532717,320,sms_out,FZWCQ,"81.63524537750973,-119.14235078906978",0M6UMR41D0I1IDE,True
9328678737,1222278706,2025-04-04 09:50:32.532734,350,sms_out,D8D97,"80.90316069764808,15.337286771782544",80KGJPDA36AYF4Z,True
1230143346,2223529664,2025-04-13 09:50:32.532751,366,voice_in,OO09L,"-38.93685404678509,15.854277410613264",53MTFHHPWNJBG68,False
5027850516,7377067705,2025-04-01 09:50:32.532773,666,sms_out,2UA6E,"-49.227442337697305,106.85292129938944",2N2LIV0LJ789JPY,False
3829580580,7467561713,2025-04-22 09:50:32.532790,706,voice_out,OW44K,"88.66281695163278,138.61567066133955",1IBH4UB8SU9FASH,False
0914115894,1611987632,2025-04-14 09:50:32.532811,679,sms_in,G7JDX,"-82.26300671235556,11.6121996325368",CPXIRNCJTENXVJS,True
4229603441,1682397574,2025-04-23 09:50:32.532828,561,sms_out,DGYCB,"37.33284527887264,127.30876856269327",7CKC3P50AK2O26Z,True
9655716974,2438164591,2025-04-09 09:50:32.532844,648,voice_out,VN7GJ,"50.51274451536935,103.91302091491133",1OOXKQUQNFWS26V,True
9082390399,5547763079,2025-04-20 09:50:32.532865,979,sms_out,NHN73,"-12.56458318592371,-1.5399955215420107",83WH8ON3CY6A4LK,False
2560705477,3254831107,2025-04-04 09:50:32.532883,46,sms_in,NR3W2,"46.38625119011431,29.127069807037884",WR5BW21ALI2GOZP,False
0214400895,4168471608,2025-04-23 09:50:32.532908,819,sms_in,9FZA6,"43.672086020975996,-114.664071195546",ZAGG979VA2CQFY9,False
0923254519,9899504722,2025-04-22 09:50:32.532939,624,sms_out,ZQGJQ,"24.454374341748434,25.725669071374256",RUWZ8RA7VCKEEZX,True
2660550712,4285825640,2025-04-13 09:50:32.532959,955,sms_out,LGO81,"39.49382901773828,-31.696455737875965",YMRSZK5KGYMMP8J,True
8549997265,4660199601,2025-04-08 09:50:32.532984,156,sms_out,BIAZW,"37.21489726829941,178.20798156729495",4SQLXACXYOVRLS9,True
0596566844,5703908968,2025-04-06 09:50:32.533001,867,voice_out,QM0CN,"-25.87228706311747,142.19887359207678",SCKFE2AWUAADWEX,False
0634180762,9080516923,2025-04-06 09:50:32.533018,1003,voice_out,XZDH5,"-65.32936250358483,149.7110926428623",CZ6BM1Y1XLWKA20,True
4106051982,7973909345,2025-03-27 09:50:32.533035,482,voice_out,K9CV1,"-1.4181751947877785,-109.30143675968736",87FY7XU1W87J4VL,False
7167009826,6416109403,2025-04-13 09:50:32.533057,131,sms_in,UUFSJ,"7.369294670391881,-124.80069753291255",FFJBVFWPTQ20PNM,False
4719528730,3635387662,2025-04-11 09:50:32.533076,1133,sms_out,FUF0W,"4.6488762523981535,-125.83066172148416",P0Q4LGNXENPZGZK,True
9951553346,8765958369,2025-04-02 09:50:32.533094,309,sms_out,V69HC,"-46.918711398720305,8.78140239808215",X6ZBIUBKSSLOIR8,False
0793056010,9495735254,2025-03-25 09:50:32.533121,904,voice_in,DB8MT,"67.89780993768485,28.073527331096614",QXSNMCLCRNCU2RQ,True
9291818358,4384326562,2025-04-09 09:50:32.533143,725,voice_out,9ET5L,"19.931200981486086,130.4825501631011",J5JY2UHPTDJE6CT,True
5500397811,1747098486,2025-03-29 09:50:32.533165,490,voice_in,IVWF4,"36.63030764145209,64.35861781845603",IOYF5FLCL7IWLQW,False
9397029486,6270249797,2025-04-07 09:50:32.533184,751,voice_out,B7LT3,"-29.374719899896846,-28.402751441747967",86A58AN5CRGOEZH,False
3641514697,6904275501,2025-03-30 09:50:32.533203,45,sms_out,G9WG8,"-7.614380359837909,148.0463276340144",87FRWWZYJ30W0LI,False
2555530263,8935807199,2025-04-20 09:50:32.533244,83,sms_in,OZIJL,"-49.68355118122407,162.9478932979726",P2C9R9X9PEJJGY5,True
9575261620,6972578335,2025-04-05 09:50:32.533263,383,sms_in,V6JA7,"46.35924289655952,-129.88278653136695",UVWRKMQTSA6FJWZ,False
7100829519,9343594391,2025-04-16 09:50:32.533280,475,sms_in,NZVFH,"-20.29732048864308,1.6371461934489275",HQPB9PZIDSJ13WC,False
0955452586,4061920799,2025-04-22 09:50:32.533297,1021,voice_out,99SL3,"55.0137792473561,12.101332453535719",S4COSL33VEFD0EE,True
5354831529,9864059284,2025-03-27 09:50:32.533313,814,voice_out,Q45TK,"-56.07740399202542,-94.28532770106786",B3RSX7YY5MHZ2C3,False
7719391416,6754873770,2025-03-28 09:50:32.533335,898,voice_out,96QG0,"42.77819249586739,29.12980628119027",U8VI1WMG9XOI3J4,True
4001909404,0609575305,2025-04-04 09:50:32.533357,337,voice_in,UGBBB,"33.704079400988064,-1.9698694577781737",FZAOHW5TEOPBCVV,False
8210597195,3067150943,2025-04-05 09:50:32.533381,311,voice_out,T1LGX,"62.98421971989595,15.091815116189679",5C625YL440E4XCM,False
2037934409,2393438722,2025-04-03 09:50:32.533400,174,voice_in,XLC6T,"-67.94120813934411,-47.92033435255411",OH8Z28VNKT7J8XY,False
6633914690,1855273888,2025-03-29 09:50:32.533426,1170,voice_in,VHJN7,"-17.1931527946209,138.9745433918223",CMLP7KTMDLIAULC,True
0482095980,0298873515,2025-04-17 09:50:32.533445,205,sms_in,6O66B,"-56.01988104674015,-137.13626192157187",GN3TV6HQE6EPATA,True
3837117762,4939715522,2025-04-23 09:50:32.533476,188,sms_out,2YOY2,"-67.92551114925394,165.06693429243097",8WMP04QBWXJGY7S,False
3612829064,6022944470,2025-03-27 09:50:32.533495,333,voice_out,T9902,"29.308292863477106,11.568066501756022",GG8XGRG6VMSSBO7,False
6379389359,0654142664,2025-04-09 09:50:32.533512,912,sms_in,MFODD,"-55.78924995090028,-40.42915275545775",K07PTYXN48WN5R7,True
9660291323,9107697799,2025-03-30 09:50:32.533529,720,voice_in,VUUW5,"-34.30313767562003,-87.77135832901277",GVAEI8MDSKHS6G8,False
4723680414,4219802811,2025-04-07 09:50:32.533554,867,sms_in,2FTKR,"85.85647949596955,-21.777049817237526",2QR63KBN1RJ4BMT,False
3924246198,4871433871,2025-03-31 09:50:32.533579,1072,voice_out,1LG4V,"-68.88033190341825,-101.37689695563307",T5ST5TS51ON9BUO,True
3334724152,8044919153,2025-04-03 09:50:32.533603,730,sms_out,BROL6,"0.3918611104853795,46.448969248751865",UZ7GNKEYSVGLC8I,True
7546341745,9058423778,2025-03-25 09:50:32.533626,1094,voice_out,1V0SF,"28.519243193870167,-137.61162210764704",GOGLYGBSE9OV0T0,True
9443251293,0207016066,2025-04-03 09:50:32.533645,757,voice_out,9DX53,"-36.76339809404928,-95.90513531442618",A1LZVE23ESJZ9I2,False
8507113987,9706659385,2025-04-06 09:50:32.533662,662,voice_out,FJXXA,"26.337422273402964,42.768575413379864",A104MJH4ZQIQ3BA,True
8502934634,5805416944,2025-04-03 09:50:32.533689,568,voice_out,J5BGS,"29.948208228361608,34.23970904766492",BJJS9T0SEKY858C,True
6597979527,1034015946,2025-03-31 09:50:32.533706,819,voice_in,HCO5S,"-66.16992200793835,131.518016988956",R40BWP4M9BHATDM,False
1586997809,0803147627,2025-03-31 09:50:32.533723,1057,sms_out,V7H43,"0.0392816738857249,-42.556641080649115",UIVQ9G27HAK7HT3,True
9256563745,6434778434,2025-04-11 09:50:32.533743,340,voice_out,8WQP4,"80.40229164908584,-167.45730977405168",RSJCUX7RXP6L2ZM,False
8644621970,9149477395,2025-04-01 09:50:32.533774,1162,voice_in,FD0PI,"12.85284924209978,11.558903267093626",M6OW1KUNTWIPWOC,True
7401852651,1580213017,2025-04-18 09:50:32.533792,595,sms_out,63RUK,"66.3726083029486,59.06270076550163",YVO34ASZZSPW4EL,False
7636446357,1774206466,2025-04-01 09:50:32.533809,244,voice_in,CEQY5,"-7.6041320405587385,-29.886160049405703",KLI92INY4N67W1J,False
9822289317,1143936679,2025-04-13 09:50:32.533826,344,sms_in,I35PQ,"-70.58993015621354,-20.569956065693475",5FHOF5603172ET5,True
3215246206,7220924640,2025-04-10 09:50:32.533843,795,voice_out,9ONVU,"-37.77599152586087,124.76304261017759",2HGIDEF1ANUG2RQ,True
3206896946,8627781137,2025-04-06 09:50:32.533860,554,sms_in,8BX9J,"65.34488104099901,-112.66870119781163",ZBF6KQ0RB0VCBIR,True
7289135379,8576318772,2025-04-04 09:50:32.533882,944,sms_in,2A15X,"-40.32416487300071,-145.8942911180377",SVLYHCZYUVN2OKB,False
2726968267,7550578339,2025-04-09 09:50:32.533899,296,sms_out,YE8KT,"55.760124470438654,88.61003962285491",0FP4RZFDUK35OW9,False
5749633724,9774225735,2025-04-03 09:50:32.533920,266,sms_in,RWWPM,"54.367808500508175,-33.09821118137202",56KADNUHRA6GG9Y,True
1359067951,7964418999,2025-03-26 09:50:32.533937,970,voice_out,ADKBD,"64.67461598690124,-90.57585464151757",2CVFRC467OLB2ZD,False
9925598947,3782471461,2025-04-13 09:50:32.533956,1025,sms_out,FVUEL,"75.92182581496166,-113.60563488357731",LQN3GE9G5KW2S7I,True
6627218226,2777921921,2025-04-06 09:50:32.533975,32,sms_out,2XCGT,"-48.393484958865294,-178.86552447043258",ML4XD43XFMH4FDA,False
5104838363,8608357368,2025-03-31 09:50:32.534004,99,sms_in,3356C,"23.686123984640687,103.7327125521503",9XKPKRWV3K5MGW3,True
2706799249,2860274452,2025-04-02 09:50:32.534024,1106,sms_in,G9L13,"13.452774033486023,112.03729593761295",0O7JBY7HOI7QSZR,True
9891562089,1477708266,2025-04-20 09:50:32.534049,1089,voice_in,0U974,"26.065018140796653,-135.62247106103382",2W5K0V76QC7VWW0,False
8319415517,4302681150,2025-03-31 09:50:32.534069,542,sms_out,A2LY3,"58.420897586969375,54.523682540705664",6P3589LWT4B4K50,True
2390254864,2117304838,2025-04-20 09:50:32.534087,823,voice_in,KMR5B,"27.26987732618454,-103.68739573026558",YRN2UR62NUJCDNS,True
9697312972,3958984587,2025-04-16 09:50:32.534104,1057,sms_out,JCP8V,"89.91194899485481,96.25649297075546",HQ4VNJW1PLR3HNN,True
3463771666,0475411098,2025-04-01 09:50:32.534120,344,sms_out,MC4A0,"10.815106483341836,-172.26613923610992",SL68AR1EKM1PRBL,True
2974503828,5584670356,2025-04-17 09:50:32.534143,535,voice_in,1XBF8,"-8.92284238285447,84.30081217354098",3ABAB6E0IC9GUAV,True
1669198418,3932472175,2025-04-22 09:50:32.534160,863,voice_out,DKR47,"-9.840398597783661,153.0674236974947",RTMXTNX6FQ6C9DK,True
8255687753,8897424505,2025-04-22 09:50:32.534181,1050,voice_out,NLL0R,"-3.835502279046338,-104.24413960350854",GI8R1VS999KRE19,True
3628827768,7271786127,2025-04-07 09:50:32.534209,1034,voice_out,BN36G,"-17.759053143376534,-103.2837799973749",OLP90J53W5060YP,False
1890230211,8198870410,2025-04-14 09:50:32.534227,379,voice_out,UMQV8,"-75.04084559372052,-150.5301532748971",W3ZLCK2KNFKL8JU,False
7465137349,3635892575,2025-04-04 09:50:32.534245,598,voice_in,DA7MF,"89.18718602599557,-126.69135667443483",GBEAOGC8RD5F4PG,False
2614214315,3005489184,2025-04-04 09:50:32.534262,485,sms_in,8T2O9,"-86.06366911407927,-57.114354474243385",F31D3YHH2ZGJ47Y,False
2016984025,5643231918,2025-04-02 09:50:32.534279,1041,sms_out,KFYFU,"-55.45517407740322,-16.265300632568568",ZE5QBELIGS4RSC7,False
3280751585,4311523307,2025-04-23 09:50:32.534314,622,sms_in,LHRR2,"-47.49244519757231,-46.96032712953547",PUFI6FWAP2PAKJJ,False
0309145109,6034843930,2025-04-13 09:50:32.534335,593,voice_out,O7HRG,"47.03920666444685,154.75645968482934",GHMQNE1DNU9I855,False
1656332756,0418801594,2025-04-21 09:50:32.534353,894,sms_in,KXUTH,"80.10042080116227,60.19468392162452",0NXK82BZEQ14KF8,True
4817509076,2246584443,2025-04-05 09:50:32.534369,435,sms_in,E3M2E,"-34.177403519413325,-93.49491143087695",PLLJMP3X2RYLCTL,True
0196903894,4961932855,2025-04-15 09:50:32.534393,299,voice_in,7DXXD,"-33.83175895074322,-46.424076300449",I8NSQ75Y5WO9731,False
3836964056,8913039518,2025-04-02 09:50:32.534411,54,sms_out,VTXSV,"12.322796712572398,3.0626251616536138",TPHF0A23VY50DLV,False
3632623679,5316602313,2025-04-09 09:50:32.534429,810,voice_out,JJTEM,"-55.87139527673194,-157.9496588294786",WO0TJ3MO27R8JT0,False
7590673864,0931262032,2025-03-25 09:50:32.534454,878,voice_out,PBLOJ,"68.64091905216299,86.84155708113911",VASP34V1PS18K9D,True
5844852192,1350029459,2025-04-02 09:50:32.534472,1051,sms_out,WQ7JZ,"-30.92757141304032,50.68169466605971",YDPHJPNBTHEHDFH,True
4583678274,0041761060,2025-04-11 09:50:32.534495,928,sms_in,6LBL1,"-63.12177152499248,-126.62055553698627",PR8U935WEQOQO4E,False
4707525625,3992671171,2025-04-05 09:50:32.534519,211,voice_in,UYPY3,"-15.675313110280712,-52.379222447961396",W3H0YHIX87JCV2X,False
8923505229,2611170208,2025-04-04 09:50:32.534546,1027,sms_in,55SS2,"46.004028623605535,-5.328835307093016",24QY1TX5HYBBANT,True
2127699499,2744435535,2025-04-17 09:50:32.534568,172,voice_out,FCA1E,"80.59624635529616,-44.86646840227871",RSIOSVPYIUYNLMJ,False
3768775571,5797622923,2025-04-15 09:50:32.534585,324,sms_in,BORVV,"25.793730333808256,-18.364742119483083",E17KN7KOGX6UQML,False
6793817919,6738739630,2025-04-05 09:50:32.534601,463,voice_out,XUVLA,"22.59974146422782,122.08545438348523",OM9RE5P20BA5TM0,True
9020547259,3688168125,2025-04-08 09:50:32.534619,657,sms_in,0OH7A,"83.53142733037566,66.68102377992423",9LRQAQRFZQ8GK7P,True
2509073262,7897063091,2025-04-21 09:50:32.534646,1165,sms_out,9H52U,"88.684539545549,122.4483144578324",OCHUM4KKOJLLBNF,False
2279466577,7432611010,2025-04-18 09:50:32.534678,688,voice_in,TKDV2,"24.354411186296375,146.70626882289838",MDG7EXZ3OGCFY5E,True
3198125216,4264802795,2025-04-07 09:50:32.534701,196,voice_out,X5XXU,"1.5183042619927534,-127.98914551901268",DTZ27RYMHWIGU6K,False
1630137383,9972915020,2025-04-20 09:50:32.534722,1076,sms_in,34KS7,"-87.60540915472508,97.69513511714825",X1VWATXMWV5JTYI,False
8109143119,1323277051,2025-03-31 09:50:32.534738,294,voice_out,UJHY0,"77.77672881290042,173.04207552945945",EZU5MTABY3XK4ED,False
8873915264,1445919264,2025-04-20 09:50:32.534756,212,voice_out,GC07V,"59.13642366542206,171.97695768941634",RD8XKTLFX9SWP5B,True
9365506025,2530632174,2025-04-10 09:50:32.534784,663,sms_in,APGKJ,"7.016710707821716,12.787973878583443",HV4KLHNI8M250DR,False
8617111817,6092081550,2025-04-05 09:50:32.534803,1023,voice_in,KX9QN,"18.286038855394636,-147.24778901205923",5Z18XWUTT9H6I4V,False
1984910121,1296724399,2025-04-20 09:50:32.534825,244,voice_out,NH41D,"-36.62134857650878,60.988088308300576",QE82U4GSNF96BNC,False
0718608653,2783685656,2025-03-30 09:50:32.534847,201,voice_in,R209L,"-82.16651512089177,171.62924205283838",UWJOY0T887JQZ7V,False
9250803318,7543250300,2025-04-19 09:50:32.534864,734,voice_in,OJ3L0,"19.585250365636114,42.28330970400174",WBZ5MQ0TFQ0CIBC,False
3671494286,5740964404,2025-04-07 09:50:32.534881,170,voice_in,CO6ZW,"31.431639540234585,149.6101380237718",HKM8Y0FTHQ7XBLZ,True
1336950001,4739035149,2025-04-15 09:50:32.534898,72,voice_out,DJ5IS,"16.208058105431377,28.512088831055138",8N9B7ELWA2RJXQ3,True
2752655524,3072947125,2025-04-12 09:50:32.534916,824,voice_out,DI0ZG,"-63.0066378339167,95.58593124275421",FGDEXIAPV78RP3S,True
9465426036,8778539039,2025-04-08 09:50:32.534938,297,sms_out,74616,"58.0778736806723,-81.25459488594711",NY166SKQVCP3I0E,False
8177278835,9912312336,2025-04-21 09:50:32.534955,811,voice_in,45NF4,"63.39419185092342,131.64870225769647",6JWRFSZ9PCEGWNP,False
5113095393,5509586157,2025-03-28 09:50:32.534972,305,voice_out,I89KQ,"64.04307811085704,-110.20125983745149",ZBEKLI1795OFPV8,False
1548607292,6276788038,2025-04-14 09:50:32.534989,232,sms_in,4GOTE,"41.36372002570795,94.89331532355163",1S9U4DN8IA5WIYX,False
7523439904,4361463285,2025-04-11 09:50:32.535005,715,sms_in,SX9EW,"37.82223078448918,-126.31754041643855",FZNG80ZCXP1KLGG,True
8399396439,2319273203,2025-04-19 09:50:32.535022,1067,voice_in,SGZU1,"49.693652666777155,-132.33717751765283",OZZICESN2IXE86G,False
9629281648,3543892074,2025-04-22 09:50:32.535045,959,voice_out,6QKA9,"62.853895149850416,125.1440862830438",GQK623X9Z7ZJYVW,False
2193385142,4385142751,2025-03-30 09:50:32.535072,709,sms_in,FF415,"-8.089328660007524,137.85972188854583",ZEH5NAO94J7Q6FV,False
8009341541,4969594377,2025-03-28 09:50:32.535094,657,sms_in,09WZF,"50.763543537004495,-55.82911246814703",IOOJSSY1P3EKIAI,True
4169962651,6917351136,2025-03-31 09:50:32.535112,566,voice_out,60B24,"-66.67632281891942,-81.4467352380946",1GLSEYYMS2Z1W1E,False
1614852123,1034405151,2025-04-17 09:50:32.535139,170,sms_in,GID3T,"-35.55797739377442,88.38716875273002",KX015R5NOMIATT1,False
5334698444,4933465828,2025-03-25 09:50:32.535158,1196,voice_in,6MYSY,"70.65486873917249,21.388459183342007",K1MMKAAHUS4TSPF,False
1272927445,3402806760,2025-04-14 09:50:32.535191,517,sms_out,FOGZ5,"-54.448174418879844,-144.82375986945345",PFFZJI2EUB7Y1TQ,True
8471703536,5627232796,2025-04-15 09:50:32.535215,193,sms_out,QDWEJ,"63.79489337569052,159.58963976835634",WSFJKZ686XVAFGX,False
8187674397,5668536544,2025-04-15 09:50:32.535232,39,voice_out,JXZCN,"-42.53536335884144,26.166245174063533",M82F7JDK6MUEYB1,True
6687624511,5827055202,2025-04-06 09:50:32.535251,516,sms_in,SCRO3,"43.55885544823008,-106.73717797645212",CR516Q9HW1SQV4U,True
9504734994,2660856164,2025-04-19 09:50:32.535278,1151,voice_in,3SWYG,"-30.65245127313529,-73.17895253577365",3OV5VFUJ5R1GSBA,True
2943254508,1580355157,2025-04-15 09:50:32.535301,291,voice_out,1SMBU,"-66.3361491405252,-97.22549269365305",OE8RZ4OBBRL0SKM,True
5858990012,4923772840,2025-04-08 09:50:32.535318,688,voice_in,5KLUI,"6.436484711919562,130.87816011280944",ZPNG57206CV5QW7,True
6294758777,0421744842,2025-04-06 09:50:32.535335,948,sms_out,U0LRT,"46.89592763682998,-78.08279149060112",NH9A97MI104KJH8,False
2490090845,6885911377,2025-04-13 09:50:32.535353,814,voice_out,5RPF9,"3.9650879189681802,18.517917960388814",502DGGC6VQUY1YX,True
0298809240,9511287540,2025-03-27 09:50:32.535378,434,voice_in,B9MB1,"-51.96944004295587,150.29613947412184",0VA3SJR365RU2TK,False
9214622349,1142013421,2025-03-30 09:50:32.535403,290,voice_out,HSYK1,"-48.84103016486395,115.26802854424955",O3EZ1ADKO3N5BJT,False
0502411731,9507570451,2025-04-22 09:50:32.535420,586,voice_in,T8BQD,"-17.339057258111808,143.43707024582602",EFCFMEVU7TS6SA0,False
0696333602,2853377783,2025-04-23 09:50:32.535445,500,sms_out,8AH6E,"27.712843162560162,92.84787669788852",B9OBWME0346Z3ZG,False
1179017856,6121428738,2025-04-19 09:50:32.535462,949,voice_out,HHSC4,"83.03836283900318,109.69374823523412",X6TANZVSKWGTPTY,False
2252294883,9181777219,2025-03-25 09:50:32.535484,952,voice_in,PXF9N,"-71.61523424761717,48.70791068789916",I97FU3O6R4GUM2O,False
1815032276,4462668255,2025-04-16 09:50:32.535503,994,voice_in,81UIH,"39.66438735450609,-141.06053833476295",RQE6XR9O5OBJICE,False
7024252989,4996213169,2025-03-28 09:50:32.535528,247,voice_in,ZRMEH,"-63.45498897397957,-154.11847467007422",4JJ0W0V8DRMG2P1,False
4282067033,0908670752,2025-03-25 09:50:32.535560,40,voice_out,4V3BV,"-83.20474222783524,-131.33299285930607",PHANPMTFOIMMJ2M,True
4415007970,0286104039,2025-04-06 09:50:32.535578,1113,sms_out,C322L,"-52.36726899785949,45.64236587946186",TJVMV7BORABVZ3M,True
9042084610,4650775908,2025-04-19 09:50:32.535599,1046,sms_in,F3AMT,"-44.75562936817815,174.0333671357959",AD8M9YQIVRRQEXC,False
6079291055,0596567767,2025-04-04 09:50:32.535626,1105,sms_out,9ABSJ,"-10.309339654568205,-33.714523375438915",F91CO0GIP07SI8N,False
7188947826,7653563587,2025-03-27 09:50:32.535645,688,sms_in,GA2ZX,"-82.24728489357058,-154.45989004947677",37KRP1EEOT2C0DS,False
4202154487,3238822404,2025-03-27 09:50:32.535663,242,sms_out,UIWXD,"84.1734631294014,-160.51669829759442",840VGI7X6SHPJPU,False
9792996886,4821066096,2025-03-31 09:50:32.535680,493,voice_out,1C8IK,"-36.64079469643415,132.78292073148106",0W305J8NX7F34R6,True
3039349146,7304924080,2025-03-31 09:50:32.535697,492,voice_in,KCE93,"-8.615146944700925,-114.63355991527621",VWJ1ZHK8LUP96ED,False
4933544686,1873580877,2025-04-17 09:50:32.535715,641,sms_in,S8JGK,"37.71041356572998,23.75110982621348",B3DFWB1Y7DXLT48,False
2671468424,4725060511,2025-04-03 09:50:32.535750,852,sms_in,1Z75G,"26.60411969897912,99.8716145891384",QSEPB72MU8U7HMP,False
0427708027,9128365381,2025-04-07 09:50:32.535804,696,sms_out,AKTD7,"-48.79812221322416,-140.52254338419536",8M92CVIEFKO01JW,True
4510657324,2905225263,2025-04-02 09:50:32.535823,869,sms_in,JX04L,"11.328632892118904,-167.6857966077503",9BIQPVVLX2FBI66,True
0940712981,1965773178,2025-04-18 09:50:32.535841,145,sms_out,IKL5T,"-45.864593923360275,169.59436323897273",QIPFNW3TDOF2E9F,True
9818698514,1521640764,2025-03-25 09:50:32.535868,928,voice_out,XU9XF,"37.33828846985327,178.1829529262808",9GU9JFQGUTXO88D,True
9980352810,0259779639,2025-04-05 09:50:32.535890,203,sms_in,FW5FC,"12.293738064694296,-38.766288699118405",GIP62KG6ZB1WKQG,False
7569703616,9981237548,2025-03-27 09:50:32.535910,511,voice_in,3D6VW,"43.22626643556933,-76.3685417948134",ZXMNSOFR4A9XWG7,False
8788556487,1443875285,2025-04-17 09:50:32.535937,738,voice_in,RG2A5,"-23.140138225125924,119.14186188454966",VDSYWTF30QPSHXU,False
6559917387,3537467064,2025-04-10 09:50:32.535955,732,sms_out,VQUCV,"-14.57900509385297,15.655463965269831",WE590Q1KK7HP6E0,False
4164756452,8007013751,2025-04-03 09:50:32.535972,998,sms_out,N7MMM,"-20.667917159813896,87.98472949617843",C14V9JGSU5NGCS8,False
5424991794,8996287124,2025-03-30 09:50:32.535989,833,voice_out,SWSZZ,"24.390156717354103,-84.39584450857005",VDMVW7O4SHAU2M1,True
1419748106,2464950366,2025-04-14 09:50:32.536006,53,sms_in,E0D40,"-73.82513831981112,-22.417686074404315",U2NZYDCVTRUXOYB,False
2167822950,4225126596,2025-04-23 09:50:32.536023,474,voice_in,BYTJ5,"80.62954468951355,12.901772017323253",66V8XQEJE133GP3,False
3912551666,8845554732,2025-03-26 09:50:32.536045,140,sms_out,YDHKM,"7.130101846821162,26.393535289337734",HWWDS7JTHOQCKZ3,True
5000054248,7430790899,2025-04-19 09:50:32.536063,465,voice_in,PXL9W,"-14.279692176240061,-19.640803773414746",U773YQ3EDPGWZPS,True
3702354279,0557453597,2025-04-23 09:50:32.536081,209,sms_out,5QYLR,"48.419314818485304,12.120807073590697",HBMIGU70RB99UGT,True
5761564566,8421754785,2025-04-20 09:50:32.536099,157,sms_in,S254V,"45.46882025493164,123.48155864687726",WGCWMQZ4JA2B5EI,True
9873505448,5393374739,2025-04-13 09:50:32.536119,702,sms_in,0U15D,"-64.3972829606218,49.64004061782646",AAJCWTH08GA06A9,False
4189816103,6314928884,2025-04-12 09:50:32.536144,510,sms_out,YI4MM,"29.245149149752976,131.51653446587693",UVA68DJUPZCLQUE,False
3692185098,1313019499,2025-04-17 09:50:32.536210,979,voice_out,E58S6,"-16.24516727669655,135.2421871894161",IR0QUEGYW40OUTH,True
2304114046,5308189427,2025-04-07 09:50:32.536233,152,sms_out,4YUXV,"-70.94197203250775,-65.92621234971497",W2YUIKEKV5LKQM0,True
1312977077,7359625119,2025-04-03 09:50:32.536257,802,voice_in,Y5SDA,"75.01545080793343,-171.68281800456168",MQWNTUDT28CTNBY,False
9301973381,2214310737,2025-04-06 09:50:32.536275,914,sms_out,0J5IQ,"-10.461741967204205,-168.00869582400662",SE5HE2FAECJZ5KM,True
8145749869,6491608233,2025-04-22 09:50:32.536299,298,voice_out,FD2R7,"-4.981298276073417,-96.64639264503882",TMLSEWFYRTP0A95,True
5979627577,8108016734,2025-04-01 09:50:32.536317,349,sms_out,M1JEX,"-57.93822995443726,-32.56023510865751",2G0J90EOOJ9CICO,True
8990945682,7041725750,2025-04-08 09:50:32.536339,77,voice_in,Z9NW3,"62.76481376038069,-141.36939141513864",311WEUKIHX1J0KV,True
9411182370,1111006065,2025-04-13 09:50:32.536365,806,sms_in,EMYBV,"54.969744822061415,10.955381389710652",FV3SFW66308IUXI,True
5450794036,0167265362,2025-04-04 09:50:32.536383,935,voice_in,SZT5A,"1.8922013258623451,110.25040196545473",DMPQ0RM9YE72YMK,False
3807782267,0470300443,2025-03-30 09:50:32.536400,91,voice_in,CRDSP,"-33.45921639152555,107.89455333129143",JDM4ULET1XUJQ1S,False
9159845640,4423339011,2025-03-27 09:50:32.536417,376,sms_in,H94TN,"33.45573385201499,114.19725397250056",1TCDQ4ESHE279WT,True
4111147391,7922931556,2025-04-14 09:50:32.536434,457,voice_in,F4YB8,"-70.0603852060431,40.762365245174266",TZIRFZ63UIP5H1N,False
8664004093,6979343003,2025-04-17 09:50:32.536460,878,voice_in,00GEC,"8.270299604415001,11.45649779122732",OX7F3RMNC76WN0Z,True
0634137228,8982287306,2025-03-29 09:50:32.536486,70,sms_in,0ZWY1,"24.620564155031772,20.274541901436578",5V8QGMS4N973XAG,False
3327842947,1078477488,2025-04-18 09:50:32.536509,607,sms_out,RMH5U,"48.35138337374957,-21.720796679258",BSITEBTAI6EUGRX,False
6688255025,4046440750,2025-04-11 09:50:32.536527,661,voice_in,ROEKW,"22.680206988475362,-15.640776506217975",3O5UDCWLIOERJ0J,False
1843309911,9208465267,2025-04-19 09:50:32.536544,161,sms_in,MOVJF,"-38.03232135527125,-32.296623827106146",ECHG6TG7H7AX2D9,False
9059568432,4605157462,2025-03-28 09:50:32.536562,353,sms_out,17DPD,"66.99863737344137,-61.495690277923686",SHRYZMUNK5FPCG3,False
5485427306,9198972568,2025-04-16 09:50:32.536593,450,sms_out,XCCRH,"37.82492564285036,93.87489225107345",63THPFQMCC7UGP8,True
9938224796,3080186667,2025-04-21 09:50:32.536614,590,sms_in,D9N9J,"-43.918877213088756,167.76370072267622",NVPNYDIKHVVQ7FD,False
4823573967,1548044420,2025-04-03 09:50:32.536631,282,sms_out,QCEAS,"-7.237335443968533,-146.4306181925822",WCFDNJ63S5K99FL,True
4676656556,1002613222,2025-04-07 09:50:32.536656,235,sms_in,CUJDL,"68.85457599123981,-89.29079928702727",9OOH8U8LOF651XB,False
5742008437,1775673153,2025-04-10 09:50:32.536685,1123,voice_in,3IMA7,"-13.983099777909317,-69.74083426164862",WKOQS6D8HC68UPR,True
0379139362,4994053328,2025-03-28 09:50:32.536712,408,voice_in,N2TAZ,"82.41931087983008,61.16830364804619",7D44ZH4U7UR05YH,False
0799795561,4569919573,2025-04-14 09:50:32.536729,292,voice_out,87YP6,"35.07257108277848,-60.888572550525794",DTQ4GLWL1MK43EI,True
1481237906,8437471970,2025-04-05 09:50:32.536748,119,sms_out,HADI9,"29.703754740924268,14.888174322193578",IMRDLBZLOERYG17,True
4914511812,9271923577,2025-04-22 09:50:32.536767,88,voice_out,84G9G,"22.389335684076727,0.6853748624754985",5DOFAI2C6GJF8I2,False
3395983866,3772455560,2025-03-31 09:50:32.536784,64,sms_out,VN05S,"5.559776245975769,91.69343356345792",SNP0MB8U3TAW3SW,False
2604087191,7754692291,2025-04-14 09:50:32.536809,858,voice_in,YHKND,"-80.86239650263543,80.1395908122463",NLP7E1X7O7M2IAS,True
1795983783,4047781510,2025-03-28 09:50:32.536834,684,voice_in,8GE36,"37.79254627969709,-81.20745933790886",XUP1MYGC8867IPA,False
1310729837,9036649569,2025-04-14 09:50:32.536851,240,voice_in,7MJJC,"84.24494394772512,128.38999713931764",TOMPOS8W321IMDV,True
3804795349,5508269984,2025-04-06 09:50:32.536868,989,sms_out,BX6C1,"-15.652499271196746,-60.762699827161",FTQ95LODVAB2SPT,True
8686376424,6348534176,2025-04-09 09:50:32.536886,503,sms_out,IW6RV,"31.214367641403612,-114.7781170422957",NMWJ5MJQ8FPARN3,False
8189596373,3315006956,2025-04-03 09:50:32.536908,499,sms_in,63BW9,"-27.363544577984314,-7.5752364126870475",TN7YTWJRI8YGB06,False
2198560054,6216469228,2025-03-29 09:50:32.536929,726,voice_out,ETPEC,"-27.47376089410229,175.05884263920348",KOAF4PRWHAPGU7E,True
5653474559,7018901905,2025-04-12 09:50:32.536955,945,voice_out,WN0TY,"-6.684309420784757,155.9183483965054",88OLNF3FVHXFXVB,True
4339235042,2504856023,2025-04-13 09:50:32.536980,343,voice_out,JCPUJ,"-0.25312893985659457,55.9409997798127",T1HZK2C9RSB3RJP,True
7356368619,8356838332,2025-03-26 09:50:32.536998,441,sms_out,MXGN8,"-14.437670374858016,159.86568318835066",0YJ6HCCKU86B6V4,False
6065899219,1345099890,2025-04-22 09:50:32.537017,683,voice_out,TG3O3,"-55.74112225960674,118.49220966436036",VNNL3GH05U8QFY0,True
3592442056,6290977957,2025-04-15 09:50:32.537034,1064,voice_in,J41FW,"89.61809440969188,-141.2075634252319",I9STJK5TG3NJ5M1,True
7075527984,6511307820,2025-04-17 09:50:32.537051,435,sms_in,J711W,"12.233720138442848,73.53096895046207",00T1941N51EGSYV,True
9017385914,9208277733,2025-04-18 09:50:32.537073,463,voice_in,Y0SYK,"4.606536339765938,-48.34213185123008",722GDFBJVA344BU,True
9397429615,2501120894,2025-04-23 09:50:32.537090,495,sms_out,V0X1W,"-64.14191938775704,-41.88225208800068",AHX8I1V2VRTDGWO,False
3376089537,5507197152,2025-04-10 09:50:32.537107,227,voice_out,MH1HS,"-9.938682556337724,-44.13728916122",4BJ5DMZDPQQQWEU,True
9413495591,7908943487,2025-04-10 09:50:32.537124,1175,sms_in,ONI2F,"-69.73353084846329,-124.64576131607404",V62BYRGWOT1ULCL,False
3516357453,1869920888,2025-03-29 09:50:32.537145,466,sms_out,1BN45,"-87.866361089336,143.53142330198483",XSP0TZ8RQREQ764,False
4056749503,9613025107,2025-04-14 09:50:32.537163,356,voice_out,1YT7O,"-70.11170999294922,-107.49332074490293",K8CIEURMIQ1R8GV,True
4427397473,0482468639,2025-04-03 09:50:32.537179,901,voice_out,8QWWU,"11.189317317611923,-4.3881321303038305",XPGSUJM2CQ3FV2J,False
6520285865,2910728922,2025-04-22 09:50:32.537196,164,voice_out,EZE7Q,"-50.54165805870676,75.5362181114833",M64SXJI7JW2NTQ6,True
7013790040,9963998717,2025-03-30 09:50:32.537220,171,sms_out,WRLIE,"-77.01777554102958,-36.87091911702112",50FO9A9MRK9RSAT,True
3557218524,2182695722,2025-04-08 09:50:32.537245,924,sms_out,ISQIN,"-86.9693985711264,81.44677156470993",9JWW4884MZH38XV,False
1349634032,9082092198,2025-04-21 09:50:32.537264,794,sms_in,C2IBR,"3.5853964013172686,38.00620324912521",YFXRWB0FGC0ZTDT,True
5812381701,8729894340,2025-04-10 09:50:32.537282,1045,voice_out,NH8JK,"-27.930163771146624,-70.64239376359949",2G8W9Z25FS9W3GO,True
7997491759,6375574090,2025-03-27 09:50:32.537301,799,sms_out,W04G0,"-21.809561922367507,150.43962222327372",09CF25D1UQJM0MA,True
7862082315,4064755973,2025-04-16 09:50:32.537327,885,voice_out,VHQF8,"-4.043847595415187,127.4660688882417",AN62S6UH0A7QFM7,False
1762446194,8540188838,2025-04-04 09:50:32.537344,1175,sms_out,2MSL9,"32.11120298803395,-92.28478540513586",ZYWUC7UY8M8EOMO,False
7187407825,2976259847,2025-04-11 09:50:32.537361,880,voice_out,9G9XU,"87.35874832069919,130.55616279995996",N3EDYI6MY6PVIWP,False
5565408595,4001987008,2025-04-22 09:50:32.537383,131,sms_out,POK82,"-34.604800147717285,-34.31786734579907",AQMAJCO7EUIO5P4,False
1902507689,4735052155,2025-04-20 09:50:32.537404,349,sms_out,C2W1H,"-6.306158643402213,113.09889214823028",5YM4Y8WTLYEQYYS,True
3310369279,2910111990,2025-04-03 09:50:32.537438,223,sms_out,D1SLQ,"37.688670549727306,-95.87392223131299",Q2DEFYLQZD2W2AN,True
5406853032,1484565427,2025-03-31 09:50:32.537458,762,sms_out,QQA77,"-33.36895187453793,-17.45805263087624",ROYYE589PRJFSDW,False
4108159630,0755967969,2025-04-21 09:50:32.537475,760,voice_out,JMGQ5,"87.2834099976001,125.3277337273745",9DUPEBKY4ZB0ZPU,True
9208593900,9144589331,2025-04-14 09:50:32.537491,519,sms_out,CA21A,"-55.835497175198526,-153.55922962445607",K74U9MFMF61CRAC,False
9790482479,0653559110,2025-04-19 09:50:32.537508,1114,sms_in,HC7M6,"-2.1787361841595185,-76.37444689939315",IY0ZAU560WKNXW9,True
1543498081,5202787855,2025-04-12 09:50:32.537533,337,voice_in,X4BM9,"67.04484543720577,107.66234043969962",8V7I9BYD0BVKWZM,False
8783407743,6878915492,2025-03-30 09:50:32.537559,469,voice_in,ZE1XZ,"-54.72304260056946,-110.5305822776316",HJJF3S9KOZT4NDA,True
7915321329,1842778366,2025-04-07 09:50:32.537577,368,voice_out,A8RTA,"-55.2785662464437,-29.0687101974587",OQ3570WKZ8JDEDF,True
6577741528,1157618441,2025-04-01 09:50:32.537594,648,sms_out,44RHY,"-33.254317723113424,-74.60749054912891",58BKX7JQYPROV0T,False
6270492896,0218575353,2025-03-26 09:50:32.537611,847,sms_in,TQ8D4,"-24.170980625770554,-173.22115621104146",BTAPFA9FIJVGPC8,True
6253634958,9045646304,2025-04-08 09:50:32.537627,945,sms_in,QYARC,"17.83472112663219,-49.71560754808604",T6BPHVAS2U50P9A,True
1399351661,3154004519,2025-04-01 09:50:32.537644,1020,voice_in,TJL94,"30.847564292263883,-151.02161783803757",LM4UZ773A8IX6WG,True
1782860965,1853540825,2025-03-29 09:50:32.537676,1058,voice_in,9ORS8,"-84.1323915140765,-58.41872129460418",RAUDIGC84OQNH6P,True
2172941228,3299870121,2025-03-27 09:50:32.537695,988,voice_out,YEYRO,"-51.08969186344482,-137.5219477570025",UUQ02F6MXYBLBX6,False
7017180151,9300326743,2025-04-05 09:50:32.537721,572,voice_in,N9YKE,"-54.650254955831116,131.0571330111532",H3RLRYNX7V3XE8I,False
8766132549,5708759691,2025-04-18 09:50:32.537738,66,voice_out,NM7VS,"-24.22579676674988,-78.9262573436262",AR62W66H07DJBFU,True
9267532496,9195995974,2025-04-14 09:50:32.537759,431,sms_out,83QRL,"-11.46576409499572,-59.18651245944709",NXHXS47MA28K15L,True
4726693348,5694536767,2025-04-20 09:50:32.537786,258,voice_out,GLA2V,"52.648562078049224,-1.900652211992707",DAB9E2D900FT797,True
1200589133,5031401069,2025-03-26 09:50:32.537811,163,sms_out,W6UZK,"-37.86580267970642,26.856965050564895",NYPMRG2QR3K91P2,False
4325603906,0546785688,2025-04-22 09:50:32.537828,495,sms_in,1J5RN,"81.56187694079554,124.77883369708002",9UYK29Q209G0FWP,True
1310132044,7662653264,2025-04-13 09:50:32.537845,464,voice_in,2071W,"13.59403522827354,-162.29345795112567",0H9JK54IX8S40EF,False
9563430640,2442214063,2025-03-29 09:50:32.537863,883,voice_out,VFZSO,"36.336783515180215,147.05199548469648",WCQFL95CKCU22J7,True
5495482059,9237882029,2025-04-10 09:50:32.537889,927,sms_out,BI3PG,"-5.791762563233959,14.781480868858608",77V5JYVXLUBD9WL,False
7970941431,1451891896,2025-03-28 09:50:32.537913,443,sms_in,23JLX,"-78.17815844527932,171.2211653383274",XPUR1L8QA7F5YSV,False
1266612388,4412262336,2025-04-19 09:50:32.537931,904,sms_in,1QTH1,"16.612714572710033,25.456501055341107",0CXCWOKXAK4YQWM,True
3648265055,6735969107,2025-03-26 09:50:32.537953,763,sms_out,3N68Z,"11.530559000839276,-16.28145156515785",JOH9FPM3M5SI65N,True
2890392198,5455500471,2025-04-06 09:50:32.537971,309,voice_out,5MAPV,"17.672226126077405,101.68882674076286",7YVIPWEUXPFUCMQ,False
3291810745,3460189055,2025-04-14 09:50:32.537988,676,voice_out,REJPA,"70.16566319242736,-102.43487448600129",DV6622CUM81R1GP,True
1983705036,3065825899,2025-04-18 09:50:32.538011,1196,sms_out,8W3FZ,"-28.069210719907353,-6.471657776676835",4PIH1TAOAIHNJSC,False
4378157914,2844166901,2025-03-27 09:50:32.538036,147,voice_out,8K0YU,"44.80534932581082,-102.41628002248989",7VBBJQJGVM1RLDK,True
0414423041,0748165548,2025-04-08 09:50:32.538060,576,voice_in,6XB0Q,"-57.414493906064436,3.2277004330415764",QLHX52J50YW2NJ6,False
7248871986,7042216054,2025-04-15 09:50:32.538079,590,voice_out,0P5TB,"-11.328496830491986,99.31905160788716",KDSD8A9MQHIDC3N,False
6886591043,4747019220,2025-04-07 09:50:32.538096,639,voice_in,QHDES,"85.97159199133205,5.647954356449333",M5QF9QR47HTQ0VE,True
9918915768,0565147316,2025-04-06 09:50:32.538113,185,sms_in,HAQVI,"31.6655964935117,-22.11671273327744",CQ4F9V0JGMLS05D,True
2394140460,2384511396,2025-04-12 09:50:32.538130,246,sms_out,S4ZIY,"33.896399059549466,-125.81860243086355",3E89BZTEB2HA7VN,True
0215801653,5725634121,2025-03-31 09:50:32.538147,640,voice_out,6OD41,"-72.58353638295807,-170.62380908222968",T9QVDPBP3T0LCD5,False
8358142438,2769948535,2025-04-10 09:50:32.538168,888,voice_out,PJGC2,"68.58902449290343,-29.21051555511542",5V8NLOLHL1OLRJY,True
7504380489,4159197091,2025-03-31 09:50:32.538185,977,voice_in,6UY07,"-37.74123475224305,129.18827676730945",6X2PK69KMV2WUGR,True
4226905405,3334543498,2025-03-25 09:50:32.538206,555,sms_in,CWNQD,"64.09449960420744,-136.03358238649432",KWJZ5F4MR1OUL0A,True
8040053855,3924569681,2025-04-17 09:50:32.538223,1186,sms_out,BQG3B,"10.320356420225934,97.40812367496079",ON77WHHG61W2PLY,True
9547001308,8992994308,2025-03-28 09:50:32.538239,146,sms_out,1QXI7,"-63.32600079048585,91.45770408882379",KM8Z6XCACE87RH1,False
6537629668,9648073594,2025-04-13 09:50:32.538257,1014,voice_out,UR31J,"40.70373174238043,-24.917245359779656",8YHQ06RJBG3M9U0,True
1080936573,2358778605,2025-04-09 09:50:32.538273,511,voice_in,XEKG1,"-12.437058533443349,140.88655848431915",DLONP6L1P98DR72,False
1016077171,4271503504,2025-04-01 09:50:32.538300,1078,sms_in,BROBG,"-87.0661005077313,-128.50387622660324",CVIRP8ZJ8PZT9C3,True
1815760912,6555590975,2025-03-29 09:50:32.538329,903,voice_in,OFUDF,"57.00005127791948,-37.4754026025725",H9A9DU330BE9GPS,True
5144135628,3550226996,2025-04-16 09:50:32.538346,630,voice_in,WINCS,"28.27926763925251,-30.31151355877799",9NQAIQ4AN3197T7,True
0686083429,0981636064,2025-04-17 09:50:32.538363,282,sms_in,NEKA6,"36.49161165103375,117.27170332929023",WPICRK2TNFK16OG,True
1079278629,0184583654,2025-04-21 09:50:32.538386,559,sms_in,ZIVYP,"-19.505326245958116,60.95960310817097",GIMMYF5OCK6CD8R,False
0597422869,7651854067,2025-03-30 09:50:32.538408,1192,sms_out,0SWS8,"44.22198975719502,19.245750025764124",LW5PJBT83JOP89K,False
7648551091,4066688565,2025-04-07 09:50:32.538425,1172,sms_out,I9KPW,"6.452027869775449,43.53204221511743",3WO8SCS5EPD5XUL,False
7289477046,9096278225,2025-04-07 09:50:32.538446,784,voice_out,Q2YPZ,"74.2670582501772,149.1858294174578",C5WKDVZYERVUB50,False
2833618485,6163812166,2025-04-02 09:50:32.538463,431,sms_in,RD0CY,"-10.662337003114743,175.9335653587848",0E0WUW7MT9PYE0Y,True
3941677768,4789924221,2025-04-05 09:50:32.538481,1195,voice_in,5S89N,"-7.69278683191385,-33.57895049758727",0ZNSAT7COBVWM83,True
6743308638,1219655598,2025-04-13 09:50:32.538507,494,sms_in,NC6PH,"9.219869206744747,146.49667902641255",5A32GDG3O9DBLZ8,False
4861924451,3649148478,2025-04-15 09:50:32.538534,418,sms_out,6RGAX,"43.71787238788323,-168.61482763232198",8V6FLSSG15E15TO,False
5048965493,3692821465,2025-04-14 09:50:32.538566,1107,sms_out,FHTZK,"34.51947370974139,-177.9831780017567",5KJDMFDNN89ODPP,False
4135804216,7946150839,2025-03-29 09:50:32.538586,296,voice_out,2G9OU,"-74.30468103620376,-43.60411659889286",4SOJM6QNL6J8AQ0,False
9149957993,8015220445,2025-04-23 09:50:32.538608,1011,voice_out,VXFQI,"56.60206228562805,120.89018429437311",1WMHQQ9Y3BD95D8,False
8969830933,2180135361,2025-04-12 09:50:32.538636,774,sms_in,XHDZE,"-5.96412287891404,-163.519454308307",DFQYW9SZCX16RO3,False
1383420532,4503248656,2025-03-29 09:50:32.538654,748,sms_in,L6IL0,"-16.60576078023209,151.3991918631312",GRC87OUSV3AQGKC,False
2888209917,7171870593,2025-04-10 09:50:32.538810,547,voice_out,DOPRO,"-83.18113929949656,22.194990418436106",E8PHQC5WOT2UDXR,False
4631887220,3612036629,2025-04-03 09:50:32.538867,209,sms_in,3UT2S,"8.899365525530143,101.26672085338407",HQN28JUDGYZED5K,True
1297732339,4669023016,2025-04-12 09:50:32.538896,847,voice_in,5YEZX,"20.310772779328232,-65.1744692644297",57PJ3UJVLDNJOA2,False
4479572847,6997995200,2025-04-12 09:50:32.538938,633,voice_out,AZ4HC,"26.05513706191755,61.181315241330935",CX154TY9SBEFHR1,False
2259305178,4594862103,2025-04-02 09:50:32.538965,609,sms_in,8E35W,"-43.99032586470744,-45.56422617545235",6IJN0NRQGINHL4C,False
8830365505,7426957145,2025-03-28 09:50:32.538985,1017,voice_in,RDWCH,"-79.85064718064051,-133.25527831988782",OOAPDNRM3ETGSRD,True
0432977682,8135975934,2025-04-06 09:50:32.539023,269,voice_in,ISOWW,"-14.679530740142113,-47.92750631549612",8M7DQ93D1MRS6GS,True
6591836456,7093147572,2025-03-26 09:50:32.539041,686,voice_out,AXKYG,"-64.00945260670613,99.82916351052194",VDL625R20U90T36,True
9897855131,8769098635,2025-04-06 09:50:32.539058,1135,sms_out,STATU,"-61.34207820729061,-88.39935750712385",1D13JN4A8A520T2,False
4850107952,8838375768,2025-04-11 09:50:32.539089,217,voice_in,U6QWP,"-48.50727520840837,-6.533402125179947",HIE0Q3R0171ZLHH,True
8184476954,0658998877,2025-04-16 09:50:32.539116,689,voice_in,P5VA3,"-62.97051309564169,148.4147361606058",ITR2NS0KKYHST8Z,False
1175221791,6384766141,2025-03-31 09:50:32.539155,1067,voice_in,ZUKWG,"8.14250612128896,-98.06340902721769",R6P2ZVHR0GN628X,False
6153920181,4600923192,2025-04-19 09:50:32.539174,246,sms_in,NJNGW,"34.24604659036741,-142.0186292925508",GW8MRZFXD2A2AKS,True
9423380961,5185031346,2025-04-22 09:50:32.539199,37,sms_out,2GAW4,"-24.34662277958475,-104.93085123504922",4BUQ7C1N71MEUQG,True
3865656861,0407463328,2025-03-30 09:50:32.539226,1146,sms_in,V7ZB6,"-4.251511685676022,133.67424843227303",GKV9GAQVOHLXOFQ,False
6901766575,5643640860,2025-04-06 09:50:32.539244,613,sms_out,2QXO8,"88.72116396328641,27.09419158406638",SKAF0J0HR3WN88E,True
1034892552,7833664574,2025-04-11 09:50:32.539267,634,voice_out,LOKIH,"-84.45652543028635,19.788266223093018",GBZJ5DARJXHWTYK,False
0064448950,3664963796,2025-03-28 09:50:32.539283,568,sms_out,078IE,"-51.10241338368669,-82.92618429281303",ENU8JKC4ZH3XXO4,True
3079832213,4054823366,2025-04-15 09:50:32.539300,691,voice_in,T7WRD,"-37.423051367154095,127.5307498389418",ZFOL840ZW9F3SZY,False
6162198352,5595704396,2025-04-19 09:50:32.539317,343,sms_in,MOZ8C,"-82.38473595334777,174.4120191100498",I0P4YP547V5J5EE,False
9209536741,9263875389,2025-04-11 09:50:32.539340,968,sms_in,0XR9L,"-72.45614123709215,93.28446937044373",NVTMZNCPKLBKN3V,False
1353388055,9874864545,2025-04-14 09:50:32.539361,675,voice_in,FPZNR,"64.88322755517868,130.5974049228588",BRIZX0216LYDZY2,True
4135227947,1851996518,2025-04-19 09:50:32.539393,614,sms_out,6YRUO,"21.322368434448705,142.3910178962812",ZUAKAYY6D6UG15I,False
5230654420,1339875801,2025-03-25 09:50:32.539410,503,voice_in,UEBNX,"-30.892230038822113,156.90738575793864",VSX8C0WBQJUJUDU,True
6632257956,8130435910,2025-04-07 09:50:32.539427,519,voice_out,HW9WW,"31.216458037390836,6.091520574742162",5XVYDMNN78L6VS1,False
0793751696,4421547155,2025-04-11 09:50:32.539445,863,sms_in,9MNRJ,"14.529783084585432,31.83970984280313",IU0WVGEYCQWQ8CQ,False
7356540422,6024994177,2025-03-30 09:50:32.539462,400,sms_in,BQOWI,"-19.91381696631491,127.71162859605556",DSYW0AXZS8MKWAB,False
8060438204,7993386083,2025-04-17 09:50:32.539487,604,sms_in,T2WSR,"56.08547532660211,166.76804952013254",LX3DANDHRSEZYTL,True
3490134528,0096255877,2025-04-18 09:50:32.539504,370,voice_in,0L5OS,"-88.12291478659262,73.51724564671167",1S7MQL86611RO56,False
2700340426,0513291420,2025-04-13 09:50:32.539528,154,voice_in,JVR9N,"-77.13625002687424,-4.178889543784976",KDCKMOHUDUG4D0V,True
2006638484,5445426030,2025-04-22 09:50:32.539545,952,sms_in,FUC4C,"-12.944610388986248,-118.81341213099404",BAKM4KW8TFAPRFM,True
7559410921,8231337966,2025-04-01 09:50:32.539565,625,voice_in,7ABAC,"-89.83325990872142,71.61629124593699",EOEIGTUOCCTH9DV,True
8525471526,8071808720,2025-04-12 09:50:32.539587,215,voice_in,CMVG7,"20.099312768855995,81.32502266521396",VWV8B8JDMSKN2K6,True
6156617927,9215854582,2025-04-02 09:50:32.539604,431,sms_out,6H8K5,"-51.45887564530199,-143.35829766223372",TPA6ZC1F98MKL8Q,True
8921529302,0323224316,2025-04-09 09:50:32.539620,1044,sms_in,OLU1S,"-75.88284541884313,23.29929241095772",BQXUZXVJ9L32YT6,True
4043233169,7185271072,2025-04-19 09:50:32.539702,472,voice_in,RFREJ,"-67.46249872605095,12.170106833344192",WSA30KF3JF8MJ2M,True
6079338319,2906649556,2025-04-09 09:50:32.539721,258,sms_in,31QLR,"-12.927716810006729,38.83645393063901",KALTT6A5N2W1LVM,True
9088476488,2574511431,2025-04-04 09:50:32.539738,1160,voice_out,LSJ1B,"-67.98724143466903,141.3522887904706",H6C1VIZ62WKZ8QP,False
0928838414,3864430193,2025-04-21 09:50:32.539763,1097,sms_out,LUQBF,"21.95979022309251,-166.59516459461685",BW3591OBNXU7K38,True
8195442141,8448941257,2025-04-13 09:50:32.539781,502,voice_in,F3BKZ,"-60.21568979731113,123.62945711241997",6XSC2DKKAOFOF29,False
3132621713,8378899604,2025-04-13 09:50:32.539810,759,voice_out,E7JFS,"-30.0153605705855,-85.00310968129321",9NEVO7TSY370WI8,False
9843711292,5392391785,2025-04-04 09:50:32.539838,462,sms_out,3VGJ0,"79.15720467876136,-33.233410264626855",L677IVV6MTIH8GK,False
6869032889,1076542659,2025-04-19 09:50:32.539856,617,sms_in,472XP,"-25.317999785403572,-114.38815250373486",Z0EC36AX4WIPHBK,False
1520039566,4975070118,2025-04-06 09:50:32.539873,551,sms_out,OJ5MW,"8.300483837577389,-175.84528045386654",EGD72UF8AION1LJ,True
5231886382,8505998661,2025-03-26 09:50:32.539890,797,voice_in,GE7V4,"26.21211344607103,-2.6037984894921067",S0Y9HR8DX03YQTR,False
3940448300,0783354207,2025-04-06 09:50:32.539907,289,voice_in,QDOIS,"-59.218412546402604,134.27105080399434",AN9R60KTR72NWTH,False
2905917414,1055654797,2025-04-02 09:50:32.539926,1071,sms_in,5B1TY,"2.0723836586665385,-2.9544947687246292",INTUPVPGRYMG0FS,True
3571799106,7368333456,2025-03-30 09:50:32.539947,318,sms_out,0LKMV,"59.70585417962806,-33.93861913495638",4Z102XJ4OXYPPYM,False
4396635200,0589251069,2025-03-31 09:50:32.539970,995,voice_out,2THEA,"9.62066088855046,-84.87181879466876",DPQ60BFM4ZT9JQG,True
7960280592,9679035642,2025-04-14 09:50:32.539987,900,voice_out,I254T,"6.585497793793323,146.68012068153672",36BE1S4BCSW1V4E,True
4439737051,2661886092,2025-04-15 09:50:32.540011,528,voice_out,EZPMU,"43.50503335860017,-112.04048989341146",5T9CKU6FD6IZTI0,True
3475481492,5512723885,2025-04-14 09:50:32.540031,770,sms_in,JAMHQ,"-81.66864718198863,-37.25418211703112",82COTUTY9M9CP79,True
0041923066,7929445792,2025-04-23 09:50:32.540055,250,voice_in,N8C5F,"-70.95090397728916,-1.369310066903779",8DJW9AK56X2OI80,True
7918850753,5419013329,2025-04-06 09:50:32.540086,775,sms_in,LUQ8P,"-86.0301907506071,-51.60078589844562",0WTZUCJL6CGVUQ8,True
8402622900,9522633811,2025-04-04 09:50:32.540111,62,sms_in,T2ZCZ,"82.44706109773944,177.0484662305749",1B0WIFMHW7GALWE,True
5219847244,4216188683,2025-04-14 09:50:32.540136,1138,sms_out,2BB00,"69.21248725616493,-169.0941074277871",D69ZYZR0MEH8J15,True
1491271246,9428629558,2025-04-18 09:50:32.540168,78,voice_out,D27M2,"54.69424945652935,67.10341766850757",PBPBOCYUTN8QZ7L,False
2985852285,2460700720,2025-04-17 09:50:32.540306,1003,sms_in,K9NI5,"80.5286892487816,133.06189002020255",HYI0225IC34N21J,False
3078275238,3648148293,2025-04-15 09:50:32.540336,45,sms_out,Q9JIX,"-54.216730100723765,24.62486844515871",5AW72ELJOQ2853B,False
8448108868,5810328315,2025-04-15 09:50:32.540370,889,voice_in,JBJ0R,"-5.4497954957908235,93.75036874863446",K4HPMI7XFFAZ61V,False
8295848028,2124448719,2025-04-02 09:50:32.540401,202,sms_in,UVELH,"-87.65273908678542,11.35536367627003",ED66NNUVX5VLF6R,False
4639029394,9395277673,2025-04-02 09:50:32.540431,514,voice_in,D0OFE,"2.346554321606135,-170.63601533465604",L39O5SEIEPW0CDT,False
7921590080,3277410784,2025-04-05 09:50:32.540460,442,sms_out,W8632,"17.966621188009924,-136.38905217479748",YGQFNTC2IAV49U0,True
9289977085,0661877656,2025-03-28 09:50:32.540489,371,voice_in,1I08B,"-82.72398204307092,-168.1839955654392",AJWCQW4HJXZMGEW,True
9996453920,3654600238,2025-04-13 09:50:32.540520,1027,voice_in,N97N6,"13.6412052573353,55.64313856751696",VN0O13R8WM9E6T7,False
4906750258,8211884479,2025-04-08 09:50:32.540550,265,voice_out,LO7QM,"-81.09717573256947,-21.936563396642214",7LY8EQNP4KROKHU,False
1985056253,4246633644,2025-04-15 09:50:32.540591,625,voice_out,72IYF,"-40.442185526003676,-115.68681187852187",9OUX05034LTUNES,True
6663066202,1695268479,2025-03-30 09:50:32.540622,1074,voice_out,D0FKF,"87.25266321425309,175.84177536119716",8C3SJXC1MX7OIXI,False
9700255044,3715196366,2025-04-12 09:50:32.540658,992,sms_out,4I4CN,"-7.936576110149517,178.88989253374962",GSI0OFLG91BVH5T,True
8113255548,1293490558,2025-04-05 09:50:32.540693,748,voice_in,4I2QP,"18.473374580091985,3.794022122950196",8SE1MQW7742KV8V,True
8021537132,9435773814,2025-03-25 09:50:32.540721,939,voice_in,0RBZ5,"39.96601438959536,-93.70709954335274",6PZAC2O3CTZPSFG,False
1516605606,8927313279,2025-03-30 09:50:32.540752,754,voice_in,DAOHI,"14.903148672155297,-53.314500049798525",SVC9EMNWOLPXKVX,False
6799925434,8024598452,2025-04-09 09:50:32.540786,952,voice_in,U5OGJ,"54.56754874135197,-111.66594105251089",VALBAWFP40IYX1X,False
0575182983,7001140232,2025-04-06 09:50:32.540816,389,voice_out,5VN1A,"8.942360597517307,-115.58536158022974",HPJSCS0S52IMVFH,False
9164345311,3617396888,2025-03-25 09:50:32.540846,695,sms_in,G3HY4,"29.535766359814573,-2.7314053107965606",ENHAUVD8NSP22R4,False
9137757039,5247338415,2025-04-05 09:50:32.540876,179,voice_in,VA544,"-59.67664770005203,14.455097743595871",38PSS6QQOPYWN4I,False
6731630795,2594005941,2025-04-17 09:50:32.540905,58,sms_out,G9R69,"-47.60367266117255,27.224323431128653",J49S8FM22QD3RGM,True
3066434776,2786890304,2025-04-17 09:50:32.540935,119,sms_out,1JPSK,"-30.46615294471254,-50.15857686457693",VK2GDBWUU92JE0S,True
1844364803,3998003888,2025-03-30 09:50:32.540966,1088,sms_in,XVN39,"-28.261141189903043,115.46067955210145",3SARLHBSBUJL34N,True
6905838722,4999735695,2025-04-16 09:50:32.541004,353,voice_in,DL2B2,"84.11638740357165,116.2367448495562",7WMXRQASXKOFX6Y,False
5579008610,3923169749,2025-04-04 09:50:32.541034,185,sms_in,G9ARM,"38.38075322163681,71.98697731587711",CYQMUUXTMGUCFUY,False
8851827528,1665665837,2025-04-12 09:50:32.541061,859,sms_out,P1A0Z,"47.56749418553747,-159.95508802641456",1PM0FIWE92DM7F5,True
7095827732,8209016153,2025-04-17 09:50:32.541088,698,sms_out,HNHB2,"-43.54415876356265,-47.23808561228469",YC04B2SDVMT6H7M,True
6099070573,6112200275,2025-04-07 09:50:32.541117,994,voice_out,YKN3C,"-12.950313674001237,140.03431997102194",5HQCFC1RO8NI2TD,False
7016905567,5860634500,2025-04-12 09:50:32.541147,187,voice_out,H26D4,"-71.51770776746905,89.38089081743931",M1SVB278A9Z0T71,True
9447573756,8514852844,2025-03-25 09:50:32.541180,184,sms_out,LDPAZ,"23.6037704085401,127.34364734771412",DJO283COHR39KBF,False
1251488987,7114697646,2025-04-20 09:50:32.541221,709,sms_out,T8AC2,"67.18167230675175,-8.504644262238486",ZY3SDUXQWVP90SU,False
4601298483,3034499083,2025-04-12 09:50:32.541252,308,voice_in,TCY1D,"61.011642045341944,44.370625203197534",2C9RYAHC198RQZQ,False
4024222362,7458197482,2025-03-30 09:50:32.541281,1071,voice_out,LU1DO,"-52.08988300371335,-153.37120394408723",6B9I87Z2B49VRBG,False
4111592008,4464634654,2025-04-14 09:50:32.541310,240,sms_out,JCAA1,"-33.079281118595105,-145.07679333473433",G3BTC0V05LQMZVE,False
1459244934,3235686162,2025-04-07 09:50:32.541339,103,sms_out,3T6R1,"39.102840527884155,18.762954502307963",X5OCN7GAYLZXVWJ,False
9027260524,1886766449,2025-03-31 09:50:32.541370,297,sms_out,X05PF,"27.93117854557248,129.29263902833117",L9SQMM949OJ72YY,False
6893513756,6236253444,2025-03-31 09:50:32.541406,815,voice_in,DQ7WN,"8.306143264335375,179.05538323039616",B1E82M6SEMXZY4W,False
0130869879,3493925710,2025-04-01 09:50:32.541435,432,voice_in,5919E,"34.774816857068714,-114.76246623653729",AM98FG1KNV4XR1Q,False
5265806982,6980781440,2025-04-17 09:50:32.541464,44,sms_in,Y8WEY,"-81.93892697411285,-145.64710513912723",VKNTJZG78N36TW4,True
9146648423,7150043925,2025-04-05 09:50:32.541491,1198,sms_in,0VPXS,"-70.20606429758922,-85.75963444562387",KQPOWMSTZQ9XD82,False
6815166032,8656509722,2025-04-19 09:50:32.541519,777,voice_out,VKWWO,"14.938604394827905,-61.544196258453155",3O3HETPWPE2F9RT,False
7608043987,1331757082,2025-03-31 09:50:32.541552,1004,sms_out,SV7TD,"-59.170252544706415,178.48699366615222",HMKY1U9VAY6YBOU,True
3202724310,4284955556,2025-04-09 09:50:32.541585,176,sms_out,JOYW2,"38.77324155570679,-103.87943638950864",VL40QTMGLXLD1TS,False
2408580550,1229825989,2025-04-12 09:50:32.541616,497,voice_in,JHXLT,"-73.02757812097778,47.39973278250588",04WUAGVK44ZB6IN,True
8476842443,7896522945,2025-04-19 09:50:32.541646,1120,sms_in,GC5Y6,"-76.4339338985555,-151.52709789126214",5IMIW2GNR23KDK1,True
5067901222,2713640144,2025-03-31 09:50:32.541675,558,sms_out,0OY66,"-20.967321951211645,160.55169689735357",V1NDYXY498PJ1X0,True
3385670887,8239357222,2025-04-03 09:50:32.541704,908,sms_out,HNPYT,"-36.94697320297089,-74.87370417242899",H1UHUHVTTAC8WZU,True
9200224686,8451200249,2025-03-29 09:50:32.541734,511,voice_out,91K3B,"-72.42257745594236,-73.55701919890481",SZZ4QDKVV4WMCAC,True
1994859870,4122959997,2025-03-26 09:50:32.541788,331,sms_in,S85HN,"-87.1632023347616,-113.33377885399624",WKT3H8259X18APG,False
2800203239,1200120814,2025-04-05 09:50:32.541819,919,voice_out,G38T1,"13.63203768537835,142.63733801776317",B5NZHYMMDUMGUA9,True
6481541230,0508928860,2025-03-25 09:50:32.541850,619,voice_in,RQRQ5,"-78.22201306023506,168.80275097013669",IKB7DL91F6WNIO3,False
3737494626,3394696188,2025-04-16 09:50:32.541880,960,sms_in,6Q64X,"49.96928595673225,131.60657644817456",8GCXWR1ZXO9S1EB,True
4608286155,4623926793,2025-03-28 09:50:32.541910,571,sms_in,9EZQW,"65.50763180216234,131.97521276502766",NJPV5C3BFIYN7U4,True
6009165128,7792138503,2025-04-07 09:50:32.541945,93,voice_out,XW9HF,"31.096529175506433,-65.32352687511262",TA07S92AYDLBITF,True
4667243658,1941531012,2025-04-02 09:50:32.541978,554,voice_in,EJZEF,"44.26250476312762,129.63100870043507",D9KWE3CYZ1GMUAJ,True
6605694005,9638674311,2025-03-29 09:50:32.542008,805,sms_out,Z0MID,"-55.38444718370741,92.8815660465126",UVZJ8AEQR6ZWMPP,True
3496774012,5918596488,2025-03-28 09:50:32.542037,743,voice_in,ZZFYM,"35.71823289529014,-124.41062094082884",AL12KH07LNI2O67,True
1873175403,3138895778,2025-04-15 09:50:32.542066,947,voice_in,PSVSN,"65.10087425657562,63.57941022934904",JTVBS5N21WRREV9,False
6106644007,3784769138,2025-04-18 09:50:32.542095,1135,voice_in,CR9ZV,"-48.03986639655355,68.75620507503527",Q2TRPFC52DGU17W,False
3780827925,8123630956,2025-03-27 09:50:32.542124,1139,voice_in,LX28Y,"22.9996876024628,-44.40280681887671",ET2VWTL67QLZNQ2,True
4926437760,0096293609,2025-03-25 09:50:32.542152,641,sms_out,EUVI3,"43.74678212191506,97.69214277283055",LLHRW9ND2OAUMF4,True
3668307475,8679752524,2025-03-25 09:50:32.542187,414,voice_out,6NDZE,"-61.70381435401043,-135.75446274454947",25OR1J1EILHWBUT,False
0496762548,1467524793,2025-04-17 09:50:32.542217,42,voice_out,I57Q1,"-25.744888096725703,81.70753135329102",JQL3AZ0JKRDNJ4H,False
8707431152,7634052433,2025-04-23 09:50:32.542249,361,sms_in,RNVPZ,"-57.43148085154043,74.4718433596081",1K9H7P5AYP3U673,True
6551028869,0089526457,2025-04-05 09:50:32.542280,56,sms_out,JWQMW,"-48.66519943237614,42.60518220670659",CQQG5G816MQTWFF,False
5966263630,7507300595,2025-04-08 09:50:32.542311,120,voice_in,43FM2,"89.80591490846194,26.434249546169923",LPD8KHPJ9XLEOWG,True
8044457595,9106219859,2025-04-06 09:50:32.542340,169,voice_in,EQP0H,"-4.658966267240913,94.69400792053591",KQ1U85HHM1U7MCO,False
4643870678,8163186497,2025-03-25 09:50:32.542378,115,sms_out,7FKGI,"17.86677221159593,-31.3042297790777",11UMB6QMALKFLNU,False
5739983971,0487125733,2025-04-02 09:50:32.542407,1008,voice_out,2SJ31,"-68.29886658430914,44.4629238446019",LJCD5KRP8F2J3QE,True
2338215411,9811648615,2025-03-27 09:50:32.542437,721,sms_in,LCFCA,"-18.774489279855942,27.293776939879166",OWEZOEIQ8QARXK2,True
0186567676,3258904941,2025-04-17 09:50:32.542468,534,voice_in,0D8ZF,"-12.880508373746267,-139.13150348103835",RH3JQBIA82DRCK3,True
8384742269,9417877881,2025-04-15 09:50:32.542498,899,sms_in,IKQ5Q,"27.12780174449101,104.6984795084843",LBGBTRW32K0VAQE,True
5902848249,8188138525,2025-04-03 09:50:32.542527,820,voice_out,5K8Z3,"13.238721326219391,-103.4864277579757",MAWTS5Q4DEJ8APX,True
0138264074,2993900935,2025-03-27 09:50:32.542554,119,sms_out,QHM1S,"-19.20059350415407,170.93772086280296",7VR5QJOUKF781C2,False
8642974739,8035656173,2025-04-21 09:50:32.542591,472,voice_in,YBT5Q,"-62.98400609225473,108.23697988193533",912U6WHM7DIX7SY,False
4708714862,4608199815,2025-04-12 09:50:32.542622,568,voice_in,X25UI,"-54.162876473181804,-93.35410911038744",K5H69ZJ82ENTJXK,True
3233935681,0843361040,2025-04-19 09:50:32.542651,311,sms_out,5OIZP,"-23.584219257568847,-66.97616321715728",167XTRKWI1TWN1R,False
2075678426,3066711460,2025-04-02 09:50:32.542683,704,sms_in,RVFPI,"45.612104816587106,132.9509563521001",Y4HPMO7O1BM4F91,True
1741680951,1701327199,2025-04-01 09:50:32.542713,390,voice_in,STLAL,"87.27946556111604,160.16721163729147",IQ4PPZXB9D3Y5PJ,False
3088666675,2115760823,2025-03-26 09:50:32.542746,992,sms_in,HJFI0,"75.1075501701877,140.84207878593833",6LBOFP8WSKSMIC4,True
9819213228,5163128582,2025-04-21 09:50:32.542778,636,sms_in,CW8AP,"-65.13778930187351,60.245846094799845",YOI81EQEPJQR0GH,True
7709792225,2276507639,2025-04-15 09:50:32.542807,899,voice_in,H8AMJ,"75.92466964123017,-20.291777444110693",6WC3BOBIUJGS2KE,False
8103679120,4246981587,2025-03-31 09:50:32.542836,760,voice_out,3NDI6,"6.960263732089402,-163.304031072162",EZTWVN3ITE0V3VP,True
6850898364,0388877319,2025-04-04 09:50:32.542866,371,voice_in,1NCV2,"-74.74478063868398,-80.14093232533504",LL6B6SDUSFPK857,True
6008602998,8729462509,2025-04-10 09:50:32.542896,681,voice_out,684Q4,"-14.089549140104623,-123.97297486670539",WCEOIFI8TVODY01,False
7366860319,4149484330,2025-04-07 09:50:32.542935,274,voice_in,9NC8V,"74.82095132157815,-127.5565959619459",ZBAOC2JUJLAYQZR,False
2824085102,7264465686,2025-04-04 09:50:32.542965,838,voice_in,ZBZ67,"44.570684122039694,-72.33971399751611",KX6UVMCSZBX11L0,False
7812560476,4481902090,2025-03-26 09:50:32.543017,988,voice_out,9VHE4,"-44.22651563174801,108.03195751437352",MPG55J5CSUBT4HX,True
1005023325,4834322204,2025-04-07 09:50:32.543047,926,voice_in,M5JSI,"48.12630972939138,-36.23821127994108",P0BXGTK899SAHQB,True
8433283733,4591056996,2025-04-06 09:50:32.543076,922,sms_out,40IMK,"19.134020301782726,27.034223224546622",0LIHP7Y88VDMFNJ,True
3230856048,9781474521,2025-04-05 09:50:32.543108,158,sms_out,XD16N,"79.64145951372805,-128.10687534762667",V1RWV7I0NB6TR1L,True
2869571238,3458818040,2025-03-31 09:50:32.543138,289,sms_out,DV0DC,"22.873341883172372,-4.13588517352008",GL7YMZ2YG1X8YO1,True
6673727650,9125663393,2025-04-13 09:50:32.543168,850,sms_out,MEQBL,"36.19408695642413,-127.26681553239064",40TR4O7NQB7N5LO,True
4640128286,1035712232,2025-04-03 09:50:32.543201,30,voice_out,0MD5N,"-24.082345269849625,-35.68215103549525",ZRS4CGVXGO4C9CA,True
0759902807,4166073365,2025-04-09 09:50:32.543229,1194,sms_in,T6M99,"-65.96633900758452,38.09487855263072",DL8L6X0063QASPK,False
4902895712,5862209905,2025-04-08 09:50:32.543266,922,sms_in,Z1G6M,"-85.1849697068534,148.73900074705853",2VWXA4GF0W9FBMJ,False
0854734745,4465695688,2025-04-06 09:50:32.543297,112,sms_out,TOXV3,"-56.000431242382206,121.68497172897463",9UX1DVNH9MYEAOO,True
0732935872,5891528725,2025-04-05 09:50:32.543328,347,sms_out,1X83C,"-47.458910054623736,54.17911101519306",V596TW5LAYUUANG,False
5051777754,9257154743,2025-04-10 09:50:32.543357,1194,sms_out,BB7IG,"-18.873019758866405,-87.95276640520571",9DOGRAQ2OK2ZSDR,False
5542511611,0175526859,2025-04-07 09:50:32.543394,840,voice_out,BGZAB,"-39.48136807093407,-121.7923606456466",27QT4RP47RWZNVS,True
9352773406,8215273964,2025-03-28 09:50:32.543428,247,sms_out,191P1,"-17.996594781967787,63.73651754047768",WU5IZ36VDXOB4E3,False
2948661834,4343095884,2025-03-27 09:50:32.543458,658,sms_in,O89KB,"-80.14173759989202,132.8876190682484",B83VB0MRQR1DOCQ,False
4822320299,0728650662,2025-04-17 09:50:32.543486,164,voice_in,X9KTH,"-74.82330315424356,-68.64797723409045",IWIH7V9U3J0H3M8,True
5680943765,2145181793,2025-04-10 09:50:32.543521,1112,voice_out,T80LI,"-85.63900493258207,-132.88760359851165",ZX5VTAPEEJ796FG,False
2245906190,1690507749,2025-04-14 09:50:32.543553,1146,voice_out,BEBIP,"33.856417524550054,-59.00610734687115",ROV38XWB3W1JY70,False
1314109526,5313402542,2025-04-07 09:50:32.543586,1081,sms_out,IKJW7,"53.106242175300366,96.81402016105892",FTRMBS83RCFYESF,True
9563967634,9938431127,2025-04-08 09:50:32.543617,812,sms_in,CA2J6,"68.62278341042258,163.13244995809134",ON3NK5N8JTN5YKL,False
7190130308,2404857432,2025-03-27 09:50:32.543646,834,voice_out,CZDV5,"0.9329737033219487,117.31741505935628",M30RJ6G55L5TBHU,False
7703990059,0525840428,2025-04-08 09:50:32.543677,1094,voice_out,7Z81M,"-54.21335152962757,114.05126076144751",KANH5OGBLAN2TE8,False
2064922179,2652707811,2025-04-13 09:50:32.543707,274,sms_in,7CN0D,"-21.75710521275809,-39.39545116162674",4H2Y73QILFRT7P6,False
7842000165,0759438066,2025-04-18 09:50:32.543737,111,sms_out,6IBCC,"-61.7629569340506,52.84864686701184",O64CQLT9H02QQ4C,False
4788564130,3075241927,2025-04-23 09:50:32.543768,507,voice_in,59J6M,"-58.415542638738,-113.94908654765995",2N1HAE7J5M3BFHR,True
7512824699,7539507443,2025-04-12 09:50:32.543804,283,sms_in,1LFNJ,"28.434396367756605,-5.540125026530745",9CQINAQLLEP692G,True
9049837818,7292414812,2025-04-19 09:50:32.543834,656,voice_in,1F90K,"-38.790705763152964,-160.2963382549818",6DJ43RD04KR0VHI,False
9660238149,6842576392,2025-03-30 09:50:32.543864,892,voice_out,WAZB7,"-16.563689026509124,-158.47482131321078",HGZ0AXXRRHNTHYG,False
0558335049,2296983923,2025-04-19 09:50:32.543893,895,voice_out,9V8IP,"-6.854585003647088,-17.198797013977128",DCMRLZMTD7BYVB6,False
4297720530,2658754401,2025-03-29 09:50:32.543923,781,sms_out,13BSS,"-48.367090987120015,-104.21016351955917",DHLAXQFOEY953WW,False
7317032759,8818212158,2025-04-10 09:50:32.543953,270,sms_out,Y5Y93,"7.330965061984571,-115.35495520138682",GVEPAQEJN5DOG0Y,True
8496013059,6460762105,2025-03-26 09:50:32.543988,351,sms_in,J4JQQ,"52.92301360201739,-62.37865438527291",57TD0HWAASXU4UV,False
2770892924,9079576146,2025-04-03 09:50:32.544018,737,voice_out,WKAJT,"58.38652690019481,21.43201809802261",2AGPO6JHZ1DFM79,False
5385851663,3705555884,2025-04-15 09:50:32.544047,1086,sms_in,H2J49,"-61.064561425698955,-53.6768244459205",WVYDXN5JJ2RI9ON,False
9021627725,4552827141,2025-03-27 09:50:32.544077,205,sms_in,FW61R,"84.34147878218434,118.15095785468924",K2PSZL4RYKWE6WL,False
6777641161,0755842255,2025-03-28 09:50:32.544118,1032,voice_out,A3GVT,"-18.457225861366226,144.19259957309583",G7G7HATOW75G2ZE,False
3870749850,5839991715,2025-04-21 09:50:32.544147,158,voice_in,0CU87,"-84.97361007257268,-123.81417042000217",RIZIK5CI56EZ69V,False
9772448395,4895761882,2025-04-04 09:50:32.560371,219,sms_in,0EO7B,"78.29082198085433,-163.2118075384662",642KW81J84SB1P1,True
6640331657,1439576310,2025-04-21 09:50:32.560464,907,sms_out,D0HSY,"9.094251784490368,-111.47181149242316",E63KWFG7NLQB8M9,True
4206091471,7301587765,2025-03-28 09:50:32.560512,267,voice_out,YBGB8,"41.878543790714104,147.02985567344462",6AXB4OM7ID535NW,True
4327132906,2045745750,2025-04-15 09:50:32.560544,1046,sms_out,004JQ,"4.817002715586142,-120.77865272181552",W8YTCDB9Y6OI7JN,False
5366742724,4804881683,2025-04-01 09:50:32.560574,187,sms_out,AMKWW,"-50.663016079369186,-97.72086318422484",LWL5EJJDR03QE6Y,False
9394278442,0750458938,2025-04-10 09:50:32.560604,1197,sms_in,BISIK,"-29.71601561333911,161.64477951439045",5P7CTP2GZMED8OG,True
7423340900,1924582296,2025-04-16 09:50:32.560634,942,sms_in,ID8XY,"-18.749223391934777,19.2956048452497",NYL03RZM2ID4Z7O,True
9157701047,6341118382,2025-04-13 09:50:32.560722,890,voice_out,1R53A,"-41.41803621742897,63.96037116275883",M4AT9TJBQ6B62HG,True
0806570324,6873972339,2025-04-11 09:50:32.560752,820,sms_in,NTGNA,"-3.0915959747925825,125.50136261130177",EBIBCG1RK8XGKST,False
8901483129,1349357757,2025-04-05 09:50:32.560782,826,voice_out,GY3H2,"37.07015623071105,-45.175863129986425",1BH1XG982IG477H,False
4821755950,6879048314,2025-04-19 09:50:32.560812,610,voice_in,J9H4H,"-0.3221861549929059,-81.63370920200734",1LIMU7NL4UPO042,True
5625309021,3750892186,2025-03-28 09:50:32.560843,431,sms_out,B0GF5,"-83.49055895064103,87.66572253168687",0OCTYSN5B9EL4G6,False
1561841909,1988505731,2025-03-31 09:50:32.560871,210,voice_out,RIWOS,"67.47494235983254,-144.2328761258549",4T318DCIPX0E97D,False
1185720526,3213565753,2025-03-31 09:50:32.560901,484,voice_out,7BOL9,"-6.501274833994231,-122.6385488077659",O8GQX1OGOD3S9TL,True
9226080819,7009096287,2025-04-05 09:50:32.560947,1053,voice_out,VYCHB,"60.25497831881614,-120.70005568196137",NHTCH4O2I8W6JWF,False
2535116195,4335504338,2025-04-07 09:50:32.560977,471,sms_in,LPRP8,"-66.66707598301767,-112.54988188068779",2RT5E0MA3TINR6I,False
4941040899,9909697954,2025-04-11 09:50:32.561013,1133,voice_in,9RP7A,"-55.257124890331404,19.092927754945435",AW34QQ45I8VG985,True
3097031842,1391372127,2025-04-22 09:50:32.561044,1124,voice_out,YKLEV,"87.16608531586874,28.283580606290514",B3LCBCYBMJ6YDDE,True
9512176968,5786275289,2025-03-26 09:50:32.561076,247,sms_in,6E0JR,"52.18637045762978,-38.93136857546622",JME6N2X6V1TCRD3,False
5278327002,6634214286,2025-03-27 09:50:32.561106,778,voice_out,IRIRA,"-30.510511746623735,-86.88281376365897",KG5DLWU155U4MA9,False
6186588279,6415876222,2025-04-07 09:50:32.561137,900,sms_in,4HP6W,"-65.69931456535835,-32.54218816362865",KMSTTIWPN3F8VBH,False
9824569469,9296524794,2025-04-05 09:50:32.561168,1061,sms_out,XRTP6,"13.425971381157268,-8.593331087477651",6ZTU7O4ICTJJZVO,False
1202022336,1463106178,2025-04-22 09:50:32.561197,778,sms_out,54Z02,"43.657919989312944,-174.46818195589708",S7FYD7IMI0D4A1U,False
5024162683,6607916749,2025-04-09 09:50:32.561227,826,voice_out,WC4B2,"-37.733953760760244,87.2561933927908",01HIL7AFXM5VB89,True
9301189601,8651401178,2025-04-02 09:50:32.561257,651,sms_out,72JMN,"-3.479574623431702,-73.42435032664433",7WUIR942LUQ7NZ9,False
4618502336,9886077768,2025-04-07 09:50:32.561287,259,sms_out,5B4FW,"19.115188241363825,-14.790100350391953",GPCLQHSO99A5XXJ,False
7402268476,1833411767,2025-04-21 09:50:32.561318,1153,sms_in,H2ELM,"-10.487425569598201,103.94675607425722",G95KJXDSZKGJZ3Q,False
6082530912,7999068513,2025-04-16 09:50:32.561347,1146,sms_in,2EA2K,"-46.12168710831078,-75.69133749884577",N1WB8OXDUCETQ9L,True
7253286451,7225433559,2025-04-16 09:50:32.561391,1097,voice_in,V2JA7,"-44.4034835574097,-112.7145120959182",J8JCNSWTW3HA716,True
3584587325,8554859591,2025-03-26 09:50:32.561422,177,voice_in,FKLQJ,"-64.56043681164999,-161.78818405838328",RLTEBE29OGI4DGE,True
1187208880,5520279940,2025-04-06 09:50:32.561452,1142,sms_out,6D1D3,"-10.030594987359947,-109.75072347469344",3VHBPT0NY3B1FX9,True
3242696961,5370384120,2025-04-14 09:50:32.561480,819,sms_in,MJBO1,"-82.06349293672474,139.34734651343564",JESMH28I6757HWC,False
4899535900,3393596626,2025-04-01 09:50:32.561509,799,voice_out,CQC2H,"-58.65624859826223,-63.749438560848446",G58JFZXEBNFWHPY,False
5982868502,3635748686,2025-04-09 09:50:32.561541,411,sms_in,RWUYS,"50.43436070972106,141.18129786784493",BSKGE2IRM14Z9LW,False
2760220959,8802950203,2025-04-18 09:50:32.561578,367,voice_in,GRYMU,"-12.132661996704641,127.48251895994326",CKSB5JH4D167A2S,True
7074546994,8823779267,2025-04-06 09:50:32.561608,140,sms_out,OS5YF,"-29.08734568955549,-119.42705669373724",Y3A1M5JEO6XGPL2,True
6613687450,6772109901,2025-03-25 09:50:32.561637,312,sms_in,KNAW2,"-62.31534983333482,-129.69031599082638",ADPXPVFSECQ1E62,True
5185074264,7655784224,2025-04-03 09:50:32.561667,580,sms_in,FSP8X,"19.14493488681586,-22.339744214653848",WTYVRZLBU2GARAR,True
7394933150,6159496998,2025-04-01 09:50:32.561698,670,voice_in,1JJ4Z,"-8.619955318259485,106.98105529363283",A4GHXBOIVWBG4DG,True
7708104612,0658733662,2025-04-02 09:50:32.561727,918,sms_out,1BS0N,"15.371903644675825,123.89643661901528",DKVGCRK1SONL1PS,True
2315863325,9439407034,2025-04-09 09:50:32.561757,307,voice_out,L7BJC,"-26.448192488645205,171.57970297308964",1K7T8VBL8KQF80O,False
9060523637,3047390560,2025-03-30 09:50:32.561787,516,sms_out,EGD7U,"84.13275181375786,43.58885456832931",B2N8E77WLYTJIKW,True
5097001759,9196242537,2025-03-27 09:50:32.561817,926,voice_in,IS6G6,"-60.83096589361838,98.80723456586361",EO04GZKUJ45UC0C,True
4155042419,6070223137,2025-04-19 09:50:32.561847,163,voice_out,P8CQ2,"3.3669045461900566,-0.32135629909564045",5LTBOV65T636BUA,True
9720237738,6436955588,2025-04-11 09:50:32.561877,617,voice_in,QEL84,"34.58995844567505,15.161438292832798",GK6YJPXOUIZCMSW,True
7482737105,5279692950,2025-04-13 09:50:32.561909,204,sms_in,0PDAY,"-83.01177410455924,-140.48560788459534",WRZLICADX1077EB,False
0196308157,8784622420,2025-04-13 09:50:32.561939,727,sms_out,X5XGX,"30.42001729371411,120.94259356268208",A577BOP757YFE7L,False
0982892154,2851660100,2025-04-19 09:50:32.561967,1127,sms_out,MKD0J,"-16.107848045106948,-86.04749215792502",ILAIXYSNS69QLM4,False
5170863559,8885208459,2025-04-21 09:50:32.562001,70,sms_in,2LUW5,"-43.69223835124936,88.35756928815988",8MRPUUYH5VP18ND,True
7377577583,6202570022,2025-04-01 09:50:32.562031,64,sms_out,M7FS0,"39.91652206135964,-65.34121581780315",JU09TTO3DPCIR4N,False
5350020869,1149599161,2025-04-17 09:50:32.562061,310,sms_in,4STOP,"64.29551789063112,-77.88130371033283",0UQOUEK18LKAOGN,False
8980349395,5172520624,2025-04-21 09:50:32.562089,1180,sms_out,IPBYD,"88.96037585013136,86.88047804499104",Z23LKWN6VKO3G21,False
5062016364,7753956988,2025-04-20 09:50:32.562125,1056,sms_out,8XR2B,"9.594328363123381,152.15265498668492",W886CBHYB3U0KNY,True
8050721611,6311662976,2025-04-23 09:50:32.562154,900,voice_out,FC3IJ,"67.51837819345388,-1.4804085355905272",9ZU3OETYTJJWE90,True
0422213272,3548289247,2025-04-11 09:50:32.562183,890,voice_out,14C9A,"44.695702625050416,-119.48717256743626",OQL7HYQ32169CVD,False
9428343332,7905171797,2025-04-10 09:50:32.562217,333,sms_in,WOOE9,"14.19970869969724,-27.754983738874614",WAPTVOX4C7IJ145,True
6736301064,7652115925,2025-04-22 09:50:32.562247,615,sms_in,TT238,"-30.423798339858806,-2.082620480705799",7YY2MA6ZN6H0UFP,True
8789185610,3142768598,2025-04-17 09:50:32.562277,139,voice_out,07Y5C,"-83.41052754352081,-126.18937881463597",058VC15XR4CA189,False
0442260473,6658642579,2025-04-02 09:50:32.562307,704,voice_in,XZJX5,"1.7533964519726624,-97.73144090843392",BSO9QLT3YFAU6TS,False
4217882111,5693977995,2025-04-05 09:50:32.562336,1006,sms_out,IKB26,"51.22678331339742,-5.264908149509495",5TV4QGS5KICVPGP,True
1645886522,5558224272,2025-03-31 09:50:32.562376,380,sms_out,3AP5Q,"-24.82277462119299,-41.883844111034705",6U7KQQ7H946Q3TR,False
1024518232,6329458951,2025-04-19 09:50:32.562406,59,voice_in,P4EV9,"79.13950082258634,-18.16300914111656",NDHLHP0V2HQYCZN,True
7796018656,7423169833,2025-04-22 09:50:32.562437,1111,sms_out,R35R9,"66.23744901367519,-83.19680113598007",U81BQTA6N58DM6L,True
5589997323,1956217653,2025-04-15 09:50:32.562467,1039,sms_out,JTJKC,"17.541785201756454,-94.34581516915698",PQP0H3JEN20YWDX,False
1440961159,0567311079,2025-04-14 09:50:32.562495,406,voice_in,DW1IS,"12.828951996575071,-63.853388433401335",XO5WIJPXXVVHGJR,True
5773953017,8667558588,2025-04-08 09:50:32.562525,1176,sms_in,BJ2A1,"-8.968239434581264,-174.06543522663918",NXL52TY8913GKKS,False
6490548981,0097248963,2025-03-26 09:50:32.562555,390,voice_out,0SGVF,"-72.84744075722799,-102.67163102334786",AD3HL48ZWW1BUTM,False
7458839875,4612079226,2025-04-14 09:50:32.562585,730,sms_in,KYNUR,"38.200300787924334,176.6790432527999",BW36H45AX0U2HD2,False
1100771074,7532207101,2025-03-27 09:50:32.562615,731,voice_out,MJUZJ,"-82.49426901261363,-149.52561879717928",UU26Y5885M1IMCT,True
1696543315,0592308959,2025-04-17 09:50:32.562646,60,sms_in,91D60,"-10.95784637671214,166.61590266513406",AIKI0ALO5WAFUWT,True
0724782408,9511530231,2025-04-06 09:50:32.562676,779,voice_in,SB2M6,"19.266732452814495,40.631217988484906",6U4TM16ATNIDS72,True
5820335055,5963190548,2025-04-03 09:50:32.562716,71,voice_out,G11WD,"-76.46423650616039,-100.67184602008467",LMZHS8A1QM1LKKU,False
3055707999,0855942279,2025-04-21 09:50:32.562746,967,voice_in,LDMJ2,"29.047811835712466,149.86539686823704",M2T7O1MVLN9WR3U,False
1143443029,6467371293,2025-04-21 09:50:32.562775,913,voice_out,V2IJC,"81.16677111032365,21.216797951867733",5U2PW70ZX8U7GFU,True
2554549379,5909087484,2025-04-19 09:50:32.562804,725,voice_out,9058Q,"88.50002440556554,21.75403474385459",KY05KFJJK7FD7JI,True
7579775996,0072440427,2025-03-28 09:50:32.562833,492,sms_in,V5XA6,"-81.35849988490216,-179.01111980663433",690M08CVUFZHV0W,False
4451748997,5295203177,2025-04-07 09:50:32.562864,686,sms_out,WTO8Q,"69.26885096378362,39.999434234443214",6CYZ2KECD6V36C2,False
9156628424,7753855296,2025-04-07 09:50:32.562894,671,voice_in,ZAVDO,"10.50685933061375,121.73377611077052",1TDA7MH876J7LCV,True
3952766391,1265876658,2025-04-11 09:50:32.562929,1068,voice_in,4NW96,"72.98724490596373,171.30125938918724",WOPDPXKZD00IBC3,True
9479809258,0238370106,2025-04-08 09:50:32.562958,191,voice_in,069ID,"-52.56656398392395,-170.3057115400751",AHNL6GOIP2CYXRV,False
0404962285,2656332941,2025-04-08 09:50:32.562988,391,sms_out,4R75R,"2.474378057229501,21.229404781152823",V9OSD33SDA9TDNX,False
9430524462,4108037012,2025-04-03 09:50:32.563018,268,voice_out,Y8OV4,"49.667630178372036,15.4123812488873",MZRAJJ7EFHTO2BS,True
7202957934,8290572407,2025-04-13 09:50:32.563049,105,voice_in,3L6WP,"18.255519516106048,174.48478314391218",1OK7MLCDHT9HSC4,True
1147979860,4350313977,2025-04-15 09:50:32.563081,267,sms_in,JE1ZG,"60.34698478124565,43.590190637707224",0FVMSAH9303N3Q0,False
1659430505,2387181170,2025-04-14 09:50:32.563114,770,sms_out,DLBS3,"-6.185634431495316,-44.2240794715004",OLHSW6IAMZYY7ED,False
6959774813,1254869850,2025-03-30 09:50:32.563144,639,voice_out,1YTW7,"-12.046699301773714,174.5466511716532",GTVOS88OVPN5FTM,False
4594556294,5178062725,2025-04-03 09:50:32.563173,810,voice_in,KVSEI,"56.95439370080044,-168.49416735074874",MAH8U63QVPFGQ2R,False
5319512546,2730717292,2025-04-09 09:50:32.563201,434,sms_in,ZSDFM,"73.24400120054861,-165.57039284233258",9L5E9K5E9GAF8JX,True
7656212321,5975655791,2025-04-08 09:50:32.563231,1100,voice_out,4SY6I,"-45.319294545490166,120.05629706129736",U29ESPBDTL743KR,True
7616855224,0273252287,2025-04-18 09:50:32.563268,607,voice_in,R17AC,"34.530748737726796,113.12758084990116",NDF3GJ2445QM38M,False
3816690192,3323963306,2025-03-29 09:50:32.563299,453,sms_out,NT6P9,"-73.82547302865,-70.10990937699061",7NJ08FN3C4OJ39M,True
9848729638,6497763673,2025-04-02 09:50:32.563335,1017,sms_in,X5O94,"-85.90285366527989,109.45147641016723",BXUXSQ5GEO46LF7,True
7302012087,4045610896,2025-03-27 09:50:32.563365,67,voice_in,RMY9M,"-24.942540003894806,134.75979152434115",JN9T7EEGR3I45F5,True
1290728165,2108956931,2025-04-19 09:50:32.563394,227,sms_out,P77RI,"-4.335508337569706,-170.3310963613277",3Z04LW6EYO1PTOW,True
5920058652,7529439920,2025-04-06 09:50:32.563426,516,sms_out,YESMF,"32.85090412375354,-175.8050938447486",9QDSNXDF4T8GADY,False
9099281467,9382292908,2025-04-06 09:50:32.563457,1004,voice_in,0SDNI,"-59.604604201308675,-133.35079101282662",WW1KREUC2YB0W0C,False
2969340692,2466051085,2025-04-17 09:50:32.563488,1015,voice_in,LFXH2,"-32.54396372283124,-161.40853378060388",P0V26E5U0PBO0HY,False
1266305620,4217793591,2025-04-20 09:50:32.563519,577,sms_out,YN5BZ,"5.573244568894992,-120.06450071762828",RB6WUSXNUBE667O,False
8109342652,1504657238,2025-04-15 09:50:32.563549,862,sms_in,R5PDR,"-40.67536713244205,109.5632646967847",BEUK5BV22URPPYT,True
2489630807,1686074982,2025-04-09 09:50:32.563579,838,sms_in,7CEEM,"31.495032412047763,20.522783113313636",CQ5UCR849FSZLLF,False
5193031306,1799196336,2025-04-14 09:50:32.563608,358,voice_in,7ZRNR,"59.81974198394778,5.352694405937854",TZOE5OWM6HF17PH,True
0759356939,3339622865,2025-04-04 09:50:32.563637,671,sms_in,7QBUT,"-34.15899360024513,-49.90498848623821",3QQ664W413T5POP,True
4130092154,0023069843,2025-04-21 09:50:32.563666,1192,voice_in,GPN8F,"-78.4016927122708,166.87162191895123",OGU09FBKBHPW9YL,True
6357883640,5735953434,2025-04-08 09:50:32.563697,243,sms_out,IT3S9,"-68.926665686699,-169.80406409862408",UA8PNNZFGDN5RKI,True
6450143181,7207199237,2025-04-11 09:50:32.563732,746,sms_in,E8A04,"-38.70898304611294,-113.8193916834285",A8LON5P42PKAQVD,True
9001066864,8135248046,2025-04-15 09:50:32.563762,843,voice_out,93R5P,"51.27120184261108,-104.8041981781856",Z4391Q7GREFXEMX,True
4974878441,0554377184,2025-03-27 09:50:32.563791,72,voice_in,H2ZZQ,"47.385916746525055,32.76798652788523",LBEOF5F6S5L7GB9,False
9563925488,3594788786,2025-03-26 09:50:32.563826,186,voice_in,BDAB3,"77.43036687663167,-25.37806159113805",VX0FLVPBA4EDFJ7,True
9762823637,9506466551,2025-04-14 09:50:32.563856,958,voice_out,OYG8A,"-14.924676959629636,-159.75972987886382",CYN1PY0UNP67ADA,True
7192803350,4754690868,2025-03-29 09:50:32.563888,883,sms_out,KGMD4,"-69.78358064590067,140.92664667734027",689PRCNBZRLG4HP,True
7468966943,9213975898,2025-04-16 09:50:32.563919,185,voice_out,6GAJ4,"73.49926108051267,76.72241237367268",9MVVJGYXF6WA57E,True
2500443507,1761227954,2025-03-26 09:50:32.563948,376,sms_in,N89HF,"23.95544194821214,34.21274536840562",R5C9GSKSNC5AVV4,True
9140282725,1812179901,2025-04-20 09:50:32.563977,1136,sms_out,PD3D3,"-56.82637153363158,-88.73764351008838",WPT824MO8GQ73WQ,True
9455000325,6740336373,2025-04-12 09:50:32.564006,712,sms_out,EXOKB,"88.45136552179585,80.54030623238509",ABQINRI1YLC92SW,True
0814631461,0674099418,2025-04-19 09:50:32.564035,345,voice_out,9G9QW,"-59.23408476478955,-39.98314501955306",O15VI6EFV1K0IE8,True
6118754454,9725578867,2025-04-17 09:50:32.564064,1193,sms_out,KJ28Q,"-47.5420708134959,156.7374940667396",W630NAW6LAT6WP0,False
9142018202,1884241677,2025-04-18 09:50:32.564098,618,sms_in,735Y0,"60.46767869691547,-77.87057103690232",M12K0X2562X88LY,False
4006407751,8783093395,2025-04-06 09:50:32.564129,821,sms_in,YZ149,"-17.322449957793197,-15.662355706768722",RIW6I255X29JZ0X,False
9441990057,2945871291,2025-04-15 09:50:32.564161,762,voice_in,KGRXY,"52.578622360836704,-114.37103304543437",52JPOVPX31WNHPV,False
1698574226,1006909810,2025-04-23 09:50:32.564211,285,sms_in,39NTJ,"62.94797495480395,-56.79660797495944",9AYM8R4HRFIBK7S,False
7951882724,3883114830,2025-04-16 09:50:32.564241,868,voice_out,NHQ9T,"-74.28897687993972,4.4324831647647045",K5QG6KJC1SV4GYZ,True
5033165907,2228864482,2025-04-20 09:50:32.564271,178,sms_out,86KZC,"7.614395829428773,156.56888525166625",EZMNOJMOG9J06CU,True
3374912898,9237961374,2025-03-31 09:50:32.564304,523,sms_out,7XJ88,"51.289828607565454,174.64194358721988",NED6JWXW3HK5GQW,True
3786306443,6601653336,2025-03-29 09:50:32.564334,1022,voice_out,WPT8X,"51.78377643848157,-48.49026936974903",IR3AVJ5V6TACZSM,False
5157964065,7518975810,2025-04-17 09:50:32.564364,98,voice_out,ZHR2H,"49.51096626726425,-53.99431643723318",71K4HAVMVXGQC9X,True
5771509834,3089704993,2025-03-26 09:50:32.564393,255,voice_out,D8VGF,"43.585581468787865,116.66644779844614",UNOXXB0NY7QAW9K,True
6468466581,7253238764,2025-04-22 09:50:32.564430,632,sms_in,LDOAT,"42.255882633534156,164.41182530913704",O1D2CL30FCL45UB,True
6457073511,3484395783,2025-03-26 09:50:32.564460,571,sms_out,R16IE,"85.248363763121,-50.70752437555163",N7C62A85Q70G3K8,True
8372346612,5858190798,2025-04-06 09:50:32.564490,725,sms_out,JBBNI,"40.28999240604071,138.1520153545154",AWZM0D6CAH4TAW4,False
1340206755,1051322508,2025-03-26 09:50:32.564524,746,sms_in,791L8,"-6.093629526773398,-124.8117317460169",IMWDGRREVNLBK32,True
0997572850,5355183634,2025-04-11 09:50:32.564555,822,voice_in,79OM1,"51.45393736704062,-158.90239402216304",SCY74JS381K822R,True
0363166941,8384664927,2025-04-17 09:50:32.564585,141,sms_in,865KH,"-19.115811538632997,-13.139468479678186",V2BAQRMR6NCE444,True
7771937089,4105309794,2025-04-18 09:50:32.564615,1059,sms_out,WTZN1,"55.181585449518224,26.856931695708425",YGE5FCP4V524JRH,False
2968689440,7028592329,2025-04-22 09:50:32.564645,1156,voice_in,5Q1TB,"48.013799209204194,-149.40114715516987",8FAYQVRSABJ35XG,False
3479619002,2106284480,2025-04-01 09:50:32.564675,807,voice_out,S42SZ,"80.78211927618798,-32.88038307252316",MHBWG9I3L8NKQKN,False
5422353915,7729067875,2025-04-15 09:50:32.564707,82,voice_in,TRXZM,"42.07451971804923,-75.10846369561958",7CRSDJDYDBSL9LI,True
3423918169,8534260716,2025-04-16 09:50:32.564736,257,voice_in,ABR86,"88.02924667098009,-144.5324647028691",IKC69PUEN4I5YHS,True
1365075406,5988275937,2025-03-28 09:50:32.564766,103,sms_out,H53S2,"-59.25399216578528,151.21610111415782",LTFTZG58W46KH6H,False
5052855386,1625222256,2025-03-30 09:50:32.564796,741,sms_in,XL20B,"-59.11841287872879,-51.412003469754325",DH6A76SB7COTEQG,True
0295209403,3103719666,2025-03-30 09:50:32.564826,676,voice_out,RQ3A9,"-42.616292545870294,26.650288924037426",RA5P0TJD4DYT6QM,False
2368583897,8793542813,2025-03-26 09:50:32.564856,122,voice_in,OUPN2,"68.69598370137933,-48.44038584852788",A0XBW4J5RIK06C4,False
1050778654,5526278587,2025-04-18 09:50:32.564885,472,sms_out,G88ZU,"-66.42007193981274,-15.125441091905003",VFBBY7JJZS6KPI4,True
6021039722,3581460492,2025-04-17 09:50:32.564921,471,sms_in,N0WY2,"-22.346039633004835,-60.89801137425302",OF600AUJKRUU6QH,False
3956857100,4433281718,2025-04-04 09:50:32.564950,351,sms_in,U4DIX,"78.69998257222503,71.29021555922131",L9JMYT4RT1P2LJK,False
3020123133,6317518286,2025-03-26 09:50:32.564986,1113,voice_out,EXJMX,"82.69726729282982,-21.59506013497662",YPTUHD3CVEZHZVJ,True
4034121690,0270040879,2025-04-07 09:50:32.565021,42,sms_out,IBHYH,"19.52294943064618,-136.66493667698924",TYLCGRXGJPTV3GF,True
5835361219,4327704135,2025-04-10 09:50:32.565050,52,sms_out,R4VA1,"-0.9358408126237805,-54.849677096226145",G0AQX0UI4VR4NO4,False
1734060154,8937316842,2025-03-28 09:50:32.565081,412,voice_in,PFLO3,"72.48299990576729,102.74482293793187",4034CGTPNGOSZSD,True
7570150777,1382154690,2025-04-03 09:50:32.565122,566,sms_out,TKP2Y,"10.494594831777817,84.24970685326133",LXQLOTQZYQSJQ38,True
5494318060,5582140964,2025-04-12 09:50:32.565151,165,voice_in,Z0WKS,"50.860705539142884,-42.84971519284235",1UWIT11L7MWNIOB,False
6157050200,5232846894,2025-03-28 09:50:32.565181,83,voice_out,ITCOX,"11.825480979051875,-126.82662020846591",OYZQKD0Q6IJI1PP,False
0076744923,0051333189,2025-04-03 09:50:32.565211,1137,voice_in,X37VL,"69.43969611693603,-105.62908787802628",4Z4S7QWI8H0VR8S,False
5707759167,5817830630,2025-04-01 09:50:32.565240,457,voice_in,YTF1E,"-36.93726732472411,81.49645479860641",3F84YSK9V3MHKDQ,False
5035137832,4773688811,2025-04-06 09:50:32.565271,1083,sms_out,JNEAN,"73.47414974172929,-101.15541079696682",NCUWVQOVSK0HOX2,False
4626073477,8859167246,2025-03-29 09:50:32.565300,170,sms_in,DOYB1,"-8.553737020917652,136.54515568532383",SECUWHYDHZDZ4RO,True
9792684588,0402490333,2025-04-11 09:50:32.565339,539,sms_in,ENBLF,"8.808396491162057,117.12762697872125",PUS6LQ05FNAR197,False
5214952713,2469697831,2025-04-11 09:50:32.565368,385,voice_out,OY413,"34.79266986192964,153.53227240574546",93KNDGGGZUPUKIB,True
7018657046,7642843579,2025-04-01 09:50:32.565397,585,voice_in,5VXCZ,"1.4284180873706305,-19.48153611983912",Q8XTLCZU7TF2Y7V,False
7712915553,0788481059,2025-04-01 09:50:32.565443,133,sms_out,W9OBL,"-86.75133074661318,-64.89079976010822",T2HNYP64UHZTEDS,True
1878928516,7253836577,2025-04-14 09:50:32.565473,453,voice_out,ISE3R,"-84.38563626306124,99.48215501926819",F0OR2P0KIW9N61Q,False
8622579402,6601526959,2025-04-02 09:50:32.565502,584,voice_out,3YISS,"-2.2075193213605644,-110.6446324908",HTHINIZ25YD76G6,False
3278538981,9100518681,2025-03-28 09:50:32.565537,317,sms_in,YNMA9,"67.19476995672065,-76.51010048955364",FH5LR8OCG4UPR4T,True
1529119295,7340475015,2025-04-18 09:50:32.565575,982,sms_out,AN7IB,"-48.5515137303508,35.2446969146844",ITZHAGSOW155RM5,True
6938878462,0054292586,2025-04-12 09:50:32.565605,970,sms_in,7BNMU,"-75.46403576779473,-144.3807383045005",W6RKMCHLA6N4I6J,True
8439763026,9454579564,2025-04-07 09:50:32.565635,116,sms_out,YMA68,"14.966253556274836,176.3040492232298",3MMWI3EP6SYZ6K0,True
7910856436,8882309980,2025-03-30 09:50:32.565666,1070,voice_in,LLTCW,"16.143888768377295,-99.50121320785318",2Y97QI0JA16BOND,True
4826042375,0331589466,2025-04-19 09:50:32.565696,214,voice_in,24GNY,"-13.772158722664713,111.03152740478868",FQXTXW6HZ88W2QY,True
3167678044,5733399810,2025-04-11 09:50:32.565725,352,sms_out,VGI3W,"-3.883476983891981,142.86093503364106",MZWGYUP0IQHA1RH,True
4161303276,9419865349,2025-04-05 09:50:32.565759,450,sms_out,XIFGR,"-72.30387838222873,48.94558411976749",QXTJTHG10EKN35P,False
0798136852,8242949319,2025-04-15 09:50:32.565788,622,sms_in,S577R,"12.221709422154433,-178.93436691810913",69RY4YYQV8H9OIF,False
0805918311,6682230215,2025-03-31 09:50:32.565817,427,voice_in,APWSC,"-61.17712022095212,134.3793388518235",RK0L7H2T6EKLOUL,False
6333693524,5430473284,2025-04-19 09:50:32.565847,60,sms_in,EN4NN,"-26.254357556064527,-86.27701146099886",QKPESBV7Q6E5MB8,True
8162711205,3468652000,2025-03-28 09:50:32.565879,161,sms_in,OSGQY,"22.27326849050418,-160.27224742591133",AOYETUKK54NUEZE,True
0198064774,1778929281,2025-04-04 09:50:32.565910,34,sms_out,U05EH,"19.71403943730543,-127.32409905449184",NFVUU73WXXQ3QF0,False
7994545923,0086917226,2025-03-28 09:50:32.565939,991,sms_in,8VVSK,"-20.074499597949526,96.02417370766108",ATNJTN73E2ZGCHK,False
7684936097,3712183420,2025-03-29 09:50:32.565969,1033,voice_in,0DCIH,"-16.19836791697682,-13.984347147070537",OLCKZKDG541M729,True
3736623022,3200936339,2025-04-12 09:50:32.565998,943,voice_out,6K5EA,"68.44902988635712,-167.9154958797528",2D7M85GEVB0IWY7,True
8168735998,8741372230,2025-04-17 09:50:32.566028,404,sms_out,UD3IO,"-23.404635886214976,148.05404697504395",PC5MV1IAR24N99J,False
9296254119,4339026724,2025-04-16 09:50:32.566057,1053,sms_out,H93UV,"-85.95102744264172,129.2234232073593",7J43PTOKNHKSXHI,True
3632191097,1745801916,2025-04-18 09:50:32.566094,1008,voice_out,MZ3ZV,"72.54116823794621,119.64004475884764",Y5GFXGO0U9J7MGA,False
1231944423,9987473140,2025-04-18 09:50:32.566133,1195,sms_in,61KGY,"3.459705985109167,115.83005511133513",XRD5XNTIEVO6RTY,False
3230733736,6787199874,2025-04-17 09:50:32.566163,809,voice_in,V7DI8,"-59.67883402709996,-40.52748016394685",X572YDBACGCTQD0,True
0226576810,8959538975,2025-04-05 09:50:32.566193,367,voice_out,456VN,"-13.981799376710967,74.41353920517676",95F8EFQ7547C27E,False
6177121608,6108623175,2025-03-29 09:50:32.566222,701,voice_in,IZO6K,"-82.42217006782671,129.1366375576825",JQU395XKZEA7TTN,False
0214189222,1056556484,2025-04-16 09:50:32.566251,266,voice_out,5F0SD,"47.113743569637194,-30.290738733785446",F6W190RBKS45932,False
3447697795,8495322754,2025-03-27 09:50:32.566288,1044,voice_in,T831V,"42.89819504185198,162.94657410057505",O6V82EWKFVRR3XI,True
8813743542,5511303991,2025-04-01 09:50:32.566320,671,voice_in,TJSDL,"87.74351908625385,97.85773124217616",GKAUV9WI1V0928Z,False
3100624216,7200366637,2025-04-07 09:50:32.566349,835,voice_out,XF2AP,"30.48083802084105,165.35059475470678",3QNYDT6KOFM3YS6,True
5255718896,0848649348,2025-04-04 09:50:32.566379,512,voice_in,ENK8Y,"83.56813825625508,165.5052026307905",S4GOEY0ZE8YF0CQ,False
2570744622,9181411377,2025-03-29 09:50:32.566407,956,sms_in,5FSM0,"45.45739040460791,37.72195725720013",YUUC5LW47YHWJWI,False
5096535640,6265470846,2025-04-06 09:50:32.566437,768,voice_out,PYDP9,"66.52472150444302,69.32182841056033",20BH0PG8RCBDP5V,False
0232742455,8915591962,2025-04-11 09:50:32.566465,1111,sms_in,V2M8E,"-22.58956865239867,67.89200278344856",33S5UHA2W4PERF1,False
9076157327,7688421595,2025-04-13 09:50:32.566507,1120,voice_out,HD3UA,"29.792870464009425,-128.44818491947382",076IO03A25CGJPX,True
3475450679,7972722580,2025-04-15 09:50:32.566541,1122,sms_in,SA4LJ,"27.460687705756,73.79448435647808",K3O3RBYPTCPKATA,False
1775508097,8226048016,2025-04-01 09:50:32.566566,1017,voice_in,HZH9S,"-82.08072299211837,-11.863345103026575",KI6FAAZXT59KL5W,True
0168511404,7830881721,2025-03-29 09:50:32.566591,567,voice_in,4XAC1,"-3.142857229436018,-17.651823992434373",HMVN55EJ4LI1YJ6,False
5880013631,3284087320,2025-03-31 09:50:32.566616,293,sms_out,GZSKN,"-2.665288851561499,137.9484122063937",QPZIGIO4V2DVFEW,False
5582056057,5781449772,2025-04-20 09:50:32.566641,640,voice_out,YRXPT,"-35.36430197929477,-68.2454961204044",5W7VT69PC15WPNP,False
8606727742,3470850443,2025-04-22 09:50:32.566665,185,sms_in,9F2X0,"38.72196024664035,142.51336535541253",SAEDK6LK6KOGMU7,False
8242218084,0496549771,2025-04-03 09:50:32.566700,522,sms_out,L6CDS,"47.844636872181326,-163.17017713586029",853Z96N7THD303G,False
6603249537,6235133284,2025-03-30 09:50:32.566726,627,voice_in,KLVSC,"-45.30761490083107,-29.74879155422005",IJAGXZ84GIO2B84,False
4673420120,5961382210,2025-04-10 09:50:32.566750,984,sms_in,HSGKC,"-44.27010264186176,-138.2546042694437",AS0FEFC6O5EJPI2,False
4749613743,9461015389,2025-04-01 09:50:32.566774,993,sms_in,TLAD1,"-13.982515077512673,116.1099464057653",WIDBDKDMXYKOYRL,True
8980870495,9455725944,2025-04-02 09:50:32.566798,1109,voice_out,26LL0,"-69.1765034773507,-94.32466525147386",E0OYD01BDQ5IH2R,True
9394828501,3649069662,2025-04-11 09:50:32.566823,366,sms_out,16Q0W,"67.94580558493087,119.60575697434115",Z9NT1GW2RMYCKZJ,False
6327862158,3822935879,2025-03-28 09:50:32.566849,512,voice_in,LVEXH,"-66.40967453011254,-92.51435874223932",9H8H7UGQ50QZ3YL,False
7267378814,6820840890,2025-04-20 09:50:32.566882,62,sms_in,NZWOO,"-7.148966010022463,96.18363394672554",AM8NHS3PPRMULK7,False
8047267613,2765007460,2025-04-08 09:50:32.566911,961,sms_out,3YKPE,"-21.13305084976264,168.61888644599293",WLOJBKH68FJE0B6,True
5887878062,9865834901,2025-04-11 09:50:32.566943,738,voice_in,I6K2A,"49.8402324234888,92.67637667191735",U7SLZVNXJRNMUV9,False
5793884520,9687790853,2025-03-29 09:50:32.566972,844,sms_out,LMZNV,"83.75279581540937,-155.1810510631692",N65Z3OSFRCY7W63,False
9271990777,4964308434,2025-03-25 09:50:32.566996,807,sms_in,7PBC6,"-36.3789905728916,46.65461692816024",IJCAZJUMZ97XCSB,False
3302704568,5571637319,2025-04-01 09:50:32.567022,445,sms_in,NE6YO,"-59.090130119873336,-50.59828709650077",A8QSYUQ3HDJ6765,True
0272939865,8992799151,2025-04-23 09:50:32.567049,871,voice_out,IMA17,"61.699819517346896,46.954464202488424",HN7ATNTIVWXEU07,True
2883038232,1030247102,2025-04-06 09:50:32.567076,410,sms_in,1LYOK,"-63.43227926679276,-96.6916579598254",3LDPVAHV33EV754,True
2501354150,6352570556,2025-04-01 09:50:32.567115,572,voice_out,8U6R2,"-74.81795131202787,-82.30349245451922",HP5RI65YMI814NL,False
1450459590,2740503534,2025-04-09 09:50:32.567140,1198,voice_in,56K3Q,"-18.874445609734252,-38.505345506110444",0I43NMIT477TUMY,False
5066111563,9695836238,2025-04-03 09:50:32.567165,1190,sms_out,X222R,"87.5352114318031,-5.420341047996857",REMQJSFI29FQ0B3,False
6656155709,0884294077,2025-03-30 09:50:32.567196,366,voice_out,Q9K2H,"-10.624135350279275,49.61611556665815",2JUIUEZQSOEJL7Z,False
3895794612,7854742074,2025-04-11 09:50:32.567225,859,sms_out,62S6R,"-86.01092665003031,-37.65389316814367",FF8W3MCAANFR4ZA,True
3193457994,6364893817,2025-03-26 09:50:32.567257,595,voice_in,DX32B,"-19.009996039734716,-9.412973333381132",2OGFXOZ4BU4VC99,True
6999526774,4528170679,2025-04-17 09:50:32.567283,1199,voice_out,YI90C,"51.63164115051211,-63.59355034227522",34U1ZE2UXB04KFB,True
6546856264,7457244621,2025-04-17 09:50:32.567307,478,sms_out,CYQ4D,"-45.467302346715186,-168.9232112707059",ZQGKPOMQTPX7HFE,False
8982773473,1563089838,2025-04-03 09:50:32.567332,1056,sms_out,LAVDX,"-45.236067433421354,122.19913942335671",IU9A6W9QAH0DBP6,False
4341735868,2901053197,2025-03-26 09:50:32.567360,841,voice_in,EZ1JO,"-34.10389776778115,4.271323567680014",7VBT2WSKKB3V5D0,True
8919721241,5014856920,2025-04-23 09:50:32.567391,982,sms_out,47CO0,"-29.60659630263534,105.86650213384775",86C76LQNAJQNPOX,False
4978653131,7768370946,2025-03-27 09:50:32.567422,283,voice_in,85UN4,"39.99583259859892,-66.1933108146293",GD83CZHXO6E23ER,True
4099578128,4693321934,2025-03-29 09:50:32.567449,915,voice_in,8NM91,"-66.7614471283737,-100.28650708348336",HGKDGKDGM8IW0H0,True
4003509704,5448618170,2025-04-16 09:50:32.567481,927,sms_in,Z352I,"-21.82108439161641,-55.999286087744565",V3WNOT6ZIHHOVUE,False
8658810993,3680449512,2025-04-03 09:50:32.567519,763,voice_in,4XZ3G,"-42.44690137488013,167.42998376391307",5RH5C5UH306Q21Z,True
5028304009,4678539442,2025-04-05 09:50:32.567544,313,voice_in,XTDY4,"-26.895056520037528,-178.43577072003262",53DNHX77J1NAG8E,False
4360869430,0985043428,2025-04-03 09:50:32.567569,668,voice_in,GMEJM,"-2.5278014431497695,-24.017566733501553",ZAAZO2RV1OE99R6,False
0525181769,0174590231,2025-04-11 09:50:32.567600,79,voice_in,MI7IO,"-61.23892707497505,-115.93702262506496",C3FCWIUSXQ0S5AB,False
8493053647,0700001883,2025-04-18 09:50:32.567630,1039,voice_out,ENVH5,"-0.39360761865225413,67.81610152248462",9CWN8HCXFKJSZEZ,False
5403054717,3938317290,2025-03-25 09:50:32.567655,365,sms_out,3G0EW,"-4.016775579195794,33.727274258087675",NQFUHAXCTT0C9H9,True
3535105508,0999355718,2025-03-28 09:50:32.567682,443,voice_in,4O6WY,"-39.26971767490841,131.64667364244121",4CPX466V58AXZ62,True
3750939049,8990677613,2025-04-02 09:50:32.567712,119,voice_out,JT3CA,"82.92961721599369,-67.18763919365448",9BZR3EO2F40AQ6B,True
3753529667,7458264284,2025-03-25 09:50:32.567747,543,sms_in,LYN84,"7.633175320876106,108.23230989201403",GH11BNG91ERR0YO,False
7763240730,4590633824,2025-03-28 09:50:32.567775,794,voice_out,QNLXG,"58.70870208515686,-118.8393743787235",W9FA0NGNQM2JBSW,False
5195225849,9653596591,2025-04-12 09:50:32.567800,1181,sms_in,W5CPD,"52.02873819592244,10.761700415688637",TJN8MAA6LGDQTIW,True
2199390842,2101509162,2025-04-04 09:50:32.567829,1197,sms_out,0CIHT,"68.17988132746015,138.95739128716122",WZ08W9ZJQLOEDJG,True
5681836162,7334133123,2025-04-23 09:50:32.567860,209,sms_in,2AG5E,"72.80911758798581,60.41764551903643",CKMX1PM7N4P7Z8D,True
4570348479,1097309931,2025-03-31 09:50:32.567891,538,voice_in,PQA0R,"69.36228929003542,119.74515984968986",4P3MBWVXNTLMOHV,True
5102711201,4425950005,2025-03-25 09:50:32.567916,580,sms_out,VZCUX,"-28.552198359179563,-171.79489588722393",J02QXPSWXDDOF80,False
1976121752,5275671236,2025-03-31 09:50:32.567940,682,sms_out,SZHZF,"43.38761560798716,82.63305538888358",QZIGR9EV62KQASH,True
6321876582,6264275405,2025-04-13 09:50:32.567974,325,voice_out,JLO61,"-33.69514157048897,103.26281160642384",FV50RWOG8DL1SVE,True
3342806605,1236800032,2025-03-29 09:50:32.567999,102,voice_out,Y23UE,"66.21875323752107,116.03028894349143",D74BDE6NLD8W38U,False
8701216107,1616752839,2025-04-15 09:50:32.568023,511,sms_out,83BNP,"39.053743171912544,-155.13934830715104",VN1F67O60CUXNKJ,True
1757508443,6048567986,2025-04-23 09:50:32.568048,567,sms_out,2U5C6,"-42.91947666926136,-128.54288261318092",8S4G2Z7I9OSCCI6,True
7820134035,0746918451,2025-04-18 09:50:32.568074,194,sms_out,RVZ39,"-36.18777488511401,13.055770257091211",FVRA4C54UWXTT8Y,True
5288811160,2996820414,2025-03-29 09:50:32.568099,37,sms_out,1EJVE,"78.67912031419237,73.34583194283806",93WXO3PUUQQ328S,True
5615753425,2892005276,2025-03-27 09:50:32.568126,561,sms_in,K2M7U,"59.50229060109311,23.489308490626485",51PBG5JJ1ATFOHV,True
1025230889,4892772362,2025-04-21 09:50:32.568151,1126,voice_out,IYBGM,"62.69920138123928,-164.8927100565306",3HHS526Q5VU401C,False
0817398242,8879539537,2025-04-03 09:50:32.568189,692,voice_in,44N6H,"75.1529852585044,-53.7187161461531",WD6MF8552YLHPKM,False
6733178422,2783758018,2025-04-07 09:50:32.568214,136,voice_in,0DDIC,"2.1270782620977684,-152.83582307398092",3OSHT9F9M2O3F5T,False
9187231882,6420070394,2025-03-27 09:50:32.568247,281,voice_out,W2L8T,"-62.85471556679238,-7.215884707670938",548UH58X40QCDOV,True
2212163741,9134212118,2025-04-16 09:50:32.568274,772,voice_in,EJ05U,"88.12071118903037,-86.8984994461411",0S9752NIDN00ZST,False
4440090177,6639416967,2025-03-28 09:50:32.568304,310,sms_out,W4V68,"-65.07805877400972,-164.07908174510754",DRR205WOAGKK47T,True
8663824250,5090128824,2025-03-29 09:50:32.568340,1032,voice_in,Q8NBG,"-60.73371154125746,164.90128589636936",I1DG79I8JVIWDYS,True
7379364278,6852006589,2025-04-14 09:50:32.568370,1011,voice_out,9TJID,"-19.646823536802202,38.70605275391529",AXXR9GBZ2A2XOG0,True
9453272944,4862842620,2025-04-02 09:50:32.568398,628,voice_out,HWBK5,"63.64013273978358,-178.1877120368169",6XSESU4TYRUMZ2V,False
3045737413,9740800057,2025-04-06 09:50:32.568423,623,sms_in,R2UOW,"68.80618908705526,-93.40720383712036",GKV5GYFAI070CDS,True
3144322932,3406061553,2025-04-06 09:50:32.568450,328,voice_out,NDTZW,"-55.54512265510385,116.51581668477763",H18CWXI4PNXK28R,False
5176342869,5235865183,2025-04-07 09:50:32.568474,214,voice_out,2HAHU,"8.890383083188695,-92.40763309538362",O45V24APPNHENI8,True
1594087001,1194473919,2025-04-06 09:50:32.568501,357,sms_in,ZW7ZA,"-73.55461614863746,72.01571801294611",ZT35TN3IMG3JANJ,False
3958169593,3735702442,2025-04-11 09:50:32.568526,816,sms_in,QL5S2,"58.061371006713216,76.2156559410347",D3X7HTHP90EPPR1,True
1310042221,3623579520,2025-03-25 09:50:32.568550,952,voice_out,4RSX9,"47.85333139546805,119.56239162222425",2W363J7Q6UIYTOP,True
8417395216,9859623074,2025-03-31 09:50:32.568578,230,voice_out,C4EIA,"21.866309484045473,-80.30430524069631",XLAUCV99LIBSE7R,False
5707950752,1337146101,2025-03-29 09:50:32.568604,1180,voice_out,22TWL,"87.5398456448753,-169.43305087039857",4CQW0MCQEYM7L31,True
8593000438,8046555773,2025-04-23 09:50:32.568629,768,voice_out,ALKZR,"25.929653253875856,-69.95837580668784",YED73EO5IJHM81B,False
5141335041,6058286298,2025-04-22 09:50:32.568654,726,voice_in,K60AK,"15.89494579881351,92.31141228756621",BJ39ZYC2OWB9OND,False
9065272913,7027336249,2025-04-23 09:50:32.568691,1014,sms_in,9OBS5,"85.02332967200508,-146.87405337221347",5LTBW09KZUSEHWG,True
6178071469,8945024559,2025-04-01 09:50:32.568716,584,voice_out,08024,"41.198109970020454,-120.39129790684305",VYH9AK4J0BJJJQZ,True
7808281120,5420634053,2025-04-16 09:50:32.568755,833,sms_out,5VU57,"88.39011135969892,-119.1038622854019",4KSQTSK482WKXU9,False
1608663586,1894513493,2025-04-21 09:50:32.568785,1003,voice_out,4084F,"-5.720684537518039,16.3714878715098",TLQY49VWYBF109M,True
6589844467,8895144547,2025-04-18 09:50:32.568818,680,voice_in,97FP9,"-4.741286678509681,-58.35899713077657",GWI62E52DFZC2KY,True
7998466445,2119195141,2025-04-05 09:50:32.568850,1096,voice_out,ISB0Q,"-20.534690630201183,-35.73695595953595",U5XUOIVMR8QMXU3,False
4795358295,2738528689,2025-04-14 09:50:32.568879,294,voice_in,9PNYB,"-27.379715857764616,164.17400091229075",AM29GSQO37AP239,True
1220095722,7320496425,2025-04-19 09:50:32.568904,631,voice_out,OHKO7,"35.79529478082382,13.461848771331631",4N1FAWAPIXCSPLL,False
8580097901,0681513305,2025-04-05 09:50:32.568929,636,sms_out,HGM9N,"-39.191299568796445,38.49724322033407",V14AHFN2ZW1EM1V,False
2518820709,9585130855,2025-03-31 09:50:32.568954,727,sms_in,QWWHQ,"39.87457297782208,-16.745066826027426",CM9B2X9MQI3JJCG,True
2728165206,6487117557,2025-04-08 09:50:32.568979,52,voice_out,MO8VS,"-38.23420495671054,144.44708949113362",V77P16Y54UNN2W8,True
3428639468,7255750890,2025-03-30 09:50:32.569004,432,voice_in,D88JJ,"43.760265374134065,-49.10708469810362",LU9JZHVUMP0XWKK,True
7396881691,9262969966,2025-03-27 09:50:32.569031,1035,sms_out,K4BZ5,"57.394897717115185,-123.19077863008238",2W1D4JBCLBB5RGV,True
1760440103,1382370718,2025-03-28 09:50:32.569061,1008,voice_in,EN1ZI,"-25.807597632787278,-37.06827761913357",NKY5O165UV0UO1V,True
3606598169,7325796119,2025-04-04 09:50:32.569086,113,sms_in,G5XN6,"-75.19837413776834,-114.3953650256037",MVDT211W05HO7SX,True
3199950202,2482003218,2025-03-28 09:50:32.569111,566,voice_in,WZ4HB,"66.35847852497298,168.16132185260693",RL7MULGSTKHDGK7,False
9657918269,7945861418,2025-04-12 09:50:32.569135,260,voice_out,11IQG,"88.42614609229062,67.99011099223526",V2HGVK12ET53K4P,False
3990935627,8478772157,2025-04-15 09:50:32.569159,382,sms_in,HGCMP,"65.8251956180273,90.35493880710675",L37DL0FDNJQJYEZ,False
2838876438,3178644408,2025-04-15 09:50:32.569184,194,voice_out,3LMMV,"22.6079948159435,-114.33399439640448",51X40XXR4DEVH8Z,True
3171374047,1083407847,2025-04-12 09:50:32.569212,130,voice_in,FSYM0,"16.13977652442877,111.00198741977357",74WAEKN88D9H9CC,False
8692086951,6487452950,2025-03-29 09:50:32.569246,179,voice_in,X3V7G,"52.94954458128524,22.88644469890579",B1UDO31I0RQLSWE,False
5145077105,1571286699,2025-03-25 09:50:32.569277,567,sms_out,U80QV,"23.53588528493303,-65.28438309441646",9JIHWXXI4N6ZPQ8,False
1041546256,1439798317,2025-04-19 09:50:32.569308,554,voice_out,07CQ7,"-29.007267147024763,-116.2143274046117",H1TGPM7LRDQ0ZCZ,True
0172884392,6306110823,2025-03-28 09:50:32.569334,490,voice_in,WH3DC,"37.81064198825406,86.55381111459292",CMM5M8NK2VFKNE0,True
1685042785,9041395417,2025-04-04 09:50:32.569362,639,sms_out,C7ZTX,"67.5404271940148,-122.47100945003129",EYAEYCK25L3BBL9,True
4791135354,9897233077,2025-04-18 09:50:32.569392,1120,sms_in,W096F,"12.999289482745965,13.195633779838971",C79I9YKRU6FKF77,False
8921150769,9936378891,2025-04-05 09:50:32.569429,305,sms_out,I090Z,"17.17421250438909,68.53796067669782",CPKVN64YFKOAI8O,False
7486338291,4410781792,2025-04-14 09:50:32.569460,386,voice_in,JFOYH,"-54.29377935263066,-4.628028873293886",OK4ILEOVF8B2UNP,True
6264042791,4028924491,2025-04-14 09:50:32.569491,716,sms_out,7ZQS5,"2.715764475564228,-41.67886115260197",9KDF79NK2K8MEOH,True
1447556293,5384505689,2025-04-08 09:50:32.569522,354,voice_in,M6XU3,"-36.40342765674377,114.84612648874582",WAIS14T2IKMIR2U,True
4160928614,4582508872,2025-04-15 09:50:32.569553,869,sms_out,G9IRH,"-73.70987640628208,114.78780029927157",933MZRTGOVYG09J,False
6622953475,3494970419,2025-04-17 09:50:32.569586,508,sms_out,4PC79,"37.006208899836054,73.05447664004006",4AONCD6R71WG49F,True
2224522855,5613377006,2025-04-11 09:50:32.569618,430,sms_out,UE3ON,"63.615070034274055,-26.455747972005412",OZKT8GETK8WPPQ9,True
8474502219,3375772491,2025-03-30 09:50:32.569650,1055,sms_in,0GJA3,"-53.854714217671955,-81.99289862134076",2K9OZ71NWI3DALN,False
4950998222,5554090389,2025-04-07 09:50:32.569681,330,sms_in,BBDK7,"-34.50009690443695,-24.608274384221204",EJ2XOZT4465FHT1,False
5988732994,4990257490,2025-04-05 09:50:32.569712,519,voice_in,H4IY3,"-57.53014829042863,-70.96060693808327",O3D56TEOJK17IFV,False
3642800022,5380236289,2025-04-01 09:50:32.569743,587,voice_in,GZ9DL,"-80.72783963180783,-127.08645913745636",W0NJX248A8QAXRC,False
9115149127,2242013299,2025-04-22 09:50:32.569775,561,voice_in,GJ9FF,"84.78500041123354,-33.54686750803202",UBDJ0TK0KBS6F7D,False
1953651758,8931806128,2025-04-09 09:50:32.569814,1039,sms_in,6OAJC,"-33.97354225644784,142.83647014844416",3YSDBPXSP9IF81G,False
2279488946,5529851994,2025-04-08 09:50:32.569846,279,voice_in,2KBZ9,"33.93670308154509,-125.2857034423569",PG2F97SCUL0PQBS,False
4160833840,9284127648,2025-04-10 09:50:32.569877,190,voice_in,BYOOV,"30.454795402428232,-83.90206227207491",W84PULHRE20P00G,True
8512548736,8681699485,2025-04-21 09:50:32.569908,940,voice_out,1CRUF,"-33.57056106019776,122.70437090129383",Z69GG5YLW2EH7TN,True
8051458514,9736409578,2025-03-28 09:50:32.569939,418,sms_in,P0NXT,"-46.17830789346133,43.54217524786179",ACS1UW4BCCOW6TE,True
1985121439,2017104923,2025-04-18 09:50:32.569974,969,voice_in,LZR2C,"-79.6462936577525,124.33868555482843",BZVBWLC6DJFEH2X,False
2352640053,4425496592,2025-04-13 09:50:32.570007,400,sms_out,2SH4W,"54.486251894993785,-120.49819711887466",ZYIDNT2HYMG17W4,False
9031777734,0604008793,2025-03-28 09:50:32.570038,901,sms_out,BX3JC,"-54.65770089114406,-154.8929222262585",8GUK4912GGO7I3Y,False
8972529362,0739931540,2025-04-22 09:50:32.570076,1142,sms_out,TBL7Z,"-49.756956008346705,-112.44390686166219",FZDFLSXSKXCM11X,True
0655646388,4690417090,2025-03-25 09:50:32.570108,1077,voice_in,H8TAD,"46.81856171197444,171.05984624181355",VT5F84SVU6ANQVY,True
7280752201,9323471109,2025-04-19 09:50:32.570159,371,sms_out,HRPIU,"-71.74538615174481,-112.38403744164094",GZ2U53S76BRUZJ6,False
1325180578,4152789570,2025-04-06 09:50:32.570191,722,voice_in,FXWG1,"-14.230854329666911,12.252713257317367",0GBGTTJI3H394XI,False
8993256764,9541636278,2025-04-03 09:50:32.570222,551,voice_out,AAFS7,"-60.2650135725639,-22.134579545540305",UO7REO5X8MKKY1Y,False
2829170027,5732484329,2025-04-22 09:50:32.570258,1069,voice_in,4PVVU,"21.565423116027944,-176.14181437983845",XBFX6RJTAX6XZT1,False
0642085842,0974661673,2025-04-18 09:50:32.570289,410,voice_out,HBK68,"-68.74230455858168,-89.32624139090404",H3IRG8M1I0OW9G4,True
8078617687,7382285146,2025-04-13 09:50:32.570322,196,voice_in,VDZJX,"-5.841905053924734,-74.94034836028108",ALIYUW1SQEXV28K,False
2546270898,5947837887,2025-03-28 09:50:32.570353,1043,sms_out,KOYUO,"-7.3436707849028835,23.977201350336486",42UPXKBZTE0HASD,True
8131461864,5273565759,2025-04-14 09:50:32.570388,164,sms_out,VKXUN,"-87.67711635558805,-170.5670368562151",PFIG4NGSZOUU2DG,False
9442085964,1904652412,2025-04-20 09:50:32.570419,1005,voice_out,3MGZ7,"66.26117534472087,-50.084888988122174",WZMFXIZXERU3O6C,True
2075540476,4560171957,2025-04-09 09:50:32.570456,557,voice_in,OTK4D,"44.915846340893125,87.82439476709988",24NHQV047UJ57H0,False
0315365127,1603150347,2025-03-27 09:50:32.570485,807,sms_out,N1H10,"-15.626315647291833,47.63686331177726",2OGSB4NVV0Z7P9P,True
3939597319,3691543581,2025-04-14 09:50:32.570514,1193,sms_out,7FXCC,"-13.174498656124413,-9.887017467065533",ZDMW9C9XAOKFTBG,True
6691521885,3833662330,2025-04-12 09:50:32.570545,1194,sms_in,F5FIP,"65.6862351287156,161.01450605878864",PTUS2LLQ3SBVUYI,True
1882224447,9957400486,2025-03-26 09:50:32.570574,163,voice_in,8SH4D,"-9.999188054625094,-73.44781018010192",WJ3W4ATXXC8645M,False
1535524798,0092216698,2025-03-25 09:50:32.570604,1193,sms_in,6DXGS,"22.404500325577757,117.74481780336492",QUG1F5N0TSUH9ZR,True
6713523484,8185713784,2025-04-21 09:50:32.570634,980,voice_in,CB9H3,"34.464352860825514,34.015207851234436",F46IFO1PULU2IZW,True
9474830014,7130457207,2025-04-06 09:50:32.570669,136,voice_in,QM9BB,"-68.48315810298527,115.90693373420902",9WGOMNI791BO3EM,True
0541650083,4265493401,2025-03-27 09:50:32.570699,628,sms_out,SC17W,"74.15282016719692,68.5468743686111",LBN7KKHIMKYIZ3K,True
2056022168,0068905834,2025-04-11 09:50:32.570729,50,sms_in,D6ZEU,"-50.282624577378805,-149.533052305663",M1G967XUAOUAO37,False
6015408829,7372794863,2025-04-07 09:50:32.570759,612,sms_out,8CZXX,"-16.561972659387237,37.48332095727247",AX9ECI9UGH1JYBU,False
9344338301,1307139060,2025-04-08 09:50:32.570789,792,voice_in,O7NO1,"66.93428285250764,98.85376558827465",JZ4Q87CIU3U68BI,True
1626653712,6244895863,2025-03-28 09:50:32.570820,1143,voice_out,1OXEQ,"-19.404385443881907,168.6639478020947",I85547TJJMD7WFB,False
3726212583,5495024709,2025-04-17 09:50:32.570852,1144,voice_out,CGLGT,"-41.874721940813494,-11.36247989461333",GTARM17E1QNUM0N,False
4079254772,1778023962,2025-03-29 09:50:32.570882,150,sms_out,GEC9K,"57.78909277288335,-73.3018007895304",SOSMEPA5QLRFV45,True
5400795933,8177186262,2025-04-11 09:50:32.570913,227,sms_out,X774F,"45.47545642692151,7.745700108366265",0II3GZ4RE9OA3CP,False
9881230266,7504741452,2025-03-26 09:50:32.570944,306,voice_out,WJ9HE,"-66.58176689119742,-67.95441750517385",PSSWTR8MF24V4DR,True
4997906564,3227355085,2025-03-29 09:50:32.570974,328,sms_out,IULS3,"-35.05043192896064,115.84046750511902",SGSC5X5NZK4QIBM,True
5837163598,2266654686,2025-04-21 09:50:32.571010,813,voice_out,ENKVR,"5.732645015923069,34.087917631170825",HHDEAXLGSF22OLR,False
7464447659,8824593199,2025-04-14 09:50:32.571041,337,voice_out,29VO8,"84.92859545271489,-173.0596662111008",WJDMTQYI5GULW0X,True
7018974486,5452109134,2025-04-08 09:50:32.571077,788,voice_in,NMV1L,"68.34329755728587,131.2263475313908",U3X1BXOKO9605PN,True
7319090486,1846315976,2025-03-27 09:50:32.571106,1023,voice_out,YGVXG,"-19.62202621228853,-119.40330715022947",WWSSDNEQ2CRWVD9,True
1977359344,1028335367,2025-04-14 09:50:32.571137,952,sms_out,4PUSB,"2.954792987345755,-40.27677016167675",9O1BZI4TJ6ONPWR,True
2800103665,5318808632,2025-04-15 09:50:32.571168,545,voice_in,R6PBQ,"-62.40622802441869,142.16272112588229",I5IYVJQD1YK3XQ9,True
5120698644,4289853866,2025-04-22 09:50:32.571198,351,sms_out,199XV,"74.91664908039769,-135.67207750518486",C2IX8OEAC08XWWX,False
4423581828,2338421670,2025-03-25 09:50:32.571228,686,voice_in,HC345,"-0.7761397536096553,99.17424621494217",CALNIKX9J4MT9KX,False
6399336893,3015764498,2025-04-23 09:50:32.571260,382,voice_out,KZ7OR,"-71.70365367042089,84.20314222494932",DZ4MA4V71JLW4QR,False
4874181278,0936877012,2025-04-16 09:50:32.571291,860,voice_in,MDU8A,"-10.285516101373844,-79.06338753943668",0I0PBUWCHAD5J3G,True
7886708358,1801278614,2025-04-15 09:50:32.571330,981,voice_in,D43CX,"-86.33020646296019,-169.6446560071313",9X9FDR10BDIG6N5,False
0384112882,4453891273,2025-03-31 09:50:32.571360,1169,sms_out,M6XPN,"-38.30113556388426,150.64194589617307",EBLSNS3U3C3502C,False
6947120709,7371786287,2025-03-31 09:50:32.571391,624,voice_in,UT2XW,"59.96792442557785,120.24955216012614",DCGGYL8KB2WTGQI,True
8814283086,7877052129,2025-03-30 09:50:32.571421,1131,voice_out,8GTYZ,"8.17836309303064,117.17118917996055",AP9XQUM3YB6ZQEX,True
7441124025,5685991941,2025-04-22 09:50:32.571451,106,voice_out,R93PN,"66.73140967527883,-19.550873600144854",7IU0NZD0RJ3JLEK,False
1510211872,6058178601,2025-04-11 09:50:32.571487,89,voice_in,2BO4W,"-62.17277559540641,111.06462760153505",UDMGWTKW8VWU0OC,False
7457161951,9699567651,2025-04-12 09:50:32.571519,1036,sms_in,XOJ59,"78.47213992819414,-154.7011257067772",A3DNJZ363XQEJ9W,True
1131321805,2819126671,2025-03-25 09:50:32.571548,772,voice_out,V7NH8,"22.243990971348282,144.8262645547797",LZ8MDVP4LV7RKCB,True
6025682194,3781184284,2025-04-03 09:50:32.571584,537,voice_in,4KCFV,"-32.5020687824399,-93.51487551035953",6ZFZTO2YVQ8636A,True
2375134317,1427686437,2025-04-16 09:50:32.571616,417,sms_in,8G7BP,"-31.515931413853707,-100.87433476721668",060ZMOOTLE5N81D,True
5504322657,3819032587,2025-04-19 09:50:32.571648,968,sms_out,RU409,"35.419273575045764,-147.5473483462756",W8J9M5XMIW3FD49,False
8885936429,5326634367,2025-04-21 09:50:32.571678,654,voice_in,0IQ38,"-43.20278430405557,56.443225137697794",MBICDVIKZ4G8PGV,True
8675946526,2277473263,2025-04-03 09:50:32.571707,665,voice_out,QMH4A,"20.342997545364,-42.09860948185309",I7JZWKGV0OW51ZE,True
8776831981,4311402187,2025-03-28 09:50:32.571736,131,sms_out,8HS0Z,"0.6028332221716681,19.345905855573506",LKV6K2BH3MUUH53,True
0470693724,4532488541,2025-03-30 09:50:32.571766,731,voice_out,CBZ2K,"-73.50902045151273,162.5568917919312",TSDR4X9RT5LJPTN,True
0284754611,9999159216,2025-03-27 09:50:32.571794,1068,voice_in,NSXLK,"0.17230235478788813,165.70097227831553",VTYZL4JXCSFSHHM,False
3954153365,5121916222,2025-04-18 09:50:32.571883,1046,voice_out,17YE2,"-8.423228994595632,30.59768482069697",OVIMVNNJ1C3P9X1,False
2221035569,4244006253,2025-04-04 09:50:32.571921,922,sms_out,KUILP,"-17.339205793434175,9.379821154158492",1BMHY0DNT8CTJQE,False
3011143025,1950817767,2025-04-18 09:50:32.571952,1040,sms_in,UMPB5,"-48.75952232823269,-137.96979187409684",769QK4LEP8FJP3H,True
5288116485,6049689181,2025-04-19 09:50:32.571982,341,sms_in,N8PPC,"-40.62679424043822,-31.52779392364377",530G091OBDNY15J,False
8146859982,5679849017,2025-04-13 09:50:32.572012,1003,sms_out,IA2M1,"-62.970247030200895,86.71509676202015",2H2WKTJN4ZFMTV1,False
4210439626,5054796877,2025-04-21 09:50:32.572041,1009,voice_in,24OF2,"41.8446386533964,100.5918201879503",C6DCEK2NL49RKF6,True
2239836265,8528104882,2025-03-27 09:50:32.572071,863,sms_in,F892J,"6.527996056095333,-70.997025589166",DL074NVITIV8H8N,True
9519278646,5483578007,2025-04-09 09:50:32.572103,491,voice_out,0LWK0,"38.72915854568984,87.2089352384586",D2F1DG3HBRE9CHN,True
8908858328,0971462746,2025-03-27 09:50:32.572133,115,sms_in,T9N2A,"16.034834465103145,-118.72859802020878",46G6OK3DWNPJY1A,False
8212142697,3417816846,2025-03-29 09:50:32.572163,843,voice_in,EL6D8,"47.1834642591686,90.67424605135892",9NLHL7B0WTQFNCX,False
9194013708,4559438301,2025-04-08 09:50:32.572209,420,sms_out,EYFRB,"-14.955352956922866,44.55578915763539",R5PKUSZRK8DNG6R,True
7472946010,3395147096,2025-03-31 09:50:32.572246,541,voice_out,TGZ11,"30.051587272869384,-14.467040142348765",UFD1A402KQET02N,False
7450392151,9147028378,2025-04-02 09:50:32.572277,362,voice_in,IYWRN,"60.93964655820335,100.39114179487348",1ILN93GVFD1RW7K,False
4645190387,7657305036,2025-04-16 09:50:32.572307,402,voice_in,L813C,"-75.65664814962861,142.99663794451953",Q0S8II2TDDIY3SA,False
1287263754,0751870796,2025-03-25 09:50:32.572338,447,sms_in,0SYDY,"74.23104058432929,-156.15501760187394",NMI975POLU5758S,True
6560998945,7163279462,2025-04-06 09:50:32.572368,100,voice_out,JJ121,"-44.40358404570043,53.76802466146583",YTQUHD83DPRLVKY,False
5839635586,1678288949,2025-04-03 09:50:32.572397,565,voice_in,67UMQ,"-29.86307055364818,9.14462287547343",FM3MCBCY95108YS,True
8177139660,6112914644,2025-04-09 09:50:32.572426,863,sms_in,6Y9RQ,"-67.1183814694096,-142.3312033458808",N0Z6UDG105R61VP,True
9732722413,2345784106,2025-04-02 09:50:32.572454,459,voice_out,CDMHI,"-45.658837915145504,-39.32098394194031",U6BBNL1KXOZ82V9,True
1388120441,0850801999,2025-03-27 09:50:32.572485,515,voice_out,JOXNS,"-39.5272409226314,-86.20194169030295",8QTHG0ZUE73XFQO,True
6643195254,0865391528,2025-04-23 09:50:32.572516,523,sms_out,I94CG,"3.1420686897555044,160.03920714050543",6R11OI8EIO5AXEB,True
7897933590,3914235003,2025-03-28 09:50:32.572547,689,sms_in,NG8YA,"29.98913654925515,-22.80659004091794",6YT3KEZA7OO32JO,False
9165964733,2890927379,2025-04-15 09:50:32.572577,1122,voice_in,Y7M9Z,"29.424514925429605,127.03864936943836",0TNG9VP4Q2ZGIQB,True
6130789177,9595399610,2025-04-13 09:50:32.572607,1065,sms_out,RI2WS,"-48.29819004547376,168.38601795708246",UWX8PPQJ6ZMJJZP,False
5362401921,1338575609,2025-04-19 09:50:32.572636,645,sms_in,2VQV5,"-18.356057282771943,-0.10777424768946275",Q5KLO30N9G99IP0,False
6998184971,7395638949,2025-04-21 09:50:32.572665,598,sms_in,MTDGG,"-15.586547321559138,-70.92895969732528",JCUEN86IOP8AX52,True
5806261078,0811176393,2025-04-06 09:50:32.572694,904,voice_out,LYPI7,"-72.80726502963917,-50.4388646619108",XHVYWPIS1A9T055,False
2161568400,3784057542,2025-04-15 09:50:32.572731,508,sms_in,L0FBG,"-68.96686406095799,53.54400958187108",1YWXJZMO70HP169,True
8936996537,0897869631,2025-04-09 09:50:32.572761,327,voice_in,8IHXV,"-45.32836908342597,126.20503815415117",S2PGK9ILR6M76FV,False
7021083928,8071969512,2025-04-19 09:50:32.572796,1110,voice_in,OLHNR,"9.093489066030813,-11.47513948981441",TZOQPYUZFE8UX1C,True
8277125137,9314896292,2025-04-18 09:50:32.572832,260,voice_out,K7A75,"-6.210624970163295,-153.700758307206",6NV333NZVLY4FVF,True
1171849957,3970692152,2025-04-12 09:50:32.572861,183,voice_out,F7DVG,"-15.751294686116196,99.8499091252794",LETTGDQNWB0XGJ7,False
2428768949,0632950678,2025-03-29 09:50:32.572890,1080,voice_in,3UIRB,"-49.49470256143265,-105.9477313184661",XDGIJPSO5OW83NU,False
9870911623,0205184292,2025-04-01 09:50:32.572922,225,sms_in,7PQ79,"83.68788736815387,134.66491194876164",SV0EG7218V8RG75,True
3541345874,6244686454,2025-03-25 09:50:32.572954,453,sms_out,6L6TL,"-63.02366945452245,16.231502446351186",K5NAOST6Z5B3330,False
3864176867,8492389372,2025-04-05 09:50:32.572984,126,voice_out,JV5R7,"82.19237383638617,-144.06730943751762",9KF7SWIR9KPY1Y4,False
6103772929,4945447930,2025-04-01 09:50:32.573015,602,sms_in,DD1G9,"-89.86713151055206,129.37443686341243",SDRZUCJ1I0ISKON,True
3861547917,3805083400,2025-03-31 09:50:32.573044,88,sms_in,8WFAA,"-56.47911643899045,51.106826655357594",GUUE48TOO19083D,False
7067379541,0302711789,2025-04-03 09:50:32.573073,162,sms_in,SA786,"-89.68497797093622,162.05218603382605",8WAVU5SFQ1VVLN5,True
6987045460,0187984364,2025-03-28 09:50:32.573101,593,voice_out,R78U1,"79.49581907696032,-150.50030505508994",NHHG1YGIGYNQI4Y,True
2142923086,9175509404,2025-03-25 09:50:32.573131,590,sms_out,1IF5B,"-28.499978125502466,-29.578330434311084",MKSG5NTRC3YFOA6,True
0497944359,6021360033,2025-04-02 09:50:32.573161,614,voice_out,EI261,"-56.46288005549111,-172.27640418386144",8WPDRL7KLXE6O99,True
5589995407,6274286341,2025-03-28 09:50:32.573190,86,voice_in,EUQD4,"54.24080934505125,73.3210039842449",8CAIDZKMMCRHFFX,True
5358940373,2483217957,2025-04-05 09:50:32.573219,1051,sms_in,63Z42,"-40.96863577660648,145.6462669548569",52ZLYV70VTWXZKB,False
5893621761,8619744353,2025-04-14 09:50:32.573248,767,voice_in,L93TK,"64.62536762572668,141.2001951723804",D576KRVXRWSAC77,True
4669389415,2027668640,2025-04-19 09:50:32.573277,584,voice_in,H7FJM,"-18.307664460702966,-48.431458139388894",NS2FWBW4F05K2A8,True
3606357854,4843772240,2025-03-28 09:50:32.573309,631,sms_in,SOPWT,"39.055625278925106,7.086204473125605",YBLE52X9GE94J98,True
2263337312,4808333327,2025-04-07 09:50:32.573347,551,voice_in,QFE18,"-17.8893358177487,-177.01703737536116",VXJJIC8927EOPQJ,True
8440410804,1022335917,2025-04-22 09:50:32.573378,667,sms_in,G9P0F,"-8.142786601706831,162.2676434939827",Y3Q3AAYMJ1Q5O8J,False
6062095744,6936802575,2025-04-11 09:50:32.573408,514,sms_in,NZXZI,"78.1655362055645,30.465175641296838",TPVKKBJIC764VH0,True
1190966972,0730631904,2025-03-29 09:50:32.573436,104,sms_out,JQVLY,"21.14712898737335,-34.01379871960694",GMV3XQHCLI0256N,True
9720313496,4526641262,2025-04-23 09:50:32.573466,381,voice_out,C63L2,"19.126794494949266,69.95753441731674",5HZWKKPQP917FDF,True
1456578294,4888213437,2025-04-08 09:50:32.573496,840,voice_in,R3O14,"26.07631522926455,169.73485998568646",R7AKN1QTBUOEH30,True
5738030722,2025935177,2025-03-29 09:50:32.573526,1184,sms_out,XALZU,"-52.77740702967695,-62.53722854099955",6WRRW18IDHY7YBN,True
2188725619,0268092732,2025-04-15 09:50:32.573556,222,sms_in,6FK8U,"36.37040302935115,75.78639619355064",HM2WM0QVLG208UA,False
0891482075,1586761306,2025-04-03 09:50:32.573586,688,sms_in,MXZE9,"87.6192191777823,-64.54672009846541",49EZ57X2PMRUWSQ,True
5645519116,2198842195,2025-04-10 09:50:32.573616,859,sms_out,TDN4F,"64.9226865273721,-40.663099562738694",NV3TAD1ZVJ07VAF,False
4660921932,0130807702,2025-04-21 09:50:32.573646,577,voice_out,2AJO4,"-58.554682162972234,102.92794517835523",9014N9FV9XCV9P6,True
4701915520,8480914108,2025-03-28 09:50:32.573677,648,voice_out,ZDUJI,"18.011022467592298,74.43956326955762",X4ZWYK6VJB2P2SF,False
0820354800,0662729851,2025-04-17 09:50:32.573707,1035,sms_out,83YGK,"-27.225210267170233,-86.0783495506041",7Y7HJREHAHQ320Z,False
4910641929,3026434297,2025-03-28 09:50:32.573736,633,voice_out,67RRR,"64.16368006641198,166.7708649088528",23O4HKT1967YOPJ,False
2034606653,0975788414,2025-04-05 09:50:32.573766,993,voice_out,KP396,"16.16555879215042,0.03947075878883766",HANZGKO5GRRTEMV,True
0295838519,4672973790,2025-04-12 09:50:32.573797,1106,sms_in,9YN9F,"-32.418640501208614,-160.5074194398841",EZYQ2GH2YWXEQS0,False
0493903214,8922236317,2025-04-02 09:50:32.573827,768,voice_in,ARTGO,"40.50570794014041,116.58930124401388",Q49JDAFNDLUYLZB,True
1297033210,1773842959,2025-03-25 09:50:32.573856,937,sms_in,RRZFA,"-48.609713891627756,-73.13185796159864",JAB0V7YSLMR0DN9,False
2227777463,7288401762,2025-03-29 09:50:32.573894,170,sms_in,NL33Q,"-43.54854113870249,-57.90905084000221",D1UQW1N0UFL05F9,True
5775328291,5141432185,2025-04-17 09:50:32.573923,719,voice_in,3ALCZ,"-75.21857611724825,82.77079564566918",AKJJ4RX0BBUO4UH,True
4644541479,5172956627,2025-04-20 09:50:32.573953,778,voice_out,UXZFL,"-78.37663011058612,-134.45170982030018",Z707M0FCSSTLSL2,True
9791682575,8164078924,2025-04-15 09:50:32.573982,67,voice_in,6JNAE,"-74.08533181194719,-141.06042385269356",4GRS1FTG80J89H2,True
6072686643,7573985478,2025-04-12 09:50:32.574013,525,voice_out,SL3H6,"4.742936423544336,105.50877852677291",I6HG9LRZ467I291,False
7503210965,4466835120,2025-04-21 09:50:32.574043,488,sms_out,OWP37,"69.41062136685312,172.68486202788114",BBVGZQ12RT8BB3V,True
6248177868,2242805590,2025-03-30 09:50:32.574075,743,voice_out,WGRLC,"47.821616264604955,151.71884717293779",K1SK0AAK3L9GCA4,False
9312378924,2353583008,2025-03-25 09:50:32.574105,1108,voice_out,BMF92,"-76.20463030475635,-176.24999600976219",I34BNQ1J99O6XWF,False
5853164712,4746356134,2025-04-20 09:50:32.574135,488,sms_in,RA6C4,"24.873102367342298,145.4647792837199",86VWKTUQI4DJY4H,True
0283079862,7020766150,2025-03-26 09:50:32.574165,412,sms_out,5PQUD,"34.394756532607786,-120.24398217150434",4RSVA1YCPLD4C5U,False
2081223124,8848688596,2025-03-25 09:50:32.574195,1011,voice_out,D4SVC,"14.368067267162417,-120.90031480980761",ZAVZ3V7EL8VPKU6,False
0259499157,4889355532,2025-03-28 09:50:32.574226,238,voice_out,S3NM0,"-77.79594049838474,-6.586123980023956",CWYW6ZOZ7MFMPTM,True
5183474422,4130552401,2025-04-15 09:50:32.574256,217,sms_out,QC7S1,"62.42882628380815,-72.52693833746652",126IEDSZX5G1MSM,False
4094787815,7371014418,2025-04-08 09:50:32.574292,349,voice_out,USZQT,"24.881746168306577,179.38600868766304",Q5QSJUWO2KNNUTC,True
5873672349,7955313491,2025-03-29 09:50:32.574322,212,sms_in,BJTSP,"-17.257906985845395,-137.12021025228796",B8TPD97GE3LGWK3,False
4659324960,2573660254,2025-04-19 09:50:32.574352,288,sms_in,R23A1,"-19.911342830219013,-144.39638984792006",851U6OU940OYTL6,True
7006094204,5808598559,2025-03-30 09:50:32.574382,1057,voice_out,M98DE,"17.975822591321517,130.79957811375533",2CU5HKVHN7UWEU8,False
3326076824,8447416373,2025-04-13 09:50:32.574413,609,voice_in,MYUPB,"35.141775402366775,-125.05936807949199",BT1UWGMD29PO3W3,True
1295914812,6373401010,2025-04-11 09:50:32.574442,45,voice_out,D5S85,"-58.22262507049723,102.34150307517103",E82OWSI82KO0LXH,False
6407100149,6507625819,2025-04-03 09:50:32.574481,85,sms_in,VHY78,"22.61243536538082,136.28049032033664",765MYWBPL4AQTC6,False
7736415913,5889334351,2025-04-19 09:50:32.574512,45,sms_out,KGUZK,"42.131661866952726,-95.86682145427854",GWVF8D4D9OWCWSM,True
4704234104,6584734106,2025-04-08 09:50:32.574542,156,voice_out,AL02U,"-39.926235187346194,-5.147899257736782",2KDQD1WWJMHKB9B,False
2270363395,4076960873,2025-04-18 09:50:32.574571,311,voice_out,EKUNJ,"-50.248721104957376,-71.65922890894859",638HDK9OI5YJNEG,True
1572495986,6320627120,2025-04-06 09:50:32.574601,834,voice_out,S7A38,"31.05239999848982,76.32081816678209",PMIJ67CS02LC9X0,False
2763430041,9810889239,2025-04-01 09:50:32.574632,647,voice_out,0JKYX,"17.3619997666148,55.49430063689371",7P2ZLXS5MSID96G,True
2334470557,8193143638,2025-04-21 09:50:32.574673,476,sms_in,36UD2,"-5.2019349960322785,113.61700012963365",I8KHKU7RUAW3WON,False
7347353414,7545031147,2025-04-19 09:50:32.574707,1050,sms_in,XX1QP,"47.02681797119885,-28.4141044014537",8QFL2HRMO5YX5HD,False
7339710250,5477069070,2025-04-23 09:50:32.574739,156,sms_in,I65M5,"79.13165919536803,-30.212024975693595",D62BJCNU4SWNTCS,False
6508177173,5771168518,2025-04-15 09:50:32.574769,754,sms_out,I9WY6,"-44.37558164070466,-172.51058674184875",SMI572L1F3IA3E2,True
2954042092,7527114180,2025-03-28 09:50:32.574798,277,voice_in,6UZNF,"85.90114640010196,-97.34394403461987",JGCWMNITBH6U04S,True
7552704941,8673479822,2025-04-15 09:50:32.574828,853,voice_in,K46S1,"-28.226318147228483,72.38600095488732",CXIQ4DE4WELRXQ7,False
8411120375,9398925469,2025-04-18 09:50:32.574859,510,voice_out,CEV69,"-41.37247916964739,-136.31799627210884",CD88C0PYCPNA81R,False
1356623338,7078797239,2025-04-04 09:50:32.574889,829,sms_out,QBR83,"60.21710845707932,-134.93680827392927",VT8DBVZTB220OTL,False
2555920096,6069668154,2025-03-30 09:50:32.574919,799,sms_out,3P5O3,"-48.526345776633065,24.435203399273348",3BTZOCGQ2PGTPK0,False
4181367160,2745819707,2025-04-10 09:50:32.574948,577,sms_out,8GBQ2,"-85.08611659776037,18.574877221953386",VUOWZQ4EWZ9268Y,True
5099259277,0371012600,2025-04-07 09:50:32.574978,627,sms_out,DCZEB,"-14.130735055830598,-142.8956981225129",NIJ7Z0FMJPV5WXS,True
9967143799,2488279043,2025-04-14 09:50:32.575008,821,sms_in,WSRKJ,"46.38007826315487,-121.32547786972805",KNCIGQVOZMOOVH6,False
5168358631,4949871427,2025-03-31 09:50:32.575044,956,voice_out,78PSF,"-54.932650561440454,-89.78174170510586",EFQ1VS7SPQWYDFI,False
3106573467,2420045477,2025-04-22 09:50:32.575075,637,voice_out,XOPEI,"88.37169968662619,63.63863684004778",ALSGFO87ZC3TQE1,True
0809106258,7782069036,2025-04-08 09:50:32.575110,884,voice_out,04TQ9,"85.91132043690865,77.95680035174149",E4PLY1CS5CUO9OW,True
8775004536,2891466090,2025-04-13 09:50:32.575140,383,voice_out,UG9CN,"83.23800504533384,-151.23518918911225",FSINM2P25TG2GDS,True
8226234071,9057015256,2025-03-27 09:50:32.575170,799,sms_in,2V9ZK,"68.83492238812076,96.48912637408455",T3R7O4G9REMXJDH,False
1792120039,0299522813,2025-04-20 09:50:32.575224,680,voice_out,M8ULM,"-49.8464110702895,-164.78195462636253",DNIPU4M3R8IYHZS,True
3453750728,0909634138,2025-04-17 09:50:32.575255,803,voice_in,NKGD8,"-27.56646963848729,16.068966838673077",CW0YPCVIEEGAQVO,False
2031895127,9126720962,2025-04-23 09:50:32.575284,329,sms_out,QELQ5,"81.31983510875523,-126.40985803370684",Z0COF971RF9UU5B,False
1872415838,4871019017,2025-04-03 09:50:32.575317,985,voice_in,U73EW,"-10.260288310398167,-170.59648938256527",XIBFML2OSPH99PG,True
1087069650,2042191318,2025-03-27 09:50:32.575354,145,sms_in,K6J8W,"-3.790568997537889,-86.45272018377771",M8CV4SXA2FJFXRZ,False
7034939790,2732243101,2025-03-25 09:50:32.575384,74,voice_in,JDUIO,"-8.57315321617044,66.77901298109",3NO7COWM3PIFQYE,False
6384104637,3419105444,2025-04-20 09:50:32.575412,620,voice_out,8CF1J,"80.81075952218563,139.8003803958893",RQHGSDLZGKQX29L,True
8642021770,8350236781,2025-04-06 09:50:32.575443,95,voice_out,UCIHV,"-35.37093439101287,109.46784356997637",S9T23I78NZJ0I91,True
2357089069,3499451042,2025-04-14 09:50:32.575472,538,voice_in,WRUB6,"86.02037730777423,-108.17597915377394",R5ZZI8B9QP4XE7T,False
2777655877,5083025265,2025-04-03 09:50:32.575510,447,voice_out,P8DFS,"-72.03482764098423,156.62434499482788",HBQ0TCHXWJ6FTUZ,True
9251280561,5003208558,2025-03-29 09:50:32.575546,587,sms_out,LRQOI,"89.73579938163596,140.82443598255907",906NXW6BQLP3ZMA,True
6810322388,8546988964,2025-04-11 09:50:32.575576,993,voice_in,ETCUK,"-77.25951280777372,64.6059076763911",CACY6MJXC167KK8,False
4073317479,0931298285,2025-04-07 09:50:32.575606,499,voice_in,O33NR,"48.16955153975803,87.58705668284182",SYV7XJS7TE358FD,False
6820347328,3006242419,2025-04-23 09:50:32.575642,64,sms_in,OXPIQ,"-38.88311520490751,140.3133035209155",P0865JE0T9K391C,True
7460131222,1576062462,2025-04-02 09:50:32.575672,106,voice_out,NJBKI,"-19.203945163367194,-74.46087366224438",6UKQ1Z7F5X53LMO,False
3664944761,9889233963,2025-04-04 09:50:32.575705,972,voice_in,C47NG,"-39.967492298573106,-46.32463892112747",AET4CGE7UIG8XX7,False
4551499913,7969146511,2025-04-14 09:50:32.575735,884,voice_in,2B8YV,"71.30605192092872,115.40358550807895",MQJ3TRY9HR802ZS,True
7023202217,0373954868,2025-04-05 09:50:32.575765,1080,sms_out,LMV3N,"4.708286370524135,-122.1020408004459",P6OF4KD0ZL3MWC1,True
9355608130,8354283123,2025-04-21 09:50:32.575795,826,sms_out,QF718,"-82.553909067289,115.93135323157804",BAOEOT9Q7P31TRC,True
3995260708,7747606773,2025-04-01 09:50:32.575824,871,voice_out,OSO5S,"70.4255491488183,-131.57497320058474",WBYPLIV4706PSYJ,False
5078545033,8392285194,2025-04-04 09:50:32.575853,634,sms_out,X6V3X,"17.59579325480199,73.10960014671238",T0K0DVDG4ZFGP6H,False
4340279163,2098876711,2025-04-01 09:50:32.575882,497,sms_in,8CUUG,"-76.76783619487192,28.02491715521583",SDBTLN7KVRUGQ45,True
4894930962,8313453278,2025-04-19 09:50:32.575917,519,voice_in,K8QG4,"88.48484895149775,121.90766629048284",NPYNCCWT5XVW7E1,False
6006072543,9108359744,2025-04-12 09:50:32.575950,1149,sms_out,PPMRW,"-55.493687192847084,85.72554604667914",B2H5M5YW8LNO2G6,True
8643282383,4038664294,2025-03-28 09:50:32.575981,1038,sms_out,6AWSM,"28.96870791341776,-38.670371231166854",TGPTB0M21D7P62P,True
5975243700,8893470966,2025-03-27 09:50:32.576010,405,voice_in,V8N25,"42.76744508624793,-86.22678988717489",SXTCHLZQXLAQF5Z,True
7266294380,1058449646,2025-04-06 09:50:32.576040,464,voice_out,0FV0Q,"48.75089267832087,-11.970691902707728",Z0I9FXZZI0XPAGP,False
9339134884,1935443714,2025-04-14 09:50:32.576070,660,sms_out,N6I6L,"6.991588867216109,179.96646363027855",7CPGNJ47CAT1HTI,True
7725725926,1951235439,2025-04-09 09:50:32.576102,427,voice_out,NR1SA,"54.252764033024846,-90.37001072354724",77L06QTXXY6SJTN,True
2385820056,7232826983,2025-04-08 09:50:32.576132,787,voice_out,ZCJAI,"-38.836321075784426,7.1514175351224765",0BLPKC1MSMQXR77,False
0222774785,1453691187,2025-04-11 09:50:32.576164,1039,sms_in,2WJVH,"-60.55146917838954,140.2924954932152",XEV2O0C8L3GGX11,False
4881358969,2759979992,2025-04-06 09:50:32.576207,986,sms_out,H2YYM,"-66.97171121155407,15.25980971455138",P28U22J98TOPP65,True
9879479257,2873067686,2025-04-06 09:50:32.576244,166,sms_in,MSSKP,"-18.242903351260054,98.36194438204512",5U6H6KSHMDPWPR7,False
8385975914,3207958907,2025-04-09 09:50:32.576274,149,sms_in,33PXW,"15.916637466842545,129.43288212339854",8LH9XMK104TOK1P,False
9083251324,9203154800,2025-04-09 09:50:32.576304,697,voice_out,BOPHP,"-82.9829905675128,-61.419414881276026",C6CUW5FTFUG6RFS,False
4574669137,9481605983,2025-03-28 09:50:32.576339,1112,voice_in,HGFVZ,"30.28075215323655,-105.40854323675376",H4YC3V673RAI8IR,False
5611521959,6628789854,2025-04-13 09:50:32.576368,226,sms_in,RM5CZ,"-82.82995495314778,-54.74551079679556",Z54H8272M5YX8KM,False
5284065179,3928537048,2025-04-13 09:50:32.576398,938,sms_in,KKBS5,"-73.26626897666863,-132.70099291968722",N35QERFQVTNVZAZ,True
9121345012,8375702746,2025-04-08 09:50:32.576427,782,voice_in,4AUXC,"60.59524215449062,83.13893914273206",2L75QKAF1EOUH6Y,True
3447913095,3973276349,2025-04-16 09:50:32.576457,869,voice_out,YUGSW,"-20.424677221142275,179.67262229026795",2Q7PC0ZX74C797M,True
0327279293,9858238591,2025-03-25 09:50:32.576489,426,sms_in,UWPZ9,"-71.59949751435089,-143.42673867842944",XXGUCTZNWUUN0RF,False
2310389633,3694873692,2025-04-08 09:50:32.576520,385,sms_out,TIY2Q,"57.27387885177737,-5.73605531958799",9FQM1Z94BXFKQ3W,True
0756867753,3180881129,2025-03-27 09:50:32.576549,866,sms_in,VMW9M,"80.3611175236669,-12.950428804583055",CAJL0IFCY205OQA,True
6322106107,4554036499,2025-04-01 09:50:32.576578,425,voice_in,AZ262,"0.9664580083356498,-23.12176133498454",N6T0KS5M6LXYRTD,False
8659362648,6619022155,2025-04-05 09:50:32.576609,1110,sms_in,3OROK,"70.77550819207315,170.67483956622658",GO263YMZSV3ZSQW,False
2562445581,7012400566,2025-04-05 09:50:32.576638,1084,voice_out,DDOE0,"25.695365759852237,-130.3184972904064",5KX8B8ZRHG818L4,True
0798294290,7359353409,2025-04-11 09:50:32.576667,1056,voice_in,7DNPB,"-41.07622299426009,-128.02612387513486",PHKACGNJH2X6BLB,False
3842603192,3338880268,2025-03-27 09:50:32.576696,601,sms_in,FAYXH,"89.6584733374732,123.13528056782462",5HS6L5CP7QUUOJ6,False
0297093130,1719754535,2025-04-19 09:50:32.576732,313,voice_out,4S4PI,"85.58301374182838,-41.75614945587333",X9CO37BWZE6UMFJ,True
4513459978,9743558322,2025-04-07 09:50:32.576762,419,sms_in,JFJQ5,"80.59743967643251,80.7248992756638",PKS2JPODN5XSCCU,True
0010321949,0848143100,2025-04-23 09:50:32.576796,514,voice_out,4Q31O,"84.5150878752111,-147.66808973335964",8539AYWJZY4LBR1,False
7512583569,4368351112,2025-04-23 09:50:32.576826,88,voice_in,G6CYF,"17.83912918136133,-157.2274333980784",Z91T6RXQTVTM8DF,True
0810160243,3300266792,2025-04-19 09:50:32.576856,121,voice_in,WRX2Y,"-77.52265392487949,126.65125533877409",DPVVY2LR9LDYOUS,True
7951057718,0191686153,2025-04-07 09:50:32.576885,848,sms_out,85IK0,"47.120798472648346,-131.29533704156842",6RWHW3OLA765RJC,False
7900945927,4138918654,2025-04-21 09:50:32.576918,346,voice_in,WRKCM,"-38.32010254182897,-170.41397599871578",F56H4V35YZFG9HA,True
0961579933,9127599399,2025-04-18 09:50:32.576948,834,voice_out,4J3X9,"-70.30796019756856,-78.95774163218326",Y2ROB0GMPU0X1EY,True
0065829691,6134641994,2025-04-03 09:50:32.576978,484,sms_in,4VQJR,"10.964412014342813,-65.84294447716245",YH5QDEHEW21U114,False
1129531093,8258616763,2025-04-12 09:50:32.577008,810,voice_out,PX4L6,"89.91618357389572,-140.93396693685",IXGUD7RZN7G8ATY,False
6236907969,8283969949,2025-04-10 09:50:32.577038,255,voice_in,JT4WQ,"71.13683949296922,-151.2298777927421",XQC9L863UH8K5XD,True
3210222349,9141127959,2025-04-16 09:50:32.577067,498,voice_in,OX4AD,"-89.26250992775702,-130.23382981568935",YG0PX8BF7PZGW32,True
1184358854,5791934704,2025-04-21 09:50:32.577096,796,voice_out,A473J,"-71.04183691516171,87.28179454359355",5E1LWIDU6G6PG41,True
8558954654,3425405276,2025-03-27 09:50:32.577131,872,voice_in,132DT,"6.2312215432550175,13.803924468381268",MV1BR1LMFB1TVNZ,False
1020025100,8845458671,2025-03-29 09:50:32.577161,755,sms_in,J89VC,"38.18644230825757,-123.48135993112722",P9J09UZVYRHXVOL,False
7200351746,0260413931,2025-03-30 09:50:32.577191,1116,voice_out,MG7C0,"-69.28365282786669,98.88044000794258",E3EQHCYR9XCOFND,False
1391206012,9856490335,2025-04-05 09:50:32.577221,113,voice_in,D7JA8,"84.30762577586387,-49.50887757117587",V8K52YYZ9P5520T,True
7022314873,8934206576,2025-04-19 09:50:32.577252,366,voice_in,LSQC4,"3.2165047480677487,-24.45542964409904",T9RPQ4XNAQEPCZF,True
7126006201,7879639921,2025-03-30 09:50:32.577281,771,sms_out,DNOSB,"-58.41101569294539,108.0675892171239",AQH18NIQ65VX0YI,True
8587647799,5583717299,2025-04-10 09:50:32.577367,297,voice_out,4Z0WR,"-89.12909581114988,40.532053797907764",5MMFFCSWR47XF3J,False
4292037352,6482606057,2025-04-01 09:50:32.577404,632,sms_in,1YTNR,"-18.354938237512286,125.68641167861671",JY88EEQRTX9W0PW,True
7791026624,7440280201,2025-04-18 09:50:32.577433,354,sms_in,59IK5,"74.63761144662561,-174.59834829905307",4HWQP4EW80K88ML,True
1223342620,4677640478,2025-04-11 09:50:32.577462,684,sms_out,JE604,"11.674380599958809,-116.02216859409097",3DFB7YMZGJT7N55,False
6681747222,6486906362,2025-04-15 09:50:32.577492,930,voice_out,VBHTR,"31.074174329734447,-165.9090292903569",JNO1V5UYVEGXN6Y,False
6701239847,2504016127,2025-04-20 09:50:32.577529,645,voice_in,I67K5,"-63.72461226485354,-97.07036838878747",9DDJ345OUHSVZ2X,False
1828209204,9108284049,2025-04-21 09:50:32.577558,167,sms_in,TEC5U,"-7.86687404170047,-57.39902520921616",Z3ONGYM2XIMWRCI,False
1900413210,6641603348,2025-04-03 09:50:32.577587,310,sms_out,U2JVJ,"58.01053155756085,-28.871057576456366",VR5YGSYPES33W3T,False
4761211618,2947180055,2025-04-06 09:50:32.577616,755,voice_in,I4LYT,"-84.05609614941888,-17.919261588155592",FE80BOMII0V5IYV,False
8768151390,0621698456,2025-04-19 09:50:32.577646,205,voice_out,KG35J,"78.58662484825345,158.12265823573063",0DHKUS4XFCLNJPJ,False
4994507233,7689852044,2025-04-01 09:50:32.577679,762,sms_in,46TYV,"85.06745032115225,-140.66432969944137",IXWV15IXO7S27CE,False
7539328284,2062990327,2025-04-10 09:50:32.577710,365,voice_in,PY9EA,"-55.70657215734401,-51.228210712114986",8YN9QWDDXJPTY29,False
3834929755,5892018710,2025-04-19 09:50:32.577742,518,voice_out,W1BPN,"-86.58470537697342,-125.65148105948566",7HA4FKTV7P5219R,True
2936999042,5331099366,2025-03-27 09:50:32.577771,66,voice_in,TD2HS,"-7.0997958898383615,135.66935205119222",QU50UQ3NWQJW2E6,False
4810059327,2349309681,2025-04-10 09:50:32.577801,578,sms_out,OB7JJ,"11.511358698721338,-77.40743547993783",VNMWKNEJEPZS2HR,True
0682194254,7388091584,2025-04-09 09:50:32.577829,946,sms_in,LO3OI,"-58.72049574447013,99.53244662636178",1PSR0S4U5KLVQOW,False
1689190757,3254119756,2025-03-27 09:50:32.577859,426,sms_in,QCM9R,"-66.92405317649477,-45.611717086743",TKJKU3HKVVEQ3RA,False
8164145361,8542177582,2025-04-20 09:50:32.577888,397,sms_out,QBX13,"18.78333786275124,-141.78348110102326",YKE5I18JLJ5HIXU,True
6068432349,6882877335,2025-03-27 09:50:32.577923,553,sms_out,C7YPC,"-60.291692582211994,96.51820691711299",AFA4373WO44SBEL,True
2698951447,3118023257,2025-04-07 09:50:32.577960,789,sms_out,1O0NE,"-30.58389571075572,61.00206932708835",9GOZFWVHR6M4WC8,True
2911376807,5159000858,2025-04-11 09:50:32.577989,1006,sms_out,O2JTK,"-56.530675131409815,-49.488333160560074",BB20ACA75U70XJO,False
8397719253,6340618529,2025-04-09 09:50:32.578020,917,sms_out,2R652,"-23.314702310720293,-55.96522497552982",MN6WSC2FYCX9PQB,True
2689832675,8810247186,2025-03-28 09:50:32.578049,192,voice_in,STQZY,"60.22657876599891,95.39544002645158",7N1Q41ZF5864BZW,False
9545772576,0826410019,2025-03-27 09:50:32.578078,1069,sms_in,10B6C,"50.06896643764273,8.910962526054504",4T7J27M7N2HD6K9,True
9174878207,9784874626,2025-04-15 09:50:32.578115,1003,voice_out,XZEZK,"82.72959602510758,-140.63199881248494",14AU7DMO8RADOO8,False
3222614959,3148259743,2025-04-05 09:50:32.578145,965,voice_in,08DXF,"60.19476289715334,-162.09312326334964",HIC97WLVBG3FGO0,False
4551304373,9231706221,2025-04-15 09:50:32.578176,152,voice_in,Y5PVI,"70.81757072004052,92.07679639023314",YL8DF589JBSBYJ0,True
0496805077,3098113050,2025-04-21 09:50:32.578211,145,voice_out,4QSLP,"51.34570440794448,-167.92398186392566",KWIYQU44184VJCN,False
2498575308,3356826706,2025-03-29 09:50:32.578241,1063,voice_in,169FH,"-62.9729483737988,-153.56828456052645",GNFN958JCJ83D15,True
9997293912,3069623498,2025-04-16 09:50:32.578270,510,sms_out,QH04X,"-34.42457446931748,44.57533562653143",10PZZ490DUDCLTZ,False
9380793830,6136537846,2025-04-03 09:50:32.578298,1176,sms_out,X4XOP,"-77.5175958996215,-67.49977777904404",SQXNR4L2C9VOIUM,True
3517164181,0182017723,2025-04-01 09:50:32.578335,674,sms_in,2PJO5,"47.63696997620471,-91.50377228610492",LQ83KJ105R4KAHK,False
7018644101,2537486069,2025-03-25 09:50:32.578364,435,sms_in,CRTDA,"22.41830258337596,-57.76801729348847",R4OVKV42FDFWLVW,False
9140280660,4183432629,2025-03-26 09:50:32.578395,290,voice_in,JF2VY,"66.19071456650994,-167.33103746210008",P24DKVQC09DWXUU,False
4501542053,9869740703,2025-04-08 09:50:32.578424,731,voice_in,5H22K,"83.27492558313759,-22.42470905118759",3XK28R4KEOZSXTY,False
2649102922,5870632475,2025-04-02 09:50:32.578453,996,voice_out,IN9J0,"70.91794493979273,3.618022019652699",Y1EIF9WSYBER11M,False
3627008846,3922547685,2025-04-04 09:50:32.578482,291,voice_in,054TB,"-6.66341357712389,29.446131502655305",YQSEKGT5E70RRIZ,True
7547081099,3136283613,2025-04-19 09:50:32.578515,219,voice_in,QKK33,"23.347856749025397,-174.04283836281655",X7VGQ4J1PFT5WXY,False
6410990840,8970273720,2025-04-20 09:50:32.578549,734,sms_out,FVCHR,"-58.693012298502296,74.7571238438083",AVIGV6IPIRVDDJW,False
8247645443,8174142188,2025-03-28 09:50:32.578584,994,sms_in,Q9GOD,"16.07000880889933,-150.50213372470378",DC7V5PGBHSWYVK2,False
1322021263,2784020225,2025-03-30 09:50:32.578614,934,sms_in,DGZ5H,"12.337838602836783,-84.46810542851652",PCS17YDN9B84LBS,True
5340864357,0131220670,2025-04-11 09:50:32.578643,78,voice_out,1Y3Y5,"72.39647450636161,-107.29641717292972",JTXNK4K2G345I5G,True
1831236739,0255328038,2025-03-30 09:50:32.578673,291,voice_in,JYZEU,"64.16759246710984,144.07042945595038",KOHBEKM57ZRRMR2,False
8959076858,9508501441,2025-04-10 09:50:32.578702,954,voice_out,Z4TIK,"38.397283154299856,158.3762254634779",IFDGI6H5YALLP0M,False
4606018055,4375828948,2025-04-18 09:50:32.578738,601,voice_in,4YZRB,"-0.3120389516193143,-134.01746269901747",IE13QRYIZ5NH7G5,True
5770720168,8610478003,2025-03-28 09:50:32.578768,1173,voice_out,17YYG,"57.07624476930755,-121.2849955476364",ETCX7BZ57LW7DQ8,True
9915578231,9005561975,2025-04-10 09:50:32.578797,1044,sms_out,MNSO4,"-70.84029624141847,116.03116518472416",8U2T3626DKPADYO,True
6869951081,8476463468,2025-03-30 09:50:32.578828,598,sms_in,ZDNUJ,"-59.026210247271415,-74.61810678313373",7FDW90YNAAN9M5Q,True
5083062118,6990939468,2025-04-02 09:50:32.578857,838,sms_in,XXV4N,"-21.27449402817807,164.96956938104142",0924BRDGY2YD77U,False
7046637827,2258193768,2025-03-29 09:50:32.578887,264,sms_out,4198P,"19.032940635719598,-82.8583334463013",34QWVXFTECVQ7WT,False
1619142998,3276875471,2025-04-03 09:50:32.578919,750,sms_in,PXOT9,"-73.60646074645159,109.22829779565319",XOP80H7IOYKHRH1,True
9737556651,6517895901,2025-04-04 09:50:32.578949,1084,sms_in,254V5,"-28.148861829377395,-58.898167096088045",H4NHB40N10IA5TV,False
5303903066,8803278436,2025-04-04 09:50:32.578977,883,sms_in,44S2I,"-59.54250559530243,135.5358197868798",F3EHZ0CUT2RO545,False
2983479843,3455925853,2025-04-07 09:50:32.579007,479,sms_out,C7KF7,"84.86577843492694,12.455700206832347",CL1VXLCFVQAXNKT,False
6847944580,4638495032,2025-03-30 09:50:32.579036,844,voice_in,3ZRW4,"23.27898440796659,33.43864471168399",IRQVS7AWJ9SWS0Z,False
0899547942,2366791748,2025-04-06 09:50:32.579065,800,voice_in,AX3F7,"-37.92883363514315,-170.5586372667087",STQ7DHFHP41JVLK,False
1995010250,4054199043,2025-04-23 09:50:32.579100,676,voice_out,VMAQ0,"61.08896902123496,-56.977052262426795",X45IIG8BK8GJR2P,False
6810614643,2191279639,2025-03-28 09:50:32.579136,54,sms_in,UWRW8,"-53.84119232043472,26.853772404318477",A2CG9UGJ5L42HOZ,False
6635948360,5904974319,2025-04-13 09:50:32.579165,402,sms_in,FBVR0,"54.72694180756949,-22.67269166631604",XBRGIO6RQ4ONDSB,False
4150371831,1975483474,2025-04-05 09:50:32.579194,926,voice_out,LANYB,"-81.60476934118336,-130.44300403975626",J2NFF70IGKU4GE1,True
8060740436,6480631407,2025-03-25 09:50:32.579224,50,voice_in,WTA9V,"-4.207881757516887,1.071824040702893",USHUHURDAJP551F,True
8571365538,4257569415,2025-04-18 09:50:32.579252,216,voice_out,3P6TH,"-0.5323123846394253,36.929250089928956",MWP6TOBYCHXTB07,False
6263198708,1365721163,2025-03-31 09:50:32.579283,40,sms_in,X8QCL,"-78.69249938338281,-10.4175237656209",ZZ580RR7DSUGSAP,False
7595994722,2836107492,2025-04-07 09:50:32.579313,409,voice_out,KSMVI,"74.44532695639242,-7.720348392442986",3YV4MJHB2W4OCHZ,False
8434943733,4544662984,2025-04-18 09:50:32.579342,1100,sms_in,90FLO,"-23.49989868109553,-42.39133511377304",6AV07AW7EHKY64O,True
2625871251,2048832598,2025-04-06 09:50:32.579371,35,sms_in,FUP6H,"-12.931715534766894,-85.0602159244018",5MCV66EUQEDM0WZ,False
7443093679,9171086825,2025-04-16 09:50:32.579406,493,sms_out,I1B6K,"71.99282936381763,97.23419151447672",G0N7OTEP73OLS6V,False
3402100991,5754259876,2025-03-26 09:50:32.579437,1037,voice_out,XG7ZA,"88.19608577138925,-35.396620605294316",64ZXEOFKGKL9U33,False
1017933855,8876342376,2025-04-10 09:50:32.579466,109,voice_out,EWQR0,"22.054514723095977,111.13292475962345",4N5KOULFYG6DRDQ,True
1639399249,5299263163,2025-04-01 09:50:32.579501,1007,sms_out,K6LLI,"-23.144670556392,-156.39016873224782",A6O4MR5DBSYYYGK,False
7403354616,6033512020,2025-04-04 09:50:32.579531,312,sms_out,BAT00,"2.291335938043403,41.5304971938055",8Z4COG71W641EZR,True
6196619187,3371738009,2025-04-15 09:50:32.579560,183,sms_out,07IDV,"-78.47254200797907,-5.392014536187759",C52IJD63XS50J6X,True
7658210614,7781675630,2025-04-22 09:50:32.579589,447,voice_out,JHYKT,"-88.97370271531115,18.282539174373937",EUEQ4D4761AHBCI,False
9092241506,7937311964,2025-03-25 09:50:32.579620,588,sms_in,DFPNW,"50.64369137658102,112.83297534608454",GN9F4X5QTDP7SZF,False
7069830151,2152462268,2025-03-29 09:50:32.579655,343,voice_out,EGZ80,"15.522584408789285,-85.96465784795444",SNQJ39FIWARS7UH,True
6766716157,3745755015,2025-03-29 09:50:32.579689,587,sms_in,WC130,"52.814423006507184,-107.74799814614725",0IAGGEUC1DSE1WS,False
3669426671,2295035897,2025-04-16 09:50:32.579718,282,voice_out,0RUEJ,"51.812797057883046,-70.41395977140022",96H1JPKEU9KCSA9,True
3815192700,8762943097,2025-04-01 09:50:32.579746,364,sms_out,X3Q8K,"-79.99117694877619,45.83797294150406",LK3COVWBPR0TIF9,True
1339545881,6828376128,2025-04-22 09:50:32.579775,1021,sms_in,HZ0YW,"26.652880807721402,-127.48535087977332",1IL6VTYD3BPSA3A,False
9180504535,3739499376,2025-04-14 09:50:32.579804,263,voice_in,SWOT2,"8.55229773098364,151.19227031104543",4UB3EOR1JUIET9A,True
5247929726,0291012565,2025-03-26 09:50:32.579832,80,sms_in,5C50H,"76.24951537992098,-83.30546987805141",G594D4TWICCQ01T,False
5155461886,9124658481,2025-04-09 09:50:32.579864,622,sms_out,F7IF2,"-4.90188056225243,-23.027601044205824",H54KC7QYA3WP39D,False
6814132141,8156760413,2025-04-17 09:50:32.579910,1128,sms_in,9J3W7,"42.426180016672106,108.08439142614253",74RIS3H4NEEY3ZX,True
0844981059,9600843627,2025-04-10 09:50:32.579940,1159,sms_out,HUNFT,"17.77278012645415,-178.68898532887778",4F938WM0IEEQAEA,False
6564609434,4249287760,2025-04-19 09:50:32.579969,720,voice_in,VLFPT,"-85.45628234206238,61.997187670775645",RZ2GDF7OEPT03E7,False
1138477545,7179476441,2025-04-16 09:50:32.579998,1013,sms_out,NZUUN,"34.253522277720165,-100.89387709475285",V0LMCWLMLHK4EBE,True
8483498780,4668236029,2025-04-14 09:50:32.580028,1003,sms_in,IPR48,"-35.74858585785721,35.7339083084795",UK7U6Z7PTVOCJQE,True
9304920447,4110386277,2025-04-14 09:50:32.580058,118,voice_out,4R8IW,"-1.4390521088938897,-160.5834818897193",VXDZG8HM40KUAYF,True
9312461220,5275892211,2025-04-08 09:50:32.580091,647,voice_out,MXELS,"-68.35221514510403,-63.19606103849527",MSS5X3G3T69MBC0,True
8651842646,2412057033,2025-04-06 09:50:32.580121,430,sms_in,2NPS6,"62.541970942730956,175.97640639840097",DWAIBIBJWVCMXQW,False
5398074137,4374221992,2025-03-31 09:50:32.580150,1160,voice_in,CA6A5,"-28.373677630493823,-15.53685804449276",OUZ503T39BUH4PX,False
4502377599,3964107764,2025-04-09 09:50:32.580195,984,voice_out,TWLIO,"48.648667404993375,-114.5370235752621",DKI6N5SPVANAXCJ,False
6533047235,0533874449,2025-03-30 09:50:32.580226,648,voice_in,J17UA,"-71.50910917825232,10.821737503641941",93PWIBU96O1FZQE,True
5448677655,5236053865,2025-04-06 09:50:32.580263,731,voice_in,KIKWD,"45.26941489007157,145.2741506296835",ZBFUW4WR2YN25FJ,True
0540974142,6433591809,2025-04-14 09:50:32.580297,185,sms_out,PCJH9,"-17.351765906371412,152.18393687762847",36O93Z280VOPGJ1,False
1231912382,9703484888,2025-03-31 09:50:32.580334,1174,sms_out,M2TTF,"26.075197405987737,81.91613362443468",FWLFI7LEMY9B389,False
4339356455,4131414717,2025-03-29 09:50:32.580362,326,sms_in,ADHYQ,"7.095776765685869,-142.52415415971097",1IYR40XNJMWHFAV,False
7613811795,9793796974,2025-04-11 09:50:32.580391,633,voice_in,C8BXA,"-55.62108838544756,-173.09517865760932",NDQD9JZHWYKKSX9,False
5978726172,5759493080,2025-04-20 09:50:32.580418,378,voice_in,3OSMD,"43.54451378668648,104.06471464382781",8E9BTBOIGVLPFQ4,False
1161412659,7596411507,2025-04-04 09:50:32.580447,48,voice_out,HYMA5,"-76.912943212838,-16.95794151187428",P65OF4J46TXUSU3,True
3703654367,5776903200,2025-04-10 09:50:32.580476,1133,voice_out,1XWDN,"85.95866826773428,-127.70993850409631",C524GN25GS6UNHD,False
6770965500,6991109407,2025-04-09 09:50:32.580508,206,sms_in,PCHU9,"-70.84053697676343,174.3336178552101",8XLGX1PPZVM1XYP,False
1298533202,8218305455,2025-04-19 09:50:32.580539,606,sms_in,KVPGB,"24.113833107819246,125.23722776186747",X30053UVU9ETLCO,False
8325649795,6446130677,2025-04-22 09:50:32.580569,438,sms_out,7EAB8,"-66.7088216506969,-54.3289111320596",LLULGZSK36I2UJ7,False
2786963787,4461675871,2025-04-23 09:50:32.580598,339,sms_out,TTN5O,"85.41758309395507,-137.68723553199752",JAJF663447XMZS5,True
5310100462,1463236611,2025-03-25 09:50:32.580628,320,sms_in,XYCDK,"-75.04125189696231,80.27695041078891",19TZ3U5PHTRZYVP,False
5991777150,6967313139,2025-03-30 09:50:32.580657,1122,sms_in,854UU,"-35.243433431669544,-39.81695482379237",QDCG3WHMTQPMC6I,True
2004903805,7706487122,2025-04-17 09:50:32.580686,1144,voice_out,KAJRZ,"-72.83706962037955,142.83449588288488",861R5L90O9BW4NG,False
3795754835,6051791828,2025-04-04 09:50:32.580723,890,sms_out,1UWX8,"30.402714587064906,59.51166196767207",MDOF758ASB012AJ,True
3608929165,8271570286,2025-04-11 09:50:32.580757,559,sms_out,F7P0X,"9.556167583158725,40.89345609870455",WNTVB3M1B45OA0B,False
6797849953,0546466817,2025-03-30 09:50:32.580788,924,sms_out,FZU2L,"-18.5228628898585,178.26517739408047",D4MQ4E9ZS30D7RH,True
6461245943,9022483662,2025-03-28 09:50:32.580822,60,sms_in,JA67H,"-61.67811486417572,-143.05756282394051",PI27IXK78F3IH29,False
7183670998,6475589467,2025-04-23 09:50:32.580858,836,sms_in,V9PNN,"78.92799922112056,130.40603716630818",R00ASW2FY8UZWPQ,False
9128420678,5476601399,2025-03-30 09:50:32.580888,123,sms_in,518EU,"-80.6380922440529,82.84125920317223",QTJCGYM84GU237J,True
6182041074,7519440280,2025-03-30 09:50:32.580919,961,voice_out,4VWBD,"39.511598279376784,-73.27284409600601",JT0VU57763OJ7ZD,True
9588429909,5262716947,2025-03-26 09:50:32.580951,685,voice_out,NJ44O,"-14.382588196547147,124.20288173391549",J0HU662ENLXOOZS,True
3662089560,1531844415,2025-04-03 09:50:32.580982,1010,sms_in,1YQ40,"26.19558585269442,108.72884346563416",OWBLQDYF97JFU2N,False
6566863616,0001207169,2025-04-05 09:50:32.581013,509,sms_out,0EGGJ,"-29.96242089798131,-176.570251755545",B14AYAXYDXHK5G2,True
5386238193,6311580911,2025-04-17 09:50:32.581042,858,sms_out,4VVMT,"-15.579726172016024,2.573682406702659",VTHXBANP3SRVJBM,False
8560677568,4003596431,2025-04-06 09:50:32.581073,885,sms_out,TC0PJ,"-89.97074410611623,29.405743744754943",85Q6TLVZIZ05PP6,True
9279337937,8369795843,2025-04-15 09:50:32.581101,907,sms_out,7XA2U,"-3.7750745180355523,-100.07107940801663",0IKE24YONKNT9FV,True
9223363553,2880408181,2025-04-18 09:50:32.581137,186,voice_out,TL9ZX,"-87.56895913074544,140.8932226192111",W4ABFUPPK4S72YJ,False
5233759615,0215951498,2025-04-08 09:50:32.581167,114,voice_out,FUQM3,"17.75250813991218,-10.34856331569398",MCZ01K294O8CGHK,False
7358092959,4807183611,2025-04-20 09:50:32.581196,555,voice_out,WESQ9,"42.89553818069777,60.32714736087746",HYWULU2U119429V,False
3311532595,2774983445,2025-03-27 09:50:32.581225,202,voice_out,MCT4N,"-36.84013412957139,29.32200939777198",708FQNNBXB7TB9N,False
2838903160,6980299605,2025-04-01 09:50:32.581254,88,voice_out,5SOZ5,"68.30085979306884,-117.498060392627",3SXVTX9JPT75IX2,False
5515092041,2526122144,2025-03-27 09:50:32.581286,916,sms_out,R4ZZ5,"-2.7831655407313747,-4.07980452520124",6X2VXEUCE3GDUGC,True
0497347376,8082654152,2025-04-16 09:50:32.581315,902,voice_out,U4LAG,"12.503660330561061,-55.891071276686645",VVKKXAAWMJ3K55U,False
3021423284,3165878944,2025-04-04 09:50:32.581346,1059,voice_in,B65B1,"-37.46107032510397,-86.92879825110343",NEF7C7Q4UQOFXXF,False
8819441283,2348510844,2025-04-12 09:50:32.581382,206,sms_in,U9L4K,"17.866468375254414,97.44553886560436",GIT580BOALXCR32,True
6373195105,6685945108,2025-04-05 09:50:32.581411,599,sms_in,IM0HP,"53.101201879182355,-75.8752384993657",0FIM2EUH7Q35JDE,True
5516238653,5976521923,2025-04-23 09:50:32.581440,856,sms_in,YN7HU,"3.7049189088071444,-96.68488184642423",GE57RJWQMYM1IQA,True
1558679517,6223253054,2025-04-04 09:50:32.581469,723,sms_out,4YN03,"5.65773816487777,67.87608220540977",O82W7OXZIC94H4A,True
9978819681,8519671192,2025-04-11 09:50:32.581505,947,voice_in,VGMUT,"-62.08224450582516,-166.4009530683447",DS948SJQ1EY01GZ,True
1642440962,8277443827,2025-04-02 09:50:32.581535,917,sms_in,59S6C,"19.229242302018022,-32.82052755386454",EMIQYLQKMGBZRS5,True
7152376938,5803770009,2025-03-26 09:50:32.581564,402,voice_out,IC3EZ,"-56.939837245004725,-12.141120865738372",RQPHHDOEL0H2VLF,False
9271595131,5163688682,2025-04-10 09:50:32.581595,254,voice_out,YW7BP,"-30.603324197340463,64.47425327576133",0C8JIFJF0AGNCTC,False
3075016497,3726936519,2025-04-17 09:50:32.581623,1014,sms_out,XVJZ1,"-16.742404700346256,-96.98001577065891",RP7ABK3RX7VT5VL,True
2199511358,0690934706,2025-04-04 09:50:32.581653,450,voice_in,4KWK1,"82.81002497889952,-123.44076182943994",F88FC844TSXNULM,True
4759836661,6472839964,2025-04-05 09:50:32.581683,295,voice_out,M6D7S,"-50.9513284699157,140.69343258988044",MJ8WGLTW093IIVT,False
3592696955,0198168074,2025-04-19 09:50:32.581713,652,voice_out,5BRLB,"-15.609363901009786,-9.964605029603518",32N78GC70ASNGQQ,True
9611570470,8674482101,2025-04-21 09:50:32.581743,829,voice_in,CAY1R,"17.526256493361018,-27.771038798934057",NP0AXAYQIVU5JLD,True
0482245503,9714834251,2025-04-14 09:50:32.581773,645,sms_out,XKPP1,"-81.79441278856774,101.64139765698701",EC9EX563FLJUTIZ,True
5724884797,4004175277,2025-04-20 09:50:32.581803,790,sms_out,AKCH1,"-2.186983739143301,105.20244317375995",YSVV2W8KYRF23LI,False
1055126350,5848402784,2025-04-12 09:50:32.581832,785,voice_in,IG0DS,"-49.95229636774613,133.070583439357",2G3TLTI193UGF9H,True
0163382924,1496076658,2025-03-25 09:50:32.581860,660,voice_in,X80EX,"37.14968620044961,-159.65888817967033",M1XAX563BPEU65W,True
8927960646,5034387282,2025-04-13 09:50:32.581896,249,voice_in,YMUF6,"-46.58337844558021,105.05606386134474",7QVHG2OLDSBJMIF,True
0322853634,3541285609,2025-04-06 09:50:32.581930,112,sms_in,OJ9NP,"-47.52146342887864,108.76229298554654",PLI1UG479R9PJE9,True
6676319898,6793386526,2025-04-21 09:50:32.581959,509,sms_in,WCHXM,"62.8035462162303,13.404011352654862",O06C0SHEUAQKW9L,True
3234002639,3978012368,2025-03-27 09:50:32.581988,1116,voice_in,SGLT5,"-88.87118048166245,179.2074071571996",B0W6DZ4HCLUBH28,True
4395164601,9489242147,2025-03-27 09:50:32.582021,378,sms_in,5AG3N,"74.19410761866212,-167.51771919212658",O1E8LCFPTXJXH4C,False
5865092918,4281765205,2025-03-29 09:50:32.582050,428,voice_out,9OT4C,"-56.55786666366271,-2.827094078628818",7LZNTAVMNMC8Z1X,False
4212332167,7547502544,2025-04-22 09:50:32.582087,399,sms_in,SG3DV,"-2.7981462070086707,7.714928469233939",5NHAVO3X890E4IH,False
6418782153,3397131907,2025-04-01 09:50:32.582117,251,voice_out,91DKY,"21.890664163031417,145.34550197485174",VDHQLHHGGO69W9I,False
0767317606,6381595627,2025-04-12 09:50:32.582146,1106,sms_in,4KF7Z,"-23.015443151188975,28.180604133470524",QVC5D7DUJ0F19OX,True
0725369632,9384238349,2025-03-29 09:50:32.582175,711,sms_in,P0YCV,"-11.294544436732266,-26.11896084653233",K5EDM1XJEHSG9B4,True
2641578108,7533468179,2025-04-05 09:50:32.582204,312,voice_out,SC2VO,"-37.58117478684086,23.364215651957238",BXWF56BUXQASDOX,True
3477567682,7388217277,2025-03-25 09:50:32.582235,714,voice_in,M7VM6,"-30.735418112752235,-0.19351713451990804",6C6DIYA8ALATS7M,False
7987006321,5742846592,2025-04-01 09:50:32.582265,876,voice_out,FS6RL,"87.16846029859602,140.0903299236732",S6VXXGTMPBRAX5R,True
4851210145,2386033876,2025-04-22 09:50:32.582300,465,sms_in,B0NA7,"27.37314828451406,-0.9304066136269853",GZJV33ZGNAQJ6DW,False
5402766808,3165631070,2025-04-21 09:50:32.582330,161,sms_in,A135L,"-25.046645487504804,-157.31640141225535",YI1GNAH78JQRQLV,False
0205346885,3020037818,2025-03-29 09:50:32.582361,918,voice_in,8Y5U9,"36.896401009441206,132.16641069282952",Y597KKKFEPX3H4L,True
5113392366,2957123643,2025-03-27 09:50:32.582411,42,sms_in,4GZU5,"70.34214671723188,45.72536172631402",GSIWXJKZ9XIZSY0,False
1460364399,5938141912,2025-03-28 09:50:32.582440,635,sms_out,6VX6M,"73.97286232394495,69.47550502749672",1R40RQ9SQGK6KWQ,False
3875494044,0653332266,2025-04-11 09:50:32.582474,399,sms_in,DIHD1,"58.56100263655466,89.82098639169396",QD1Z0XDLEW4JOD4,True
3656623437,0287705708,2025-03-29 09:50:32.582505,330,voice_in,A11A1,"40.13020850392792,6.057267114460018",PF2YZOGI21M6L7V,False
1256507675,9574686230,2025-04-06 09:50:32.582541,935,voice_out,Q3ML6,"-22.497618837006357,-162.53361044324024",1HEZZMZBC2UND2W,False
9582128656,6789962443,2025-03-29 09:50:32.582572,257,voice_out,VM719,"71.69137930487875,-136.12180351243254",1SX3DZYCS5YIGDP,True
7374378982,8156516200,2025-04-09 09:50:32.582603,533,sms_out,SWV7Y,"43.6295880846985,80.49906248239131",YB8J7OPV52ENEIN,True
8640321928,4364053240,2025-04-21 09:50:32.582632,186,voice_out,IH8C9,"15.068019904613763,-49.01673549296521",U6BEGG39GWFEHS0,False
1256213312,0437021200,2025-03-28 09:50:32.582662,1084,sms_out,TGDIS,"60.160538792293806,-69.33188813610383",JK3FK339HJXTXOW,False
7395473721,9054111110,2025-04-03 09:50:32.582693,811,sms_out,1IQHK,"88.1661136228777,61.99151228356996",RALCLT7IJ7OAE37,True
8364792658,3541380227,2025-03-29 09:50:32.582728,260,sms_in,N1ZLV,"4.074241737230864,151.4930809003007",RTWDXQYJBOXEHSD,False
4927611222,8534142160,2025-04-07 09:50:32.582758,569,voice_out,1YFJG,"-10.117788778769338,73.37748319323083",Y8N90IWRM2LESTL,True
6355262776,8328563744,2025-04-23 09:50:32.582787,308,voice_in,MB9ZG,"-72.98572117543951,-131.6264645374969",Z5M3SDR983EANXQ,False
6247755234,3270081930,2025-04-12 09:50:32.582817,233,voice_out,AFW9P,"-18.70136766367466,-10.20400905680512",K9DE4JHILJ3G4R0,False
7310752070,7859817390,2025-04-10 09:50:32.582845,164,sms_out,KMOKP,"-56.313621236185305,-46.35887823055208",OVD1ZGUQARBV7E1,True
6101103999,1997797150,2025-04-19 09:50:32.582877,214,voice_in,T37D5,"76.3978023683037,-12.299785139162054",AG0S09GX2C6ZJBU,False
3210380373,2290946232,2025-04-03 09:50:32.582908,479,voice_out,FL3MV,"85.24995253724549,12.789602167264434",JIBLHBOSA7GDQHJ,True
2810100329,1497392772,2025-04-18 09:50:32.582937,1185,sms_in,6HBMI,"-12.663057129298778,-54.78757850535703",6R8C4YWTYL94FAR,True
6345302592,9359101956,2025-04-23 09:50:32.582966,320,sms_out,6PKCH,"4.649207820293896,-101.2340048986931",KZ4WM2IK15VG570,True
8586559124,9267958117,2025-03-27 09:50:32.582995,687,sms_in,8TD86,"-75.32840877829932,9.924143829836936",FDMK6OXLMSLV3AW,True
8245059237,3837232568,2025-04-06 09:50:32.583025,932,sms_out,E20I1,"50.06062183607801,-174.3158438220549",RH8IKMI119YOVIY,True
7662873708,9141041556,2025-04-11 09:50:32.583054,679,voice_out,4RHYU,"29.13549555282951,134.29828209444668",F8N3P0WKCLLNLDS,False
9972388742,1231587826,2025-04-22 09:50:32.583090,1085,voice_out,WRK62,"-62.60806725474816,-70.9064967650635",08VBY07EQC3KGMZ,True
2078772261,6236813142,2025-03-31 09:50:32.583123,1115,voice_in,F10J5,"-45.76567300878681,-135.60135221952416",WFL78ZTVBUPTPU6,True
4411976977,1040281265,2025-03-25 09:50:32.583152,973,voice_out,UAUVG,"-68.14032552661206,5.7276379594254365",DFEC0YJEQ9TJDUB,False
3741522453,6383414101,2025-04-22 09:50:32.583182,861,voice_in,DPMDB,"-58.759324198360346,59.18948963732788",SGGRG31T66X3D6Y,False
0069882860,8830068150,2025-04-11 09:50:32.583211,966,voice_in,ABM0E,"-2.484942643114678,93.9860869077117",XRGXDMBDRGH893L,True
0617861497,4521488265,2025-03-30 09:50:32.583239,940,voice_in,MD056,"-81.02471110407647,-110.97023729899786",SZW1G4ETWYATH5D,True
5742788852,6819253885,2025-04-12 09:50:32.583270,212,sms_out,AYAWK,"-63.05797755299518,32.23320758411231",9JU33X8R91N3ZAV,False
1104238931,8594947430,2025-04-03 09:50:32.583301,428,sms_in,SIFIV,"-44.96416063128342,-68.04120130235249",23FF81MM3KLE9PJ,False
2386355473,1812980262,2025-04-12 09:50:32.583330,1018,voice_in,E6LA5,"20.11448658118468,-66.78069076066467",RXYDM20BIJC43IL,False
6481676737,3102635204,2025-04-16 09:50:32.583359,491,voice_out,K7TTW,"24.380258175365256,36.59641622186459",VGX539RN1DVOMYB,True
5742041651,0586590562,2025-04-09 09:50:32.583393,439,sms_in,ZJ3MT,"-68.72651377439938,-40.78144390516951",DZDO4BI57YJJ2IT,True
7275357264,6962016185,2025-04-10 09:50:32.583423,849,voice_in,A0AT4,"27.767608349593758,48.000736443653295",XT2MQPKQ8VHUYWD,False
8617891277,7816032120,2025-04-18 09:50:32.583453,511,sms_out,1UYOK,"-35.61861486852264,54.31455870815873",264I8TA3P603FJR,False
8501458881,4570475509,2025-04-04 09:50:32.583489,1115,voice_out,8LAEC,"74.40676865006972,-88.27739635632582",U8N4GXJVX6QNHTB,True
7147873155,7568073050,2025-04-20 09:50:32.583525,565,sms_in,OI2YF,"-15.804564745764338,-178.46645539629898",IZI7RAN4M2W449W,True
0276177446,1496056141,2025-04-16 09:50:32.583554,1084,sms_out,2CE6R,"73.55744534007854,-148.91427876337832",QY75G31T0B1RX1A,False
3588638756,4195712923,2025-04-01 09:50:32.583583,315,voice_in,3TBPT,"20.311081422862657,-110.98581379502899",44F4WV476E4UO5Y,True
0200955936,0899920924,2025-04-23 09:50:32.583612,478,sms_out,N6P1Q,"32.236397875239774,158.06030709336574",59I2GN2H9KA44OF,True
4854918074,2333384906,2025-04-22 09:50:32.583651,670,voice_in,101QG,"69.40573726400945,-83.00558168572933",ZIF5ZMVUVY2ETOX,True
7412855651,4511341868,2025-04-12 09:50:32.583683,1186,voice_in,LFDUZ,"-15.807999179098275,-66.77985778660762",301XPDJJRHO66TF,True
4423932581,2350584166,2025-04-01 09:50:32.583713,96,sms_in,C442S,"73.52293205367721,163.31036638782393",M5SWOY4YD2ZNA85,False
6845871343,8824638912,2025-04-21 09:50:32.583743,605,sms_in,QOGMK,"66.69300920479373,-80.76683507732503",FJGCPE1694X41W0,True
8427031828,1784193043,2025-04-11 09:50:32.583772,740,voice_out,C873J,"19.500981474600323,-88.26291490685708",HN746WWUDCJTE1P,True
3692638099,0931918391,2025-04-19 09:50:32.583801,777,voice_in,VVIWJ,"-38.56116747402377,-48.1102862187042",FCTES530HKTGGM8,False
5575483235,4938943913,2025-04-21 09:50:32.583831,463,voice_in,ZKEM0,"81.95429565263973,50.9258416308798",6DC85I1TIATOI74,False
0313788633,5778900270,2025-03-31 09:50:32.583860,272,voice_in,F5YJQ,"-77.00457501386273,-92.22585036543242",BVECN23ISJEPOBQ,True
4937890270,3028533241,2025-04-10 09:50:32.583896,111,sms_in,BAJ5L,"5.669989399276602,-38.99339364421613",3PB5PMFG7BDMYEY,False
2943547872,8853542033,2025-04-02 09:50:32.583926,856,sms_in,0W3HT,"-51.75828041313174,64.72307846467447",1IIBR5AYFGWTLBB,False
2021021436,7236679427,2025-04-06 09:50:32.583957,596,sms_out,V5QPT,"76.16411321624275,26.061664376022065",SY15XC20G4UWZVI,True
3119397414,8906729005,2025-04-23 09:50:32.583986,991,sms_out,OGRS2,"-62.261488873142696,111.46433277391077",PHMGRSFJ1MQOXWA,True
5870251275,4584975470,2025-04-05 09:50:32.584015,78,sms_out,7O4XS,"-81.55356148405443,-145.41317889318535",Z65IQTOZK9E5GQM,False
3658280556,8139920698,2025-03-31 09:50:32.584043,189,sms_out,OFVQ6,"13.321475805224594,47.48910687265865",JIUF9G8I6BDXKAN,True
4248415166,1412804655,2025-04-14 09:50:32.584085,594,sms_in,MK6B0,"-53.667264598465145,-68.57829361256505",9FOSWU1AUUPGA90,False
4247176779,5863402579,2025-04-14 09:50:32.584114,658,voice_out,TMX90,"-49.136953495843215,126.80105705383227",PJ5XUPWS5J5C9JK,False
9442291896,7843409289,2025-04-04 09:50:32.584143,82,voice_out,WPS0I,"-32.64181676859872,-158.25367531956257",D0XS6P57I8JU003,True
4563910617,3718643336,2025-04-16 09:50:32.584189,222,voice_in,2A9TU,"23.236414598628556,11.346614542207021",QDPZHC4EI8W66UI,False
3245961555,5036159261,2025-04-22 09:50:32.584221,1068,voice_in,AV1WG,"51.498041918793234,83.43113579881458",JR8KIK4X2YHGF9B,True
6760336624,7856059801,2025-04-07 09:50:32.584256,200,sms_in,FVFTV,"3.767236708380949,-20.833745179582024",ZW1KTNHJBDFVD2E,False
8314653060,4629252604,2025-04-16 09:50:32.584286,355,sms_out,3LILJ,"63.41394063188946,62.01352578185663",PUWISWIO3BWU3M7,True
1326754485,1235033058,2025-04-14 09:50:32.584320,368,sms_in,DNYIO,"-62.149142163891916,-154.8038214118013",XZ05I4M5ZEH96BT,False
7563768228,0023771181,2025-03-30 09:50:32.584349,192,voice_in,QAGH6,"73.9377457431697,53.97948907242869",LE8B4I7A3EGOTHB,True
7657247907,5919042572,2025-04-13 09:50:32.584374,438,voice_out,55R7J,"41.247429588834194,136.22609579512334",WBNPQU9FI09H8H1,False
4699542457,3454286601,2025-04-01 09:50:32.584399,660,sms_out,LRRWU,"-5.815651385176821,-125.50196997400788",2RXEGTFVDM0SLJ6,True
5013367735,7617639382,2025-04-02 09:50:32.584424,983,voice_in,7ZN2M,"23.240443348893592,146.58797545785046",6QU28DH8D3WU7D2,True
1834350472,0243177718,2025-04-11 09:50:32.584448,616,voice_out,QGBIJ,"88.85443243797755,-90.35586431227699",WENW789EW4IPPEM,False
8151338084,9360707620,2025-04-10 09:50:32.584476,956,sms_out,YN8LC,"-36.31001862114219,81.49755571108909",C68B0UJNFZLUEPJ,True
3556078613,6074467455,2025-03-27 09:50:32.584501,136,sms_in,QAXLQ,"-41.36324824312849,40.741141733473285",VCCUCTHIOGK108J,True
1009693741,8211264950,2025-04-01 09:50:32.584526,322,voice_in,JXSHH,"-88.09597508303503,-149.60294618426275",ZVDTJSP0GFQNM63,True
0811643503,4044703572,2025-04-01 09:50:32.584551,392,sms_in,P8EMV,"15.129225844292762,-7.476662753841822",AJJ15HQB1A5L779,True
0461312848,5489158794,2025-04-06 09:50:32.584576,1166,sms_out,MILOE,"-32.20774990300072,-88.0753676361935",C07ZSI6VF748DET,True
0944076776,6187610835,2025-04-17 09:50:32.584601,895,voice_out,8S7XE,"-84.10174858476684,106.9549494878587",GI7TXFO8PV35AXE,True
4426423044,6184420896,2025-04-18 09:50:32.584626,1040,sms_in,I1UU1,"68.95048679260074,-38.089864776849566",9MK58JCAC793TCJ,False
1158335966,7270571780,2025-04-14 09:50:32.584657,1012,sms_out,L6J59,"-6.695606996658896,68.8763701941759",CSGRD05VSW88PW2,True
8412134467,5077742322,2025-04-07 09:50:32.584687,474,voice_out,FIFL6,"-46.17458705207595,-129.37156804120042",T9PD9ESEQREBS6L,True
7507183764,9187370818,2025-04-18 09:50:32.584767,1106,sms_in,Q7TYP,"-46.88097127794818,-56.13941207436183",3GDAYIUOJS22Z2X,False
4457228326,7890693940,2025-04-18 09:50:32.584803,1066,sms_in,9XVAE,"82.69738916255312,137.76830712281526",JU0LMQ1BJ4W9C99,True
7371139778,5137900176,2025-03-26 09:50:32.584827,1167,voice_in,WPMQ9,"18.549139558365226,55.36476066222252",GEZ6RM6T35DCQMC,False
8750047144,3034833361,2025-04-10 09:50:32.584853,630,sms_out,QMENB,"8.0974630232068,-105.77945124820738",FTG0P6G0TDCQHWM,True
4020519175,3180709189,2025-04-02 09:50:32.584879,877,sms_in,LUM65,"67.34298450060732,37.42701573200998",7WC2NB3TWV1G7ZY,False
0746819458,9616505957,2025-04-01 09:50:32.584904,318,sms_out,5XXMM,"0.1708977122053028,-135.8538677889651",ZIA8WA62UFERLT9,True
8441531454,8748626922,2025-03-26 09:50:32.584929,1144,sms_in,CKZ79,"18.200794035684638,92.81707601619587",B6E2AB4W274SHBV,True
8484283269,7355307402,2025-04-02 09:50:32.584954,459,voice_in,3TX1A,"-18.138422605125072,60.49579566726885",MY9PQZK46J0TMJT,False
4282535275,8740398310,2025-04-01 09:50:32.584980,605,sms_out,GS4JI,"43.236758736065156,87.91242456588515",U0I6WE62GJIQD68,True
7721335278,4261551949,2025-04-11 09:50:32.585005,790,sms_in,GP82H,"-3.065246914383934,57.40408969219425",PBV7YXSWI0OJUE8,True
6766462869,6749275141,2025-03-25 09:50:32.585029,327,sms_in,KEHQV,"79.8527669516192,-141.8003539571142",540SICISZBAXUPO,True
4494286777,8380522808,2025-04-19 09:50:32.585054,1009,voice_out,5MI2P,"41.63756490029428,-64.03854322539497",5EPCI9V7WCNPBBD,False
5524705441,0363781452,2025-03-31 09:50:32.585079,313,sms_in,VGMMC,"-49.609648099952224,19.506920566191155",81K3TV3RH2SACJ6,False
7893516317,4915528611,2025-03-27 09:50:32.585104,392,sms_in,5CDIZ,"43.91372242294125,-114.87922010382421",DICL3386BQJOAE6,True
9295371917,7887187376,2025-04-12 09:50:32.585135,475,sms_out,60L9C,"-27.90143375947465,-167.28541312763872",HVVFSNO93M0E2RY,True
4613277268,2472412639,2025-04-04 09:50:32.585161,356,voice_out,34CLB,"22.42937067989935,51.464859587675534",IRT9OGLN4WDFGK3,True
6765485585,1706474463,2025-03-26 09:50:32.585192,747,voice_in,XMI4B,"40.17692848319237,-179.0418134045821",AS6KQY421UQ7MBX,False
4791133929,3982345454,2025-04-08 09:50:32.585222,266,sms_in,5LSNQ,"-3.8283461572437716,33.49554124249883",JCSRSI90I0E1PJG,True
2662805935,0113162060,2025-04-15 09:50:32.585252,776,sms_out,MLQ4A,"-82.8902108895328,-70.3357989276788",3Q183DXX7TE6VPA,True
0592364220,5404055615,2025-03-31 09:50:32.585286,102,voice_out,OXQMY,"-72.16542130170846,21.969221084178088",NPQHCS17M0JXQ3X,True
9527580410,1630685789,2025-04-22 09:50:32.585311,836,voice_out,QBAI7,"-27.706863150750628,58.41400849598679",G8VKQ68Z7MPXU6R,True
4743502326,1625582313,2025-04-15 09:50:32.585337,1048,voice_in,KY17V,"-5.9035611952668035,-31.885326541817705",3DZHESTAPWIC2C6,True
8473108743,8232203422,2025-03-30 09:50:32.585363,384,voice_in,3UK6J,"-33.92519816465999,-119.77059082799003",RSW9EICFOLJAXT9,False
5926496404,1126618225,2025-04-19 09:50:32.585387,575,sms_in,389Q9,"32.677942748270695,-110.68202123017086",OWQ206OXJH0NONO,True
8112361830,0183025231,2025-03-29 09:50:32.585412,1198,voice_out,LZ1WM,"10.90327061238618,-129.48208124924915",USK1PFCPDVZ8UWB,False
6382362480,0727089796,2025-03-28 09:50:32.585437,698,voice_out,99V2U,"72.98628063047852,53.552041572523535",IJ2Y12S5SJNSLH3,False
5086426584,9968626964,2025-03-31 09:50:32.585461,974,voice_out,ELKLE,"7.801440125202177,-13.88955770620575",0SIRFHVVJBBP4RJ,True
6902992789,6754288315,2025-03-30 09:50:32.585487,42,voice_in,GJ4GV,"-89.46401782441968,153.03570671136373",ZN3G18QNDQ0SRLQ,True
5351840806,8047501434,2025-04-15 09:50:32.585511,548,sms_out,PGY2E,"80.45192916750906,141.45962581324528",87BYASYJET1G3DG,True
9294991787,5757558876,2025-04-19 09:50:32.585538,273,sms_in,QA4N7,"-85.24548624433278,-163.27148886579116",LXR08X3DGMN3SE6,True
8169557483,2042240993,2025-03-27 09:50:32.585563,927,voice_out,CV051,"-25.378722515666624,-11.406170863366526",8HRTAW7VSSRPF7K,False
5100094563,4943593916,2025-03-30 09:50:32.585588,1002,sms_in,NPSZW,"56.9937790709547,116.15981291507694",89OZ0CBXDQLU8RA,False
7051458048,6988978053,2025-04-17 09:50:32.585612,1097,sms_in,ZFS3Q,"17.87503204037307,116.49276858606913",7KJZB67UXQ8D6AT,True
6579077834,2902844139,2025-03-30 09:50:32.585637,143,sms_in,VQHYL,"65.6665518433976,-74.6909986197428",ZUGZNOKGMI48LVF,True
7061303112,3305527446,2025-04-16 09:50:32.585667,593,sms_in,BXR3J,"16.788161475424786,-159.08576953543357",JQTRKG1N25X1XJC,False
5658215775,0129855280,2025-04-03 09:50:32.585699,471,voice_in,H7PVS,"56.16805277527135,67.96297907405693",9T0Y1XMZGQ9GHQE,False
5295806671,8939928445,2025-03-29 09:50:32.585730,364,sms_out,FFHLC,"81.91791565414664,108.53353435675797",UT1IQLDZIF6ROUA,True
6705806283,5915517236,2025-04-23 09:50:32.585760,1138,voice_out,6A9O5,"-38.04308782296978,48.419865485073075",0YVV2RRFWMNN4HK,True
6299773397,7110383182,2025-04-09 09:50:32.585785,940,sms_in,MXETB,"10.24092102309477,38.75404010812946",8N1HGZ8JL8Y5O27,True
3258733155,2520279921,2025-04-09 09:50:32.585810,1096,sms_out,WIMHX,"-31.07719892118864,-32.49872691618475",0EXD21SH7WPB7KC,False
5476603929,0468914977,2025-04-19 09:50:32.585835,849,sms_out,N0REL,"-75.47652996218403,-154.92524096500438",4JFKYJE7R6OQMXY,False
6751532977,6378493573,2025-04-08 09:50:32.585860,535,voice_in,Z9Y7T,"-3.141135447947619,141.84443598839596",7IWAM4XHEDT01T6,False
4315240455,9762584720,2025-04-12 09:50:32.585888,1124,sms_out,Z1CKV,"-86.9825390428818,-73.99913274510935",Z383UFIUHQ0BBOS,True
8578457378,8863889344,2025-03-28 09:50:32.585913,670,sms_out,J841T,"14.204759405304785,99.2038315216949",YHXMHJQRORX7XFQ,True
2868580626,1677824140,2025-03-30 09:50:32.585938,814,sms_in,G4WN7,"-7.992267497253124,-160.14249446347665",60HCIQC3SIPDPGO,True
4384472254,9745085993,2025-03-28 09:50:32.585969,234,sms_out,HJ6OC,"-9.138992935256127,116.76973504465354",5AWZSKHJC2WO6XE,True
5826602611,0206471792,2025-04-02 09:50:32.585995,55,voice_out,TZJD9,"47.4457892964125,62.15546847833127",I7L9J477D9WMXZN,True
2403036654,8145227580,2025-04-19 09:50:32.586019,662,voice_in,CFE14,"-36.868103909988015,164.98960595181364",X1HI3WE6BJEZ2B6,True
2749654390,3967375932,2025-04-17 09:50:32.586045,254,sms_out,AXMDD,"72.67582754927079,-111.55737618351496",VN7Z8558YKL52YQ,False
1300467142,6872641822,2025-03-25 09:50:32.586071,832,voice_out,8KZ8B,"-85.30777913441167,83.27216214479341",0ZWOD3WZKC77C7Z,True
9488650348,4786644164,2025-04-05 09:50:32.586096,166,voice_out,B6VN6,"32.53191857007913,6.978914478641002",7SL6KRX17K5K1FR,True
4731265070,9616928612,2025-04-05 09:50:32.586126,920,voice_out,MF443,"-39.76899448267185,-73.29460446747655",CUUHF18JSR4XYCB,False
9918413914,9359849776,2025-04-01 09:50:32.586156,182,sms_out,OWRAA,"-56.477326077104166,146.9973019795301",62I4QUBIZXZ2X4P,True
3308645027,1274360213,2025-03-26 09:50:32.586186,436,voice_out,VV84Q,"-51.97935593329166,99.46062655033239",1NIIAKXWAEF5EDF,True
5209515899,0018095115,2025-04-12 09:50:32.586213,161,voice_out,RH6E1,"80.95181988715265,-120.19993474650356",TEAZDE46VXA8Q02,True
5189856347,4223255269,2025-03-25 09:50:32.586240,792,sms_out,B36HE,"52.76134928166485,51.38382994480145",DKEB107VTF6S106,False
9307032618,8246606335,2025-04-13 09:50:32.586271,1171,voice_out,9OXMJ,"-68.91848296471953,-53.79040400467083",NNZ1CVYRCBGNUSG,False
8149050687,4187054090,2025-04-09 09:50:32.586296,73,voice_in,4C7OS,"-37.492259853970715,146.5701620732143",XNZAHBFXFG1KX0U,False
8749340586,7567696085,2025-03-30 09:50:32.586321,1091,sms_in,5PPEM,"79.80263272610296,138.86025842242896",7E6PPI99YSNCFR3,False
6251950822,3822320702,2025-04-21 09:50:32.586346,538,sms_in,WDM7H,"-86.71914185209671,-116.68777693282516",KFZ0JRL5GCXRVZN,True
9500035206,0240330140,2025-04-02 09:50:32.586371,884,voice_in,YRJCO,"22.68753248582516,116.12897988847948",8YR1IFE0OWG1RS0,False
2358660047,5749002077,2025-04-17 09:50:32.586396,1141,sms_in,E4NWW,"-59.406642849938436,-179.94024742614323",R06AQC9M03D390S,False
0134656233,6062407875,2025-04-21 09:50:32.586421,717,sms_out,MF2RI,"56.25081403351322,-158.17797094484274",KUKUZI90HUO2GO6,True
8643025254,5586561743,2025-03-28 09:50:32.586447,440,sms_in,2ILDG,"-70.92987374769302,154.52615553601487",8S5SKHUHR4E4IYV,False
1864759721,6595846980,2025-03-29 09:50:32.586472,289,voice_out,L8BI7,"73.96717650089144,-157.4688299835226",F2RLOWM2AOIWJUY,False
8013814381,5672648822,2025-04-17 09:50:32.586496,484,sms_out,0O5O1,"-46.910208373468244,-26.10314513385552",T8CB0G0MWBBZ5CI,False
6684936852,5278093660,2025-03-27 09:50:32.586521,995,voice_out,M01PA,"-82.73860063250238,90.31103046087901",8OTDQRXQ2BQS8HV,True
3539575578,3214579815,2025-04-12 09:50:32.586546,953,voice_in,5PFZS,"-61.73519723073575,53.48957100921706",RZC9KH7SZGDRMLP,True
8800009688,7033802033,2025-04-05 09:50:32.586575,1137,voice_out,LTOF8,"22.52851058647302,84.46177668555708",FSU0T2D54WI8PML,True
9915180048,7945380685,2025-04-06 09:50:32.586606,627,sms_out,YABLI,"-88.98774621782943,-59.75563412658566",H9ER4H7P8MBATM7,False
3102822678,6616713771,2025-04-01 09:50:32.586640,99,voice_in,U18H0,"81.47501474183684,75.70023631180365",JIUHWCLUNK55K7F,True
0283675205,1772831409,2025-04-15 09:50:32.586667,456,voice_out,NSLER,"-60.885416833377164,-73.87546434795196",RI8ICSUGLTZRXOI,True
7911914229,5036012393,2025-04-06 09:50:32.586695,1011,voice_out,QDMPY,"-66.16504439255743,-17.220364001034284",YUQRKUXGE3YDXLM,False
9321305501,0816248158,2025-04-18 09:50:32.586720,1047,voice_out,WZ5SM,"-28.747620361007684,-123.2528018390824",SWCELDUSVMS0CSV,True
0105942938,0776132089,2025-04-04 09:50:32.586751,273,sms_in,YPYJS,"39.88892367510019,45.88287064037223",Y0UFFNK9GPPGJCV,False
2134658635,8328795144,2025-04-19 09:50:32.586775,229,sms_out,5BJ90,"-23.015599398016462,123.46183500377538",OXNFZVNCT19J6U4,False
2573106805,5688020937,2025-04-22 09:50:32.586799,522,sms_in,7UX46,"42.31244014961945,118.30785321695697",5UL2BCR03TKRM15,False
6711476256,2813902542,2025-04-15 09:50:32.586824,321,voice_in,3A7TL,"48.73669059591356,20.740634847643264",NT90LMN05XD2DIT,True
9639446580,1478541931,2025-04-18 09:50:32.586849,281,voice_in,LJ6U6,"80.74553704209134,-8.274195991108684",6DVUWTQV60GRP6J,False
3267199776,4394410878,2025-04-22 09:50:32.586873,991,sms_out,QR4TW,"-45.45722587377982,-99.55453459051462",H7W2WXSTJMPN9SK,True
0574093745,6413169022,2025-03-30 09:50:32.586898,866,voice_in,5TOCZ,"-68.62720994405555,-159.61354835107468",FFN5GZB7TYEV9AF,False
7089455349,8323350510,2025-03-25 09:50:32.586923,1034,sms_out,ETFNP,"89.03356959951654,-170.90418091305145",C4XN1LI9GJ5W0GZ,True
1559019853,8494755549,2025-04-21 09:50:32.586947,328,sms_in,B4FI5,"-77.88193036824579,138.23270170046243",2B41MZM9QV6CPX7,True
1748347630,8431096136,2025-04-21 09:50:32.586972,318,voice_in,OK003,"5.810821451709913,164.06943663179618",ROVHWIN5OYENYKK,True
4034490001,8790177970,2025-03-28 09:50:32.586997,953,sms_in,CWJL4,"65.0179777398574,139.7427558945525",TOHTV8QOHNTSA9X,False
1503592429,6966375226,2025-03-26 09:50:32.587024,319,voice_out,XO51M,"-73.67999131546289,144.9886840255898",78297O88WJG7GYV,True
0840784346,3703559985,2025-04-03 09:50:32.587054,201,voice_out,OQ9F1,"-64.59751713331366,-140.27605481825233",46H9TV9GYVK96V1,True
0907378798,7327931495,2025-04-23 09:50:32.587091,187,voice_in,94NNP,"-40.38458107966406,-122.08613773613106",A3DDOS9WF09UYK5,False
9119504795,2448972195,2025-03-31 09:50:32.587118,641,sms_in,EDCM7,"85.50324731496443,-61.55048550918653",EZJB2DDMXHNB0CV,True
3674760965,5979563031,2025-04-15 09:50:32.587147,276,sms_in,G78Q2,"40.81355275339436,-157.57268054498948",129H6RMOXJ0872Z,False
9419256262,3077446594,2025-04-18 09:50:32.587176,977,sms_in,KPSHU,"19.07153881193149,73.1225574438669",XJEJLOA7S7F3QOY,True
0962916426,5184592669,2025-04-14 09:50:32.587206,861,sms_out,BQLAF,"-29.432993786766147,-0.9035471752191313",65UEW2ZJJ0MPFO4,True
7717637398,8590813821,2025-03-27 09:50:32.587242,563,sms_in,MZW6X,"59.61405574844869,-103.375575045581",O0U8G92ACMUM1Z6,False
0766377213,1326709239,2025-04-04 09:50:32.587275,684,sms_in,P86Z5,"19.603080458827904,-128.53095089649716",8M5NH0TZFES6UAN,False
6844853896,8253497700,2025-04-18 09:50:32.587306,683,voice_out,2WK8Y,"-53.5968341291117,-115.15612898468044",I7PTG27A79HXY5V,False
2989702824,6806294392,2025-03-30 09:50:32.587337,1012,sms_in,1DWSI,"81.74217243353343,-1.5071251762468876",WP2O6E5XVK7XVNF,False
8240492486,0106248111,2025-04-08 09:50:32.587368,1078,voice_in,7L6JU,"-55.34842661666578,39.512442778416585",K27HT1FG1EBVKI5,True
2453273502,0202903849,2025-04-17 09:50:32.587401,390,sms_out,56MCX,"78.9531050849275,-160.52446853771684",LTCHWPWM2774BQA,True
2386744549,4262083625,2025-03-28 09:50:32.587432,528,sms_out,UIQOR,"-82.70660909453427,22.935162124790082",O094055XIAMN6WW,True
4617106238,9543912582,2025-03-25 09:50:32.587463,603,sms_in,PDZQF,"-63.40468388632388,-64.88498588806159",CU0HB8THLTR19Z7,True
5764724399,8227892732,2025-04-03 09:50:32.587518,59,sms_in,5LHTQ,"89.833559702515,92.42611490290568",SRRH9098ZO1ME5N,False
8973785958,4962119718,2025-03-30 09:50:32.587551,887,voice_in,UVBJG,"3.5815850849733692,-61.47744576932632",252V7M5LHRQG53D,True
3010745044,3002648975,2025-03-27 09:50:32.587582,246,sms_in,37LXD,"77.5915566143961,47.24249524817105",1MM4DENMXTMYJ54,False
4712775173,7245733384,2025-04-22 09:50:32.587613,762,voice_in,36NI6,"-74.17097523321038,-39.97225379765828",R73C7DZ76ZTGI8R,True
1823721383,6319735941,2025-04-21 09:50:32.587645,166,sms_out,P0PKN,"-31.995590427363936,-145.73614729454155",B2UTE7T768MHY2I,True
9744141445,1994474852,2025-04-05 09:50:32.587675,1005,sms_out,HPK60,"77.02493065700045,-1.3096945092549959",HIQ1NTNG986TV1T,False
8676805525,0231940636,2025-04-23 09:50:32.587708,97,voice_in,WQZAT,"37.46210322844395,174.1554363940482",9MTC08F9VCQBG3J,False
9367836571,0099208422,2025-03-25 09:50:32.587739,640,voice_in,S5G69,"-53.61611138340077,-176.55087106852008",QA141V7OPBY5760,True
0196088596,2146330055,2025-03-27 09:50:32.587770,1093,sms_out,TIMEV,"39.946568441378105,-99.21827956615738",HE7H4GBHCJHQDY6,True
2818044683,0408603236,2025-04-05 09:50:32.587801,1055,voice_out,VSUPV,"50.69130457027157,119.68774226826525",BR4BF73TQG85ZPD,True
9986633554,3664624100,2025-04-17 09:50:32.587833,962,voice_in,DOU0E,"-50.339352179947014,79.19237525877537",GZKC2ESJ7VKASWK,True
8401642040,3973390483,2025-03-26 09:50:32.587870,936,voice_in,P4BH7,"1.1468746935621397,151.84647702529765",IZEM649LHU6BG6Y,False
5505667395,7107383386,2025-04-19 09:50:32.587902,1132,voice_in,DBGBZ,"54.99007184018345,141.15322849305426",WED7I1R6DO8Y6U6,False
6632785728,5836903618,2025-03-31 09:50:32.587938,874,voice_in,TD0W5,"88.3120544766386,133.25854327175432",B26GSUXW65WH7VQ,False
0903513481,7622746390,2025-04-17 09:50:32.587969,745,voice_out,9YGT6,"50.68305372366717,-53.46699242013206",DCD8Z8G0JESYCZ5,True
3953322879,4086388158,2025-03-31 09:50:32.588000,1035,sms_in,BC71D,"-47.08145176835495,-39.525904723330285",5AG7RURC3U3MXUP,False
8249725234,6656977777,2025-04-19 09:50:32.588031,631,sms_in,2ZLKD,"-10.250537976733284,83.9948226364566",HOUYEUKUJQFNUFR,False
3660235483,6603971906,2025-04-13 09:50:32.588062,969,voice_out,XGEXM,"46.9223776435941,-39.99008323025407",WEHXONE26P2P8SE,True
2862019817,1317427931,2025-04-16 09:50:32.588094,290,sms_in,CAMPE,"43.064913785634985,88.09965936991614",KALR2A8QRMOK2IE,False
2742228503,8968519199,2025-04-09 09:50:32.588127,689,voice_in,XK6LH,"-8.873305137965971,15.161273294506458",F7L3LLTPAUQM4ZS,True
5252622997,1991838381,2025-04-04 09:50:32.588158,462,voice_in,SFUCF,"87.78810110096882,-111.22083098416864",UTT2AF8UCDC8Q6I,False
9877697074,5997713233,2025-04-16 09:50:32.588202,1170,sms_out,8KMX6,"-26.047402207158058,126.55061933016964",AD2SI7B08KFYIEU,False
0031519441,9023642965,2025-04-21 09:50:32.588233,824,voice_out,JGZHE,"-68.17096631357668,-14.65568683978006",9DJBOQESR7DDGXO,False
3542568192,3148712935,2025-03-26 09:50:32.588259,293,sms_out,J8CS5,"-73.39898145237706,-33.46987169368623",VQEIQXYZYUE7HJR,True
7177496106,3946016367,2025-04-17 09:50:32.588287,806,voice_out,5INJL,"-27.41489156354993,-102.53145588483984",XWGATNQQI77X123,False
4694787571,3265058202,2025-04-22 09:50:32.588318,607,voice_out,2SID6,"-23.930319347476484,-16.23413355388874",Q3KZ35HUOGRYQHG,True
1168382747,1024718694,2025-04-11 09:50:32.588355,944,sms_in,2TITL,"61.06686470500097,-107.59083210895582",0SM7D2J1IMDL2DL,False
0685900678,0506745931,2025-04-21 09:50:32.588385,95,sms_in,4D18X,"-0.8655288476928291,-57.32028366900619",8BUE6P9OI36W0J3,False
3604130062,2885710626,2025-04-13 09:50:32.588415,829,voice_out,SWJ38,"-2.4192481410864985,-11.752070732365212",59SR1JL3UDSHJ2E,False
5203505420,7946295437,2025-04-11 09:50:32.588449,458,voice_out,NN449,"-72.85290918495697,-167.77797829944552",CZDD6B794HNEW8A,False
2898713284,2131013695,2025-03-28 09:50:32.588488,397,voice_out,WDT91,"36.53006456217213,-57.98360463750031",EHUU065LKW6NV00,True
7731250821,8292323364,2025-03-31 09:50:32.588518,608,sms_in,JBLUN,"-63.28011024141159,-14.696385714731235",JNK8WV1CCMXEU9H,True
7628874020,7924551134,2025-04-11 09:50:32.588552,1027,sms_out,D7GKU,"80.27481376551825,104.96277227787641",EWUN6FVPKG8REAN,True
4894241085,5465963928,2025-03-28 09:50:32.588586,1085,sms_in,QZ0KL,"-10.174891367268856,95.9613134382501",UF2H44TWBNQT94F,True
6370727534,6847115887,2025-03-29 09:50:32.588615,346,sms_out,DAVQC,"-36.15101981669439,8.167277989675739",VESEODEANNX6R22,True
5507282567,4639463907,2025-03-28 09:50:32.588646,179,voice_out,MPSF4,"-86.3331162347496,4.899726859495871",89NF9ASCYSMFFU4,False
4694819302,2076859391,2025-03-26 09:50:32.588675,147,voice_in,Y2FVZ,"-5.5850076490840905,10.709032351140223",98G4XUOOPLOZ9D4,False
3133355281,1100251720,2025-04-06 09:50:32.588705,1036,voice_out,ZE1JW,"-54.15315237763956,-177.70726440822312",ZDP8DFZV62C23E2,True
3682344282,7566567705,2025-03-27 09:50:32.588735,157,voice_in,ZDKOE,"40.97784545332851,63.792171559395626",J433F6RMORU9YAM,False
1207191236,4635875386,2025-04-05 09:50:32.588773,191,sms_in,THOKJ,"-54.97295300907596,150.63992098316027",LBVZUK2KZYOJMOX,False
8097531746,1761209949,2025-04-14 09:50:32.588802,1025,voice_in,XNT6E,"-84.86607841867465,162.0373250884465",HYPVLRKOC4A8J70,False
1675655010,4986685814,2025-04-02 09:50:32.588832,792,voice_out,14PFJ,"14.090257396141368,140.19945653544693",FQP2O7OBRAVXPMW,True
4919977166,1864639096,2025-04-07 09:50:32.588861,431,voice_in,CR0KG,"17.875733782725078,-67.55512184930669",FS9PRTNY1PVJJ81,False
3340712145,9543795945,2025-04-17 09:50:32.588891,1125,sms_in,L8BWP,"3.7298166014967364,-154.0959391906838",WNGB9LTILG6RMHV,False
0254470287,7618233145,2025-04-14 09:50:32.588922,894,voice_in,2FBEG,"-29.18068449420793,12.254140573895654",L2K3B8DNLR820FB,True
5276978838,2558976680,2025-04-23 09:50:32.588951,1184,voice_in,SBKFK,"-38.19872402157494,67.92104704835478",TNIBYIXC0V7EQBT,True
4835309714,1715612289,2025-04-15 09:50:32.588983,591,sms_out,45L6K,"81.38257527532886,74.72879411606593",IZSLLY5OGIYYJ42,True
7205659467,1321177898,2025-03-31 09:50:32.589019,1090,voice_in,JCOPA,"-1.8452986210010778,167.90438713886073",054IDLQR6P3LKNR,False
9158013836,8690677562,2025-04-18 09:50:32.589050,307,sms_out,UV6TT,"-33.480083804633864,-9.565641504377822",COL4SNE9HZYCQZO,True
6896332470,3316326472,2025-04-17 09:50:32.589079,797,sms_in,Y87SE,"68.50998393516181,61.60975981164191",25LQIMQ9FGJMKRZ,False
1756179215,3388815335,2025-04-15 09:50:32.589110,351,voice_in,LTSY3,"-20.66698202353888,-84.4038395555334",R2ULF54HQVJ3LJW,False
4411315045,5585309306,2025-04-06 09:50:32.589145,544,sms_out,U8QQZ,"87.29387006349458,167.45784146126954",1UIQHFS0CRJFPLM,True
6351018022,6959408694,2025-04-09 09:50:32.589177,196,voice_out,BWOLP,"35.721479180618275,131.87833539588502",66VW56CTT7NFUQ2,False
8734197604,2440314221,2025-04-17 09:50:32.589206,1073,voice_in,AD361,"52.52369219292535,171.101337702053",51EDC0DWK4WM2D6,True
2599140386,4541311542,2025-03-31 09:50:32.589236,295,voice_out,DO5AO,"11.183744075727347,-142.17743713243127",D2QMRYQQ1SHWOLT,True
5735261002,4386246229,2025-03-31 09:50:32.589266,865,sms_in,A4TNU,"25.479148778098306,-58.324034148749305",KNNDRTMCNH3IOU3,False
2820866259,6196977133,2025-04-11 09:50:32.589296,1195,sms_in,E76A5,"59.763699533846676,-76.9826769684587",SSR7GX9H63IHZLG,True
2627663276,4255081947,2025-03-25 09:50:32.589329,713,voice_out,PXMIK,"-51.44969975767251,16.43998193549581",QDCDNJ8RCN1GVJ8,True
4927119350,8180374550,2025-04-07 09:50:32.589358,919,sms_in,8WVWD,"32.94953440446021,75.80441007555547",2NVA2LGBF8RBL2I,True
6962002868,4208627221,2025-03-28 09:50:32.589388,506,sms_in,1M7LU,"89.71941722765132,94.15106764117445",JM4OONXL2GBIN1Z,False
1324381635,8603131822,2025-04-01 09:50:32.589417,790,sms_out,XCGQK,"84.22194378330289,-94.67249619077714",F42PXAD9U3428HX,True
5869718841,8097649729,2025-04-03 09:50:32.589448,825,voice_in,AQG52,"5.959508692500094,-26.017561583275835",208JGB1XZX6PT3B,True
9256944673,7429726030,2025-03-28 09:50:32.589478,257,voice_in,TEX9T,"-43.62087505239144,-53.135666081568715",0LDYLUTZL3HLDGI,True
0750610530,8473506945,2025-04-23 09:50:32.589507,360,sms_in,K68UC,"38.705711664284905,-134.4750566820552",RFWZRBQSTOCB2QM,True
6817699852,4020745808,2025-04-20 09:50:32.589545,1012,voice_in,IWZZU,"4.075243699846055,-168.51990095245185",BOLIXPHFF1HH5NH,True
1110625679,7374316991,2025-04-08 09:50:32.589580,1198,voice_in,3PJRF,"-89.60940367091688,-68.5097509338769",F48BUY7BAZZZPL4,True
2473515543,6432655277,2025-04-17 09:50:32.589616,115,sms_in,MYSDU,"18.748944291332492,-162.57813473492098",74AITOZR2N9QKSB,True
8105043620,8197253646,2025-04-08 09:50:32.589645,1179,voice_out,65FK6,"-5.880926867977934,-71.19054599313638",XW2IKJS4DQZ1ZQZ,True
7077157991,1344005248,2025-04-09 09:50:32.589675,675,sms_in,FU6XJ,"36.5910821783921,160.18801283945868",OD8ZBQM8V3TG3GY,True
4412050180,8006093149,2025-04-13 09:50:32.589704,1033,sms_in,33P6E,"9.256144605778204,-76.32614732264668",56SV5E2AEVNHQR7,False
3505569625,9527786273,2025-04-02 09:50:32.589741,1174,sms_in,KNLUP,"-85.15258199299106,-64.28152181402908",MPLJR0DBNQNC35M,False
6003720138,5771110718,2025-04-14 09:50:32.589771,662,sms_out,YZOLF,"69.4933955432746,-120.49167987822622",NZZM2HS9LFX5RMU,False
2637698254,1383092771,2025-04-18 09:50:32.589802,138,sms_in,IVZ1T,"-55.99346103140842,-110.54458068586229",BKTN1Z7NSB5MZD3,True
8486129837,5897112126,2025-04-13 09:50:32.589834,774,voice_out,JY2PZ,"-11.739844952706605,-119.92131518733073",4CQ1IZG491BSAM2,True
9507418468,0792959207,2025-04-04 09:50:32.589864,983,sms_out,3M4NK,"83.18178407672767,-69.28061523001385",33ENKA320SL6W5G,True
4426364637,5410465281,2025-04-18 09:50:32.589893,761,sms_in,C3JCL,"65.31013426456562,21.606549830544793",4YGDHCONLSJJTY0,True
9431201903,7110157002,2025-04-20 09:50:32.589923,901,voice_out,5JEQE,"-70.2332414817717,-120.6563818601242",3L85MLZ19F38BIV,False
4507488706,3247025827,2025-04-19 09:50:32.589958,919,sms_out,NSXMQ,"33.80243262609831,153.2918663477709",XS14BDLU68ILCP3,True
6463895698,6315159072,2025-03-27 09:50:32.589990,379,sms_out,EY0I3,"-40.46557505405284,51.03423767885823",MXKHKVX1ZZ4WI0O,False
1991070549,3936925937,2025-04-08 09:50:32.590020,603,sms_in,JC1KL,"-34.82096025544184,-1.3071818958374024",K3D3LBMRZUZR4IQ,True
3581288456,5712772902,2025-04-16 09:50:32.590050,180,sms_in,G37FJ,"45.89910962099319,-124.88528223893111",U3NAH52G74EILXT,True
4182564304,6046095376,2025-04-21 09:50:32.590080,730,sms_in,4EPQP,"-60.237214673692584,15.0191426964291",4M7905EEOZ7VSWA,False
0119420700,8912670578,2025-04-10 09:50:32.590110,1196,sms_out,TX23R,"2.0903541061262274,-123.33752594946455",0LDNSK7KRUSE0XM,False
6483326068,8543064833,2025-04-07 09:50:32.590141,152,voice_in,6QLDP,"7.922202660351417,107.58585419111489",FSWXUBIAI0M6TI7,False
9397196395,8629794213,2025-04-03 09:50:32.590177,1188,voice_out,YSIRI,"25.62556424628758,106.36685961412701",F8ZRS267FUC4I6J,True
3725322937,9722518267,2025-04-23 09:50:32.590207,948,voice_out,P2GCR,"57.21946566622853,127.08784411705267",34T5GYS8WC2QOCI,True
8502941196,8463740245,2025-04-11 09:50:32.590236,1166,voice_out,TYPYK,"76.25904895704707,-100.77573766642487",I3ORG4SWRWZ4NDR,False
7020584798,9356540435,2025-04-01 09:50:32.590267,1163,voice_out,UD3H6,"27.712046772202328,5.710915550373443",5M8GL6MBKC2XKMI,False
5188500421,0397536475,2025-04-12 09:50:32.590297,63,voice_in,V0XDW,"18.980427679380256,-90.90851630354663",XR8DMZE7Z2LK6QL,False
6532282008,1756485557,2025-04-22 09:50:32.590327,806,sms_out,QJ5IK,"4.8656491111613605,134.8341358179299",9PXVOAZM0KHB310,True
9061304287,4692716733,2025-03-29 09:50:32.590362,60,voice_in,3D713,"33.72863240351775,-15.577566821135065",1VBCHGOUL6PWF1I,False
6539792601,6048020772,2025-04-11 09:50:32.590391,541,sms_in,1IFXR,"40.79776881728469,140.86299052856384",5XS74AKK0LTV6AO,False
0307242450,9233800287,2025-04-19 09:50:32.590420,471,sms_in,SQIV2,"-68.93341931683699,-46.5998345230073",QOUDSIMUG28PAUH,True
8415701114,9026250861,2025-04-05 09:50:32.590451,351,voice_out,9RRN4,"-37.938278278382576,-65.94923760694807",1PXT16UE0C9X2FU,False
4309428000,0546391843,2025-04-10 09:50:32.590480,512,voice_out,8R3ZK,"35.57220890112522,134.82862935228178",QS6WY67PQ8JTHUZ,False
8605179216,5244127880,2025-04-23 09:50:32.590509,847,voice_in,Q6I2M,"42.342863468302795,-63.02160470550922",KAZZZCMSEA5OCIK,True
2340620958,6951849621,2025-04-05 09:50:32.590541,1178,sms_out,DJY8R,"84.04116668871887,-136.7040290839985",B14BPQNIFMZN3HB,True
1428624200,1668835238,2025-03-31 09:50:32.590571,572,voice_in,BQG5I,"46.431101301758815,-150.3028163620009",ZXH1IGJ1DHL56VI,False
1562448962,5433327496,2025-04-13 09:50:32.590600,62,sms_out,1U21S,"62.144546077735015,64.36850825158643",DKGEARAOVAH52RW,False
0609512310,2577410167,2025-03-31 09:50:32.590630,341,sms_out,2Z0A5,"43.88124017444454,-92.91978542314479",39KW1ENWWJ4FGQX,False
9419878545,9887475756,2025-04-20 09:50:32.590660,739,voice_in,981X5,"-21.25016549331346,1.1733245631124305",R5LU3J3F6QOT3LO,False
1399805834,2385831210,2025-04-15 09:50:32.590690,96,sms_out,3YWS1,"-44.68133249415862,-113.33892328447537",SZAZW9DVNXBVT46,False
5560763592,6079635905,2025-03-26 09:50:32.590734,767,voice_in,S68QO,"-25.16324057986715,95.38511966056416",PO0DCX41S4MV7RK,False
7033121101,7859982085,2025-04-22 09:50:32.590768,318,sms_in,NP9LI,"-52.96528760305286,142.49155818570068",GM0U8CFU2YP9HY3,False
0735562862,0748179295,2025-04-20 09:50:32.590798,1175,sms_in,KS3SH,"-68.37794888526724,164.96602479906642",P93W0BMQ1D8ACOR,False
1669661411,6808044052,2025-04-23 09:50:32.590828,591,sms_in,6GF0A,"-36.03688011731284,124.98601314895552",21AII0PTGNNDH3Y,True
3013422805,2089847101,2025-04-08 09:50:32.590857,716,sms_in,M29LL,"20.321552643285813,-132.51643189391154",BXSNOJKRVXBBJRA,False
2261267826,8540318074,2025-04-23 09:50:32.590888,536,voice_in,H5FD7,"-10.258523233036101,-86.21758855331596",D1D0EZ4F847FZPZ,False
2293089582,7597125633,2025-04-08 09:50:32.590920,150,voice_in,JPEZI,"-69.96750822711064,-104.81187857094538",FM48UTZT74RFR7X,False
2046068478,2486943915,2025-04-03 09:50:32.590950,276,sms_in,2KIO5,"53.51357038410245,61.5970562553521",F0RV1SRLR4IO3CZ,True
3347291992,1007534051,2025-04-11 09:50:32.590978,492,voice_out,QDAYB,"47.54763991327437,143.28158146571707",OHFASLCCG81HDV6,True
6990142885,5807160697,2025-04-11 09:50:32.591008,555,sms_out,5F3BM,"-35.090983475435614,-2.8919261886162246",HADSW78QIPNVTXQ,False
1206856855,5165143210,2025-03-27 09:50:32.591043,687,sms_out,RBP7K,"-82.49525659312862,-43.11162540401486",2QX960KQVEMNMTD,False
9064497062,5850179529,2025-03-26 09:50:32.591073,110,voice_out,7I9XM,"7.156376728508107,-93.30130516667965",UBGZLMREEVV3EHQ,False
9589016450,4090237251,2025-04-01 09:50:32.591104,40,voice_out,AEYC4,"53.99665323878611,1.8789822099141134",LC2WXMBY5XHOQKK,True
4613779194,7958407302,2025-04-09 09:50:32.591138,413,voice_out,50QHV,"39.84810603796632,-38.44320838964023",QVPISH1RGFX418N,True
6292948382,1192836498,2025-04-10 09:50:32.591176,630,voice_out,8WP8M,"25.32750973299453,87.12803412486676",C1335YYFJA4SSTF,False
1539223239,9494973843,2025-04-04 09:50:32.591206,832,sms_in,YWD0L,"-33.194941617439376,12.474489949986975",DUURUDGUMTY41JP,True
6737376864,5890987074,2025-04-20 09:50:32.591236,831,sms_in,969LB,"63.3992337918975,-86.59030212723724",H5W77CWD93XNZCO,False
8683333244,3764317703,2025-04-04 09:50:32.591265,300,voice_out,30OKP,"-78.45225229623817,165.24501660129692",942KKH3IRVVSE5W,False
1147027085,2534413746,2025-04-19 09:50:32.591300,704,voice_out,57IC7,"-77.71953503130331,-141.44400060232212",Q2ANH5FE4KT5GRL,False
6377666401,0709885778,2025-04-08 09:50:32.591333,106,sms_out,FC14Q,"-15.548848710141286,179.51644778927238",S9V3CNRNC1WMCQK,False
1225421601,6451115817,2025-03-26 09:50:32.591364,469,sms_out,6EZUC,"30.182110884673335,-144.49335634132558",5ZRJMHPZFCTMB3S,True
6351801260,4241297065,2025-04-11 09:50:32.591394,499,voice_in,SXCJU,"40.283633420511705,66.59763606926163",FF751YFYNUZ3P1K,True
8980055803,8201794386,2025-04-12 09:50:32.591423,232,sms_in,XYLUV,"-89.80280948340925,28.676837423268665",9PVKWXH642SKXKQ,False
2109877663,9010256338,2025-04-04 09:50:32.591453,599,sms_out,33O1Y,"-18.73257530165992,14.818264258381618",YRI93P0Q37DVIRP,False
7110902990,9995737730,2025-04-07 09:50:32.591482,1114,voice_out,FGYP9,"-21.801625244046193,105.05522404495491",K4WCAJQNNFG42DK,False
1495382092,4812777558,2025-03-25 09:50:32.591511,275,voice_out,GWYCW,"-54.083802874784105,-76.63450343637055",IEQZIUE6QOKES9V,False
9289626102,8410584336,2025-04-14 09:50:32.591547,171,voice_out,KUK07,"-24.6051054890156,-24.183272310649954",ZTR1IC7K3KN7U9B,False
3341328712,2174593727,2025-04-12 09:50:32.591577,539,voice_in,S3HD9,"-68.99887567725204,-155.39799804200422",0KB5DW75EEKNTOA,True
1177538458,5902499416,2025-04-17 09:50:32.591606,397,sms_out,LHM8G,"-25.585614699756007,-115.58899585068676",YZBH2VLWOB01WTJ,False
8652688241,3240065185,2025-04-06 09:50:32.591636,370,voice_out,O53J0,"-4.085917129767253,104.6408262253243",N7OLRQSQIDQ1SR7,True
9955245511,6482484767,2025-04-10 09:50:32.591667,1045,sms_in,B1WMK,"65.87483547498826,177.34543656742983",PALXWY5L2WMEM9U,False
9076915407,7078079697,2025-04-13 09:50:32.591698,615,sms_in,QA4UK,"35.550156908146334,-143.29761124502696",R7DVDZKRBRQLG13,False
1142927196,2234158420,2025-04-16 09:50:32.591731,695,sms_in,0Y5ET,"42.339319447277035,-31.68721268198263",HN713KUBG14GT1K,True
2607773010,6722101499,2025-03-27 09:50:32.591762,953,voice_in,TXMLT,"69.9649171842234,120.73847830664317",1PQ2UDSBVNCL52V,True
0756275803,3782762534,2025-04-08 09:50:32.591792,90,voice_out,JTTG1,"-4.9168214817100875,-3.1917398937679877",CM9VFW4629CZAF5,True
7264491724,1761256501,2025-03-29 09:50:32.591820,351,voice_in,PWING,"-89.86730995560475,3.6321506879550043",3D9KVDU66HIP417,True
3863650967,1087491330,2025-03-30 09:50:32.591851,782,sms_out,7Q3NB,"-2.716833902726435,-156.34153616287838",I9XR87H6TLOYQMG,False
2861474964,5074436077,2025-03-28 09:50:32.591886,304,sms_in,BZ071,"-63.562266085604094,-5.055569383006912",87FN88K1I6SCV3T,False
2225185909,6188463754,2025-04-20 09:50:32.591917,374,voice_in,48OLI,"-17.367397432407543,-51.2937810391534",K7QYF4D9FUMBBHB,True
0767302900,3279500385,2025-04-09 09:50:32.591953,340,voice_out,QKS4W,"27.386119782566325,-126.1742090929315",53C9XBR27EB31LF,True
8876590045,7255512392,2025-04-16 09:50:32.591984,359,sms_in,UWL08,"-9.183690584600399,120.46064909033686",H8VJ7O0BDPY4ANW,False
0081227931,7593266740,2025-04-04 09:50:32.592014,873,voice_in,E6LUH,"56.723068754264574,173.02873246721373",ZPSNDXEE3VWJERS,True
0935775666,0800452853,2025-03-29 09:50:32.592043,1044,sms_in,HBCDP,"-79.11420279053263,158.6521341018339",83HTW0YTNNGQ3L6,True
8689431311,8348534579,2025-04-10 09:50:32.592073,267,sms_out,H05SF,"39.6265658614503,-44.14121797793271",8Y03USZY6C423GM,True
0382431223,7994855179,2025-04-20 09:50:32.592102,273,sms_out,W1AX7,"-13.64353836144268,0.889891929514306",AEBPMC96L2PJZH3,True
8087554376,5120257103,2025-04-13 09:50:32.592133,472,voice_in,DGVE0,"-63.55668511935487,129.18636549754973",98NFDG94WIHPUCG,True
6458109730,4822330127,2025-04-03 09:50:32.592164,444,sms_in,1G72U,"38.40536140203483,-23.984235839230507",1H9DDOL3VHXWH4H,False
9674850318,7811248993,2025-04-19 09:50:32.592416,778,sms_out,AAFXI,"-56.792109428723236,176.7045093108825",NCL11W1MFEVTQFP,True
0878254127,1000128322,2025-04-17 09:50:32.592451,168,sms_out,S9E24,"20.1884979510794,-45.163586050722074",SAZ4U9KJZ8ULFZ1,True
7217775668,3073598767,2025-04-08 09:50:32.592480,157,sms_in,28CJQ,"-53.5542011582462,-110.98991671203625",81GQVKH7JSLZE4E,False
3054930429,8160018157,2025-04-04 09:50:32.592510,47,voice_out,8QVIE,"-33.95288829807634,-57.27059388842888",P3TQ7MIRW78L3NO,True
9328193675,1298540701,2025-04-14 09:50:32.592540,31,sms_in,UCXNX,"72.88280822118344,-160.95966936876982",LHE8T4FDSUEBMJP,False
8746791361,2051623346,2025-04-21 09:50:32.592654,159,sms_out,6ELOD,"16.216106773634507,-170.39659121621307",6REBHDJ0WEA8LCV,True
5589368988,0343524659,2025-03-29 09:50:32.592691,376,sms_out,A8TIE,"-36.43800720097822,-147.82452230773822",CBB86D40KKJY04D,True
4489584234,9110046060,2025-03-31 09:50:32.592721,451,voice_in,YVKX7,"-25.158397712035352,-82.4200581150534",3RGBVP7TSANC6FT,False
2540293072,3427744680,2025-04-06 09:50:32.592755,125,voice_in,QIWY9,"-2.0250615697631105,-151.79039205525567",5WYR6YIVIR5BPSC,True
5188468023,3154238125,2025-03-28 09:50:32.592784,660,sms_out,Q0VKH,"71.3463972696027,-32.27264709285174",SLBMOILCIRTHF4Z,True
8159036970,8279217335,2025-03-29 09:50:32.592814,406,sms_out,1XIVG,"30.787019363812632,-114.17993739496198",5YIPGBUTIA2I97T,False
7659438189,7517776028,2025-04-10 09:50:32.592848,491,sms_out,IOWAQ,"74.66867570255278,43.7989483081181",9CAE97Y5RA2D03K,True
8429127414,7575752815,2025-04-13 09:50:32.592877,538,voice_out,JEDT5,"64.56040934870487,177.92618520501634",XXNHCJYU1CUFI1L,True
9344596055,8622305271,2025-04-08 09:50:32.592908,914,sms_out,6H1KV,"56.73895853813505,44.48401767282155",KTIGSPMYLZU45X8,False
7531552323,8495951188,2025-04-05 09:50:32.592936,429,sms_in,6FS7W,"26.13368259340406,-28.646265579969025",O7H13QD2J46BHVX,True
7276166710,1739445736,2025-04-07 09:50:32.592966,832,voice_in,PDOW6,"48.08613114001875,90.16518299890265",FPKZLZCSCC7WEB4,False
4450005952,6012929070,2025-04-03 09:50:32.592995,197,sms_in,REAMM,"-60.67832146494797,-159.05046726506941",MJGUMZ1M2BKTI2M,False
6465689932,9395571109,2025-04-03 09:50:32.593023,579,sms_out,8L4FK,"63.55296516442061,72.47957738358056",S9L9DPIWXCM1FGM,True
6575123112,1306051774,2025-04-21 09:50:32.593058,375,sms_in,BVTIC,"-41.59790170397945,-163.62316395567862",B6X7GLYH9OHOUK3,False
8936263726,5643107404,2025-03-29 09:50:32.593087,155,sms_in,91KD6,"-33.55557732764615,42.46466199911319",ZKQB2TOR8ROU3LS,True
3363640899,4815957294,2025-04-11 09:50:32.593117,790,voice_in,3E47B,"86.19319415618781,2.3461195851840557",79CWOJGKRDUBURU,False
4759938929,3540392574,2025-03-30 09:50:32.593147,971,voice_in,47BIB,"7.383906210862037,168.77778368424185",VWRHI2WPWK3VDLI,False
9812479442,9431117984,2025-04-05 09:50:32.593177,781,sms_out,7ZED4,"-40.8648452829258,-86.00946006085988",OHWZORR7Z66JERZ,False
4769179259,7628725917,2025-04-08 09:50:32.593211,776,sms_in,Y00Q7,"70.03748870178725,-120.75028947673812",OK4DTBET9CG3AU7,True
8147418872,8496376706,2025-04-06 09:50:32.593242,391,voice_out,G0DWV,"39.33409368144959,-126.43464499021724",6UVJ65ACNJW3M47,False
4631149569,4657879653,2025-04-20 09:50:32.593271,959,sms_out,JTKLM,"83.48617174779051,73.17182115482109",UJ6QBT80MRAQMWQ,True
9119284688,9607363908,2025-04-23 09:50:32.593306,759,sms_in,TALEG,"86.00363570681287,98.69781334575697",Z0ZPJUQX4E080E3,False
0616530269,4352716016,2025-04-19 09:50:32.593337,235,sms_out,AQHE0,"-68.21066098245808,-119.20399890427684",0KW9N4WJ4AVSCWB,True
0963177899,7724754758,2025-04-22 09:50:32.593366,1054,voice_out,503JR,"78.74077510133063,54.57774033580881",MCK1C0JS9DEI22P,True
4239698657,9726500077,2025-04-05 09:50:32.593397,227,voice_in,11SXJ,"39.94411752584054,160.85632528965772",CBLYDD48EKI2MPH,False
7902343280,0988725553,2025-04-10 09:50:32.593433,1043,sms_in,FW5KP,"28.098253595468606,79.66588766051512",1T8T2XRTS5X9ZCV,True
1359331443,5637899384,2025-04-16 09:50:32.593463,374,voice_out,MBGIS,"-89.19209087001022,91.49922979259281",O4Z4M9FLWYIDX5K,True
2569130631,3589064777,2025-04-19 09:50:32.593492,1104,voice_in,IPIH9,"65.37084056724294,153.4697258954189",E44NINQFOXIGTCV,False
7696417516,3406604866,2025-04-08 09:50:32.593522,1092,sms_out,JK5XN,"-85.95643820992116,-137.25591983636787",G9F20UHMAX7NKEL,False
4893515192,6716666549,2025-03-27 09:50:32.593553,215,voice_out,UN1AB,"-69.74432314691035,-168.89935121594425",GIOXO63796YQ0Y8,True
4918364964,2598660258,2025-04-15 09:50:32.593583,568,sms_in,NEC2U,"-30.351897655532163,170.13289596253856",61URQNUVJZAYL2V,True
6975661623,6559332432,2025-04-12 09:50:32.593624,673,sms_in,W3YKJ,"-31.463748428828396,40.96893002412364",D2X1IUBU33K4C4F,False
8186098737,6848879622,2025-04-14 09:50:32.593655,234,voice_out,9C0OM,"15.546888817257667,20.134373959815235",F3IXINAYGL9OGAH,False
4452722813,2894953672,2025-03-30 09:50:32.593685,567,sms_in,KW6QY,"28.61447423618381,177.6458402859643",EFM5T9VPPX9ZC9X,True
9374910741,8314077783,2025-03-28 09:50:32.593714,941,sms_out,JVOGD,"81.4158518334095,-5.2554440604089905",IZXM9U7F1UA0HO7,True
8985258055,5431928939,2025-04-18 09:50:32.593745,558,sms_out,EX0X7,"-27.698498633329628,32.28394440703511",CQGNZWF56Y62PQ9,False
8076885082,9288289046,2025-04-12 09:50:32.593775,362,voice_in,OV4YM,"-75.75880246402079,121.48937229568747",K0VMHEQE10ZAQGV,True
5676770528,8890412579,2025-03-25 09:50:32.593807,93,sms_in,67RM7,"-70.65591758717773,61.3731527527855",Y4B55PRQQXRXI0B,True
9324554158,5598749449,2025-04-20 09:50:32.593843,995,voice_in,UB7PV,"-50.183023515419094,68.48335835063003",1YTZ9IRX4H6BJN6,True
8310594996,1440471238,2025-04-02 09:50:32.593878,608,sms_in,AYQLC,"39.75070002529034,6.175600010188049",E7E2TT0SPTWX8VH,False
5060981298,0405060539,2025-03-30 09:50:32.593909,937,sms_out,FLKN6,"61.42067255812205,-130.37125359271724",J2SLW6T5005D7HT,False
1804396939,3695498189,2025-03-30 09:50:32.593938,993,sms_out,OPA77,"18.57308517407752,60.07845447621165",SLU8TDOR4C7CSIB,False
5569034664,7987525877,2025-04-13 09:50:32.593969,306,voice_in,4GNWS,"-25.019606963337665,-125.03376182590054",11NQSJLQI1228HZ,False
5091246548,2186870383,2025-04-06 09:50:32.594000,35,sms_out,Y9INB,"24.64196107860026,66.32979120095044",LX7IENOJ2CPZB06,False
7993919455,3245316084,2025-04-13 09:50:32.594037,480,sms_out,IA7TJ,"-4.951677756997867,-12.094312108365813",M4UJ7Q1B0KAIDVC,False
4499020419,8416014543,2025-04-08 09:50:32.594067,260,sms_out,SBAQ5,"-1.0427309225135843,75.19047138069973",4SCAENRNSX86RVD,False
4058242223,5670992464,2025-03-27 09:50:32.594096,262,sms_out,NP7PA,"-40.42849706349715,128.8777837073494",GBVY16H84509GSP,True
7764059287,9436531094,2025-04-10 09:50:32.594133,641,voice_out,N7S1H,"-5.603085876463609,-122.89590986639175",BQ5DWAT83CTASXL,False
8314726966,1729793716,2025-04-02 09:50:32.594163,492,voice_in,ZGQMO,"-6.794565821170437,173.8308114316555",7GLWOXKHXOXFL89,True
9453924402,7320687086,2025-04-14 09:50:32.594192,374,voice_in,NEH3F,"62.55062192314722,47.2497587963274",3Y8KEWP3KVSNF1G,False
6236668970,4287746160,2025-03-29 09:50:32.594221,709,sms_in,EAYU1,"39.89600999868691,73.0947287392637",YKQHW5KN7UA8LGO,True
0261809356,8220460707,2025-03-30 09:50:32.594256,748,sms_out,6IPWP,"-71.24319132937536,-120.75795638260522",APDLFH4946K8JLP,False
7571229908,9002845679,2025-03-30 09:50:32.594286,425,voice_in,8VCDE,"-12.522157314478378,-13.363336417121104",YJXRH5RVKB6GCXR,False
8799061640,2213551608,2025-04-08 09:50:32.594315,98,sms_out,V1JDA,"24.307622097082273,-153.74780631674693",9ON6HFCMYBFOOB8,True
3601631000,3418626451,2025-03-30 09:50:32.594345,242,voice_out,BIV91,"24.72191545786869,30.028416275101023",RORQ05WVLDT6ZUA,False
4021200370,3226137950,2025-04-16 09:50:32.594374,154,sms_in,B1MSQ,"32.67307401815633,149.7845953007735",ZY5DPTU0IMZKBOG,False
0500251382,5535932869,2025-04-07 09:50:32.594406,297,voice_out,UTZ7Y,"34.9894292626832,161.21651900644736",CWER9IUN8ODZPR3,True
4582066208,3099017429,2025-04-17 09:50:32.594435,1054,sms_in,XH6BL,"-73.38800917824324,13.29285216510607",7KLXCKPWOZPJ63M,True
9710943269,2006854964,2025-04-23 09:50:32.594471,591,sms_out,9AAOS,"86.56632000727967,-146.01893276165322",ADVLNEEYA5D0AAF,True
5872269839,4631258963,2025-04-06 09:50:32.594501,1066,sms_in,OMP1K,"64.84033453495968,-143.5183945201612",I5A9UFH3O32HPDI,False
2033928098,1568321561,2025-04-03 09:50:32.594530,448,sms_out,0P2G4,"72.28917484569757,126.18820036978593",ELP59UGD6ELYDS3,False
3310319954,1299510995,2025-04-22 09:50:32.594559,738,sms_in,G1M77,"13.016561947602966,111.70370339931281",PTFCU8FH09ID7QH,False
7494074408,0407465713,2025-04-14 09:50:32.594588,356,sms_in,6KKYP,"-50.87875446474408,-41.716433883220816",FMSVM4L30YCY70G,True
1695549750,7357920830,2025-04-03 09:50:32.594619,531,sms_out,7F4YJ,"75.4289462604317,76.68573823807839",PXCVAPE1U5X8ZSJ,True
3177676291,2066138140,2025-04-23 09:50:32.594654,657,sms_in,DNN6B,"-81.36541128012372,-7.5855277171988575",E4YT90PQSU5CPVR,False
5456950288,7226043691,2025-04-21 09:50:32.594683,941,sms_out,BPAQP,"74.2135149439768,164.91319770998462",OXG157TGLVWFK8X,False
1191170475,1346111194,2025-03-31 09:50:32.594711,415,sms_out,WHRRI,"63.39226886421329,-89.33779411013174",VRK915DKOP6F7A2,False
2571584798,0067211748,2025-04-23 09:50:32.594740,100,voice_in,7P8GE,"16.05384203818845,66.42375665947387",ZL02SZBONM4XBDE,True
4639053735,4518770689,2025-04-11 09:50:32.594770,762,voice_out,VQSJH,"-10.324170986746466,111.05881066895057",ZVX8SONDRW5BD7R,True
8392402278,9783055425,2025-04-10 09:50:32.594800,570,voice_out,TWLPM,"-44.02223539229497,45.55215867673019",CLYGMO1II3OH9PA,False
1529811264,3881316458,2025-04-09 09:50:32.594833,251,voice_out,PGJ38,"-19.810257756029245,122.2812686789407",6EI7I8VCS19UME2,True
5290161742,5432116885,2025-03-26 09:50:32.594863,696,voice_in,QQM4C,"17.71608897704823,-50.7168765892973",YORHRLI0KLZ0W9V,False
4145978379,5324145724,2025-04-06 09:50:32.594892,293,sms_in,XUNF8,"46.071347338095336,34.92054876720138",SKEE7T4OCUA1QN5,True
0318337064,0319933189,2025-04-11 09:50:32.594921,994,sms_out,09SIW,"-36.49995998889604,73.83144750155549",6OGGR6HIIFJQZU8,True
7166852923,8454910225,2025-04-21 09:50:32.594956,95,sms_in,QLL7V,"-47.348104560709025,146.58187375309336",ILZAYYD6N72EFQ0,True
2712428578,2292787488,2025-04-18 09:50:32.594985,58,voice_in,0WHB3,"79.88075968599625,-81.6913737927812",402NOM6RY17CHFG,True
2015767226,9268956765,2025-04-16 09:50:32.595019,508,voice_in,PIOSG,"-10.523191938098705,24.61059527855133",4NWVZAJMQM8NIV7,True
3415880906,9460051450,2025-04-21 09:50:32.595054,93,voice_out,15RR8,"-71.27762407457999,-21.212265510670278",WKMSK0OOZ09CAGT,False
9572611596,5738257717,2025-04-05 09:50:32.595084,74,sms_out,9J74S,"11.542381321419299,-64.48128137491393",MRZL3RDWZRFDP3P,True
3377442158,5307342117,2025-03-28 09:50:32.595112,322,voice_in,UOUF9,"-13.537596702626203,153.54962675137267",Q1MDZGUB75X16XB,True
3834010700,0869248750,2025-03-25 09:50:32.595142,409,sms_out,JUWSN,"-28.733967706227617,-61.61595121248011",26SXVSV77MV4G39,False
9422436694,8645015524,2025-04-09 09:50:32.595173,96,sms_in,QERVJ,"33.07598610031444,-85.64218330120612",XXDG1HQWBMDOXJU,True
0560975341,4155064220,2025-03-29 09:50:32.595207,879,voice_out,654H3,"40.59806013932689,-28.941823813345053",JDZ97GVO1BHXAHV,True
3107626646,5373947718,2025-04-18 09:50:32.595239,961,sms_in,PFK8J,"50.88611583612882,-7.012799307518776",T7C81KLWI1TYAUI,False
8979420386,5611826053,2025-03-30 09:50:32.595268,42,voice_in,9S1PK,"-27.13202826209563,-72.92702593059538",G4FSJZVB0IL1LF9,False
8123582137,1208430489,2025-04-03 09:50:32.595297,1129,sms_out,8OQAN,"20.15739393683789,108.46196493427652",1AISYH6DT1B3CFO,True
2765391112,5395018300,2025-04-01 09:50:32.595332,1165,voice_out,EBQ3N,"-75.77265856037067,-0.8025477673141665",YD97313ZZHZQVKW,False
1637858629,4130999709,2025-04-06 09:50:32.595362,52,sms_out,CAT1T,"35.87334093748238,-106.73013915396844",IRNBPZN06HXRUQM,False
7847140025,4497347109,2025-04-07 09:50:32.595391,583,voice_in,EWLEK,"40.4161787975151,121.01934681882182",1GL246D89X2VWI3,False
1063498080,8529090887,2025-04-20 09:50:32.595426,837,voice_out,MK5VC,"-81.33438986276012,-158.661027985271",M927PQGR8YT8UG0,True
9277443046,7468869876,2025-04-04 09:50:32.595457,157,voice_out,0AJAX,"36.5230019921039,50.51513482721862",WRZ9VDSILG52F9D,False
5359618614,7246041300,2025-04-18 09:50:32.595486,52,sms_in,9X5RS,"-65.40507181600799,43.41462350821243",BUWHM6G4PMRUUP4,True
2411176427,7546791134,2025-03-30 09:50:32.595515,162,voice_in,ZNX9T,"-82.09852285664608,102.25664407489603",I44JO42CE6OEHFY,True
1964576679,2859955119,2025-04-03 09:50:32.595544,1051,sms_in,F3VFS,"41.02592408033007,-82.42173848634886",EOK1LP2ESWP5MY4,True
0744785712,6702544587,2025-04-01 09:50:32.595580,339,voice_in,66D61,"40.94054372566745,-152.83807477351897",VSXEC5F66YF88RF,False
2878654803,2861859123,2025-03-26 09:50:32.595611,357,sms_out,JAEZY,"2.31808222240754,-34.4185898777113",DDDUAXO64ODPCCV,True
3170283483,8604835539,2025-04-07 09:50:32.595641,1049,sms_out,GF664,"31.670991668425472,-92.96229680290311",L3GWDXYJILIFGWZ,False
7017155115,1881082133,2025-04-02 09:50:32.595671,564,sms_in,EY1MM,"-0.3223329516671214,-0.5041508037010374",K8S59NED4PHI2XR,False
8946009455,5558234759,2025-04-06 09:50:32.595701,975,sms_in,B1394,"-2.9128923768410573,-31.62634921576398",UFI8TUUOGJ2UF1G,True
3409676445,4047951804,2025-04-22 09:50:32.595730,946,sms_out,GWEUH,"1.6152003139000328,-105.46343178930677",KW8JOTFV2FWT19J,True
1781216610,3544372170,2025-03-25 09:50:32.595760,134,sms_in,3CF8C,"28.061195440348868,161.40749151349058",JXAMLPTUEOD2B2K,True
9550301651,0614466695,2025-04-16 09:50:32.595789,1120,voice_out,6BXCV,"55.31219357946506,120.78450837585575",0MVYIROMY2L0EYL,False
7166728545,3960297248,2025-03-25 09:50:32.595825,844,voice_in,MNYTI,"-47.835999146745465,96.75474434908455",CWVCRWNRXXOE57S,True
4816079842,0704512572,2025-04-01 09:50:32.595853,370,voice_out,22XFM,"-0.9322916378951902,121.28685795771946",960JLY3Y6QSRKNC,False
6936870951,0398306435,2025-04-18 09:50:32.595881,1140,sms_out,UWVIX,"-16.635878540649358,45.11759329765192",MCUYBZ01UP0UM8R,False
8261895139,8021944413,2025-04-09 09:50:32.595898,111,sms_in,8DC14,"-33.33281086463833,-20.433179061454553",E0AE9RE1OMFUOE7,True
4723661729,9452572795,2025-04-10 09:50:32.595915,363,voice_in,6LV95,"-27.073153328768228,-67.99246582415395",9UZR5KCF5EAO6KP,True
3396997340,2311851051,2025-04-13 09:50:32.595932,1107,sms_out,B7M5Q,"-79.59260888502992,-21.609995700070243",C3G3HSKCGPUB67I,True
1236010622,6236364894,2025-04-19 09:50:32.595951,406,sms_out,2E9SH,"-46.71034689385773,-131.24458963940918",EGS1227P6WXJ2HB,False
0621471162,5807112436,2025-04-23 09:50:32.595968,230,voice_out,EP4BC,"86.00726949697957,-99.15717817148149",SF3PITGPBNELF8Y,True
7122348338,7309605216,2025-04-06 09:50:32.595985,1139,sms_out,D1X2U,"82.77905105150072,121.33114144726278",S286QH7EHR6J537,True
0420538246,8176827408,2025-04-10 09:50:32.596002,461,sms_out,OP0UC,"71.83610837909137,-64.77179292025244",62WHFIMH5ISESH5,True
2229240501,3817883111,2025-03-30 09:50:32.596019,60,sms_in,W4KON,"-7.493039801543787,157.71588307652945",2031Y69I4QLQUDB,False
2048730974,7864684598,2025-04-03 09:50:32.596041,100,sms_out,EZ3KL,"-9.066085660083104,-123.36520837586016",FTTWVT93LRX8T6C,False
1172074525,4220712944,2025-04-15 09:50:32.596059,464,sms_in,MFN2K,"19.68085457402165,26.057794229174903",NT2GWZ49CELTXNE,False
3298987302,4570922473,2025-03-26 09:50:32.596080,394,voice_in,ZDW12,"89.93116807220949,-119.85268746464229",I16HITKBU9X78PE,True
2764819352,8652665987,2025-03-27 09:50:32.596097,625,sms_in,7FHB5,"-35.50424145895303,124.60949402541002",YP8Q5XTFXJF75VT,True
1216928592,0112753150,2025-04-19 09:50:32.596114,451,sms_out,SFTNO,"78.30589534235406,-110.39706194043136",790ILBNWBWIJATP,False
9897310982,3780676224,2025-04-01 09:50:32.596132,503,sms_in,EHM8Z,"-48.452965259918265,119.68019025478605",KPP394LJSCUO5RU,True
5216368355,3692117655,2025-03-25 09:50:32.596148,216,voice_in,PCU6P,"31.92975613361081,-104.37288385358998",QG4QJ51RCVD5GLF,False
0009131890,2260739974,2025-04-09 09:50:32.596165,424,voice_out,EPIC5,"79.64459975830528,142.93152693183004",P464YTMX2G8NYRU,True
4862498099,8083426176,2025-04-23 09:50:32.596219,1071,voice_in,VZSSW,"13.010544860625657,2.092711856339065",OP7HHLIP2W2S23L,True
3204307247,9738432817,2025-04-12 09:50:32.596249,1003,sms_out,YZMBX,"-4.7925393470274145,-153.72258418536006",N1D8AKXFZU9P5XJ,True
4935736338,6297385579,2025-04-18 09:50:32.596276,894,sms_in,P96YV,"25.326813364249517,-12.852419383346273",YF9YRI9GMTMHHVC,True
9820119497,5402626253,2025-04-10 09:50:32.596302,506,voice_out,9Z9V2,"-82.80633817967242,153.21511012732873",ILTVF3UV89CORPD,True
7486969742,0172510567,2025-03-25 09:50:32.596321,607,voice_out,MSY6Z,"1.6678359723981373,-141.3502297984854",PL3L8RYC2NZ0UQO,True
8227476905,7562029179,2025-04-11 09:50:32.596338,399,voice_in,RZWJT,"77.68154560267038,114.00542949994718",P51MNJRIBHFU3BR,True
4508277780,1094615274,2025-04-14 09:50:32.596355,991,voice_out,N4YDQ,"5.420183703689531,-133.07519218505496",4FBQRS87SXK4XSZ,True
0410161072,2736839646,2025-03-29 09:50:32.596379,538,voice_in,S3VM9,"-72.71546390600281,119.80519408531666",2RI5K59M3MD2OCS,False
2680860936,2159597406,2025-04-17 09:50:32.596400,858,sms_in,ZKCI5,"-82.57951956827948,133.94444311885923",80CU8Z7F1WXP85G,True
0573784673,8214753221,2025-04-19 09:50:32.596417,505,voice_out,JPCB1,"22.180245577342063,-46.012103665493015",JP48Y2KMONBH36J,True
9436682841,9822861096,2025-04-05 09:50:32.596440,1097,voice_out,E2G0I,"-17.636290626095658,125.18051634164311",R8NKS5Q2LPOUI9L,False
8934071853,2827598803,2025-04-03 09:50:32.596462,1133,voice_out,SSUQK,"5.666112036423073,115.61599294923019",X7UCFM85U4TK00U,False
2879709818,8180924485,2025-04-20 09:50:32.596478,603,sms_out,XZLT4,"64.62031640710109,-65.84254581381892",T2CXE252DW9WZKM,False
1678142962,8442770742,2025-04-07 09:50:32.596497,122,voice_in,RAQX4,"-80.91405884396049,29.139507798341384",PEY7FDE53JDX0OC,True
3166323899,4201914667,2025-03-25 09:50:32.596514,319,sms_out,91K6I,"9.557653165086734,-110.2148812743677",AM3D30B6H1X0TG4,True
1755944023,7504245376,2025-04-08 09:50:32.596531,844,voice_in,1A5CY,"27.243954702748468,119.87225181935202",QQNQT29Q644MAYT,False
2090583006,0010180498,2025-04-12 09:50:32.596548,303,sms_in,DVQW6,"-32.96312418901389,-54.04426096183113",8DG47SU62K7W3I8,False
5760863650,5766362002,2025-04-14 09:50:32.596565,796,sms_out,63HOL,"-15.3479747478941,7.802246365364425",1HIHBDLA007UG7L,True
7116395458,7051041235,2025-03-26 09:50:32.596582,1159,voice_in,N6UQF,"78.40738179096098,162.1218182297083",J1HDMOWH60NQLZP,True
7071034495,7704585475,2025-03-30 09:50:32.596599,571,voice_in,5T6AQ,"-69.22981383814752,-86.66262676255405",FRW8ZF18TMIPXBN,False
1541436828,2332545637,2025-03-30 09:50:32.596621,1065,sms_in,LK15E,"-18.330639063396077,30.39523121189248",GIHM9VQ6DS84RU2,True
9629249410,2215934890,2025-03-30 09:50:32.596637,929,sms_out,FM3FI,"32.34659074656744,-176.16529348591135",MMWF3L5FG2F3STX,True
2695959014,0543760657,2025-04-23 09:50:32.596654,893,voice_in,083Z0,"-6.017369311662279,8.59422032811409",5ZSKYV2D7DVONXY,True
1129997181,6276888515,2025-04-15 09:50:32.596670,119,sms_out,Z1EOP,"-6.506191443473014,-80.20693404154726",D4SBMTHA39WLEEY,True
8608084465,4892784986,2025-04-04 09:50:32.596688,835,sms_out,4RDT8,"57.86809535496991,131.52359720287149",1LK7NUCOQ1WVC9S,True
9547490560,9558452618,2025-03-26 09:50:32.596706,137,sms_out,95YG2,"45.92637993823004,-117.91808228179315",XGVU5N1IGDNTQB2,True
3630941100,6195588542,2025-04-21 09:50:32.596723,394,voice_out,I04D2,"12.515103786539711,-41.603498929948216",G3BQQ86EBOTVPW1,False
1026572087,4104897397,2025-04-04 09:50:32.596740,1162,voice_in,OWHCB,"64.71766180539177,18.27866802000895",OHV2PFGHW46T8XE,True
9672091896,2778118834,2025-04-19 09:50:32.596760,603,voice_in,ONVQG,"35.9714934245023,79.50748100586168",HZ130RX9YERXS8U,False
0872174970,9918070427,2025-03-29 09:50:32.596777,371,sms_out,Q34S2,"-10.034063373549301,-166.97618125166323",GYO96WIPYG3L48G,False
1578890432,6817619145,2025-04-02 09:50:32.596794,131,voice_out,H2GJF,"59.12662385075572,140.24995710833946",A6VX2JSE3HZEQWA,False
5275305854,3910762263,2025-04-02 09:50:32.596812,605,voice_in,C7Q2A,"-74.95085329417648,-113.43528484745806",TOX09QXQBT77X5K,False
8369432489,5914114006,2025-03-27 09:50:32.596832,1067,sms_in,V5Q9U,"10.496453517716319,-144.3461947853207",P675PVJHE5FM3CH,False
2696792353,0126666389,2025-04-15 09:50:32.596850,231,voice_out,NVICE,"-47.65636089654368,-39.95449998413051",04WFTSLYBFEKYXC,False
9948087182,3613364351,2025-04-01 09:50:32.596866,744,voice_in,7TWMM,"-4.931899494972754,122.38880601245103",VPN1ESBOPVRJH0M,True
9131384278,4932506738,2025-04-22 09:50:32.596883,1038,voice_out,8EPIO,"29.000388484961363,-140.45359058967927",RVYXJMFLZU8J8K3,True
3466793204,3192686874,2025-04-21 09:50:32.596900,758,voice_out,PGEZ9,"19.02679382038177,155.82988669802234",FX16ESN3UZW7PGG,True
4751592489,4204503860,2025-03-30 09:50:32.596916,291,voice_out,SRPRO,"-45.936813383832344,168.53626268632325",IQF3VBSKQFJXVAN,False
2790479886,0992207865,2025-03-27 09:50:32.596935,1072,sms_in,RHC1P,"77.95583447247657,-91.78799902834497",RZCATDWVBWFOEQY,False
4914676816,7654132939,2025-04-18 09:50:32.596952,106,voice_in,AEDCT,"41.56979702151156,-21.411093613791365",E9C9UJWFHRYC6S0,False
5377985676,8725567476,2025-04-22 09:50:32.596968,712,voice_in,KCL8X,"-89.39091347357868,-157.79797248863864",IFA71VYDS7L060F,True
4906136691,0453760017,2025-04-12 09:50:32.596985,893,voice_out,7R8YF,"-38.16793811502608,95.13886197816458",XUI0ASHYY6F33YN,False
9922402920,1711834108,2025-04-12 09:50:32.597002,1056,sms_in,EMBTM,"-58.97130133113876,30.535763660915194",ZQL55D528YP904R,True
4789186950,0416010847,2025-04-13 09:50:32.597019,411,sms_in,B6XB0,"63.608339615907454,-16.436334056284437",SIL7KD4RJDXEUVT,True
8212669760,5907055923,2025-04-06 09:50:32.597036,666,sms_in,AVRJ6,"-79.3219653603512,-24.113109595247522",Q90GPU572VEQF2D,True
9615252180,7985381425,2025-03-28 09:50:32.597058,417,voice_in,G4AQF,"-42.108443950544846,-130.7342824691974",STJYCJCU731PMOI,False
5566693298,4642961626,2025-04-23 09:50:32.597079,1032,sms_in,42Z35,"71.9128983418855,32.776671126466056",91Q6ARXNPUF8RF4,True
9327948764,5685763228,2025-04-09 09:50:32.597096,1034,sms_out,52DHM,"-26.217677738100072,144.3695166222932",57SQS0DPRBUX0JK,True
0284556124,3926026668,2025-03-30 09:50:32.597113,839,sms_out,CGL2E,"-6.925476745986288,-97.55293345312423",AQGCYXJNAA6O20G,True
4458559783,5559566481,2025-04-04 09:50:32.597130,73,sms_out,D4D6Q,"13.141393779261051,-93.40758084670959",ZLKBCLKM9AP0S0C,False
9352046536,2875451057,2025-03-29 09:50:32.597147,272,sms_out,OT8A3,"21.324162862622472,67.50664925410081",CDQVITYT7EG6FFO,False
0705834448,4697771772,2025-04-06 09:50:32.597168,1021,sms_out,ZOGPU,"-81.17334871269716,26.545082737900287",AM3KE6J4HG8RDJC,True
0439851626,6731838209,2025-04-07 09:50:32.597186,1057,voice_out,44KHI,"82.41694207770101,-27.961617548615123",3DNM382366D2SWA,True
4078160403,3212776449,2025-03-29 09:50:32.597203,604,voice_out,FXL4F,"88.70292069666104,9.542433161816803",1S20DFC0PPYRFTO,False
2838057512,9106169771,2025-04-18 09:50:32.597220,588,sms_in,O47A8,"45.15004079808111,-42.39196970238885",B0S39HBAZSOARD5,True
5727291908,9683510347,2025-04-11 09:50:32.597237,1161,sms_out,NHDQB,"64.66063644019587,-29.31040432473975",TD8REDTJIVRRANP,False
8964878433,2426388179,2025-04-18 09:50:32.597254,575,voice_out,2NEE8,"-39.95330642968779,-51.544639259723425",51QVVPUUUTVHPBF,False
3572306685,7260231629,2025-04-01 09:50:32.597271,506,voice_in,WOAQM,"-24.331330024465345,-175.51988076290073",8OPOQXAJ9XSAG6O,True
2820188709,9946381021,2025-04-10 09:50:32.597293,607,voice_in,2772N,"45.13247962995334,-81.583395856442",4WZD98I4UFPRA78,False
6754733182,0974562087,2025-04-04 09:50:32.597319,1187,sms_in,QMEEH,"-68.07805370207878,-7.549251704302492",72JLO99AU7P79UY,False
1331451743,4900868576,2025-04-14 09:50:32.597337,636,voice_in,46KLP,"-56.65437961362832,-142.5882708538573",1PQ2JRPX5706J1R,False
8423944012,8769843239,2025-04-14 09:50:32.597358,478,sms_in,MWT4N,"52.61718901739437,-41.551208293346036",SN7XUJPRE322OW7,False
9917888094,5645162931,2025-04-17 09:50:32.597375,199,voice_out,25WR9,"0.6169483522044885,150.68981347060333",LOX5H6P177AU4K7,False
2530116865,2185836744,2025-03-26 09:50:32.597392,175,voice_out,UC50A,"-46.78343209920233,-99.6659727746498",V4K3KBALOT4WWCE,False
5087621555,2076387589,2025-03-30 09:50:32.597410,64,sms_out,S4ZKQ,"-1.9631372014714685,-118.68589896053784",JN7ITZQYZDDDL25,True
6200939328,9081500041,2025-04-17 09:50:32.597431,63,voice_out,UR5U8,"-73.43999207638085,-81.75938714647417",DUCMRFGPBNIV9WI,False
8051215853,0329441821,2025-03-30 09:50:32.597449,363,voice_out,FYV6Z,"37.06406091181938,-153.73913687709967",G2R04Z62UNJX18D,True
3988690330,4529974464,2025-03-26 09:50:32.597466,991,sms_in,CAED6,"-77.7236031329976,171.30628654990556",9K1RWJN5E5FB1B7,True
6016948088,9742032475,2025-04-10 09:50:32.597483,753,voice_in,G3W7A,"71.44322494612237,-56.900530492997916",8DUBI0CFB56JPJD,True
0990155315,6226882205,2025-04-06 09:50:32.597500,699,voice_in,JJD9K,"67.30952132919069,-154.1318807598975",XEU4IFS7B4QJ54N,True
2695298904,9122744594,2025-04-12 09:50:32.597517,1066,sms_in,BB9GC,"47.60039490758291,-97.07578641411729",4TTZMSNMT6T0AAG,True
9304777021,9860092021,2025-04-06 09:50:32.597539,278,sms_in,TXC73,"-25.875428232997805,177.98946791326165",35S0WJKK4CHIO6B,True
4950009638,5207702984,2025-03-27 09:50:32.597557,855,sms_in,XDNDP,"-52.133535017645855,95.11709874829336",2XNCH6XREQYQHM7,False
0882104949,3271379191,2025-04-20 09:50:32.597574,632,sms_out,UXQYF,"-18.84430156125218,-101.16046490327597",4IIGTK2KFDA0QQO,False
3740387189,6717958794,2025-04-08 09:50:32.597591,962,sms_out,FPAZR,"1.4479866071560252,-149.19666652524955",7BOR8H5SJ24Z08K,False
6298581233,8121204935,2025-03-31 09:50:32.597607,445,sms_out,QMEYV,"-40.16603540585221,-140.22887123674778",J8IU1C7V3VDPIB8,False
4740078507,8755476007,2025-03-25 09:50:32.597624,171,voice_in,AC2CY,"1.758440920216131,-144.16234999797092",3ET2Y206VVDV510,True
5868229731,6803235235,2025-04-01 09:50:32.597687,495,sms_out,USGOG,"-32.59144430423055,-144.79612194303303",FWXZ85YTQJWVNZ6,False
3430835642,9610792576,2025-04-10 09:50:32.597705,1122,sms_in,3MQRL,"-55.27408499135759,82.48016470354895",HMZWK1GZWS2ED7Q,True
9205136360,7993913890,2025-03-31 09:50:32.597722,491,sms_in,S0O7F,"68.51777390187274,-87.99107204242462",Q97L1ULURW2OXAO,False
9180363757,8460742523,2025-03-30 09:50:32.597739,100,voice_out,STOZH,"-21.64342270741693,158.22774136635604",1BVQI1S7217SQVT,False
8427301442,7478003421,2025-04-03 09:50:32.597756,1081,sms_in,VXJHR,"28.386729398862485,123.87129608751314",BHEPCUAJJGMON7B,True
2586139103,0585636434,2025-04-06 09:50:32.597777,337,voice_in,XLU49,"22.582347202210443,67.38127224896243",FZT7RQEOWMWA0GF,True
3295869426,7514390162,2025-04-09 09:50:32.597798,1093,sms_in,Z2QQH,"-36.78608331009061,-39.98461509534181",ZJ4TMBW4L6C9GY2,False
4762845601,3380313745,2025-04-11 09:50:32.597815,374,sms_in,4KB41,"-68.77441393474311,-152.5104068421455",JN1EDC0ARZNU34H,True
7741942001,6941708705,2025-04-09 09:50:32.597832,251,voice_out,YYKJR,"-1.6303355384777092,-76.81388647651642",1SLODAJ5F3046N2,False
9273661875,3630626338,2025-04-15 09:50:32.597849,974,sms_in,L889H,"34.78170769600639,-164.33907068696158",1UYJR32P59YRSAX,False
2132054397,2429836974,2025-03-25 09:50:32.597866,1026,voice_in,WEY6L,"-65.39456242432361,-55.262685951493694",1UALPXEBZPEG8FU,True
8091391342,6568439278,2025-04-09 09:50:32.597884,73,sms_out,XHGDF,"59.35088891300356,31.026228396945413",FKFTHP24GZXTR8S,True
6511784635,6026655141,2025-04-12 09:50:32.597902,194,voice_out,E744C,"21.001041147538146,-135.21941306465914",0GYF7JUEGZSU063,True
7574894825,8989892166,2025-04-21 09:50:32.597919,1029,sms_out,Y1AEQ,"-70.10103513966808,124.767429221182",LAD04TVLT8VRTVR,False
3309186234,4360725195,2025-04-09 09:50:32.597936,722,voice_out,9TD7K,"12.578213569486337,40.298543021718416",RIO4MF3IXO3V0UZ,False
5802049759,2777645246,2025-04-21 09:50:32.597953,832,voice_out,JASW6,"61.812619577551544,65.83795351899175",82XHP2CRRZT87ID,False
5317307922,6818758785,2025-04-08 09:50:32.597975,841,voice_in,5XDKR,"-51.511325590085,103.13046129511389",5J7031WUXQ8S5YK,True
1222581853,0404688207,2025-04-12 09:50:32.597992,473,voice_in,ZIXOC,"-57.06833789006697,96.49580103604205",EXWZ2OIXSNKFLQZ,True
4049026305,2238016800,2025-04-15 09:50:32.598014,603,sms_out,BY1MW,"-37.26597386852609,88.79681174978975",F9122G13OKT2Z7K,True
5393532787,9123354961,2025-04-15 09:50:32.598030,1058,sms_in,PFX49,"68.91890684350312,-132.49266721776567",IUM1UVD1KJG0SV4,False
3228569696,7614835449,2025-04-17 09:50:32.598052,822,sms_in,P54ET,"42.85889643468988,4.6288144062882",QEJKHMK28076LPB,True
5457879314,5716955538,2025-04-16 09:50:32.598069,931,voice_out,5G626,"-57.1592206359835,69.91730141572415",J56MFNN380UTD91,False
9379623460,6834618532,2025-04-19 09:50:32.598086,535,voice_in,XYCX5,"-29.73642965285096,-90.69981021113976",ZAGCVY5F2WF16IL,True
1861748688,0076630939,2025-04-14 09:50:32.598103,1078,voice_in,SUUZY,"8.740279296106593,-131.30157275142523",Q3T8QNOWURNKXWK,False
0752194995,6627149930,2025-04-11 09:50:32.598125,825,voice_in,7HC4B,"-12.118321656605843,31.046681020942344",3FERVOANV7RJ06R,False
2642966293,2330543463,2025-03-30 09:50:32.598142,776,sms_out,ZAHGW,"-47.78632908005405,-156.9800955134554",HRVBR7QATFM1FQ3,False
9865613107,6431993928,2025-04-05 09:50:32.598159,924,sms_in,1IAN6,"-62.280835541707575,-12.46721966089521",PH39E5YPI7ORAMU,True
4450051533,9870390419,2025-04-04 09:50:32.598176,408,sms_in,27LA1,"41.47382413029419,118.9310868327712",Z3I6OGIDYIN6IXY,True
4668477156,4741084832,2025-03-30 09:50:32.598193,596,voice_out,KTM4Y,"-38.563202575959245,164.4270917131667",3718MP5RYKMVM80,True
1701020053,9160637202,2025-04-19 09:50:32.598209,866,voice_in,7F336,"-48.00599803068759,98.52834426764781",22UUJYUM49B0FKQ,True
6846092484,1449150877,2025-04-18 09:50:32.598227,234,voice_out,QJ7AZ,"-18.825312900092825,99.26597095471487",OEENY52SKFC4645,True
2462794352,7479021677,2025-04-13 09:50:32.598248,856,voice_in,8Z4NK,"54.772761442858325,-111.47533800250802",ZPK6BPDG212K5U3,False
9808528699,0619907517,2025-04-15 09:50:32.598265,858,voice_out,LM5HX,"47.26587330083916,27.71197861212886",TYUM7NT7HU2F90O,False
8132816428,1032433779,2025-03-25 09:50:32.598281,777,sms_in,UU771,"-13.25735109815659,18.238947412666363",HPSV7FZREKE4O3C,False
6824459074,7147133095,2025-03-28 09:50:32.598298,722,sms_in,AAEHM,"-11.720081040509484,-142.26641421479096",YZ06CO3W3JM6G1C,False
9712511902,4827747019,2025-04-08 09:50:32.598315,169,sms_out,FCC1U,"27.34972566586775,-145.6462502973396",T8OOQWZHA7XB7NH,False
4964974328,1116272491,2025-03-27 09:50:32.598332,649,voice_out,0KNPJ,"60.313098408829376,84.01388626220319",KWW6G5GXM2IKHL8,True
8643418185,3275725502,2025-04-23 09:50:32.598350,663,voice_in,UDSGH,"86.56871299163089,148.8989020772015",BK51E6AM52QTD4C,True
5238803690,8981150449,2025-04-03 09:50:32.598371,181,sms_out,NIEAL,"-12.039350475886152,173.72431548407053",KTRPO1C6ZUUCV45,True
1422606202,0831415150,2025-04-02 09:50:32.598397,449,voice_out,WF7AK,"9.580296334837499,-22.37671375682004",M30KG7K31RY8EE1,False
0004320976,8586117932,2025-03-31 09:50:32.598415,518,sms_out,6JS9G,"-50.374085039142344,-97.16239903080876",T7E3SHMHSNZW62D,True
1156998460,4086387300,2025-03-25 09:50:32.598432,618,sms_out,MZCTW,"-59.208325392070506,-162.68328243768642",JKYZ3GA4MH2D38N,False
6140811823,5321204866,2025-04-18 09:50:32.598449,1055,sms_out,G53U9,"-7.341639391809295,-46.59587474513401",0TQHR2P09AA3FUN,True
1722407881,8675661864,2025-03-29 09:50:32.598470,370,voice_in,UKIZF,"-76.50594753433411,144.64710394893484",BK2BBFXHWV3C23S,True
2266637372,7525588927,2025-04-22 09:50:32.598491,929,sms_out,HQKRO,"68.84712958805912,-63.1737904896644",ISFZKUAP5XYARFO,False
3778273644,9349824757,2025-04-04 09:50:32.598508,76,sms_in,1IYM6,"65.21825999980453,135.1290893488689",3KJE83DCJMVWPH9,False
4694679844,8659019284,2025-04-16 09:50:32.598525,833,sms_out,NYIFY,"-28.171630087568126,138.56007327172057",0YCEZSFM5EQRB8W,True
0629853775,7910725809,2025-04-21 09:50:32.598541,1181,voice_out,JL9T7,"0.1566742443011151,-106.98708028923934",6NCP1J8HW5ZI4WT,False
2469912920,0744055593,2025-04-11 09:50:32.598558,290,voice_out,TSMVX,"73.58987828840384,28.5512893043489",O9NBO0JFWOYE4FL,True
4799075939,2827339281,2025-04-07 09:50:32.598579,46,voice_in,CG3Y1,"-4.115903272837585,85.69200153672978",3AC0PNV5LV3VNZV,True
1200056916,5109004650,2025-04-11 09:50:32.598598,741,sms_in,RK7XM,"-43.20399152935368,55.122545177871444",CL86DGMVJ7YG98S,True
0111456947,4169982425,2025-04-10 09:50:32.598616,493,sms_out,QDMVF,"77.7472540074414,114.94494795498304",KHFVA5JI9FLOWMJ,False
2869011048,8510223533,2025-04-08 09:50:32.598633,177,sms_out,F2LFS,"85.57364973226132,21.381167823298085",KUN0D12ZIUEDHDF,True
7067191675,9495225693,2025-03-29 09:50:32.598650,641,voice_out,GHH4X,"-86.59096967075664,19.508451429840534",B0H92OSHF48C7QJ,False
0064623648,2715848684,2025-04-01 09:50:32.598667,1152,voice_in,H3R5S,"59.86774176378569,-23.630503341090986",XW5D4VRSQK674NS,True
5316794852,6328812942,2025-04-16 09:50:32.598683,850,voice_in,NT8M1,"-34.29835228446018,-168.67700794304847",NOPHPT76ZEY9A89,False
8025482484,5690199347,2025-04-06 09:50:32.598700,93,voice_in,V6I9V,"-2.4251213901442696,-96.59035511934601",QYTKJ5LPFYRFD3F,False
7308574107,0546915106,2025-03-25 09:50:32.598722,949,voice_in,IE4I8,"-20.16150146626785,91.10387174037993",87QSJ88NRM2GX3O,False
1613256509,2321131042,2025-04-12 09:50:32.598739,153,voice_out,XKHOF,"-33.297142869676875,-130.45285249895917",RSM9OV296N1SZQW,False
2672917228,2361025992,2025-04-07 09:50:32.598760,504,sms_in,NTSXP,"-67.11004323238008,84.43151299600362",KTXQ30W9RK88TOC,True
6159968022,9242502799,2025-04-02 09:50:32.598777,587,voice_out,NSNR7,"-31.425831524832084,179.89441900159443",R61KUPO2740HEU0,True
8311379356,2992270854,2025-04-04 09:50:32.598797,796,sms_out,SK4X2,"67.93690888061042,-107.22260699301629",KCQ79X02E1LNQPI,False
7301992416,8446044359,2025-03-28 09:50:32.598816,674,sms_out,HV8LQ,"-58.97390503500257,172.65181902205478",BU7DIFGT12JRGMJ,False
0494880687,5902105300,2025-04-10 09:50:32.598833,615,sms_out,SHV20,"-45.328761009867016,-116.34854535870242",1NOJLUSWPWL7G3Z,True
0983642957,7425517665,2025-03-30 09:50:32.598850,221,sms_out,2CFR2,"-32.60738997938531,-40.23007636686012",1LVPS190OF4LXD6,False
7696511976,2749255448,2025-04-08 09:50:32.598867,1154,voice_out,YFVWM,"-38.10519255073871,100.80052704163728",U00RMH09NSXFRWD,True
8802801975,9063616786,2025-04-10 09:50:32.598884,306,sms_in,UYMMZ,"46.22040828139495,-142.58188199912303",VKE1O1DQPTWJMHG,False
8760017895,4804980779,2025-03-28 09:50:32.598901,1144,sms_out,5XZVG,"-5.757540780855166,-179.77841890897292",ODG1COGOE5MJEC1,False
3579232376,4841356090,2025-04-23 09:50:32.598917,216,voice_out,1ELMT,"-24.882976038328877,-91.0781266710141",Q6GEO7COP3OCIZV,True
1900246739,7439574542,2025-04-13 09:50:32.598938,833,sms_in,7ZEZC,"24.231984843823156,175.35177188660327",UTUBR84VY8ZJ8SU,True
5831431178,3267578136,2025-04-08 09:50:32.598955,626,voice_in,LF9IO,"-8.009555220011194,153.77986516698178",IU0NUENNE4P67JD,True
5314567648,6939522918,2025-04-12 09:50:32.598973,931,sms_in,MQNXA,"-36.54934481131903,139.91496970035257",0FUDHNUM91A2R11,False
1579443596,8814677662,2025-04-07 09:50:32.598990,372,sms_out,STCNI,"-83.70552858923935,148.68236043669276",TO3476DNUPGILET,False
4546596982,3937561910,2025-03-25 09:50:32.599007,326,sms_in,ZB1KS,"5.1274174356532995,129.63157781056105",A4IJYP80QTDKXM5,True
0736429308,7603222318,2025-04-11 09:50:32.599023,500,voice_in,K69QC,"-28.77308950336063,-109.74535061829185",QVSKPH5W95QY7XQ,True
1571019455,7369507884,2025-04-20 09:50:32.599041,519,sms_in,6AO9N,"60.895249187006755,-178.1174412679615",0MJ11EFADKGBCJO,True
8004566807,5721507760,2025-04-06 09:50:32.599058,694,voice_in,E12F2,"51.26226050651073,-134.69382458610863",9O7ZP6H91WRWC7N,True
0502590822,9996666972,2025-04-23 09:50:32.599075,1139,sms_out,1N66G,"31.288857616494155,158.09587680029023",FXF9ZEI3MFQSQNI,True
1287084403,4266980563,2025-04-09 09:50:32.599093,715,voice_out,DYHES,"15.579804999284335,-156.0840334918716",DLUUHQAF3Q4QK7J,False
5444743340,7845342242,2025-03-26 09:50:32.599114,1196,voice_in,DR41O,"7.340348978163945,-58.78493452126111",ANT1J0LGYP0ZE8B,False
8061512914,1610836382,2025-04-04 09:50:32.599131,1088,sms_out,2INK2,"-8.640388832449887,-152.25309217066916",J7G50VSHI1RVID7,False
0948208678,6076358556,2025-03-28 09:50:32.599147,294,sms_out,F690H,"-40.613196843404374,115.63913150978095",UYYF3YLJPMP3S5Y,True
6911404144,7561031076,2025-04-19 09:50:32.599168,178,sms_in,10CDL,"47.48192334966075,-136.93249849257973",HDOZT9LTLAUZPI1,False
5707122478,6407496176,2025-03-25 09:50:32.599186,377,voice_in,JGI8B,"-29.138299458791423,33.22348839747221",1OWBEK88U045UBN,False
9452339240,0667254186,2025-03-29 09:50:32.599203,138,sms_out,C2J7L,"85.92105165689549,-19.455404136402933",AL9C0XJUB3KX8TY,True
6905086327,7618179865,2025-03-28 09:50:32.599221,571,sms_out,6RTQV,"-66.34351122689003,67.5979897772142",8AT774AZI1INQXN,False
9270641956,5417159022,2025-04-15 09:50:32.599238,263,voice_out,0Q1EF,"52.568449596815185,117.90101837910498",P50DZ51QTLQMLI8,False
7658556377,1021397221,2025-03-25 09:50:32.599255,1045,voice_out,HC2HK,"-54.267413421883425,150.89789975395172",QR4MUJF2QBF0CRW,False
4753282310,4311227477,2025-04-19 09:50:32.599272,1199,voice_out,72IEJ,"-54.8835217555842,-145.652889474924",1ZXURN58G2JWAWH,True
8315953146,8091455612,2025-04-06 09:50:32.599289,1073,sms_out,61WY4,"-49.563706051500326,-97.42717736188887",DQHEFA9IDOUHO5V,True
6101448415,3514132064,2025-04-23 09:50:32.599307,1115,sms_out,B6S4B,"-37.892299830195086,120.84121604039132",P8EG860KNIG0QO2,False
0117983495,8088223331,2025-04-13 09:50:32.599324,456,sms_out,Y8SZI,"73.05087824584993,-146.19933476115241",IJ1KUUXYYT847OT,True
0054794200,6016464018,2025-04-19 09:50:32.599342,826,voice_in,5Q0II,"-60.685453154440665,77.05808861108244",LY4APAF1RFOVRDO,True
3074746656,2258044340,2025-04-18 09:50:32.599359,192,sms_out,OK8KV,"13.71705881887442,103.32535547364142",2NV19CW06CDM3XU,False
9652167009,4065345146,2025-04-13 09:50:32.599375,274,voice_out,22TM1,"23.237125574938474,-14.080652270338106",4JB2VZ9BVEYPYRZ,True
7801118702,2854336794,2025-04-14 09:50:32.599396,785,sms_in,QVDHV,"66.72609004293759,10.293115813697085",6NZJBC07ANX6LDM,False
3181712645,8374734494,2025-03-31 09:50:32.599413,358,sms_in,FJWC0,"-42.41304491519784,40.950411055871",M719FW9BC7EVQN4,True
2761602656,7452815512,2025-03-31 09:50:32.599441,196,sms_out,S025K,"-2.2295726939573655,40.53437033014279",I46Y87GKY0XF22I,False
1535409211,0382185045,2025-04-11 09:50:32.599458,102,voice_out,WMG22,"84.5010460396872,118.46213162173228",R1SCX6207WXWA8T,False
3977257392,5256530240,2025-03-25 09:50:32.599485,693,sms_out,7CWN4,"-52.6463507697658,-88.41912988525883",YWFUAWZTTNOHB0Q,False
5996847411,7781865080,2025-04-15 09:50:32.599502,195,sms_in,POM0B,"-75.99961172489067,48.36943824347705",DSRZ3UXFY15YSK8,True
1107692870,7356184134,2025-03-31 09:50:32.599520,1114,sms_out,FUTB8,"-49.1633490226405,-158.09203906854",KYOQIU0AOUOCCN0,True
9270776372,7411807872,2025-04-13 09:50:32.599543,886,sms_out,VLS62,"23.790055066793386,-179.68389625251925",BD4F9J26R913MF7,False
9347489981,6057132002,2025-04-07 09:50:32.599560,268,sms_out,L0MWJ,"-25.458425860726123,-3.2275801881774555",8PO1UWSB4A8AMA5,True
1358696818,2035049383,2025-03-25 09:50:32.599577,261,voice_out,AL46X,"61.212155978373204,155.84488318372644",WX7CUHYYEIW2LA9,False
1493928057,0158911174,2025-04-01 09:50:32.599598,747,sms_out,JQQ8X,"-42.85586107557392,169.53551724579262",6PSITM3AA8AHOO0,False
7765251616,9734123431,2025-04-20 09:50:32.599616,105,sms_out,FC8P5,"-5.961977145592257,-37.807784157419206",EWC4PJF4MD8ZP9H,False
0574352612,1973882139,2025-03-31 09:50:32.599633,975,sms_out,M2O40,"59.391413365115596,-61.735302867965345",2S9DMUUPWKC0Y8Z,True
1161578792,4265039058,2025-04-10 09:50:32.599663,505,voice_in,50J3R,"20.66822869298683,57.384788703624764",U6UG4PN540YBXNA,True
6184973268,0747936160,2025-03-27 09:50:32.599687,331,sms_in,QRXVB,"46.41392933128094,34.08774293961875",YB10XG4G2RLE811,True
6502318531,9038683832,2025-04-22 09:50:32.599711,647,sms_out,NYFL1,"-71.11911657954417,-40.150500342517006",6HZTOMFPWI7619Y,True
7523230483,4731341659,2025-04-20 09:50:32.599736,120,voice_in,UI909,"-41.07955155292257,8.142684527056986",EQCL03620IOIE11,True
4796945599,8719952040,2025-03-28 09:50:32.599765,624,sms_in,68EC3,"61.53515634441095,-52.6690978977999",M5PNZS2RX9OSVOB,True
5556223515,5740512011,2025-04-20 09:50:32.599791,215,voice_out,DSEWF,"-64.30336953475302,-155.68378496277376",Q8EM438XZZX1X7F,False
0466441950,7511242555,2025-04-14 09:50:32.599823,128,voice_in,FQY78,"-82.52633164650575,15.761152804988768",OP76ZTXTLV5RY79,True
6557164496,9858383874,2025-04-22 09:50:32.599852,278,sms_out,LMM4S,"81.68524964212179,37.89544543452163",YH59CNZSSV3V6FW,True
4624253427,8538655465,2025-03-25 09:50:32.599875,535,sms_in,WZFKS,"60.78299550380186,23.086863772770272",843L7RBQWZHL146,True
7607277864,2355036929,2025-03-31 09:50:32.599893,421,voice_in,QALZ1,"-2.7240212910351147,89.36473021487865",EW5STZEPYPD5C55,False
9308219097,1309646923,2025-04-15 09:50:32.599910,804,sms_out,OYKC7,"-64.25867696435925,142.9085999376514",S2EOD91MF41QZ00,True
6419537390,0559312122,2025-04-05 09:50:32.599928,244,voice_out,ZBKAK,"64.3477617531332,171.2279256569566",OMEXUOOVL6PJCIE,False
0403077940,4784949754,2025-04-03 09:50:32.599947,458,sms_out,FXPD8,"-20.064272177755697,-174.33934316107795",NX1G6GR25LK9JFR,False
3078262030,6305937486,2025-04-16 09:50:32.599968,832,sms_in,LZ5FG,"35.5510435606391,24.511820789751283",B9H5OVANVTRAS81,True
9355021069,2107815269,2025-04-07 09:50:32.599985,951,voice_in,R0RKR,"21.32620855058458,78.36382007693015",27YNWRKB262RGVY,False
4597417125,5808083881,2025-04-07 09:50:32.600002,719,sms_in,5TVDL,"-63.775944615616666,179.64017954536433",EZWUMB35FE79R7Q,True
2832124104,0569684149,2025-04-15 09:50:32.600019,719,sms_out,IC8EZ,"-43.98782008799517,168.0698327456298",72ZL5EDW6KDQD4J,False
3613186061,4488620604,2025-04-19 09:50:32.600036,1160,voice_in,5WIIX,"-45.854474161780836,-66.42120495650869",SIL3WV6IPR7D45R,True
4139925574,2827452753,2025-03-25 09:50:32.600055,716,sms_in,1QT2L,"-10.662842997837942,-43.6827106567801",OWP1EA32WE4CGWT,True
7333308012,4783804160,2025-03-25 09:50:32.600072,968,sms_in,77C0E,"-69.20759833106528,57.9274573883157",XE1ATM6D3EQ41QF,True
2146142433,8676261806,2025-04-13 09:50:32.600088,250,voice_in,BXIZC,"-24.57303827706251,15.942291573888241",0TXN977YG7DEL6T,False
9375431254,9667716591,2025-04-01 09:50:32.600105,836,voice_in,XLCWK,"5.679584661147288,-45.70214823851791",NIESXFO5WGTZXUB,False
5900438089,1169133497,2025-04-20 09:50:32.600122,880,sms_in,8PY6N,"25.49509349638815,92.07426588043995",MVTVF4ZDKP9VOAU,False
2099802763,4173060433,2025-03-29 09:50:32.600138,460,voice_out,ST6CG,"-56.49466477872706,-13.734726589905279",EFULZYT0XUE2SHP,True
9676969336,2177254437,2025-04-13 09:50:32.600155,31,sms_in,3VWOG,"44.19604273876169,142.48390251498694",A7IUI53SWOVYPXW,False
5271353578,8138692923,2025-04-01 09:50:32.600197,88,sms_in,MW02B,"-21.06385397232829,-163.18035691992668",O8J3HONPY091ME8,False
4247731662,3893133013,2025-04-21 09:50:32.600232,742,voice_in,8CO16,"1.0661941283226213,-86.03633157048444",PFA3OTU59Z782JI,True
8225721021,5618661426,2025-04-19 09:50:32.600257,294,sms_in,WN3NM,"-84.04761951055838,4.022496014317397",D0HGDV142NKFJXA,True
5678139167,4268562139,2025-04-13 09:50:32.600274,648,voice_out,BFTRX,"-3.205782248921352,35.075777204022216",USQDY3Q6R2176EA,False
8975740106,4032210693,2025-04-07 09:50:32.600290,932,voice_in,GNNJ0,"14.739782808922484,5.077002702577488",Z7IT5LRB45PPF3A,True
5163132532,7338860264,2025-04-05 09:50:32.600307,724,sms_in,A8ATR,"-75.65171580005315,-109.43517699528365",ZUOHQQVNTJOEZGF,True
3660188771,8448353917,2025-03-30 09:50:32.600333,698,voice_out,C0SFC,"89.6040010248833,149.33967278190295",8B66JQFMJV3BX6L,True
1599213651,6889308934,2025-04-07 09:50:32.600351,956,sms_in,HJ8F7,"-62.959025355276744,-138.71303429693918",8ZLFBBXUGQRMJ2O,False
8306345377,6084682953,2025-04-09 09:50:32.600368,788,sms_in,5QALG,"0.563777769829727,33.373012128199804",O8N4C780GL5XC2X,False
9516999205,1036127812,2025-04-14 09:50:32.600385,591,voice_in,4LSJH,"44.99324164797915,179.33570329421588",F4G7KOTWX76PINJ,True
8193878816,5926518582,2025-04-12 09:50:32.600402,148,voice_out,QW6DD,"-65.73095504727216,-158.35425459747938",MQ1SEJ6ULNZHQZY,True
9723576804,1935244313,2025-04-18 09:50:32.600423,839,sms_in,YEOGJ,"45.353721801677096,-44.21691637851944",C3SUB2QV2JAJYU9,False
3987820205,8177829852,2025-03-28 09:50:32.600441,854,sms_in,0LCQM,"-34.44019692720978,-38.58400817879357",2PVY2A1T8V9XN5A,True
6667089758,6892135839,2025-03-31 09:50:32.600461,948,sms_in,2HDQZ,"49.429369794439,-166.89602578039182",I3ANLQ7H1HLNE6R,False
3033592005,0106629554,2025-03-25 09:50:32.600479,923,sms_in,R2I6P,"21.723552212509844,-75.8317906022241",K1N5RT32R2TSUL5,True
7954325374,6535281428,2025-04-14 09:50:32.600496,933,sms_out,5ENHG,"-59.01707117350951,-37.601392843965016",KUWECR6EOQFJPRV,True
8239333848,2371804001,2025-04-01 09:50:32.600513,1073,sms_out,LTHTT,"30.653598633092898,38.351974913752",OTSBAK2LAN93843,True
2718556309,6809534004,2025-04-09 09:50:32.600530,1133,voice_out,LL1WG,"72.14898464543333,-12.29739299033227",VFIF6F15BKGAM7Y,True
1662340472,0785724186,2025-04-02 09:50:32.600548,295,voice_out,ZYPW1,"69.13138278524355,74.78244392856476",3ONO9TY9ELNJGWF,False
9030936997,0732446175,2025-04-13 09:50:32.600579,342,voice_out,7HCUT,"4.422495773546004,32.50606784064567",SOZDAEWW4RTHY1S,True
1286687494,0788031768,2025-04-13 09:50:32.600597,1002,sms_out,1JNWD,"39.58354302040871,158.5785598625622",0W38WOORT2B7DJ8,True
7098082583,0499041845,2025-04-14 09:50:32.600615,359,voice_in,6F54P,"-19.04202133408664,-131.50017829014695",QYUPPJS1JF0QG4B,False
5664327363,4725141345,2025-04-10 09:50:32.600632,528,voice_out,N6V3Y,"-46.55542271762664,11.57504348234832",AGXXD2EET0RWQPR,True
9926034144,1909535466,2025-03-26 09:50:32.600648,105,voice_in,HN01S,"45.56679334070833,-59.95316546048048",ZKDY9R7WYXR4UWH,False
5945415116,4595008732,2025-04-19 09:50:32.600665,410,voice_in,CXFNA,"-47.64531522443298,-86.76352534609644",HT0NOZV79KU3NQ6,True
8201382668,0515376134,2025-04-08 09:50:32.600682,858,sms_out,91WG3,"51.616291187651285,-151.2202614950224",34IR088PJ0IANTS,False
7399204279,4150608870,2025-04-21 09:50:32.600704,260,sms_out,QROIG,"65.91273500857884,30.850052961775788",I35VD1ZT1ETVWIC,True
5203919875,6310341685,2025-03-28 09:50:32.600722,293,voice_out,ZWSLD,"-64.60047510785364,18.394841801025365",C910CV25C4QND4Y,False
2795174448,4203143106,2025-04-15 09:50:32.600739,792,sms_in,2X3DP,"-40.78029719724778,-84.94947245896887",RHQOJ9TUSF0N8QP,True
5509788801,9794146400,2025-04-23 09:50:32.600755,1166,sms_in,B0TYU,"12.987311193542709,100.15375933922104",QL1KEEJXUR0HZO5,False
4759209362,8002112910,2025-03-28 09:50:32.600772,860,voice_in,ANA4I,"-81.22811823356379,-22.662418110820823",D3ZDVHEUONVGSP8,False
1889342208,6059862185,2025-03-26 09:50:32.600790,498,voice_out,QFLJG,"-51.22036986121663,-26.076817838679233",RLL356FT8Z8MSUH,True
1494504058,3125662516,2025-04-04 09:50:32.600808,214,voice_in,465HT,"24.64427162811434,-177.44349977845386",WJLVF1ZERXUKL2Y,True
1575228408,1682065909,2025-04-16 09:50:32.600825,644,sms_out,BM8V8,"-78.15372368372833,-35.55943009718382",L2EGR56KAMR4RXH,False
3788463261,2995168784,2025-04-21 09:50:32.600843,107,voice_out,BXS6A,"44.55694161645957,29.256857063627848",Q8OMQKKUGK4CSEF,False
6501910244,3125553537,2025-04-20 09:50:32.600860,968,voice_out,LF10W,"-70.25408074910888,-154.83091821823646",V56492R18KWB24Q,False
5213420615,2063442581,2025-04-03 09:50:32.600877,67,sms_in,3BY4Y,"-38.36740691658676,-61.63869263778477",V3KXUTTG7WPERB8,True
7016863194,1931346720,2025-04-11 09:50:32.600893,313,voice_out,BQ0Z2,"-1.8899014405090782,106.66879010980824",1QFCEA8HW36SZ15,True
0366355600,8622204332,2025-04-14 09:50:32.600914,322,voice_in,P3WOY,"-56.49075217333639,-43.24322924017295",3QJJE1CRRWDINWA,False
2339979929,3664620149,2025-03-31 09:50:32.600935,795,sms_in,E8CYJ,"-85.57102686341112,86.44070602624527",2MMOGT1WW8KPSPJ,True
4253684204,3869496304,2025-04-16 09:50:32.600952,1052,sms_in,H89GM,"41.30762141240302,-52.72185122206221",L7MMHYQNB8ELLWC,True
2258201346,8513565463,2025-04-14 09:50:32.600969,209,voice_in,DGU86,"88.97052312231745,92.73275027943282",6GJWOZ3SXFJPDEX,True
4101897605,0637203649,2025-04-02 09:50:32.600985,623,sms_in,VY6ER,"-18.411357464588107,21.18992228779274",7IBRCF9HGCFE751,False
0972850711,6087059397,2025-04-22 09:50:32.601002,486,voice_in,EMCCX,"-73.46278527816258,55.2613984643217",GWA7PI92USSUTGF,True
1608498948,9020727429,2025-03-29 09:50:32.601018,370,sms_in,598IQ,"54.56734080940032,145.76279381196696",T0XSCQE4I5FWE5U,False
9168495172,5831335139,2025-04-02 09:50:32.601037,314,sms_in,6L4AD,"88.65953641874955,-172.67850851068903",I1DMSAM5K1QHODN,True
8476072405,4669240610,2025-03-27 09:50:32.601054,384,sms_out,PCQZW,"-59.88942734983989,36.73471969125285",MXXBAWTMNK97IFS,True
7487502018,0345254717,2025-04-10 09:50:32.601070,1063,voice_in,P8RJK,"-15.696006871286869,-127.12813285188253",2Q4GKXW35XJJC9Z,False
4675415016,7399079665,2025-04-14 09:50:32.601088,411,sms_in,S3E58,"38.483791832595415,46.27649065837227",Q9M3D513S1T3VFV,True
4214028670,9391143024,2025-04-04 09:50:32.601104,231,voice_in,W79EH,"-83.74407696561798,-100.9449926222521",GWQBMTGYVZ5KHGB,False
4196384680,9839180147,2025-04-01 09:50:32.601122,1199,voice_in,UOJPQ,"20.12167239199701,-132.4712167023792",RUWJJE0IKJYDVOL,True
3242530522,8761516370,2025-04-07 09:50:32.601139,1158,voice_in,4B6CD,"-27.430310083544427,-140.05625795626938",CUULDEFWLM7L2KO,False
6936832953,4591995203,2025-04-14 09:50:32.601161,187,voice_in,NWILW,"-49.91005794785147,149.66099450005885",HWSAIS2RB4K0JH5,False
6724484241,6034086240,2025-04-19 09:50:32.601178,566,sms_in,749NG,"24.361084186907945,-143.4636986952841",6SUDB53QY7KP7S2,False
7240602462,9879231114,2025-04-19 09:50:32.601200,167,voice_out,PWN04,"-27.915706801810764,51.20875142585669",I2H9CDRJDBZZJOI,False
5912215020,8618883832,2025-04-14 09:50:32.601218,199,voice_out,C9Q1X,"75.52371967341995,53.36192397990689",GEN7MBVRTBU0VVI,True
0428923252,4670688182,2025-04-06 09:50:32.601239,83,sms_in,H52UY,"-36.705558536512996,92.65682185951118",HBL0QFPQ43X0SC4,False
0906194522,3157406935,2025-04-06 09:50:32.601261,947,voice_out,MUZLQ,"29.128423766762722,-107.94054378489834",LDBGSGEEJ4J9ADS,False
9812490095,9392946106,2025-04-06 09:50:32.601279,527,voice_in,P9TME,"-9.866084953182892,81.24323579818497",5JUZ2BU00LFIO9N,False
8654866144,6993774744,2025-04-06 09:50:32.601295,867,voice_in,02TKV,"23.685373900353625,158.48805608996184",AF7P7OTV9DD7OHH,True
8586953994,0775720308,2025-04-18 09:50:32.601312,885,voice_in,AEE2V,"68.16662742639667,-89.00633533971224",WGMEN7RXJU5W13E,True
0820174000,4535719911,2025-04-23 09:50:32.601329,190,voice_in,TSGA9,"-33.47434112465637,-126.97283592677937",6S3P3YPVI5M6E3P,True
7031420310,6558256417,2025-03-26 09:50:32.601347,1072,sms_in,DZCN0,"76.30049103449556,31.261452770275156",35SUXB974J4YLU0,True
7594377839,6222990720,2025-03-27 09:50:32.601363,183,sms_in,ZA13Z,"88.90642468680568,-108.85565674217443",HNZY6O5DBXGQONL,True
5396288113,8901191190,2025-04-19 09:50:32.601383,903,voice_out,IF0JV,"2.0772541979454644,-127.44714530795494",GN1JP2B66Z2J6YT,True
5579247516,3979787775,2025-04-18 09:50:32.601400,710,sms_out,C1MU2,"-12.637332180508778,43.233826621118965",DJ4VTYDJPO8RXCE,False
3429532171,2865894386,2025-04-03 09:50:32.601417,616,voice_out,D4HCX,"4.746747315816862,90.90994025283857",QV5RBWN53EXSQDW,True
2372969899,1308150633,2025-04-02 09:50:32.601434,790,voice_out,HUD4W,"1.0948596921001439,-90.82870282545375",3RLMP4U11YCQWB9,True
1432828148,1547865639,2025-04-18 09:50:32.601454,129,voice_out,VHUVD,"4.002883036915492,0.9634614632119849",NMMRVIC242L42R1,True
7167650576,5906772925,2025-04-14 09:50:32.601472,712,sms_in,03SSR,"-52.34707928898677,-71.80986464421711",0P68ADU07HLXLI8,False
9586454612,2328953898,2025-04-11 09:50:32.601490,295,sms_in,CEM1T,"18.995229555080883,-153.203607839648",HNJ5EIQY7527S2D,False
2665832015,4009694991,2025-03-28 09:50:32.601507,869,voice_out,J3JLU,"24.342088695594768,-137.94678092557595",8SBX0LAMDD5MFI3,True
8933840229,3356850606,2025-03-26 09:50:32.601524,671,voice_out,6QBO4,"-80.07805285112896,-73.3231783603103",T7VQU5G0MQ4L4XF,True
7657036895,5989120365,2025-04-01 09:50:32.601541,74,voice_in,IR65D,"62.872734677958846,41.26508124680964",UNN20H9C643X2IR,True
7819151224,3010417669,2025-04-13 09:50:32.601561,36,voice_out,2KB61,"-25.254614378232645,-119.30251580547713",6L6I6RLA3XOTT1E,False
1261341878,9723370180,2025-04-18 09:50:32.601578,774,voice_out,EDF1O,"22.655697338507437,-38.796115664119725",2Y1NP557EH9LKGQ,False
8260493053,9349026170,2025-04-06 09:50:32.601596,321,sms_in,5FI5H,"-11.066034211977964,153.73397206376973",2LYVTG82G6SSLK1,False
5922707807,0437398294,2025-04-15 09:50:32.601616,1165,voice_out,TCYAW,"-63.88485920223593,160.69693797131225",VO4WRNIFN4C3EZI,True
0721681432,5408950188,2025-04-18 09:50:32.601635,658,voice_in,DIU73,"-8.58201918353862,110.71275137269731",XQJCSPJRIA9IZK4,True
4987386136,4414223587,2025-04-13 09:50:32.601664,893,voice_out,7T5IF,"-70.19449423375008,-18.163939484081908",0JIY158D3BVL2TG,True
6703887515,3851754193,2025-03-25 09:50:32.601692,110,sms_out,C9HE8,"-47.620927849359504,-25.683749693883158",USHER9UNMA9F6KS,False
9597479291,8295400231,2025-04-13 09:50:32.601709,296,voice_out,GB5W6,"17.5203709136742,-116.96557777665672",RXUBHPVU81I1TYP,False
2734457599,1949565433,2025-03-26 09:50:32.601727,851,voice_out,F67HT,"72.47097653134992,-53.33762157604677",VMSIFNPI5EOY9RI,False
0145120987,3852302544,2025-04-20 09:50:32.601745,976,sms_in,AJAYH,"-4.699447279687519,-130.25896998590207",NCECN3IWODR2FCQ,False
0003389993,6292330053,2025-03-25 09:50:32.601762,388,voice_in,U23SF,"-6.0320576978483444,-47.71293383889301",PEK7JG8STAJ7V2U,True
2932199478,8073950464,2025-04-11 09:50:32.601779,1034,sms_in,VWJ70,"72.42122702395503,-94.77604448378248",Q3RVYRZ1RVLXBNA,False
2987410717,9188316792,2025-04-01 09:50:32.601796,483,voice_out,0YRDJ,"78.19936669657923,157.8295683013904",I8NIS7SPAK3CGL8,False
7840250651,1821962842,2025-04-15 09:50:32.601814,292,sms_out,ODN79,"-56.52969487311891,-13.89446632272589",AB5KZ23M3QHX8P4,False
9099223818,4196297281,2025-03-31 09:50:32.601831,431,sms_out,X5ABZ,"50.04827477168453,32.90655950590332",GGIB25LDKLPJR65,False
3013270047,7375399584,2025-04-13 09:50:32.601848,824,voice_out,ETHY9,"-73.94864090276835,37.8915046118654",RZJ8S4QFTIKALR7,False
2981263517,4715947730,2025-03-25 09:50:32.601870,200,voice_out,5OMXF,"-53.64743223512986,-90.65443643617077",KL52SLWE9V8WHZ2,False
8363275421,1425729040,2025-04-07 09:50:32.601889,888,sms_out,E9R3A,"-0.9688177118668051,-177.210831297544",DA5LOHADPDTK673,False
2848767048,2683123907,2025-04-21 09:50:32.601909,197,sms_out,U423J,"74.45256702480336,117.40323064511142",U40SS39T2EH4FLD,True
7559110341,9903451880,2025-03-26 09:50:32.601927,501,sms_out,LZT39,"46.647832532788016,-121.40651611737658",E0FMQBXBUIUC8SR,True
0439595281,6941221725,2025-04-08 09:50:32.601945,870,sms_out,RIXWI,"-63.216130476757954,72.61318040948623",1TDO7K3JS5P71O7,False
2808486159,1894366196,2025-03-26 09:50:32.601961,118,sms_out,E2HX1,"-11.246097933626316,-149.92283963014512",AO5XTEO6TS8SO2R,True
9905051347,8294594557,2025-04-16 09:50:32.601980,316,voice_in,BZ063,"56.75301346589387,-102.2648663616898",WFOTMDHXZ6HQJAA,False
1726230196,7333362142,2025-04-21 09:50:32.602001,429,voice_out,OLBY9,"25.65328382795515,122.68471202264845",QI3JEI3QRS429PG,False
8727627200,6007018329,2025-03-27 09:50:32.602018,770,sms_in,9PE9K,"-87.34953300219604,-104.65967237286945",ZUDBC2PG6V5X89H,True
3974623050,9041828634,2025-03-31 09:50:32.602034,252,sms_out,NDF39,"-52.316714136111756,102.4947420409739",JJ8LDWZVIX9ZWR1,False
0251919500,7892597483,2025-04-01 09:50:32.602051,269,sms_in,BQSJP,"49.985880646003466,-166.01727784543314",QEEWYM5R81IYGS7,True
6835809770,3891825279,2025-04-14 09:50:32.602068,1001,voice_out,UNX9A,"1.2317990455623686,-172.98223840678807",NEHU8H9VIWITGBY,False
2686657150,6154019618,2025-04-15 09:50:32.602085,407,sms_in,QU1E2,"-48.38131160009483,-179.1558609105081",3SPTMXZ6OTQQFRK,True
7845914741,8930874892,2025-04-11 09:50:32.602108,1015,sms_out,TXKU9,"-46.6716821799862,34.34883245954427",NU3TFOYQF72Z94C,False
9919171095,2461640491,2025-03-29 09:50:32.602124,497,sms_in,CPDUS,"-83.44067659756948,63.21843098084315",AZUG9NGV7VOGTFR,False
8948096902,8894937286,2025-03-26 09:50:32.602141,138,voice_out,FE664,"-48.921109621427604,-176.307706609982",QQC0TST9D86SX61,False
6128962539,3591791765,2025-03-26 09:50:32.602158,1173,voice_in,4ULND,"50.559773286261986,-112.6611181371864",CECEN285RVYKTEF,False
9261660175,6948215947,2025-04-13 09:50:32.602174,107,voice_in,BWXW6,"78.7141670200185,2.7232356924361056",UVHXBOI0LRYZEJ7,True
9239473023,1669625820,2025-04-16 09:50:32.602191,992,sms_out,ZHSLQ,"69.343994102338,-114.31280876848379",GZ8U1ZBDGBZK2M6,False
2857665377,3283083813,2025-03-30 09:50:32.602209,606,voice_in,GRKTJ,"80.25537134089464,-132.3184579915786",5ODPN9F2MUFIBPR,True
4287011005,2311565065,2025-04-11 09:50:32.602226,142,voice_in,KBGSK,"-71.24972885272228,-177.27318123738223",J8GJH73ERQRAJRV,False
1325105476,2173563151,2025-04-08 09:50:32.602247,246,voice_out,617E3,"-59.08762303927711,-114.91351127930491",JZ6QFW9L2R7TMKD,True
0578831414,7607055037,2025-04-19 09:50:32.602265,770,sms_out,90CJJ,"-84.569613712012,116.22306735783047",4IMNVVZIN8XFIUA,False
4398902797,9107808003,2025-03-30 09:50:32.602282,156,voice_in,I9GWM,"-12.84465673142671,120.13814668281543",1HIZZPKWDTL5BON,False
3144107382,4064085533,2025-04-09 09:50:32.602299,1011,sms_in,P9GPC,"-88.40053462000371,-130.83971909236888",GFBRUUQRYZE0FDR,True
9219186364,0199353582,2025-04-22 09:50:32.602316,399,voice_in,X34FM,"-6.739030561101032,17.554114044939382",SNKN6PUO98XSPPP,False
9975470515,8039950162,2025-04-11 09:50:32.602337,817,sms_out,SB85W,"-7.997492964179131,55.108957793237124",OMMNXJUOZETV0SW,True
0136273610,3141281122,2025-04-02 09:50:32.602354,470,voice_in,A512K,"-22.001704562168754,-149.01978367300126",TRVQTR8RBK6CMT8,True
0544045008,8286296201,2025-04-19 09:50:32.602372,324,sms_in,W7DCZ,"-64.78832958508653,-72.73845141354249",7CLU5U0PN1HP1WI,False
7129662844,1885776027,2025-04-14 09:50:32.602389,748,voice_out,4GCLF,"26.57610806682169,-99.99723453636751",ED9SFQVK9DFRI2D,True
5414523478,8486951945,2025-04-08 09:50:32.602406,1059,sms_in,M2WQ5,"47.30846060739765,65.97815826237252",2O0468HVQ6S8CBU,False
5329389790,6593201816,2025-04-06 09:50:32.602424,398,sms_in,DAEFK,"-87.69590209979043,-58.8851243118437",W062Q8JCMIQIDI7,False
2056512530,9571707362,2025-04-22 09:50:32.602441,630,voice_in,FUBCE,"-15.552402092741232,75.08330422881886",AV9NYGZN4SXK0US,False
2698335964,0702672217,2025-04-05 09:50:32.602458,74,voice_out,1UY3E,"31.0078971543782,149.80021883765363",IGLDF5FJ74Y3IE6,True
0820581387,2289294299,2025-03-28 09:50:32.602475,1032,sms_out,NIC05,"-2.408711905394142,-34.89124153990781",BQFIWCYAT0XJG73,True
2134719640,5724312219,2025-03-29 09:50:32.602491,713,sms_out,7F4I4,"-9.486044730333631,-145.69456022417629",S0FX8J524YTZO47,True
1155421438,1705103450,2025-04-18 09:50:32.602509,578,voice_out,S0SZV,"-36.683896957045285,159.37927661874028",9RD9GXW2J4LP8A9,False
5939862739,4068691036,2025-04-08 09:50:32.602525,751,voice_in,S96HS,"33.93397577371307,151.63140551694704",T8Q6FYU7SKVLQCJ,False
0500622032,9176044718,2025-04-02 09:50:32.602546,470,voice_out,PCSJC,"24.044255153265098,67.45185484095381",KVYMFKL4V9FMSXW,True
9925670538,2055724610,2025-04-02 09:50:32.602566,282,sms_in,ZCC88,"54.30777388912287,-158.1032858702478",LSAOQM4ENLP07LD,False
2567785169,9478258757,2025-04-11 09:50:32.602584,40,voice_out,74LU9,"84.8327602650617,-36.204231183638086",VN1LSOHVUU7W86O,True
9311618323,1366999651,2025-04-11 09:50:32.602600,366,sms_out,3JZOE,"-11.825040361994041,144.44873784641845",RWXJKWLNS04KGGW,False
3623821354,9871226654,2025-04-06 09:50:32.602617,289,sms_in,833A3,"3.4911904525286133,-90.4474163133739",34EUGPNIRLETTWU,False
2106653779,9129786179,2025-04-21 09:50:32.602634,256,sms_out,BDDDC,"-15.987660800847237,-57.387897358410555",ETJMNQKYS1FEUF6,False
2626844134,1900579073,2025-04-23 09:50:32.602651,58,voice_in,TX1KB,"17.753144982229514,-98.26357436751445",S21GBL9WYKSOHBS,True
0057483551,3276704139,2025-04-17 09:50:32.602668,1053,sms_in,Z6XL6,"78.07120811350345,49.842489608005536",K4RAUE8FD5ZH7B5,False
9113984854,1482395942,2025-04-05 09:50:32.602685,104,voice_in,PUNO4,"-41.22058224770013,156.38438818108415",88WRQ44EWQ7GMP8,True
5592528768,4013785475,2025-04-02 09:50:32.602702,793,sms_in,LPU5M,"-64.88736074241879,-21.16976509298607",AXJNG26KTEM7X2O,False
6985153852,7656227868,2025-04-16 09:50:32.602722,225,sms_out,UFH0B,"-23.83424344376941,-128.4463996033432",GKRB6UZ1HVRHFU2,True
1627014378,5651300095,2025-04-13 09:50:32.602758,545,sms_out,8TM9O,"-18.846558583072763,67.04889877686625",12WWSB88P9WIVMA,True
1502994592,4395391152,2025-04-08 09:50:32.602778,41,sms_out,SMJKK,"19.16246102590003,56.79670308027323",7CP2Z5R0CE8WTGT,True
9662193697,2779939695,2025-04-23 09:50:32.602799,52,voice_in,CR6H4,"19.496996301276937,43.06634359430021",BXFAYSCCPT31VN3,True
6243394723,4589071154,2025-04-12 09:50:32.602816,233,voice_out,H6CU9,"46.82694530223745,103.01210878786702",O7DHV8RCLNILXE1,False
7962701771,2546193920,2025-04-01 09:50:32.602837,195,sms_out,95MLU,"-0.5033548425404462,-142.87595101729107",2TBKS1LJP8NQZMC,False
6827161263,8852154186,2025-04-09 09:50:32.602855,582,voice_out,2UUIR,"81.71177584641194,-49.38587182117689",3Y2MNWBCR7FNHDR,True
4767719073,6116150393,2025-04-17 09:50:32.602872,311,voice_out,4DZB2,"-82.26367882665143,-149.45310123326647",0W87GDBZMYBKB50,True
9446519598,2128886956,2025-04-03 09:50:32.602889,336,voice_out,JRWFE,"-86.391756972915,36.682001810213166",IHSF6G4BPQA5O6T,False
3337234440,1907074057,2025-04-20 09:50:32.602911,508,sms_out,HA9QQ,"7.515351712279667,33.574731423000344",ATN7A3Y6ZUIOR5S,True
3208748866,6850048328,2025-04-09 09:50:32.602928,628,sms_in,4B9QI,"-32.757281926206886,-150.53418507174607",8ZG28WQHAA89QLQ,False
0591075408,8579047642,2025-03-28 09:50:32.602945,1171,voice_in,WIODT,"-56.97972249317415,-29.069280264922327",YIMBYEAZE31Y3ZR,True
3211262349,9855272631,2025-04-15 09:50:32.602963,404,sms_out,YG9RA,"-18.81770264970413,32.8983113084108",EBSVYNMINZ8CW3A,False
8765889897,6654379473,2025-03-29 09:50:32.602981,61,voice_in,S3AVS,"-26.304973056757014,-113.61943447083105",HDNIG62BJAPELCK,False
1724719071,0909426350,2025-04-23 09:50:32.602999,1173,sms_in,78ACD,"-3.2822127209371104,99.03974078150998",DTMZ1RE3NIM6L0A,True
4072479656,8643858107,2025-04-05 09:50:32.603015,486,voice_out,AUMRB,"59.37171809344838,-165.12407364042042",6V2S90FBYY6B419,False
5936480387,9190755909,2025-04-23 09:50:32.603036,911,voice_in,3HDNZ,"2.5738550968145404,-96.69081417847762",KO7NZELKB6K5Z56,False
3370417778,9938457085,2025-04-02 09:50:32.603053,851,voice_in,Q9PFH,"50.89936815639547,-161.73919414402465",WRZW2MBWDRWGBV2,False
2573149070,9242881855,2025-04-15 09:50:32.603070,252,voice_out,W1PO5,"19.54198932910296,47.54964649798649",PXEOWB015PMJJ6G,False
4355693831,3441104524,2025-04-01 09:50:32.603088,970,sms_out,QKC3S,"-39.281255501873545,1.5604756972981306",1J26ELGJYJKCGNN,False
7995681389,6145124485,2025-04-08 09:50:32.603114,999,voice_in,GEVAT,"43.49832337469931,126.69084631526033",PYBE1I3YTTSD89A,True
2597859727,8215413813,2025-04-09 09:50:32.603137,346,sms_out,USPD3,"-27.196139392792958,90.316984545992",OZ5LNFM0GN1PAMR,True
5058613391,4589951963,2025-04-06 09:50:32.603163,465,voice_out,9AZYT,"-60.026461875192425,59.36068881561383",65K5KNX4O93F858,True
2384444787,6752919908,2025-04-11 09:50:32.603190,1008,voice_in,LSW5G,"-70.31847838514508,-49.18454867468935",6U5CCO6YYCPTQ6D,False
3846811262,8522246855,2025-04-01 09:50:32.603216,560,sms_out,TIWWC,"-31.92706158559649,10.14707660502566",4YBA5Z6WWT50GXS,True
3744479744,4227934802,2025-04-12 09:50:32.603245,485,sms_in,PFIIU,"-73.47301709716665,80.7505870243304",TNDGOQ0UHTWWVD0,True
7093145319,8975798423,2025-04-06 09:50:32.603277,554,voice_in,QJJYH,"-32.33751435395698,177.2572313045684",ITWLL1ITVMIXVP0,True
3117979998,2509202635,2025-04-07 09:50:32.603308,515,sms_in,W7MEE,"86.76837883157481,88.39017170862036",WFPE4CZXHMWEZZH,True
3547837838,6538521486,2025-04-06 09:50:32.603346,152,voice_in,UQXQR,"-58.65033820507232,-22.621974011555125",2B5F6MVO4XGO7R6,False
6972256945,9781467183,2025-03-28 09:50:32.603369,55,sms_out,QB215,"37.13464440555241,36.05098962298433",OKBEINR0YB2MTBU,False
2655820304,0934152413,2025-04-14 09:50:32.603386,564,sms_in,GP9PW,"-34.69701668625055,-11.859428651853165",ZRMR1M01Y6GU2I5,True
9749693779,5863563538,2025-04-04 09:50:32.603403,820,voice_in,X8Z0W,"-6.652283749815496,27.773506474915592",5PU5TCOZJSP1BQ6,True
9425970707,6007807499,2025-04-19 09:50:32.603420,737,sms_in,BF9P0,"88.75828027591456,-54.64271234401171",6MPH8ZJ13WI7EZP,False
1597228858,0324987943,2025-04-01 09:50:32.603436,474,sms_in,AW4S6,"66.1538403344623,-126.34771889775679",CV8E13J4W33XNIF,True
1548996653,4963718423,2025-04-14 09:50:32.603454,811,sms_in,SOMVQ,"-37.3747997002544,50.50627580619067",EP9UT2B78RBFG4A,True
7980075172,0917718827,2025-04-23 09:50:32.603473,944,voice_in,57J23,"-54.749307855924314,-169.1014579088889",MWOVD1H80XKJN2O,True
6263846372,4534979800,2025-04-22 09:50:32.603490,696,sms_out,GSV5S,"-57.10693567028257,58.89380676215828",JD4Q2Z0VCK51G9Y,True
9179403385,6380723954,2025-04-22 09:50:32.603506,327,voice_in,XVCKI,"-57.527769027197756,61.604044856025865",42FH34KY0A1MCJX,True
6147675178,5371230040,2025-03-30 09:50:32.603523,460,voice_in,J84Q0,"-56.081221248919675,-83.65797513837826",05152ZQYU8VA9RQ,False
7144136555,8795196764,2025-04-15 09:50:32.603540,370,voice_out,DB4LJ,"14.859029446376496,172.68897222510287",HTLUX7W4AJBZLP8,False
3166451073,9788397149,2025-04-05 09:50:32.603557,770,voice_in,VSLQB,"25.26392788089467,48.68792376194159",SYQ7WEXE9Z02704,False
9120597752,8100679056,2025-03-31 09:50:32.603574,62,voice_in,OGBRT,"-41.08921842737574,-165.326371287478",JZRHNCAT8GR6I5Q,True
7536457903,6160924610,2025-04-20 09:50:32.603595,769,voice_out,DR1KL,"-56.23499931591901,-67.78703212590054",JX3T1YQL299YBC1,True
3456949085,5511717078,2025-03-31 09:50:32.603612,1087,voice_out,1LLL1,"-71.61494180057316,-8.85447063031097",B718JU3OZQ6LFFS,True
2351890684,2938140036,2025-04-02 09:50:32.603632,372,voice_out,8VG14,"76.49171961831345,49.3649227955751",FKTOUY9XUFQLK17,True
8496157980,2949066420,2025-04-15 09:50:32.603649,894,voice_in,OJGHJ,"-38.17657008481294,119.60350275377886",T1AIWK2QCOWY3JO,True
1055374843,0884939001,2025-03-27 09:50:32.603669,361,voice_out,6SS08,"46.84561207352925,42.97069566169279",T2L873QJ9BVMTIW,True
3859832669,3736324079,2025-04-08 09:50:32.603688,60,sms_in,FHZXZ,"-40.2730275603641,161.9900433428474",VJPM4FI9QAX8D5R,True
5024307294,3362660149,2025-04-15 09:50:32.603705,860,sms_out,6C6IF,"-11.115627185208567,-89.88602374699491",YAB06UPVRGBDR2P,True
1434590098,8540144205,2025-04-12 09:50:32.603722,861,voice_in,R279W,"-29.724568628411504,-126.36292796204006",ESVWX5MEZRSLCTZ,False
5751766126,8348716165,2025-03-26 09:50:32.603738,908,voice_in,QAIVL,"-68.48630445685271,65.5543395146245",YZCEN4BUFEA12MI,False
4826944355,8716488103,2025-04-05 09:50:32.603755,445,voice_out,XN108,"-83.4000271997044,53.88585174843956",KBXDNR91C06P29U,True
7804700972,8784831223,2025-04-04 09:50:32.603771,107,voice_in,78IQ1,"75.99452756681686,-112.27442073812118",H5R1D4Y6FF3R0V7,False
2976437343,2910099902,2025-04-13 09:50:32.603788,988,voice_in,M52E7,"17.056304701167107,149.02234637544763",O5H8ADG56Z9VFX9,False
5772546035,4583972038,2025-04-01 09:50:32.603820,136,voice_in,WMZYF,"77.27997155569696,32.493852469382404",QYSYEP7W5UP2V7Y,True
5708945420,6599078591,2025-03-30 09:50:32.603850,650,sms_out,8L0CX,"29.241932280348863,91.65195346604469",R59P7B24A6A2FYG,True
8622004357,1078949696,2025-04-17 09:50:32.603867,445,sms_in,UM85Q,"-23.582532618369484,164.96864071341207",7MUZKSYBGTEF6PT,True
0090135876,7659721854,2025-03-31 09:50:32.603884,507,voice_in,K4BSF,"9.65969218351691,-41.65846045502187",UEZG2EQZGU20Y59,False
1168139719,7888242466,2025-04-09 09:50:32.603901,35,voice_in,O56KF,"-38.017211283896216,-26.124416816095646",8GFI3PFMSQS5AFU,False
3564783358,0507369526,2025-04-04 09:50:32.603918,543,sms_out,WKZGR,"0.26529370676244923,-18.95779870008124",GGXU5OOX18QFXAQ,True
8067603196,1415770281,2025-04-16 09:50:32.603936,125,voice_in,2X8E0,"-17.018132746547977,83.8692782446891",J6EMI62PL6JWUBH,True
5746285527,9591624771,2025-04-16 09:50:32.603954,811,voice_out,RMINL,"20.903104233908792,-98.42220150756401",0ROYDB662WY6ZPZ,True
4261303074,0924577578,2025-04-18 09:50:32.603970,378,sms_in,VGZ29,"77.9434511682702,-152.86586778404344",40QAWRJR52675L4,True
5239586436,5051991402,2025-03-30 09:50:32.603987,400,voice_out,OH8BD,"-44.14900062062381,-163.8382031826603",5S3OKITEWESAE62,True
3212619089,4948649961,2025-04-22 09:50:32.604009,237,sms_out,U5T6O,"44.53869572113908,59.55697737944561",3WVE5XJMRBFAE3J,False
4329258718,5356067642,2025-04-02 09:50:32.604026,365,voice_out,5YYCZ,"-16.66521613084393,-110.81716710525984",L4GGTM11EFH1MZ0,False
7950063401,3656881012,2025-03-25 09:50:32.604043,1127,voice_in,K4VID,"79.45539727445845,119.89037837003139",WS9IJYKSC9CHOFL,False
9987010006,0739968501,2025-04-19 09:50:32.604063,844,voice_in,2Q9D3,"-25.566985707182994,-83.39942831076102",62I9VJDF58W5IDI,False
4504277238,6702923363,2025-04-05 09:50:32.604081,1046,sms_out,GL50H,"-45.54507242342415,-34.100350111761",4RBUOTSYGRSIYQW,False
7973847383,8690628932,2025-04-07 09:50:32.604098,55,voice_out,3E7T5,"88.71439566807783,-123.98319408524748",IRRN0LBWSNMZI0J,True
9762421459,0614568217,2025-04-03 09:50:32.604115,81,sms_out,712WQ,"73.02578596817892,49.35646139520537",GDBI0ER4CSVKH18,True
9115502361,2968400304,2025-03-31 09:50:32.604131,615,voice_in,3UN9B,"76.10726383391113,-36.584773765164016",7WG6LB0F7TT3DF8,True
4090321400,9322428398,2025-04-13 09:50:32.604148,389,sms_in,SUV1V,"-81.37259465948043,52.27705437476453",0KOCXE2ABQ2V9RM,False
3517364552,8383928019,2025-04-02 09:50:32.604166,882,voice_out,MTHPO,"-86.08513379430939,-161.84673144587296",B9I0VAQP38X6ANM,True
8010387266,7508620699,2025-04-06 09:50:32.604208,199,sms_out,DNQ8P,"-0.2583042301553604,92.2183580437574",2EY6UJ2IMNX5YVQ,True
5295448388,2423967192,2025-04-17 09:50:32.604239,270,sms_in,VTTL5,"15.889591514783135,-46.744217436627224",V2UQIMZ62SSQJZL,True
2312757219,1793838032,2025-04-07 09:50:32.604261,308,sms_in,IF53I,"-68.78165471956784,-110.6810351250206",6T0CPHCR9FSTC4F,True
3300298631,8449530151,2025-04-13 09:50:32.604281,140,sms_out,D52SZ,"58.1074491792333,-16.959639435853603",NAAQR6ND1BUZ0YO,False
7574278655,6022315130,2025-04-05 09:50:32.604307,510,voice_in,LN04I,"7.789027741303869,-141.94792512431695",WRBUC7EO5E8N4NX,True
5632110790,4109747796,2025-04-02 09:50:32.604334,1157,voice_out,1KGQ8,"-40.2591566499806,68.97920992334173",MCJZ3X98KC5GF27,True
6286447380,5635585804,2025-04-23 09:50:32.604359,958,sms_out,T3HXN,"35.59001800185213,-40.0344210388383",1P4KUWS7QF90OQ6,False
1760731634,5883646030,2025-04-20 09:50:32.604377,352,voice_in,X1XGG,"30.383329685645407,119.03211784730706",8R88F2XHD3ZB7BZ,True
7923472361,0479839509,2025-04-14 09:50:32.604402,255,sms_out,G0ZR8,"-58.1851613969347,165.68953116110714",84PBRN8C04YWGRB,True
5731391287,6623729657,2025-04-15 09:50:32.604419,561,voice_in,WCMYD,"55.917945031705216,-124.78705144133599",AL92MM7B7VABKO2,True
4845728543,4627246650,2025-04-02 09:50:32.604436,1041,voice_out,A5FL2,"-27.808203770098835,62.61231346532762",28NQT2KAK432Z26,False
8279032625,2166353973,2025-04-11 09:50:32.604452,587,sms_in,WL9KZ,"47.74417257081936,-49.705105105031436",E9L37L3OR7UV2QB,True
4398697888,4068449110,2025-04-04 09:50:32.604471,683,voice_in,NEAYW,"46.10094048522504,64.82942104407701",72E27C5HKNARUX3,False
3106946208,3934847358,2025-04-02 09:50:32.604494,1095,sms_out,A08BM,"13.880401718888876,-73.61538689609257",LNKMHP499EH3RQ7,True
5515106255,4167170972,2025-04-10 09:50:32.604511,1104,sms_out,AXSIG,"-40.06144064340964,82.0716376774343",RGLXJI84KXTYEWT,False
4258915367,8078415278,2025-03-30 09:50:32.604528,323,voice_out,2THJI,"82.2783333656985,107.22296709122196",2ICLMNZN47YBBME,True
3739081104,8285047228,2025-04-11 09:50:32.604549,685,sms_in,UQSL1,"-15.155259788139787,-120.37039251792724",MJFEBB6CCKRNAB9,False
9180793696,9886570849,2025-04-20 09:50:32.604566,1097,voice_out,V2PV2,"-82.51024784824932,38.62227590249063",GKH1USHN9GYSAK0,True
2930429660,2658994332,2025-04-04 09:50:32.604583,975,sms_in,OH22J,"-0.721660592607563,-161.26707862826365",OX5EN2QTS8I4QC8,False
1763506464,7948558654,2025-04-14 09:50:32.604604,663,sms_out,O8I3W,"-87.85927554892614,-80.10059994450329",MO61K1KU7WAPBQ5,True
4757788278,2459757757,2025-03-27 09:50:32.604621,284,voice_in,8PPZC,"68.91436948912451,-0.07311062851675842",8HUBI74HRXD1R9D,False
3480464560,5392368119,2025-03-31 09:50:32.604638,950,voice_out,EBO45,"52.75152671538328,-77.15603266189633",ZDCG69KK4JMCYHS,False
2346818235,7493012671,2025-04-22 09:50:32.604655,394,sms_in,G1A3M,"39.641859647832575,-1.1321074034161143",Q9ELB3IEEKSR6L8,False
3008851606,6479893022,2025-04-17 09:50:32.604676,337,sms_in,1EUH2,"-46.692768592004676,-114.64212378792351",AA7ICSFHJR86BE5,False
5294221531,8608474254,2025-04-12 09:50:32.604693,865,voice_out,0DDDE,"-12.690825192203505,-121.86436622729885",P5NKSE8WIQM9A7H,False
7451809510,1434742245,2025-04-06 09:50:32.604711,187,voice_out,QMY1F,"-2.0951451539216777,-101.51049997632781",C23VTUPJYHUWB0Y,False
7134805362,9645248252,2025-04-01 09:50:32.604728,478,sms_in,ELTF1,"31.18677541817584,-87.73907614268734",P09O7IYELL9EV5W,True
0821398411,3834201388,2025-04-15 09:50:32.604748,576,voice_in,6XHH5,"-50.281556120740184,85.36610655849671",L1KTBTRPA95R4B6,True
8406494506,7093900185,2025-03-27 09:50:32.604766,919,sms_in,G7H9N,"28.709506212431606,52.23970034330162",GQIYKJRMYVF4IEM,True
6436579153,9596105765,2025-04-18 09:50:32.604783,306,voice_out,R5PQH,"-24.49646866776166,-107.64395663314342",BRMB9K9EAIOBWN4,True
9045756683,0565561272,2025-03-30 09:50:32.604800,736,sms_out,K9I02,"-19.943952470167318,47.41629257698409",MA928HP50ONV76T,False
6716677558,2295937623,2025-03-27 09:50:32.604817,885,voice_in,PYM7A,"67.21613640671393,6.005332024894102",4O9O6D6H7J71OAM,False
6014316906,5495603009,2025-04-13 09:50:32.604838,863,voice_out,FE3XF,"-74.9754008172938,21.689736925100817",TBVIHT9IMD2QTOC,False
2422165639,2592885389,2025-04-20 09:50:32.604855,1096,voice_out,MW4XC,"-30.84083435997453,-55.557911123677684",AQPKMFL0Z62VQ2K,True
9191052344,0795246804,2025-04-17 09:50:32.604878,743,sms_in,YR08M,"6.903456536170509,147.5956452367439",HGDS72Y1QNOY75G,False
6334356419,8505465564,2025-04-19 09:50:32.604900,1099,sms_in,XFW2A,"33.129834609238415,-39.82953747042339",EX4LX2ORWGUV1CR,True
6628828535,6024332857,2025-04-07 09:50:32.604917,1081,voice_out,59RM1,"76.1445685814216,22.914473408134",V5O4CDKCQTZBS6P,False
6490753204,2333314197,2025-04-20 09:50:32.604935,175,voice_out,BLH71,"3.3477482415435134,118.64437616922697",HI304XMPUY7W0CQ,False
7188264503,0323105899,2025-04-14 09:50:32.604953,357,voice_out,8BMQA,"-59.5387195710979,38.879710204011815",M3V8TBW49GD2ITP,True
9096566092,4273046458,2025-03-31 09:50:32.604970,71,sms_in,PXNPW,"32.5312305692959,130.57708535684952",R40BF6E2XPES1DM,True
7322357933,8849440198,2025-03-30 09:50:32.604987,1187,sms_in,W72B4,"80.75558156560487,-70.41867437152088",27YYHK0YWY9JKEA,False
6983532920,5283748791,2025-04-04 09:50:32.605003,91,sms_in,2O82Q,"-61.15257732479144,29.07284385895744",BOHMBBLL16J0S9C,False
2653442249,7526329407,2025-04-02 09:50:32.605021,661,voice_in,7NA0J,"37.0009972551872,-77.43878167342346",RMXAFTTDV05A17B,False
0670385013,8935869684,2025-04-08 09:50:32.605037,1030,sms_out,L2KSV,"-45.50392607020394,98.27514623657675",E8CWS6M43SD58L6,True
1192378260,5951886611,2025-04-13 09:50:32.605059,794,voice_in,SAN73,"-46.86843108262145,-120.76337204048943",QVWO36FX4Z8B31N,False
7652353470,3966877295,2025-04-14 09:50:32.605080,229,sms_in,TFB0N,"-24.523984263228286,51.4587050518783",8186IHH2N5SQ7TX,True
6691207170,1448761914,2025-04-12 09:50:32.605097,247,sms_out,0BY7A,"22.437556290602373,0.5531952569458269",35MK8I5HJVS3NMJ,True
1029410589,8515476307,2025-04-19 09:50:32.605114,1006,voice_in,UT4KI,"70.40946250317322,-57.45457863031844",9OCU8RW0ABD7SW7,True
0738371028,3939387933,2025-04-14 09:50:32.605130,249,voice_in,Q9RR4,"-54.37613028690316,-77.28871756179848",SBNS3EFLBNSVY98,True
7665630817,2261413162,2025-03-29 09:50:32.605148,780,sms_in,5JLTE,"59.70617527644177,-35.70720956144402",O8XRLDN3GDIFWNJ,True
5512245688,6041882093,2025-04-10 09:50:32.605166,248,voice_in,YGO5J,"20.680551494789967,-80.38687597423467",K12HB876AV1QJR4,False
0628315240,7958954918,2025-03-30 09:50:32.605183,316,voice_out,Q1G8S,"37.83319733877174,-137.09751679026198",G97GG8H2KEDOZIT,True
3873158652,8394133317,2025-04-18 09:50:32.605200,476,voice_out,ATBIY,"-82.58673142448718,-119.09098333371921",ORRTLM5UOL0HO9F,True
9177173136,4467085703,2025-04-11 09:50:32.605217,409,sms_out,6BQDL,"-9.296969418917982,134.17641763060732",UWEV27RBIBIQ6UG,True
2587557335,3032678606,2025-04-16 09:50:32.605234,461,sms_in,RCO7W,"-57.279398296386375,96.5565413118095",SFBJ2Z8SSERBBKH,False
3363176596,0057678849,2025-03-28 09:50:32.605255,282,sms_in,UJDCX,"26.478941017839574,103.08965370095774",RWJWG2HKYT5HN9X,False
4420623937,6733765281,2025-03-30 09:50:32.605273,1191,sms_out,XVLT6,"52.87358273068591,-0.596500241378294",DJS60P4EQ4G686G,False
6330072219,9400766108,2025-03-30 09:50:32.605293,710,sms_out,B34NC,"42.34337865647518,-45.28566297164792",KC74SDCCVFFOO8S,False
1617627382,5132063458,2025-03-27 09:50:32.605310,373,voice_in,A9RZ6,"-27.557100875573852,165.1938743892394",ZADQ0Q01HK6ODJD,True
0915931140,3956841144,2025-04-01 09:50:32.605328,400,voice_in,4UKVS,"21.47955447941149,-158.26267327313073",KXRTQEWO42KRYX6,False
5661487876,2967677677,2025-03-27 09:50:32.605344,977,voice_out,A3H6S,"-12.447688269844306,-103.13538208981683",CDW4S1RQRX9P5AZ,True
3635348692,5835226504,2025-04-01 09:50:32.605363,544,voice_in,4325U,"19.661071082001115,-131.89501290590314",97X9ETC2J8OZDSF,True
8929146732,8998425426,2025-04-04 09:50:32.605391,944,sms_in,A3Q7F,"-23.277913759846697,-173.89355849164622",4TWHRNBBLG1PTKY,True
5202920968,5488969255,2025-04-05 09:50:32.605423,587,sms_in,CQESK,"-13.915557759166788,-161.2618293051441",XSCJ7DSIO9KOX9U,False
2942195369,0374685634,2025-04-05 09:50:32.605441,911,voice_in,JLPDB,"54.42931476757576,-163.88346289869116",U2MUGAEBVWR8LLG,False
0758780387,5528588999,2025-03-31 09:50:32.605459,256,voice_in,4V5SM,"31.148597928233272,179.72774566672626",G36YXNBYATPY2VG,True
3264200868,8323301151,2025-03-27 09:50:32.605476,247,voice_in,WKKZ1,"30.5537583180907,5.3791588143501485",1IWLQK6T4HUQ9BB,True
6475032400,2139154338,2025-04-21 09:50:32.605493,282,voice_out,HK0IQ,"-15.928698840724394,-111.16734634186182",ERECYCUYWN8AYAB,True
0379216939,7005857878,2025-04-11 09:50:32.605510,813,sms_in,JR8I7,"-84.1908178697736,3.7153974580903935",Z5PMD6H11SRWW0Y,True
8252146894,6875653524,2025-04-13 09:50:32.605528,356,sms_in,XC7SK,"-10.847705561090635,-177.9123109570628",5DT0W5E9WAR5WB0,False
8004331938,8370647746,2025-04-22 09:50:32.605549,78,sms_out,JL2LF,"-7.273119952892557,-83.15241888321154",3A4D1N480SLEL46,False
9841705833,9808197259,2025-04-22 09:50:32.605567,297,sms_in,VMYUC,"75.41590649087064,-154.02842416257485",BW4R8AM5PO87R34,False
1862691292,3455793239,2025-04-22 09:50:32.605584,456,voice_in,BLDD6,"-53.53468015035535,33.72722885954016",AAQVZF1GRWA8LM6,True
1476843763,2583187406,2025-03-31 09:50:32.605601,550,sms_in,161DH,"51.53808411066464,-39.960376691164015",6FXYLBSA5I7FJ9L,True
7564114547,3993261276,2025-03-29 09:50:32.605618,924,sms_in,EKXKZ,"26.795172422840707,58.92660993004648",NM611VAT3D2NRD9,False
5961066370,2867325876,2025-03-27 09:50:32.605636,1124,sms_out,VVDMV,"88.16440842326162,-106.54260565930049",NSYZNQ32GIJIYLQ,False
1884950171,3124025669,2025-04-18 09:50:32.605655,803,sms_out,V2U29,"-82.866499933354,23.948121934814026",ZGDY4D3653PUY33,True
3030326494,1737065592,2025-03-31 09:50:32.605672,157,sms_out,UXSZE,"35.98852229296172,-32.82190638827274",K72A08U9P8QUU2T,False
9739781514,7384734754,2025-03-30 09:50:32.605689,384,voice_out,DOY8Z,"-42.655229003967875,94.4947404738632",LSJWODA7B18KEUH,False
0251510071,2787163426,2025-03-27 09:50:32.605706,754,sms_in,FIABU,"44.72881279781336,-94.96610162472855",75ZPE02YNHW83A6,True
5853947205,1792615294,2025-03-26 09:50:32.605723,535,sms_in,QM52D,"-68.84826284993852,114.12730230766925",T1EP5EXX2T2LHGR,True
7593334080,8222756423,2025-04-11 09:50:32.605740,512,voice_out,RBIPC,"-9.248719856230863,-81.07307585137913",L6S5ZMHJMA88Y2J,False
9899144392,7508601348,2025-04-23 09:50:32.605760,1171,sms_out,VPS0X,"4.015106970447491,62.02107312259329",3V8MY9OHACHY11M,False
2129060075,0072268309,2025-03-27 09:50:32.605782,121,sms_out,X5LIM,"-9.04715851804616,-135.2537301154477",XO250E96BR8QJPY,True
2597701040,6387093891,2025-03-28 09:50:32.605798,946,voice_in,RX1KC,"-25.08110741547742,-115.23804121787087",BSJ77K3B8T80M04,False
5219256113,3781275243,2025-04-14 09:50:32.605815,1042,sms_in,845J5,"-37.3042379532114,-69.73167106712278",D1XPNNWW8S7OMC8,True
5926753991,2517092183,2025-03-27 09:50:32.605832,216,sms_in,BGZ2T,"-10.232200047641001,48.719748255726216",7T1WU6AFMNOIKTB,True
0870186015,6027125671,2025-03-29 09:50:32.605849,1085,voice_in,HI4CH,"0.6235888580180955,-71.46279321588388",GMQN2OVNJAONM0T,True
4441722377,6233841231,2025-04-12 09:50:32.605865,946,voice_out,I6D4K,"-57.07559329145273,85.72383857125408",8WSYP6ZXETBU7JQ,False
7705108388,8949800503,2025-04-14 09:50:32.605883,678,voice_in,OZ3SO,"39.84995250746201,128.94210397519402",TYAZJLLDW6BJ1G8,True
0027031031,7214976829,2025-04-23 09:50:32.605900,1163,sms_in,49M86,"-69.01425510163509,138.1669910921355",GROT9AR5IF7H1LR,False
6300128251,7545060534,2025-03-28 09:50:32.605917,1186,voice_out,5OKUE,"-75.98310044081822,89.3779204065113",OH2GAHX3K540MEQ,True
8612654084,3490088008,2025-04-02 09:50:32.605934,713,voice_out,AZ5FG,"64.2761697128058,-27.662569072345377",K30ID9S0EM58X8T,True
3942819328,9898986770,2025-04-19 09:50:32.605960,927,voice_in,EMFNW,"-74.45436233909538,-170.03964750400837",UYZAI2E324BSTCY,True
8045356368,5525945263,2025-03-29 09:50:32.605978,583,voice_out,M0UQF,"-65.66712477702356,125.0311141668052",78SQSLOOIPPHL0Z,True
5037936850,4460912422,2025-04-13 09:50:32.605994,1051,sms_in,DQSIR,"73.55653111141842,-28.01858315374531",3YVD9RI73QFR89Z,True
5695676217,2088413028,2025-04-05 09:50:32.606021,619,sms_out,CDXEL,"-42.24391796291856,43.68979226755823",N53461J16VYX70P,False
1736419132,3008077549,2025-04-05 09:50:32.606044,1127,sms_in,DX0SN,"74.55897491147167,174.60115898425158",896SG5KVIRLX943,False
4635487088,1985178653,2025-04-18 09:50:32.606068,608,sms_in,YL1OG,"-37.07719126443944,24.98453396569866",JLHUQYR7XWDTEEE,True
5539434507,3797670819,2025-04-11 09:50:32.606086,919,sms_out,UW7QX,"-72.57948582814855,-38.04846652801129",YZV7US2MZAC7C3X,False
0526916245,9340376689,2025-03-25 09:50:32.606107,575,sms_in,4LKOI,"-82.63436499497305,-147.13734008936797",PPI4UUYCGI6X8SK,False
1366145129,2691325330,2025-04-10 09:50:32.606142,820,sms_in,D0M6K,"-70.2838536174713,125.051356688667",B5GMF0CMMKFRA31,True
9412944111,6278861536,2025-04-05 09:50:32.606159,200,sms_in,0D6UP,"44.289037809790045,91.99316903725429",AJ4NHX3WCQES6P3,True
8686800127,0095925857,2025-04-06 09:50:32.606177,688,sms_in,GG3H7,"57.5976340459471,-106.38581815391684",9ENG7H9WFWPLKAV,False
2054937680,7558797010,2025-04-02 09:50:32.606194,938,voice_out,0QP7S,"-17.17257983724562,26.78817415129643",CWD0JZO07I2MKEP,True
4622453290,8153164953,2025-03-26 09:50:32.606211,176,sms_in,OKHGR,"25.160420390076126,131.15205372697386",M6UNMZE5UHGZA96,True
1215127623,0765155021,2025-03-26 09:50:32.606228,250,sms_out,A18HY,"-38.250613842562046,10.021012281300187",VMBF5O66FCPD0I6,True
4599639397,9110606574,2025-04-18 09:50:32.606245,1057,sms_out,QZ8OK,"-12.05783525902659,-125.2208459699554",O9YDDQ6VCTUJ554,True
7898667006,8861771060,2025-03-26 09:50:32.606265,876,sms_in,SW44E,"-3.2282882219123366,102.62720940213791",GF6YXKTSS5EEMK4,False
6401476314,6200548678,2025-04-19 09:50:32.606282,869,voice_in,F8XDP,"5.350021483763811,66.2472852929136",V72TCK0ZM2VYIF0,True
4505427959,0126556227,2025-04-22 09:50:32.606299,828,sms_in,8SS29,"-1.365297141182495,-37.49963660208823",NG35REBNDE9E1YN,True
8602382689,0796709476,2025-03-31 09:50:32.606316,460,voice_out,UPACB,"-66.3185604747633,-128.2675687249082",DEXSD2ER9O98MCW,False
3864962934,4584528728,2025-04-17 09:50:32.606332,861,sms_out,CRH1H,"83.83365749553326,122.6690627023209",DZQKG3WF4BGHR31,False
8881383121,1042161013,2025-04-20 09:50:32.606349,531,voice_in,OPQI5,"3.4080732315303663,46.6134495654118",SOX9WDJ0NLB8LQY,False
9079165493,2023624321,2025-04-19 09:50:32.606367,1178,voice_out,QKATY,"-24.67503141092058,-153.1850169095109",9QGHEODHL1DFNPI,True
0152882815,4195041983,2025-04-23 09:50:32.606383,1012,voice_in,366FT,"-76.32321319871077,-163.27931273657873",8GORJASJLSAOFSX,True
1588746738,5951764935,2025-04-17 09:50:32.606400,253,sms_in,HSJCR,"7.446654661400629,-0.06397177449716196",9E6MWYN2J2DPOKO,False
3071313149,1900373864,2025-04-05 09:50:32.606418,785,sms_out,OMDIQ,"11.866504069400875,52.56688826442888",VAK1BO28EF202Z2,True
4882835237,0370676338,2025-04-07 09:50:32.606438,842,voice_out,MW8EN,"-80.56759477225964,44.62879024995229",KAAS7EE7HL91UGE,True
8208228171,9026186783,2025-04-05 09:50:32.606458,42,voice_out,XJ0UT,"-56.58345317993934,25.31622893799451",G4ZW4CKFSVHBV0M,True
5178411572,6338539359,2025-04-05 09:50:32.606487,1119,voice_out,1I95B,"-62.0120241585206,46.417815317876716",HRG45DZG3D3TEBX,True
3490875029,5497173075,2025-04-12 09:50:32.606510,985,sms_out,IG7DP,"-34.64239948071388,168.39530544745975",8CYBMAG91EWT2YC,True
0750402390,5043868473,2025-04-13 09:50:32.606528,113,sms_out,68SYF,"-76.25171172407367,-139.46299057536208",AWLF6HOPYDI60ZT,True
7896842939,9409107895,2025-04-18 09:50:32.606544,748,voice_out,D5U8G,"43.06015101630871,-138.33100788091176",45I0WTCQHUQPVM8,False
4244326638,8386477949,2025-04-11 09:50:32.606562,406,voice_out,OI81L,"46.559774531311575,-8.818879943847435",32T6R6VU300TRDI,True
8964478056,6250153577,2025-04-07 09:50:32.606579,423,sms_in,30J1X,"-62.98027492655315,-42.97060574797388",0I9WAQ4E2SBQPI2,True
3125253725,5499927500,2025-04-16 09:50:32.606595,606,voice_in,YDVU3,"-31.952753884319904,-90.06264425878533",D8D0L4H0NUU93H9,False
0664070094,6891591082,2025-04-13 09:50:32.606631,967,voice_out,C9PX7,"15.090475062390084,-145.919409929026",RIJPMTGNEYNH4LG,False
7403620982,7339982525,2025-04-09 09:50:32.606648,733,sms_out,X4JCV,"-25.4431989375463,-126.5679077295779",MVJM0E02P39JRFT,False
3929340188,7762310490,2025-04-05 09:50:32.606666,576,voice_out,JOGO3,"-30.458954200056844,41.53970383839277",WC62A6PLG542FEP,True
7738701073,3196059971,2025-04-12 09:50:32.606683,493,sms_out,9B4ZV,"37.58627107526998,-63.007527213313466",EP3NR32HODPNC3T,False
0283560327,1727190709,2025-04-03 09:50:32.606701,643,voice_out,VYJFL,"-83.3021189971716,70.2210942844016",MOI64I3QH59VELA,True
6208573140,0592266813,2025-04-10 09:50:32.606718,965,voice_out,RG1JM,"72.18841443112146,-33.280710990545685",2SN2DBZA16U7Z8N,False
6890282657,3006587158,2025-04-22 09:50:32.606734,106,sms_in,KIO11,"17.80209525921198,-102.5859991472883",00B3AQO5XYQFXQW,False
3558975844,6272514697,2025-04-12 09:50:32.606755,637,voice_in,YO1H2,"-69.69622726523568,41.43096021059682",P9FAE6K5U5Y77DB,False
0254245248,0988671949,2025-04-19 09:50:32.606772,666,sms_out,FOYWY,"-65.04373966320779,89.28372848869952",VI48ZY8I3T5M2ZI,False
9762554458,8796375753,2025-03-25 09:50:32.606793,1166,sms_in,VI06V,"1.0977146231417692,-121.68793020306836",XPSE0PDLVMCC6QN,False
1938871997,8988388796,2025-03-26 09:50:32.606810,1089,voice_out,HWJP9,"65.08057496662406,16.81137466271835",GIMKX91UX3BAGC2,False
0967134053,3579635239,2025-04-15 09:50:32.606829,782,voice_in,AWI0M,"76.21219581663425,130.1158485249685",VJ8U4Q8PNOLNK16,True
8818202840,4076919103,2025-03-25 09:50:32.606846,255,sms_out,CE07K,"22.962266098272366,116.69153749975078",6VTI7QFR3PTZHGZ,True
4624641673,1927812014,2025-04-17 09:50:32.606864,334,sms_out,4NUW3,"74.14050365693774,-138.97901071641988",ZABVF0LVM55QXR0,True
7315323886,9076818405,2025-03-25 09:50:32.606885,827,voice_in,BF9LT,"8.947805992528899,150.81726472360907",C08498ALLDMG9AJ,True
4522666788,7922973414,2025-04-09 09:50:32.606902,739,sms_out,37TTJ,"-72.90865973167313,171.4463970653543",G99T9PROQBCWATD,True
4918885722,9483885535,2025-04-23 09:50:32.606918,720,voice_out,B81FG,"36.10513936015286,47.12002515235682",6FFIH2Y4UOMGZZA,True
6868080362,2472081945,2025-04-12 09:50:32.606935,519,sms_in,D40FY,"-34.280916278945334,87.24346825905559",YLDUIQOTRID3412,False
5489069224,3260453766,2025-03-29 09:50:32.606953,871,sms_in,23UME,"-10.515820316184275,52.35108434709929",N0FPVH2FFXH3QIF,True
9529374261,5696772837,2025-04-21 09:50:32.606980,1136,sms_out,5U1WK,"-40.07538851344397,-151.76804709505456",8UM1WR35HYA5J2J,True
4526815355,1184736184,2025-04-04 09:50:32.607013,134,voice_in,NL9PU,"77.972424850068,45.223627044618496",YBU2S4YUY4ZB9FH,True
2947228831,0886268118,2025-04-05 09:50:32.607042,286,sms_in,OG92O,"-21.294466732769592,107.1985275535614",WFTH85ZZI1O8B3A,True
1146288123,8494297791,2025-04-12 09:50:32.607071,716,voice_in,QO6JW,"-9.779919120236173,-52.261198516718",GTB4RIJ9QRSRN1O,False
3856577266,9564391386,2025-04-02 09:50:32.607100,972,sms_in,WXSR1,"33.06136844684471,163.64903746095342",XIRFA7IDQR7REFS,False
6623916327,6865106037,2025-04-12 09:50:32.607134,915,sms_out,90STD,"13.50530275936778,112.95127799234763",BO3D8CTH2JM1YXM,False
0166184165,6933883902,2025-04-08 09:50:32.607165,347,voice_out,MS51O,"70.61551893941905,-125.52969920210288",S32QC42ZKSS7XUC,True
2964292678,7244802333,2025-04-18 09:50:32.607196,449,voice_in,AP1E1,"64.69575358497065,-165.46436960002364",K9PB6O2ILUEH3GI,False
9852123231,6254608856,2025-04-03 09:50:32.607225,216,sms_in,2FDQL,"12.590853069469006,1.5441099319519935",41ANNE1K2VQN1N3,False
5336174074,5313349645,2025-04-06 09:50:32.607258,288,voice_in,3A1M8,"-14.563706397346095,-17.506070166039848",02414J8K2NV7QPU,False
7738391853,0997240419,2025-04-12 09:50:32.607287,438,sms_out,X9ZVX,"26.664652976548396,167.61226232758196",35VH86RX3XC89E6,True
6678674892,9934057765,2025-04-12 09:50:32.607317,1089,voice_in,016P8,"-71.42228040424797,127.33901816128616",3L80YO2THWPZ86D,True
6985357882,7224001198,2025-04-13 09:50:32.607346,937,sms_in,BDNXE,"-35.59269260120782,-97.15228702415621",VUM25LOBX7PS1R0,False
2289888565,8511678017,2025-04-23 09:50:32.607376,917,voice_out,46ERN,"-17.789373552801408,-57.885518929579504",O71O868SDHEOTZJ,False
5273656749,5907078560,2025-04-09 09:50:32.607410,519,voice_in,LQW6E,"-72.33614512121044,-158.10195953874108",LCIQBBCOG2YRC9A,False
9932199485,3988687010,2025-04-14 09:50:32.607440,139,voice_in,1GGRQ,"43.64139084987812,0.046975276932727184",RSP1GZ6Z2DF1U28,False
2507665272,1622540658,2025-04-06 09:50:32.607469,805,sms_in,FFQ0V,"51.35306771335229,-3.9101886858275066",EA4JMNIBFAXZ9K5,False
9586583534,2757593009,2025-04-04 09:50:32.607497,1035,sms_in,L4RKD,"-14.744397133777056,101.21788347528911",NDRT6FTZLHFIMIX,False
7821975770,1934683906,2025-04-08 09:50:32.607527,616,sms_in,T09XH,"-77.20394570428995,138.54362721169184",0N2HGWH0AH3SHAX,True
8691829606,8239927186,2025-04-13 09:50:32.607559,510,sms_in,SRAPT,"-43.3988950481672,-87.10554954523833",MGC4Y76FMQNP3JX,True
7139423318,8640200910,2025-04-13 09:50:32.607588,334,sms_in,PEZPJ,"-77.30297570618889,-153.39861884712408",MQ2PTD3FTE3V82Q,False
1173638325,9554608734,2025-04-13 09:50:32.607617,325,sms_in,PI4SG,"-86.20362246427821,142.0925546583565",YLHZZW77VTFCOSX,False
0561160649,8508765879,2025-04-04 09:50:32.607646,464,sms_in,WP1DU,"24.78370593182227,-124.88874159754047",OZIAGQ06B0ZI4OF,True
9637893914,3832219879,2025-04-23 09:50:32.607675,1121,sms_out,1BBRP,"46.35468044778824,41.3557025593104",3ISDC6WFVYLDTQV,True
3941845351,7609396900,2025-04-13 09:50:32.607704,537,voice_in,TT6S1,"79.03104272620041,-42.35315957874249",0GXXEUDQ9KA3L1R,False
9138712762,7819742089,2025-03-30 09:50:32.607733,1058,sms_out,850V4,"-34.63529123968063,147.62500121060793",P93VFUTYI0KM8MV,False
7683163463,1583836288,2025-03-25 09:50:32.607770,200,voice_in,MCGYG,"89.46622668237302,-40.6991870116845",RW94RASRJ0XW6SQ,True
2182254121,4988587718,2025-04-05 09:50:32.607807,254,voice_out,K7EXO,"-54.95290982865554,-39.57034214569978",VBK9323C9A2GHYZ,False
4953025100,6689358248,2025-03-31 09:50:32.607836,519,voice_in,EAQZC,"15.916746697248485,49.240815581941064",CMZD3TWPCLRO2OE,True
8742462731,3980238440,2025-04-04 09:50:32.607868,80,voice_in,UEZ29,"-87.07373276528466,-53.7636642677284",Q563D72BZ33NGJE,True
2146094090,2602894588,2025-04-07 09:50:32.607897,1200,voice_in,TXJSF,"-39.28026640199512,-55.436405300579395",MSHS9XF0TZT9AA0,False
5275561694,9131797619,2025-04-21 09:50:32.607926,401,voice_out,T5LPP,"-58.601515655130285,-7.272699985065941",ZGP2UBUZ6WNVDFI,True
0896327909,5317402012,2025-04-15 09:50:32.607956,394,sms_out,56N1T,"-54.414185216616445,81.48813513206807",X907QWHWGGJK8WE,False
6423295065,1753729550,2025-04-04 09:50:32.607993,349,sms_out,PWGAN,"-52.175340759740564,48.04721493566197",SX5E42V8F72ARES,False
6819925100,5075267057,2025-04-15 09:50:32.608023,815,sms_in,BLT39,"45.178911786742304,-69.77840193014531",8CZUPBM901NLWD8,True
4900340251,1419708210,2025-04-08 09:50:32.608054,406,voice_in,G7WLK,"89.87674623934527,-174.41031741423473",M8F5RVR9GSHCU23,True
6467848172,1809519324,2025-04-20 09:50:32.608083,776,sms_in,2CBGN,"-50.76787047204845,2.8379671174824637",59FHZ2AMKYPZ1F8,False
7136791314,8702392010,2025-03-30 09:50:32.608117,519,voice_out,VH24L,"-41.497332607806726,-144.09062988445075",A8UUMT19BLFONLP,False
6650745382,5128583102,2025-04-22 09:50:32.608147,660,voice_out,0N52Q,"-9.097166700757128,-157.20303110976855",G3C19SRBF0Z218O,True
9647484194,9051395577,2025-04-03 09:50:32.608199,380,voice_out,H3531,"69.10399003338202,174.81211488823965",BVPF4JKIECKJU0S,True
6979754947,1248288750,2025-03-29 09:50:32.608232,341,voice_out,BB0DC,"71.19379583662237,-33.47540522152869",LZB4OEERM11KI9G,True
3291565404,8430732508,2025-04-17 09:50:32.608333,227,voice_in,GK84N,"-81.4867233714206,-73.87522530377156",WNHG2HNLLBSFQUD,False
3353697777,3681633652,2025-04-20 09:50:32.608366,806,voice_out,4004Y,"-83.491566622756,4.598884211669713",NRW1I5BYW1WCSSE,True
7144650862,3019435556,2025-03-27 09:50:32.608395,489,sms_out,5KC3Q,"-5.188330270591024,-54.365470044980654",8453WLAH1GDENMV,False
7168641323,3913430207,2025-04-04 09:50:32.608423,797,voice_in,IILT7,"24.11977803838387,-175.27946838707206",RVHE49DDWEWTZ8X,False
3064176536,5430022376,2025-04-03 09:50:32.608459,351,voice_out,427RI,"1.3984389790691267,12.74636862433755",M9SSSF7JDNTRMB2,False
1357943805,1278883822,2025-04-11 09:50:32.608488,144,voice_out,362Y3,"3.502618315762632,10.801584156946546",7KB8DMSIC12UQQY,True
2066257786,1552097318,2025-04-17 09:50:32.608519,891,sms_out,9PKPP,"-17.440456447761534,-32.50950816495339",92PI06BOEU7WBG1,False
5493934675,6498752439,2025-04-02 09:50:32.608547,274,sms_in,XWWRQ,"20.841031168601504,-26.91259092816972",D4IY533R5F637QU,True
1092156497,3689873331,2025-03-29 09:50:32.608579,614,sms_out,HNZZI,"18.60653159838982,175.44634363862252",Z6RY87B30QPN60R,False
5849267978,0635464659,2025-04-04 09:50:32.608609,188,sms_out,MIQZU,"-69.19294618092698,116.1878995300446",5MFX8TZFEYC5RN5,True
6910513918,2739436603,2025-04-03 09:50:32.608637,1022,voice_in,VCELA,"-51.26192997782236,161.4782146510853",94BBN7DUBZTPQIY,False
0730189837,3622747748,2025-04-05 09:50:32.608666,213,voice_out,UGVQB,"-78.01491050639117,-130.8517362004476",6MO8NMR9NL3KFO7,False
8405263909,4047853752,2025-04-07 09:50:32.608695,560,voice_in,KQ0XK,"73.21378268463243,-178.82102050425306",JBHWN49KR7YPLTI,False
8414342429,3359513498,2025-04-11 09:50:32.608725,978,voice_out,BSO89,"-32.39383462542897,144.6627028146255",QJ4G4BHYRFYCHQ5,False
8017231219,2332182504,2025-04-16 09:50:32.608754,352,voice_in,8JZ2P,"-50.70768304968503,-171.97749099526203",0QCN3CIE1J0B658,True
7252517970,1569106020,2025-04-09 09:50:32.608783,87,voice_in,9DF7Y,"62.03140624239913,169.16542412601376",B50CFQHV56NRH3E,False
0779192576,9917647993,2025-04-10 09:50:32.608812,567,voice_out,G9ZLA,"-85.16531727835105,-91.76563603266578",JEBR1XWV59QB1X0,True
9495679011,9989625177,2025-04-21 09:50:32.608844,1130,voice_in,9GQKW,"-83.51675619794503,-162.1782491456094",Q9FU66BUQI29E4F,True
8740317436,7167566845,2025-03-25 09:50:32.608872,715,sms_out,91XO0,"-89.71347740212563,138.59550535288378",K5YN7N3082LQ7A4,False
1094182518,9007317070,2025-04-03 09:50:32.608901,958,sms_in,IG974,"38.06971721658056,95.90447881937422",QQYGY5XEAHU2ZXQ,False
7075857885,8744263301,2025-04-16 09:50:32.608932,521,voice_in,Q5H7H,"26.862108129788496,162.415878319382",QG2OI7KLDBPESEC,True
8181485301,4627356156,2025-04-05 09:50:32.608961,605,voice_in,L0OZ3,"-83.45546692433089,-141.62903165461898",FXSO1ORH6HVI0DD,False
2436400939,8891769107,2025-04-15 09:50:32.608990,1093,sms_in,Z322M,"17.10988364901209,-1.9029947431611447",Z5BKLV1L95D5P6C,False
0860390521,3143663311,2025-04-16 09:50:32.609028,423,sms_out,WV4OG,"87.98251070222008,14.619497466733804",G38OVJ3W5Z211UJ,False
0269631885,4590721297,2025-04-18 09:50:32.609057,613,sms_in,1D1TX,"5.67220897371098,-119.28091311222177",JXBWR20PXAVUATB,False
3375034319,6895576492,2025-04-01 09:50:32.609087,1014,sms_out,KSJLN,"-2.169499276555726,28.565279222496372",7T3DKSEWAPGBHP4,False
5272341094,1426498389,2025-04-05 09:50:32.609114,827,voice_out,V2T1X,"-12.570792132251484,-5.687907119432623",F42GKIHNHWV7LE2,True
7606523569,3141169557,2025-03-28 09:50:32.609144,494,sms_out,E9G1S,"-68.66469088676652,-87.33044142240304",EAA34O6ZK7TIYU9,True
2642578243,7320969223,2025-04-05 09:50:32.609174,956,sms_in,GNKP9,"67.37836665525407,72.32980319170863",6JCKV6JX23PHBIU,False
1807692880,9766980569,2025-04-19 09:50:32.609203,969,voice_in,NX3JQ,"-60.728729971513154,-169.8570272215333",41TSAZUB1VOO7LN,True
9208873912,5032126232,2025-03-25 09:50:32.609234,1100,voice_out,FOR4Q,"74.91743157600376,111.48653109384117",8HJDNDRG708CXW9,True
2999100051,1258157762,2025-04-14 09:50:32.609262,612,voice_out,XSVCQ,"64.5870007866344,149.16986287633142",JL4S7I3AOW8SQZY,False
9684218260,1954726241,2025-04-07 09:50:32.609291,1021,voice_out,GM9LC,"31.6668022914632,16.134042908677003",P4OQNGWUJWB2O0I,True
7772586008,2735477830,2025-04-03 09:50:32.609321,1110,sms_in,R04BR,"81.72941642068352,167.08673463013525",3154K3GPAVCEBOS,False
4174441890,1713661215,2025-04-18 09:50:32.609350,1109,sms_out,1QYI9,"3.403710606255544,-84.80432112978166",Y8ZE7JWRLH4VFKJ,True
8210121878,9869534206,2025-03-31 09:50:32.609380,275,voice_in,U1LN3,"84.07372150638696,-50.241034358031555",FX8YVELJKPPH2AA,False
1383896549,4862350306,2025-03-26 09:50:32.609409,889,voice_out,0QCBQ,"-75.34694905998398,-94.69583209375317",K08F3EOHS1BKO3K,False
3783750237,2151341999,2025-03-28 09:50:32.609438,414,voice_out,R85XL,"78.42886476776604,52.28704171179831",DY2HYIHDX4IWST1,True
1896620503,5829091036,2025-03-26 09:50:32.609467,70,sms_in,UM2IS,"-43.44635212019537,6.986626789185948",X5QD38ACIQ3YPVZ,True
8978136545,7281652242,2025-04-10 09:50:32.609502,350,voice_in,INCAB,"-13.289507033483844,-112.55140333700356",YG2W6U1F01KWZRP,False
6014458454,8790306495,2025-04-11 09:50:32.609534,1027,sms_in,TO1BC,"-49.19049697031515,64.22416658259681",ZRI7L3M3SG7TDM3,False
9961596427,9455544732,2025-04-11 09:50:32.609568,665,voice_out,QBQVH,"20.12620873824507,-45.83077404801017",9WL7V9RF3X0PN6N,False
9158321155,5139384995,2025-04-17 09:50:32.609599,876,sms_out,3V3V9,"-51.446404079321866,-156.07611671821527",8XRNEVK4IPWI3FT,False
6231840434,9651194907,2025-04-09 09:50:32.609628,903,sms_in,KSNTS,"85.68252390436837,-134.67340463794693",LSHDJFRGPM9N20E,False
7204885520,0294803566,2025-03-27 09:50:32.609657,758,voice_out,HJUDA,"50.33991130442894,137.6311263026967",XYUM4E6F41GIPX1,True
7283455940,5734413754,2025-04-16 09:50:32.609686,675,voice_in,JSROE,"-12.557086816796115,154.47913871069403",KDYO8J9NZW8SV8T,True
3301188027,3576558681,2025-04-19 09:50:32.609716,979,voice_in,8VIFT,"33.09275591251759,74.19533579655982",MM5QZJHXJHOUKNZ,False
4821735171,8682594627,2025-04-22 09:50:32.609746,753,sms_out,0FP7B,"3.8199126000745736,-19.313529030805825",5XFWSV4ZIDET20X,False
7875181909,2886906064,2025-04-04 09:50:32.609776,528,voice_out,W648Q,"-4.644686596050619,-82.6680201333404",KII9RWFK5ZT4EP9,True
9036644686,5204666735,2025-04-05 09:50:32.609804,395,voice_out,IWTB5,"-85.38776358526309,127.61994280761576",GW2O0OO6YI8BRPN,False
9280595256,7815077355,2025-04-18 09:50:32.609834,964,voice_in,A13QQ,"73.23817229819238,-14.060469263557849",R6T28C7AG264E61,True
8741530842,5941266727,2025-04-02 09:50:32.609864,1115,sms_in,JFX0V,"3.0137843066660253,-95.79095825094008",BRNL6UW7600O6AY,False
6088364511,0090569436,2025-04-13 09:50:32.609894,1005,sms_out,30H5P,"-87.84992957013556,-152.16725796902193",JPPGXCAF9G9UM5L,True
1971047433,4374915471,2025-04-17 09:50:32.609922,681,voice_in,4LNGZ,"-66.47952667542577,-15.741972405532664",ILDNA3DWELR50QL,False
7084880700,8445038830,2025-04-04 09:50:32.609953,1197,sms_in,7APLK,"40.632011843230174,112.85485243551443",6DJCHFNNZUU9HV1,False
7851441194,5247566854,2025-04-06 09:50:32.609984,775,sms_out,WD3MF,"26.41306336953579,54.8343729209364",W5LD61C51HXNPB1,True
1971567073,8966703245,2025-03-30 09:50:32.610013,778,voice_in,TCXZ5,"13.52811991200646,-123.73868889751651",Y1L9MEYHQMB99J1,True
5046462277,3757961351,2025-04-02 09:50:32.610043,460,sms_out,YBZQS,"7.945566913543516,138.14458253431667",M80WV5ESB2IHCNH,True
5967856666,1191236275,2025-04-04 09:50:32.610072,342,voice_in,HIUWW,"6.2850945014855455,-126.21094144310533",NPUC1PF0WW1MBGO,True
9790359928,2006407287,2025-04-02 09:50:32.610107,475,sms_out,HYDSX,"69.91349950653245,-156.8999488326644",S7N4RSKWI7QDY0W,True
0555932205,9830797779,2025-04-06 09:50:32.610137,1044,sms_out,ZMJQD,"46.461671115292575,15.27271602583832",ZFS4ACUA2XDLJMY,True
3103910578,3522814826,2025-04-17 09:50:32.610166,1114,sms_in,97E7W,"-80.44598181869782,-159.17180334854925",MOTG32Q82AZ73ON,True
9637661224,3355763044,2025-04-04 09:50:32.610195,1151,voice_in,3BNUM,"-50.21777262942802,25.54152877501332",LHYGWG7SLNW508C,True
0180176993,6835639315,2025-04-15 09:50:32.610224,132,sms_out,02OC0,"-35.296152897561626,142.8391106426285",H0IZZN1W261AV70,False
0289074103,4303810230,2025-04-05 09:50:32.610254,819,sms_in,XSKOB,"44.5097269185878,159.08568541181563",QG8WBYD204NYQUK,False
4560452295,1657419255,2025-04-21 09:50:32.610283,476,sms_in,ICZDN,"67.6320342438926,160.30362681440243",7LM8RHUIE5VZUXG,True
5356159837,0221549526,2025-04-01 09:50:32.610312,1133,sms_out,98YRH,"-74.24001734981813,8.140284373671221",Y50E3URXBRS8PV5,False
9217304074,9673204892,2025-04-18 09:50:32.610340,570,sms_out,6NTJC,"-52.159529051237435,-58.60225773695623",JAQNFZTGVYU1TCU,True
0480246862,3019916742,2025-04-14 09:50:32.610373,1178,sms_in,QEPZK,"-86.82494140164613,102.47781537060484",8AJ2Z13UZ77Z420,True
6488457099,4639510165,2025-03-25 09:50:32.610402,904,sms_out,TUNCA,"2.8416533519182963,-114.02053627955569",GPKBVHZM6LMVZP2,True
0812937491,0215486325,2025-04-21 09:50:32.610432,274,sms_in,KWV0D,"60.726768613242,-138.73413893228218",3473DWG5YNN4XDF,True
7170566566,6062715674,2025-04-02 09:50:32.610461,119,voice_out,34HVA,"0.6178386471213599,94.9829246693306",Y1NEN2Z95O417O3,True
4392624489,3385320854,2025-04-01 09:50:32.610490,754,sms_out,PZFQ2,"18.629088198032363,175.96471006730866",J944EXXJIYF2HNH,True
3725291777,4688847872,2025-04-10 09:50:32.610520,207,sms_in,VPKAY,"-89.90012030003992,-0.04889158062812271",8EL19A60EFDV6DK,True
5096871381,4848573619,2025-03-26 09:50:32.610550,281,voice_out,TO6G2,"4.970811821543876,-149.31063522532713",MNCFXBXMDE9Z2CH,True
7683823055,0571534085,2025-04-10 09:50:32.610580,1052,sms_out,3LY52,"3.831119968469622,-110.68346918659286",ASY5ZJNO02BAJ7T,False
4962514151,8723719963,2025-03-27 09:50:32.610609,860,voice_in,RLOZJ,"-35.30373552030451,33.79936938698481",0HNH12DYKR5BZ9J,True
2006405360,6868770101,2025-04-12 09:50:32.610645,521,voice_in,C9FMF,"-43.91622069827839,-12.78605846961733",QQEF2NSPTC7CFFI,False
1542936278,3579897006,2025-04-05 09:50:32.610674,882,voice_out,PFNBZ,"40.3303154888639,76.20035745621152",IJONK9TMNKTGIXJ,False
8110385084,1133873363,2025-04-11 09:50:32.610703,809,voice_in,BCLCP,"69.53360181856536,98.2627665887797",274EYQF4OEFVZA5,True
8362771900,5000322657,2025-04-18 09:50:32.610731,1114,voice_out,499JN,"-75.29560425436279,-95.39174061283285",NB2PNFXTUUOGNUF,True
5182911792,7051212683,2025-04-13 09:50:32.610763,363,sms_in,C2SRH,"2.734710158309582,-152.1179372393852",XD2SHGFU8V70KSV,False
3942752051,3047268960,2025-04-05 09:50:32.610790,753,voice_out,LYHH9,"-56.108615087447944,33.913086519892516",EIZ7WQ88913J1EY,False
7895835740,9595164189,2025-04-01 09:50:32.610820,901,sms_out,10I8E,"-34.30035278648118,129.0586829450483",9EQ79QZFUK9P4IV,False
0671285468,5995027271,2025-03-31 09:50:32.610849,698,sms_in,ZXFNU,"-84.58313139105428,112.29521604677723",S5YU8WKKM2FCNJE,False
1600381091,2733349834,2025-04-16 09:50:32.610885,765,voice_in,814XD,"-15.95862829024911,87.3736868174638",OQ9HBFG24WNSK4S,False
1807645155,9848933141,2025-03-28 09:50:32.610913,71,sms_in,TC8EM,"-75.13577892874233,-148.28694693354214",7R8K1FNM3387360,True
5693568571,0781426354,2025-04-15 09:50:32.610942,260,voice_out,W0D63,"50.407682300770034,24.589308944014874",BVKZOLNOERKQGCL,True
9536285890,0108949068,2025-03-25 09:50:32.610981,269,sms_in,MKSWL,"-78.00019844898914,-5.0134612985841045",EY4BN0DX0VWSCUH,False
1292279960,1723891170,2025-04-20 09:50:32.611011,723,sms_in,T8PXW,"-71.90321192051368,-1.139406753871981",7NBUYKD0MXKGIC2,False
0350528908,9540923029,2025-04-07 09:50:32.611041,444,sms_out,GFQ57,"3.0661336536244335,-111.31867188649237",V4KQ3NX81COXLFS,True
6227541290,8242656379,2025-04-17 09:50:32.611069,354,sms_out,83QIG,"-24.025148462611398,-3.1104655931551406",XWM08GM007A20GH,False
7160275900,6335602106,2025-04-12 09:50:32.611099,380,voice_in,CFS2T,"-3.644015673700352,146.90799666355906",FXJCKLV166O7YRO,False
3632330187,0833639953,2025-04-20 09:50:32.611129,939,sms_out,VW0XM,"16.671022218694773,-11.876946055689928",DNJ1GP9XCZ7Q378,False
8041196973,5476861402,2025-04-21 09:50:32.611161,336,voice_out,OUEAH,"-45.962459154726865,122.97091757145029",4Q5L0HAZ052NJ8T,False
3618499501,8629054485,2025-03-31 09:50:32.611192,447,voice_in,1PKI2,"-73.6628279211222,76.12208174950575",Y8GO81BFFC7TIXJ,True
1168813644,6331679232,2025-04-15 09:50:32.611226,78,voice_in,JLC6O,"-28.95674627882576,162.79819224648128",VTUZFU36MKLZQMG,False
4256863763,2602066771,2025-04-22 09:50:32.611256,111,sms_out,BW1MC,"-26.090414704484793,-81.12318852662871",ZJB14F6M0NPDR6S,False
6263065205,4463856193,2025-04-05 09:50:32.611286,150,voice_in,2HCBX,"-6.898885383687613,-98.38733753286868",0XGUVYGIBG7E0I4,False
3707139321,2484837099,2025-04-16 09:50:32.611315,200,voice_in,0SQX4,"23.473548389274725,174.3940816077282",WD81AU4LCXCDHHO,False
8756663791,2343487015,2025-04-10 09:50:32.611345,864,sms_out,3G0Z9,"-71.70274974036896,-67.7919001484761",O5PP4QFRSRD5VG1,True
8624680965,1250693615,2025-03-27 09:50:32.611379,706,voice_in,9QDUT,"66.96090497874309,-53.59268205140961",2HFM309915UVL0W,True
8265353240,4268060846,2025-04-02 09:50:32.611411,863,voice_in,P43NX,"-0.6306275159571868,173.1173597993345",26H7PP9TH4OKPQD,False
2895936677,2374006312,2025-04-05 09:50:32.611440,91,sms_in,0J9D3,"-57.42063256563079,171.77874102178538",C547OSGOXB8OPFW,True
5500393863,4887729119,2025-03-25 09:50:32.611469,1035,sms_in,3BF19,"-84.19655758089235,131.93244674442604",YY9LJHZAVCPRFUL,False
5516631069,6914784369,2025-04-16 09:50:32.611498,1131,voice_out,0WLPG,"-69.02160857700524,23.40483279190093",5FSJ6DL9XELQL5B,False
1760377229,4053658556,2025-04-10 09:50:32.611529,267,sms_out,FXO98,"62.913029644866754,-154.45050240778937",2SSC6I2X7DO5Q3C,False
7933900368,5474372215,2025-03-31 09:50:32.611557,137,sms_out,GDPI6,"-55.90788188697682,-19.663096709363742",SRZLDULVSW3ICXO,True
4187174208,4835451933,2025-04-14 09:50:32.611586,523,sms_in,Q3EIJ,"57.761216836042166,-175.34097800596453",N50T1P297TS8G2U,False
3728017723,3155422023,2025-04-01 09:50:32.611618,487,voice_in,QGYRJ,"-27.590679473007633,146.73057261680827",E0IB13JF09RRH6V,False
1652215536,0324520357,2025-04-17 09:50:32.611647,282,voice_out,84LGI,"58.08636088944846,-123.38938806935688",T9S189LZTUOCVED,False
6935862189,0203548506,2025-04-04 09:50:32.611676,160,sms_in,FJVHY,"41.56553154466883,-148.58672593542218",XL9A3YXP1O02QGA,True
4926119142,4541996743,2025-04-21 09:50:32.611706,778,sms_in,J5IAB,"0.1677604849693779,-30.713195139273296",PDFZ44C96KUCKTY,False
1260719758,1297899459,2025-04-18 09:50:32.611741,393,sms_out,P91PS,"13.746383006606152,14.312355343046903",UM7V9LN8FS2ZFXB,True
7258147960,5505330282,2025-04-16 09:50:32.611777,512,voice_out,1PJDY,"-40.36553391499151,-35.5445964597526",5WO5X13SR1TPV7V,False
9514491608,0783645407,2025-03-31 09:50:32.611807,182,sms_out,6YELC,"51.52991938619573,20.95100800113491",8KM0CASFL3F36KI,True
3695744237,8031128317,2025-04-19 09:50:32.611837,1011,sms_in,OW8Q8,"-8.809263254454407,-117.54998182394573",BVTNOQV0QBH2RKI,True
7712468440,1006044964,2025-04-08 09:50:32.611867,1051,voice_in,NID03,"-17.799354022669093,-35.84530896175329",TEXUR020BU01TWO,False
7935878674,4109788346,2025-04-18 09:50:32.611898,1073,sms_in,D7DIA,"-48.903378230041,-53.563039076362045",H0YV1HF52ATUCBT,False
9944461998,0526683582,2025-04-07 09:50:32.611929,221,sms_in,U2SUD,"62.816163128569826,-127.76398237671968",O8CRYXTOXF73ONO,False
1480284150,0629075243,2025-04-01 09:50:32.611958,658,voice_in,9YAW4,"65.6887377817236,20.27007285144944",MMZMD477TKKAJA9,True
7356304709,4340570533,2025-04-06 09:50:32.611987,801,sms_out,VMXBB,"-31.026327276563272,163.8726360330249",V9LH55FJ2CM717U,False
1306456769,0465939691,2025-04-12 09:50:32.612018,1200,sms_in,A62I7,"66.38565281194488,34.67133860131881",Q49DR9TK9QIWLTC,True
7405920394,1222014613,2025-04-23 09:50:32.612048,1177,sms_out,6G8HQ,"44.64997675062034,-95.77910982652844",15CSXU7U2XES0UR,True
7115312792,5998640405,2025-04-08 09:50:32.612078,126,voice_in,399B7,"0.16473495130854587,-151.0310712427903",7C6GJRHJSO9GJTW,True
2939602152,0207689812,2025-03-27 09:50:32.612107,538,sms_out,30YN7,"69.68251511094749,13.979438409152067",OVTXGTFXOSI7LKT,True
2264008033,1129376848,2025-04-22 09:50:32.612142,785,sms_in,PVMTF,"27.837000007020777,-12.096722167791029",2X639WQ3W2JKEM4,True
8788659661,8909833929,2025-04-20 09:50:32.612335,351,sms_in,Z1PCO,"-12.275346564233715,163.90630300327",TZT4ID86PYFYYL7,True
6078086837,9826783523,2025-04-02 09:50:32.612385,801,voice_in,NTPAG,"20.46884388110881,126.92758507260953",ZR036GJWYE3NALC,True
9418086722,5644375916,2025-04-07 09:50:32.612416,139,voice_in,G28YL,"-18.481790582468165,148.66192279094008",8JAZM55VD03NHLH,True
3072459804,3396268259,2025-04-17 09:50:32.612445,280,sms_out,QPHTM,"39.849179754975836,-73.07393587473693",FWBUGB3XUN9D3JH,False
2750036876,4428401076,2025-04-20 09:50:32.612474,1010,voice_in,3QNKQ,"-71.08663774476231,-133.0589417832415",ZVG9PLZCANXSQYY,False
5458979042,7923276510,2025-03-25 09:50:32.612519,696,sms_out,N5N3J,"-72.18246857878883,67.17579620374192",JILGOACETW3D6Q1,False
5077798620,1490102909,2025-04-07 09:50:32.612549,242,voice_out,9QQXH,"61.82517900347966,88.74692750885879",ECUUYIMQXP3JP76,True
8813438787,2006825369,2025-04-13 09:50:32.612578,61,voice_out,M9EQ1,"72.96991412245202,-28.93774185124107",Y1OOFPDJN0DQ394,True
8271865200,2354155578,2025-03-30 09:50:32.612608,481,sms_out,R4H80,"-58.57629383607682,-121.38635644012128",4K0UDUTSL39SQ6D,False
7943198774,5731819503,2025-04-02 09:50:32.612639,932,voice_out,WMTWG,"-2.6589936921122614,115.08216245914622",IJVN98SSJFUYMKR,False
7481543990,4170238959,2025-04-09 09:50:32.612669,425,sms_in,6ZJ0M,"25.91234344304425,104.49226031304727",0C4XNOTL526TWF3,False
7717762025,1802948847,2025-04-03 09:50:32.612697,536,voice_in,A15EL,"39.671477083134306,-66.76450605174536",9YXGCE1R7LLE615,False
1617399501,8452404414,2025-04-13 09:50:32.612737,79,voice_out,3HS8X,"-89.43395088069838,-46.36277032575555",3T2W6UB12UZWS6X,False
2328055805,5900061001,2025-04-20 09:50:32.612767,309,sms_in,WE0PJ,"52.95770509514489,6.61135294756113",HF3VI8J40RJXY5E,True
9472004795,4959833357,2025-03-29 09:50:32.612797,735,sms_out,K7QUQ,"0.9315000168986671,98.86330442728888",5INUEXLAV6F1WNK,False
6629050633,5954800351,2025-04-08 09:50:32.612827,805,voice_in,UI6VW,"34.012390535130535,140.47599259382486",VR8J8Y4FEGKKGAX,False
3936698214,0184063991,2025-03-30 09:50:32.612857,665,voice_in,YPZCA,"-38.11698785555026,124.76900604247703",0VHWJIGNGA64CKX,False
7678333151,5867451463,2025-03-26 09:50:32.612887,385,sms_in,RU9Z2,"86.99173490645438,60.308954179517855",8SMKJNGF3QZGSVN,True
7622871546,5415779315,2025-04-23 09:50:32.612918,618,voice_in,FSW2R,"61.84525117527869,28.55605073724314",VT8J5ZR1814ZZ4Y,False
0987044307,6897831675,2025-04-19 09:50:32.612948,239,sms_out,KBSSE,"73.68002088058185,-9.568612845802079",9F8PB7VBOUP7AC6,True
8527173151,5782106947,2025-04-18 09:50:32.612977,1074,voice_out,LBUX2,"69.28633479836859,-179.88113086291725",D6SXRDJIIDK48S7,False
8760475737,5833234592,2025-04-19 09:50:32.613006,661,voice_out,OV9Q6,"23.91646062635982,31.55838682791969",9VL9MTHOJJKDAG5,True
3901754291,2524620711,2025-04-10 09:50:32.613034,1131,voice_out,6OHZI,"-9.53042498238419,101.71632704279773",50IRYZXN8IFHNCF,False
9781735102,2392720336,2025-03-25 09:50:32.613065,1141,voice_in,0Y2HB,"20.261893571404087,167.3980541492217",GVV8V5QDWW4E4QW,False
0331089328,4046054973,2025-04-20 09:50:32.613102,62,sms_in,MNIDQ,"34.871646141582204,74.54003375744759",E136BG1WC94JL15,False
1208009234,9892034335,2025-03-25 09:50:32.613138,873,voice_out,0TZG7,"-82.72761449976896,97.59870892669016",A85U60PX9KW77C6,True
6748722849,8621399985,2025-04-17 09:50:32.613166,769,sms_in,ROK35,"13.746210623402703,55.55168872566577",1P3QO36ILJNAGAI,False
9869883090,4931333683,2025-03-30 09:50:32.613196,100,voice_in,H0CAM,"-84.27766037481054,131.75083396643066",N5O9F3Y6UF3WWGD,True
2909055064,7336723466,2025-04-09 09:50:32.613226,635,sms_in,B77EO,"-82.96345911476632,-97.54332821866399",NCCASQBA9ZT3MCQ,False
6032714287,6293357208,2025-04-01 09:50:32.613255,273,voice_in,HSXCQ,"62.966529578338395,36.925549185894056",5CH9OQJQIACA75V,False
0515736378,8872874384,2025-04-16 09:50:32.613286,799,sms_in,IR528,"-6.776627561724979,112.3345287948967",DYFEAX56L9H6IA5,False
3190544837,3975258702,2025-04-19 09:50:32.613364,1111,voice_in,J61EI,"-3.3019638052000317,-148.62194813514657",L6MQIMHG74V1UU7,True
8611313450,8806253211,2025-04-23 09:50:32.613390,499,voice_out,308OT,"-56.05371027234073,134.74133142376962",VLF98SAA337K1WD,True
9538789513,2856683915,2025-04-16 09:50:32.613415,600,sms_in,M7VOS,"-7.630472303750437,36.764724833856945",SQ1CL2HOHP91H9A,False
1453315932,0309453716,2025-03-31 09:50:32.613441,964,sms_out,MN0BQ,"38.18851721736618,22.218426727806758",9H0XY2VZ6GH8H6Y,False
1981219836,9094057822,2025-04-23 09:50:32.613466,560,sms_out,92SZI,"80.3424400527382,-63.364371427695886",JQ2CSE3N6VWT56G,True
2400004625,7722106306,2025-04-06 09:50:32.613498,193,sms_in,5LJ5Y,"-44.28811930734016,-58.35241591432241",HNSAQXZC270821Q,True
1145745876,1934910613,2025-04-01 09:50:32.613524,1092,sms_out,S27D0,"-25.733331220293636,57.711878020619025",PCD4CSBQKUYW00M,False
2401417915,4749833099,2025-04-12 09:50:32.613550,758,voice_out,YF4VS,"-83.69466156446914,-13.362445927952422",BVC15FEEKINOVZY,True
9229875849,0299742863,2025-04-02 09:50:32.613576,156,voice_in,URE86,"-58.648943695247866,-21.301014170730724",VWL1RPL9PRY8SAK,True
2269727476,4407976208,2025-03-25 09:50:32.613602,1001,sms_out,Q6G89,"4.037959403840105,132.0850519798999",0QT9EQ01PL589NJ,True
0670271849,3912612620,2025-04-19 09:50:32.613628,863,sms_in,E9KP4,"-64.67480462271105,-149.76518089906494",ASE4JKF7O4Z5GYH,False
1431148680,4762406069,2025-03-31 09:50:32.613663,986,sms_out,HMJPH,"72.10795794627921,60.72132100374861",VREVGSP58BS8FQH,True
2817238418,9329224667,2025-03-25 09:50:32.613693,832,sms_in,OCA8S,"1.9210473004646929,-45.54910375810232",EIMGSKRSMCZ4ZNS,True
3126261466,8167200285,2025-04-15 09:50:32.613719,283,sms_out,P7H92,"21.75347837740439,-171.34249369034984",DCJ3IAIB4SMOIEO,True
7472936135,2909463116,2025-04-17 09:50:32.613746,907,voice_out,L13TS,"-9.653426603503206,62.36866054121208",TBD2JH2UWPS8CYQ,False
3817288445,2697468976,2025-04-23 09:50:32.613776,1124,sms_in,Q2Z0C,"-84.7771347277572,176.60737058463883",YMKWT2EA9PAEUWE,False
7886349599,8381683326,2025-03-30 09:50:32.613807,553,voice_out,Q5186,"-41.812264644243136,-41.400590330570225",TN7TH1TWTZVBV64,False
6512943900,4472649548,2025-04-02 09:50:32.613837,451,voice_in,4RVRV,"-83.4264625573452,146.6587283272811",2T08HUG0OVXCZJU,False
0602605538,7998664270,2025-04-12 09:50:32.613867,1121,voice_out,9W32C,"53.5677212354052,-49.752568942055944",J3U66PIRVAUX8JB,False
7280639033,5550385103,2025-03-29 09:50:32.613892,921,sms_out,7NB80,"74.8542998197797,179.36296359193597",46GR69CVU4PRK3Z,False
7820024477,0595470635,2025-04-17 09:50:32.613917,690,voice_in,RAABY,"55.67636513246126,175.4609011274324",JYU3IX57BA84POK,True
1621482098,6785553811,2025-04-08 09:50:32.613942,791,voice_in,543IG,"19.432359413586738,133.21235514091393",E0IV2KN5MGII91L,True
5472735333,9577680514,2025-04-05 09:50:32.613967,998,voice_in,A1ZQE,"-66.51960331533236,175.13853615017098",R3D8BJHWXJHQXL1,True
2869923331,9175500046,2025-04-04 09:50:32.613992,959,voice_in,JI2RG,"-51.51796274967793,-153.43573111471645",8PH6W8OKCWAUI8P,False
5735032826,0220285001,2025-04-04 09:50:32.614017,433,sms_in,62V3G,"7.6131197947585605,137.75305274630966",T5NN07NHTCIO2YL,False
6923097771,7265979928,2025-04-01 09:50:32.614047,242,voice_out,XY257,"-57.548717414805715,117.0450330510098",FZ31P5VYLG5ICQK,False
4589758184,6049326571,2025-04-02 09:50:32.614073,869,sms_in,59PHC,"-68.88081655612187,38.741348739045975",CJVRED10YSGJBJ1,True
5174303674,7824051606,2025-04-18 09:50:32.614098,993,sms_out,QSGEW,"16.772934344823994,-142.76717199885584",0NQ02LPB0S2VKOQ,True
8719632415,9631046608,2025-04-16 09:50:32.614122,1168,sms_out,WKEUY,"-85.33632314442089,136.7866344513855",G98NS1LACEE9NDH,False
5652933426,7974611067,2025-03-25 09:50:32.614154,795,sms_in,IV0P9,"73.12609913195533,-82.23119104050288",RR1DBLRQHY6HW9E,False
0070831573,1149794562,2025-04-20 09:50:32.614190,584,sms_out,M1WNE,"-86.88972534638826,24.366987648185642",EF6P62MG5OV0VPW,False
4607568386,6725380033,2025-04-21 09:50:32.614220,507,sms_in,7U3SB,"10.027593148377136,145.68979038412613",G2Q96B78XXL3908,True
9484442057,9644848060,2025-04-19 09:50:32.614250,238,voice_in,00BJZ,"66.5445735014604,-143.71711185282388",EXK5UNMWNE6WMMK,True
9413476995,8641236351,2025-04-19 09:50:32.614281,119,voice_in,BARDW,"47.881260765885315,118.54152738435658",ZKU5KBLMJNHYLR0,False
5839198458,9398577935,2025-04-14 09:50:32.614313,1160,voice_out,VX58J,"-30.499587621796486,74.94687496628603",GZYZRG669H5DCEI,True
4938453894,0182070665,2025-04-21 09:50:32.614338,797,sms_in,3B0PE,"26.25809119276468,39.797780453394125",6QT0GZD3AMILS5L,False
7953591684,2932392079,2025-04-09 09:50:32.614364,647,voice_out,ANDEZ,"9.977644017425789,132.48494557006467",Z6QCPGOQIQUTD53,False
4709084018,3125074996,2025-04-04 09:50:32.614390,1194,sms_out,I8SYR,"-15.22478888743035,-148.54526985637594",9O7JO9RG18GIYR9,True
6872789719,7715243207,2025-03-27 09:50:32.614414,555,sms_in,7YRO9,"-79.87960862852064,-80.08271019298843",RINXVOG3KTWURFY,True
7816100063,8728928756,2025-04-05 09:50:32.614438,768,sms_out,246U7,"-42.511355042849544,55.271179091892776",4IPGZFS84PWMPIZ,False
6759924637,9196480508,2025-04-01 09:50:32.614464,411,voice_in,N4F2B,"-20.16747272477221,110.57732626340055",3V6LBYK1ZEK4DT8,True
1525570257,8208948630,2025-03-26 09:50:32.614488,1000,voice_out,Z0KKY,"49.10748026473675,163.47921557079815",I64MUSOJ3LDDVPU,True
1321856812,0349282738,2025-04-18 09:50:32.614512,237,voice_out,TTLF2,"-8.604889960952704,-12.592134318618633",AH1M8IA3RAGH4AU,False
9457530315,5392715018,2025-04-18 09:50:32.614537,407,voice_out,FSBYJ,"-14.492233918434238,-160.28093044611055",2OIH40RDZR5TBZU,True
9977873151,4907220533,2025-04-11 09:50:32.614570,707,sms_in,L9NHM,"16.06144368991953,32.017181883703444",D0S8RUYZPR5CNH2,True
7240223078,1788122560,2025-04-03 09:50:32.614594,1005,voice_out,90R9L,"-29.450083259584737,106.18027374982523",ZY9UKK4N0AW26PX,True
2767842768,7509922796,2025-04-22 09:50:32.614619,285,sms_in,R5VMX,"-45.32553933880167,-9.8748508622472",KGGVBRUCWZK0WIU,True
3234348206,3102432431,2025-04-21 09:50:32.614649,363,voice_in,QXXLA,"-78.76397994717158,-135.3495068406802",8LMWELMEA3HSFMB,True
0570948195,7501674460,2025-04-23 09:50:32.614674,480,sms_out,RPT79,"47.94968782712181,-6.09542051823081",IKQNR8419EXEH79,True
3748664046,7000129310,2025-03-30 09:50:32.614699,864,voice_in,W2G37,"72.14894691643312,-81.08745196495447",O64X2M3GZT2QPC4,False
1712587246,8091421506,2025-03-26 09:50:32.614740,656,sms_out,O40RK,"21.260211644868974,-5.714801660167723",15H67X2VWOW7F48,True
4657395405,6563326159,2025-04-12 09:50:32.614771,791,sms_out,F70Y4,"-13.922300877329036,170.911423737208",4YWTLBS2ATF5PT1,True
8021279156,1747361143,2025-04-12 09:50:32.614801,203,sms_in,JZSLG,"-10.616352894755877,-58.4072390885531",40VE6B14BE7NBH7,True
8456979476,9918412558,2025-04-06 09:50:32.614826,462,voice_in,DTPUO,"-11.627716264961393,-80.00541597174104",FNL7ZLHMCFEZW8C,True
6957403797,9968918825,2025-04-02 09:50:32.614851,1128,sms_in,UI2M5,"57.84729576151756,107.77990872022082",7P5HBMCAU3C0EG9,True
5276372159,3704604688,2025-04-10 09:50:32.614875,490,sms_out,VZWF3,"-68.64147883435098,-81.17843005194389",M82EKQEDOWTNT3E,True
1159455901,4746759638,2025-04-07 09:50:32.614900,825,voice_out,OLXNF,"53.27958783452149,130.44340787758136",0A4RYIMSRYF7O2O,True
1292243942,1452804409,2025-04-13 09:50:32.614930,775,sms_out,F5BE7,"11.083360267180254,-51.20272604805365",AOEFYSGNO2JK1QB,False
4581115379,8103168344,2025-04-07 09:50:32.614954,1101,sms_in,PM05B,"-22.174903678214065,110.7452719088547",6WRJJ36TYY9HCTL,True
5762434191,6025430460,2025-04-09 09:50:32.614978,802,sms_in,3V3VO,"-78.83501798990626,-122.39979526278552",ATRAT6W75JKXP38,True
2167402372,2713934248,2025-03-27 09:50:32.615003,912,voice_out,L1O5P,"43.30598396866074,35.73616553867524",D98ADJOMW5F3PQI,True
5101071240,6257538597,2025-04-01 09:50:32.615028,757,voice_in,O1ZSP,"42.49772358437252,125.76183621569731",C76I91ZXIOE6FVH,False
3379501395,7126018985,2025-04-17 09:50:32.615054,385,voice_out,M3E2I,"-33.81764338319804,112.53489194148591",K9LPQ804JPJ83A2,False
9268243806,9810642051,2025-03-31 09:50:32.615079,553,voice_in,GEYYF,"74.13651687167916,162.14908800375406",KM7E00UQTUMPTIB,True
0172691799,5843280425,2025-04-04 09:50:32.615103,41,sms_in,FH7DS,"46.66191762471473,-147.51949411470633",3ZKL7BE7G6XO2LY,False
7884640314,5440106416,2025-04-22 09:50:32.615128,1016,sms_out,JH47R,"62.25829398219267,29.68403075374718",Z7F1729TELWNPUZ,True
8811013163,7154171332,2025-04-21 09:50:32.615161,491,voice_in,OQ3GM,"-66.92088205685741,-1.4867622654020636",0NYL9GV1HLOG72U,True
7628840823,6348060381,2025-04-18 09:50:32.615191,409,sms_in,E7JQK,"-71.64486721938965,-60.17989476421704",IYPRH2TJMG24U19,True
1085478181,6036284537,2025-03-29 09:50:32.615223,775,voice_in,D5BUK,"84.19134080098664,-76.11910633501427",DCSKF7BYKSSYFJE,False
6570098843,7341491921,2025-03-29 09:50:32.615259,681,sms_in,1DOXO,"77.71856784355586,-134.79442977273897",TX2Z4Y3DTA4DVDF,False
1105387300,7725631937,2025-04-15 09:50:32.615283,881,voice_in,TYQMX,"-0.80911998825637,70.29711385927757",DDYB014DZPAP9K1,True
6643896898,0083390542,2025-03-30 09:50:32.615308,313,voice_in,4FO1B,"55.22199382188563,-17.74832848705441",ZBK7LDN24KU3TVS,False
9539069245,0223277771,2025-04-07 09:50:32.615332,670,voice_in,0NSHW,"18.343756320822052,144.64276466019396",PRM7U08YK7FAJFM,False
3076732515,1544988884,2025-04-16 09:50:32.615356,223,sms_out,O2AWV,"-29.367413511757,-32.86914857644126",RMQF2ZU8852G51L,False
6274651358,3336768251,2025-04-07 09:50:32.615382,103,sms_in,3VNV9,"-73.58698779974156,-18.021520621470046",VZEKRS3K83J8Y6J,False
9668888152,6333070861,2025-04-23 09:50:32.615409,416,sms_in,OI8PA,"-78.48916724385036,-74.8283801225137",WMD8UYAK2RY6J2C,False
7693167798,2143609934,2025-04-02 09:50:32.615434,211,sms_in,IXM7Q,"-15.284964725889324,-144.76004732828807",DFR03P7G0KD0HAW,False
2501978285,3099370932,2025-04-04 09:50:32.615459,1071,sms_in,EX6PV,"38.03460392922821,-122.6592802190977",O4JUIGAK2B0U1IL,False
8898657091,9280781943,2025-04-13 09:50:32.615484,860,sms_in,S2CB4,"67.65436639094821,122.13127704966297",401SI8B2ETUV44U,False
7666953928,0724474224,2025-04-03 09:50:32.615508,950,voice_in,TS1PO,"-33.12731465503772,21.084170543030098",CZM7DPTZW5ULIJG,True
5047656804,7414106975,2025-04-02 09:50:32.615532,662,sms_out,SLHF5,"-80.49587244496139,-84.17200554663383",622ASY40S2Y5RCK,True
5458756342,4687109275,2025-03-28 09:50:32.615557,209,voice_out,R9C5C,"-33.22558924683127,-101.71005301062155",GGSSOPX9BU2ZMI3,False
9859479058,9735917484,2025-03-25 09:50:32.615589,710,sms_in,Q0002,"22.347530184610193,55.1264736944708",V7KVCU2K67T6426,True
0784404465,0903394853,2025-04-05 09:50:32.615613,1198,voice_in,CSTOL,"66.07686512124297,107.82026846287476",6K58RI7DJ6PL7OW,True
3901595343,0844904733,2025-04-14 09:50:32.615643,240,voice_in,GMD6N,"-62.09148867400927,1.6807048456927873",E5C42F47TR4XZ0G,False
9710614651,9381766193,2025-03-28 09:50:32.615674,984,sms_out,CRFD5,"7.834802618449999,55.090944207670645",FHKSYRT6XJ1HUQO,False
2389301169,3719969040,2025-04-20 09:50:32.615705,706,sms_in,Q9BKC,"-36.674834648959795,-102.68623078511308",DHEEQUIGN7W7AEQ,False
8531345484,2949312692,2025-03-30 09:50:32.615736,1173,sms_out,HGDLZ,"9.912032616982188,34.27134296923478",6K8ARWNIL1VYHJN,True
1941728553,1901966317,2025-04-13 09:50:32.615763,904,sms_out,2MWXY,"72.9320483478262,-43.38891361089665",QTWY9P2EXCMA4U9,True
6755166878,3332915877,2025-04-07 09:50:32.615788,626,voice_in,NQ8BK,"56.33088909764271,-44.9823959252754",ECGTTBFQN6ECPJL,True
6013511210,0343242166,2025-03-25 09:50:32.615812,870,sms_in,H4JUF,"82.34841769793852,125.81166960317483",S2OQ7CUTGP0LB0K,False
7550249681,5419183307,2025-04-17 09:50:32.615837,739,voice_in,PJDEJ,"-21.5224321081633,66.54016651077288",B8DEANB5TNIPG10,False
2685517660,2514059144,2025-04-09 09:50:32.615862,250,voice_in,X04K1,"6.466892266465521,-94.33030460081464",B5W2KM2QQ8O0COE,False
2638030749,0082142521,2025-04-15 09:50:32.615889,183,sms_in,5KKVP,"-85.1585121377816,47.30426146410912",3I6V0IK6WSYZZMN,True
5239389734,6064561268,2025-04-10 09:50:32.615918,1179,sms_in,YFUBW,"-47.68643032825912,105.82480808349385",CO6PQYFTZBIHH7K,False
6060982480,2064070687,2025-04-19 09:50:32.615957,397,sms_out,AYZR0,"1.627750812192346,-167.57966195167663",YQEHBUU9FU6MLJX,False
3866594230,9606551396,2025-04-09 09:50:32.615982,1042,sms_out,E510U,"18.80701461344168,90.9758100323557",BY7DY3J1903FRNY,True
5537842075,1346001035,2025-04-11 09:50:32.616007,856,voice_out,HXG2I,"-47.14405728608831,31.64346903557461",POR9Z303EPWOAKM,False
0001069432,2440844178,2025-03-26 09:50:32.616036,344,sms_in,D5D2W,"69.77836931083218,131.89537581057664",TC6CPQ864ZPFC7N,True
6477407422,8418472701,2025-04-10 09:50:32.616061,986,sms_in,65M92,"-50.23618019360213,72.5010997132051",0XY2WHSFUIDPNST,True
6604382945,3677453579,2025-04-11 09:50:32.616085,461,sms_out,AP2XJ,"39.80079194896416,9.991546974585418",49CJZ5M7MO3OH99,False
0358787249,2054663668,2025-03-30 09:50:32.616111,1143,sms_out,GZFLP,"-11.277488841992962,-46.6450207987194",BQG5MKM6KS2LBW2,True
4502632806,0327116295,2025-04-03 09:50:32.616147,139,sms_in,WPMO8,"11.942912457398236,92.01279127174007",UGCGZYMTNBLRDDZ,False
7158476080,9008603775,2025-04-22 09:50:32.616195,1076,voice_out,LZ4HF,"76.02206631344015,-118.50074372638618",G4W7R0VKNDDLEF4,False
8883156301,0593463907,2025-04-08 09:50:32.616223,980,voice_out,W729L,"-30.051193491295756,22.70971727532887",XARENW52YXHS7UF,False
1650287537,2148345695,2025-04-19 09:50:32.616248,1057,sms_in,OO97F,"-68.0179441360375,126.48952574849943",T39RQQGY31HZQPI,True
6259560934,5655573612,2025-03-26 09:50:32.616277,750,voice_out,XUX1I,"30.05465121391086,-175.08309558882544",5VW7LA45IISYTR9,False
4854839930,2866721176,2025-04-21 09:50:32.616305,92,sms_out,YK3NR,"83.30913260692023,165.27650972116783",55STHJ1E10B6PNJ,False
5957534588,1080509037,2025-04-04 09:50:32.616342,776,voice_in,5HW3P,"8.67165926457146,84.6379824072506",AUE3JQN4XWTASBA,False
8319042551,5844316129,2025-04-14 09:50:32.616374,233,sms_out,3UALD,"-68.20679683293243,-78.19972198077416",3J8CYC3Z8FMCEAS,False
0500741070,6517628903,2025-03-31 09:50:32.616406,627,voice_out,88T1N,"-75.39287194723424,129.34214665455704",6BW4SP77NVQU20O,False
7484912221,6988388763,2025-04-03 09:50:32.616437,282,sms_in,C92AS,"-83.53093334027064,-112.11206289062109",V2YM7J5PEZBDS6R,False
8076496914,2795561045,2025-04-19 09:50:32.616468,706,sms_out,44HSU,"-81.61986457611518,-141.8628960718943",DX842WB7Q60U6PB,False
9557776568,6034511736,2025-03-25 09:50:32.616499,50,sms_out,N2NDM,"12.440471417194857,16.58326392413963",Q2NY1A0NJ7FKO4Z,False
1565334984,0155179665,2025-04-20 09:50:32.616533,708,voice_out,8WPZE,"-13.069420298737356,86.10656442874165",HJRWV8ASMCESC9Z,True
2046252559,1321475127,2025-04-21 09:50:32.616565,1036,voice_out,MVQ5O,"-36.13610811815645,-122.07202291115786",ICDV7IK1GCXIPAI,True
6578674315,9939957442,2025-04-10 09:50:32.616596,680,sms_in,VULLA,"40.79100540284341,51.06437882169314",D5CX99CY8PU7B4N,False
0005373976,6154469542,2025-04-14 09:50:32.616627,599,voice_in,SHRTL,"9.604341671652861,8.020542188013508",HOP206FVRKPSJNM,True
0181062049,0013158976,2025-04-16 09:50:32.616658,994,sms_in,AHN5Y,"-85.17748717917645,123.84734247873502",TWLE1JM2M0OMSFZ,False
1253290638,6828864013,2025-03-28 09:50:32.616689,925,sms_out,OFPQX,"-89.9719005816372,-151.9862647654212",H6349762V8X8TH8,True
4279493207,6034188669,2025-04-20 09:50:32.616720,1117,sms_out,0E51R,"-46.990055090907866,88.22596446165949",4KZ2QW2965IP8CY,True
3270658384,9096824926,2025-04-01 09:50:32.616760,776,voice_in,AUDRN,"61.89524356620029,-1.9928648776633509",2WF8FU8BYOU2SN8,False
3075044654,7995865602,2025-03-26 09:50:32.616793,73,sms_out,C6L79,"-74.29605870020164,-58.830432952673945",FUW4RR7OHUJWA5O,False
5257741922,6599780392,2025-04-17 09:50:32.616823,32,sms_in,S9K4W,"-83.85111155949643,-43.0380588979117",4FJOLIQXFHJDQCY,False
3100410328,8126552663,2025-04-10 09:50:32.616854,904,voice_out,84BDZ,"3.5101036758420037,88.70392520693139",4I6P1PRDBIGOWBC,True
3002597523,8849235961,2025-04-16 09:50:32.616884,366,voice_out,29TXQ,"67.95517998008953,-174.79167826299147",ZYK337R917M7VU0,False
0998127800,1148280001,2025-04-15 09:50:32.616917,767,voice_in,4CK4S,"-60.598889341570235,137.91009341882182",HUSMLLI0PWVRHK5,False
3054540569,3605509158,2025-04-23 09:50:32.616948,681,voice_out,8GWJT,"-12.181320941965822,-36.25769724086865",Z72VBXM1UNON9UI,False
4405533186,4168279987,2025-04-10 09:50:32.616979,409,voice_out,1199L,"40.538211261277155,-124.73388085574331",9TO57CS1BO4V36C,True
7099902627,2303957696,2025-04-02 09:50:32.617011,516,sms_in,X07J5,"35.20543854340475,-67.28731118959277",M3YCEVK8STL8ZIA,False
9661646359,0882081884,2025-03-29 09:50:32.617042,175,voice_out,BHIUK,"52.4577129945545,-45.456640906728666",HZ92BTEMJ0EYAIK,True
6540002880,1415846645,2025-04-05 09:50:32.617073,925,sms_in,GQH2O,"-80.97468716612444,144.54562196087545",RUSMEU6PRPZ2RB4,False
5698884715,4907088451,2025-03-25 09:50:32.617104,385,sms_out,A81CK,"24.20927838198689,58.30277870674905",QLGSSQ9JTD4V2BN,False
2128900048,7849808598,2025-04-05 09:50:32.617139,66,sms_out,EGGOV,"63.55900556813211,155.0533768618041",8AXE6DT47NBVK8U,False
0691358022,0632140602,2025-04-09 09:50:32.617170,110,sms_in,KU26T,"9.988556818444536,-80.6939730471687",S4MVEXY5FI6LCSB,True
9953570668,0620592584,2025-04-20 09:50:32.617202,835,voice_in,SCULG,"58.16954687364057,-3.008827154763196",EZCK5UXK3UPYD23,False
1772121709,9103959283,2025-04-04 09:50:32.617235,386,voice_out,LZMR8,"-14.977360734979086,5.587007701082655",F5G6AQ3XL0AJUWH,False
2866424436,3654323640,2025-03-31 09:50:32.617271,765,voice_out,T0RQJ,"88.07748069674946,27.759114318346434",ZFJ16E419RETRLS,False
7966596409,7847522766,2025-04-07 09:50:32.617301,273,sms_out,9JEW8,"-52.25840747199142,110.00217759657505",IQ21649WUCI3QQJ,False
0453467261,3854392111,2025-03-31 09:50:32.617338,835,voice_in,UG2CB,"-59.37149965778075,91.88259496860644",RUC30LNNAUHTK43,True
0678142802,3361290725,2025-04-14 09:50:32.617369,386,voice_out,FEJGG,"16.471892644195577,-11.34672727093806",UD6ZZ2RN7RVHXIE,True
4387350064,0136550897,2025-03-27 09:50:32.617404,605,sms_out,EAFCL,"21.29321585615672,-161.3315280147015",SIR1A8SIPDA001J,True
2810893827,4265211316,2025-03-28 09:50:32.617430,899,sms_in,TVPEK,"38.46083700864696,116.38195038909441",RKPO7WJ8BXE9DOL,False
9956939623,7041977844,2025-04-23 09:50:32.617460,774,sms_out,NK0SX,"72.9172219994959,-147.75513029656676",HDR1V5SWHPJNV36,False
9303154958,1874428006,2025-03-27 09:50:32.617489,518,voice_out,F8DJG,"20.877909470894352,10.996308675198804",NWX97FF77ITS836,True
9048644341,1433596951,2025-04-15 09:50:32.617517,161,sms_out,ICI63,"-70.92356952537054,-174.30834203865868",Z9ETEG1Y9T9ACQB,False
2505141583,6063375115,2025-04-05 09:50:32.617555,299,voice_out,YWDQE,"-3.5920895190591295,-139.4700315095152",NLRQJUXGC4TPHL7,True
4541260880,6420171259,2025-04-01 09:50:32.617584,753,sms_in,2URN0,"-70.57375338578818,67.19199860555543",YD9TMJY6P3V69AM,True
8420539908,5824550813,2025-04-14 09:50:32.617613,746,sms_out,BU6YC,"-88.6092893791092,126.75864922563704",DEQLMW4IHVQUVCO,True
8223418705,6147798222,2025-04-02 09:50:32.617641,433,voice_out,KHX8G,"-13.170235982191457,134.45074787856993",SD0L97XSIPWI0WN,True
5229867079,8340354363,2025-03-31 09:50:32.617672,601,sms_in,NTX6K,"10.329990621366136,72.63996884161958",JZ9VD261P2YLS7V,False
5577293812,7819355075,2025-04-23 09:50:32.617701,1127,voice_in,52QQ6,"-8.575367975604308,149.8039509222072",JGFDESZDAJVZKMR,True
5216621904,3630803181,2025-04-15 09:50:32.617732,1114,sms_out,T9YQN,"4.536015159546864,-79.05941187803423",GD1VX7J6Y4Z3XPE,True
0708692184,4293397168,2025-03-26 09:50:32.617763,152,sms_out,P7YSU,"78.41758622723842,-13.012237337968514",Y8HECN1C0MQCG6P,False
7064568330,7747701043,2025-04-18 09:50:32.617792,651,sms_out,Z5LIC,"7.989080122632814,-78.16703938243325",3C05KUXKMC2TQ34,False
3837302833,5109169482,2025-04-03 09:50:32.617822,531,sms_in,8AE5D,"18.94086958698614,-175.06721966997753",Q9BT9QIVZ9DGXSE,False
6323987635,6662413742,2025-03-25 09:50:32.617851,736,voice_out,HIT6Q,"58.541490193770414,171.7997125997091",SW63XJRVMOLL8E1,True
3991679418,2473774507,2025-03-26 09:50:32.617888,964,voice_out,EUA4L,"4.963378000043605,81.07755324370794",KZFRB6EE1CLH69G,False
9757597391,6612139014,2025-04-07 09:50:32.617919,751,sms_out,C3CJV,"66.2715809275729,-68.50581587838168",WZ2RBJE9RKGD2F5,False
5713308031,9421265471,2025-04-22 09:50:32.617953,830,sms_in,SDYZF,"-23.257868437532906,-179.47987802176587",MP48ET3LJLYAYAB,False
9678335912,3272897529,2025-04-22 09:50:32.617983,41,sms_out,MLVJK,"60.106687243768704,65.06674696887384",DGGN83W1FUPLM8I,False
2066269886,7084183483,2025-03-31 09:50:32.618012,1108,sms_in,I2MXC,"32.15560472072306,77.46367780550923",XR48IC4G7KF0RVG,True
3925109450,6256514860,2025-04-23 09:50:32.618042,656,voice_in,6P9OD,"-39.531569250639386,-45.91044885239944",GTQZRJP5TONPSID,False
5155140226,2915276473,2025-04-20 09:50:32.618071,1131,sms_out,O086K,"5.691583227188758,158.83325555845988",H00S6PRQA4PFCW9,True
4546284554,4842850701,2025-04-07 09:50:32.618102,1141,sms_out,LRW9A,"-89.76330293471175,112.34377234352047",I22TWAHUQ85B8BT,True
6842788295,1498726232,2025-04-05 09:50:32.618133,895,sms_in,1QJQW,"-37.90335747571358,-78.9719959232583",PORHHAOOK7OCNUP,True
1015165950,4532696481,2025-04-20 09:50:32.618163,586,sms_in,K2CQX,"88.08517258839328,-126.49469900635982",YOAWI2L7OYIAZTX,True
9086990913,0115872873,2025-04-03 09:50:32.618192,430,voice_out,PSEUO,"-82.60400640378106,-142.31781353938104",IVKTJPSLM6CYDYL,False
5973837776,4276288631,2025-04-18 09:50:32.618222,1038,sms_in,GE8A7,"-18.89060146560523,85.53663836489295",UD7MGGIE2HV1AEY,False
2219482186,4142526066,2025-04-16 09:50:32.618251,144,voice_out,05U0V,"72.40845014264767,42.27404680955647",D6QYZS0ZD4FA3TP,False
7253172707,3074294527,2025-04-23 09:50:32.618280,726,voice_in,E5S7L,"83.92456301276616,144.4413019888794",2OAO10QQCCC8825,False
8054181960,6701234833,2025-04-18 09:50:32.618310,1187,voice_out,LSR3J,"1.278197103536229,-159.37820097246018",LLA8PF0G402FB4F,True
7682446665,8799097177,2025-03-27 09:50:32.618345,712,voice_in,7NJYG,"-23.073233982613544,126.3653193860008",FXFHP6HCT72DNLD,False
8724330589,0882508059,2025-04-08 09:50:32.618374,1137,voice_in,2OR97,"11.340922969706696,167.23459061506298",5RSLMDVS7HXV9Y7,True
6195959219,2411666786,2025-03-29 09:50:32.618404,191,sms_in,EZBO2,"-17.64928943837242,168.1772012795144",5E59OLFTBAM1S4S,True
8329655059,5762881625,2025-03-30 09:50:32.618439,850,voice_in,NWQ64,"83.40945228139532,-49.87900509957794",V4OIFHHATI9WRSV,False
6331197815,1079750341,2025-04-08 09:50:32.618468,661,sms_in,9RZ40,"-55.00297710419805,-55.752485792238886",SZSOR31Q0ZYBIRD,False
8814333559,5995388284,2025-04-09 09:50:32.618498,805,sms_in,Z31HJ,"-74.59054754399475,69.35172586774718",97RXRTTHHKLBY49,True
6631112285,1827051980,2025-03-27 09:50:32.618532,383,voice_out,T63W5,"2.2674316892147317,-127.55479304476064",RBMBKB6Z3FOP5MW,False
8063199303,3940073111,2025-04-14 09:50:32.618561,1000,sms_in,L2WVN,"78.98054133503496,104.21441368025438",2PMMTHODH0LYRMX,True
0203716475,7343472185,2025-04-18 09:50:32.618605,878,sms_in,EL3XO,"1.3821776699723216,147.19806439167098",QA4CMWIHCYOH7A5,True
4985549052,3690484340,2025-04-22 09:50:32.618635,451,sms_out,0VUTT,"41.112859369925815,-36.550018796114955",VUMETTFBAJ4DWOP,False
7951882960,6097970445,2025-03-29 09:50:32.618665,759,voice_out,Z384T,"-17.67537414050105,66.24141838022481",LRYFIO8OSNFL8ZO,True
7103363839,1353954807,2025-04-17 09:50:32.618700,398,sms_in,M8LIL,"-84.98306024616238,-100.04219203838919",45MF02AW2V69VDL,True
8888989200,9261164299,2025-04-01 09:50:32.618730,1092,sms_in,48GWT,"-3.5368796744263875,-73.80420906264793",I3MKKONMSM5Z5WX,True
1708888182,1042306081,2025-04-10 09:50:32.618764,240,voice_in,ZSSP1,"52.69361797862035,13.734794298973867",03IPR09JSKV8OAJ,False
2255883740,7430374737,2025-04-21 09:50:32.618793,420,sms_in,1SD8I,"-50.74147663957215,64.07932837920848",83NIX4AP63VSEZC,True
5174519712,3342631206,2025-03-28 09:50:32.618822,277,sms_out,ODHEE,"-78.80198319037562,143.8469995811693",42UA0GBDSNBOE7K,True
1476396096,3465659936,2025-03-26 09:50:32.618851,803,sms_in,6QU99,"-58.26882633300947,-10.053182243235256",N7GQTINVHN0IETG,False
8724665665,5001265653,2025-04-15 09:50:32.618880,1111,sms_in,PMINU,"-36.99710765060042,107.77523813153527",KPNDA2HWOUPQCUA,False
6722826986,5446688986,2025-04-13 09:50:32.618912,218,voice_in,5NM59,"56.903002559374585,105.55253127279872",KVIGHHYECK73HFU,True
1556041863,2426917420,2025-03-30 09:50:32.618943,132,sms_out,MV0TT,"-45.20316215893517,156.44660532011824",BXVG2T4IRPH3N1W,True
3767525310,2721010637,2025-03-30 09:50:32.618973,890,voice_in,VUHWM,"50.53742392096336,129.38781191618972",7G7AC53UX85JYWY,True
6996398520,5329127961,2025-03-28 09:50:32.619002,466,voice_out,NV6AS,"-69.65314576830318,134.5195959919073",IC4TWSESANQ9R6B,False
5249454514,4599781595,2025-04-11 09:50:32.619037,1065,sms_in,SFZ77,"42.90009403288684,-97.28675700074913",ZWMJ1ZEMPO9659W,False
4082226323,7973876983,2025-04-16 09:50:32.619067,181,sms_in,TJPI4,"-50.93233201858266,-149.5063529994674",VIJHHWIXWYM9IFO,False
6993066812,9303698986,2025-04-10 09:50:32.619095,1073,sms_in,PYM2B,"63.37886301839163,-47.17318366740892",X7EHEV5YK16IZSG,True
