event_id,user_id,device_model,os_type,roaming_status,network_type,event_time,location,event_type,is_fraud
I8WOAK72A2,4936995424,YZRDK,Windows,False,5G,2025-04-08 09:50:32.904314,"14.7056021772228,-162.71600257759542",SIM switch,False
XET6I38J6X,5771773848,WYYIL,Windows,False,LTE,2025-04-21 09:50:32.904355,"-79.68938798964017,129.43581398141532",battery drain,True
0K0DDMPD1E,9345515965,USQPE,Windows,False,LTE,2025-03-28 09:50:32.904382,"-66.48867153332233,65.0370833110498",battery drain,False
OZ5OK320VW,3497084104,YONXO,Windows,True,LTE,2025-04-16 09:50:32.904404,"16.869124338138107,154.93351519263138",battery drain,False
GYWKDCBPDI,4579648994,ABAGM,iOS,False,LTE,2025-04-11 09:50:32.904421,"57.519470275359595,72.01833369616915",reboot,True
XQXEBVL5LC,6509985268,TLQOS,Android,False,LTE,2025-03-28 09:50:32.904437,"66.63811395650796,62.676377878440576",reboot,False
DCT0K2FYVO,3693172013,UPJBP,Windows,True,WiFi,2025-04-15 09:50:32.904452,"80.72446958265476,60.171727110887275",SIM switch,False
128232Z55B,4460213581,PXDMP,iOS,False,LTE,2025-04-03 09:50:32.904472,"-58.8135646265484,18.619375282024208",SIM switch,False
E546GQI4T2,8935373724,VCWIJ,Android,False,WiFi,2025-04-03 09:50:32.904490,"22.128514277341353,-54.65131191921114",SIM switch,False
89LDJHLOYT,2886325218,BILQB,iOS,False,LTE,2025-03-28 09:50:32.904506,"-81.90892025806691,101.91282058867586",SIM switch,False
C4DYLCR93M,2192183909,MXQJC,Windows,True,LTE,2025-03-26 09:50:32.904525,"-29.067950465278997,157.10610167063726",battery drain,True
V4BFOGCB6T,4288817322,RLQKZ,Windows,True,5G,2025-03-28 09:50:32.904550,"-66.42773350049477,67.41658054075671",battery drain,True
0149WY2D9S,7180738516,EHMSM,iOS,True,WiFi,2025-03-28 09:50:32.904568,"15.575792634029625,51.81256387707194",battery drain,True
YNS5RE5ZUZ,1976905674,PBLZA,Android,True,LTE,2025-04-09 09:50:32.904583,"-77.50099721936117,95.91186177533098",battery drain,True
85JHT4I1JP,6615394156,EWCMV,Windows,False,5G,2025-04-20 09:50:32.904598,"44.923966038001026,-62.97101139228705",battery drain,True
3HFWCY74W7,0463264789,CLSGE,iOS,True,LTE,2025-04-03 09:50:32.904613,"0.1594628384011827,-131.77492422114355",battery drain,False
Y72BJAXDHK,3685547308,PDYQL,iOS,True,LTE,2025-03-31 09:50:32.904628,"-89.70853498612772,-71.25208155151398",battery drain,False
DW3HA55VFG,1178722217,JAEXJ,Windows,True,WiFi,2025-04-04 09:50:32.904644,"47.89969893327873,99.76020655442545",SIM switch,False
GE650NXEFE,4472780076,DIGLV,Windows,False,5G,2025-04-12 09:50:32.904659,"14.434470776122296,138.34071083200394",battery drain,True
SVWUJ2IRN1,1901976076,UNAAP,Windows,True,5G,2025-04-09 09:50:32.904675,"-68.75788114750586,96.53379853582317",reboot,False
ID3REGIUM0,1833310579,QXVOL,iOS,False,5G,2025-04-03 09:50:32.904690,"-44.24078355124468,-112.03022229761736",battery drain,True
ATJCCY7YGR,6492675621,KWAOI,Windows,False,WiFi,2025-04-16 09:50:32.904705,"83.84323948415789,66.4039157062602",battery drain,False
2G8G6WOYRE,4000802206,CTTFA,Windows,False,WiFi,2025-04-07 09:50:32.904720,"41.40732971294227,-117.50667746691515",battery drain,True
FBMI4LDS7U,6717498415,OXXAL,Android,True,5G,2025-03-31 09:50:32.904735,"-37.126813962648995,-19.095633400911396",battery drain,False
6EMEIB6TQ2,1262029424,BFEZI,Windows,True,LTE,2025-04-10 09:50:32.904752,"54.2330173390545,126.8503436107294",battery drain,True
8IE37DVKRG,0780052686,YBDWP,Windows,True,5G,2025-04-23 09:50:32.904767,"21.84127820186322,-87.93248075524062",battery drain,False
ELML8WQRUG,8386019448,YLKVA,iOS,True,5G,2025-04-01 09:50:32.904782,"68.05199331212981,-63.69903741544594",SIM switch,True
FCGXSKI2S2,0976462115,WUNXY,Android,False,5G,2025-03-26 09:50:32.904796,"30.17946588123533,9.102700933709713",reboot,False
G0RDT2IUEM,6182508152,QGKAL,iOS,False,WiFi,2025-04-03 09:50:32.904811,"-89.77631834055687,-11.330999563409478",SIM switch,False
PN62MYXCRY,9808335361,BBEZP,iOS,False,WiFi,2025-04-19 09:50:32.904826,"10.90051237427933,146.89118256069025",SIM switch,True
UJ294ZOSPW,7619442266,NWAEJ,iOS,False,5G,2025-04-12 09:50:32.904841,"59.91564492774154,-70.73556386908564",SIM switch,False
R0EVMZDCLW,9724762386,WCOAG,Android,True,LTE,2025-03-26 09:50:32.904855,"-16.006904082443086,-63.63618773929814",battery drain,True
M3DSF7H7ZJ,4468125410,GMAQP,Android,True,LTE,2025-03-31 09:50:32.904870,"85.7947474144249,-106.74972722622297",SIM switch,False
Q38M2ROOSB,6766093805,YKWVM,Android,True,LTE,2025-03-27 09:50:32.904887,"-32.60677908091354,-24.25481645506119",reboot,False
ZSSNB5Q3XQ,5853622126,FQMKG,Windows,False,LTE,2025-04-23 09:50:32.904906,"-56.59184562836958,168.99783551984774",battery drain,False
AFEY1TQN6A,3134489455,TOZQS,Android,False,5G,2025-04-13 09:50:32.904928,"-17.227895084562633,176.36060159960664",SIM switch,True
EQ6B7FAERA,6404166990,IKAHI,iOS,True,5G,2025-03-25 09:50:32.904943,"-37.112740552441814,-34.40314851776242",SIM switch,True
2NJAIMIWFI,9933718155,YVPBI,iOS,True,5G,2025-04-10 09:50:32.904958,"-14.190472150181506,-89.42458595135741",battery drain,True
T6VOY1JUZH,2041190112,RJSAH,iOS,True,LTE,2025-04-12 09:50:32.904973,"-53.70111048320096,90.55150240291965",reboot,False
W1IS73A1XQ,8851514511,LMLLF,Android,False,WiFi,2025-03-27 09:50:32.904988,"2.356130408430488,-175.8702957703062",battery drain,False
H7ISF1SO9Q,0647723475,EFXYG,iOS,True,5G,2025-04-23 09:50:32.905003,"61.260461395505644,-42.39587781070236",reboot,True
FTOXTJC1R6,9184934625,LSIPW,iOS,True,LTE,2025-03-27 09:50:32.905018,"-7.337562107071392,179.20899848643188",battery drain,False
TA5S7KNBWS,6609811512,XMGPX,iOS,True,WiFi,2025-04-15 09:50:32.905033,"-76.69032748873882,-77.5731825061416",reboot,False
CYUKZHSJUF,2405084090,QIJQF,iOS,False,LTE,2025-04-17 09:50:32.905047,"-60.03040584355328,-101.83513662692624",SIM switch,False
IFEY7O7WZN,7236923884,IGYDD,Windows,True,LTE,2025-04-03 09:50:32.905062,"80.21112209951698,98.88631756015218",SIM switch,True
DOY4ZF45G2,7197901489,ERQOF,iOS,False,WiFi,2025-04-06 09:50:32.905077,"-72.289891391812,-3.5348858230842666",reboot,True
Z4KU7QO9Z3,0019335875,TQLCO,Windows,False,LTE,2025-03-31 09:50:32.905094,"-60.03828710393161,-150.457700964579",reboot,True
1ZZHC9THTM,4549368522,AMGCF,iOS,False,LTE,2025-04-01 09:50:32.905108,"-87.24667522401876,145.38750983775162",SIM switch,True
SZN2CPJ69Y,8589791771,SWBXL,iOS,False,5G,2025-04-18 09:50:32.905123,"-4.075752382602062,40.51911328841376",reboot,False
058KS6QWVN,9346825392,SBUEI,Android,True,WiFi,2025-04-04 09:50:32.905139,"2.5455029116353813,145.1770466152754",SIM switch,True
O0PTJ2LTV5,0426296520,JSDNX,iOS,True,5G,2025-04-16 09:50:32.905154,"-4.553277898294269,-121.76054118102559",reboot,False
RIE28A0TLK,1889148978,GLTYJ,iOS,False,LTE,2025-04-02 09:50:32.905182,"76.1226323934944,11.034508870892921",battery drain,True
QZK5WOEON6,2655962837,MBCCL,iOS,True,LTE,2025-04-07 09:50:32.905197,"17.274330200836985,-134.31771871962354",battery drain,True
9GO57HHFH9,9595308210,AHJQL,iOS,False,5G,2025-03-30 09:50:32.905213,"-47.82067653552717,124.58683814732467",SIM switch,True
TG8EOHFOA2,3579236320,NALXE,Android,True,LTE,2025-04-09 09:50:32.905228,"56.467789085832266,61.45480093329266",battery drain,True
W7U0EXFDD3,6189171468,SPVCP,Android,False,LTE,2025-04-12 09:50:32.905243,"11.702704558053,4.0206101773259775",reboot,True
EBPA3EMI1A,1010998343,DNFPX,Windows,False,LTE,2025-03-26 09:50:32.905257,"69.19299612336869,174.62223339537996",battery drain,False
BHP04LXQBR,3102590924,UGMQZ,Android,False,WiFi,2025-04-17 09:50:32.905272,"-51.14753822348656,54.55101117189918",battery drain,True
PYN15LRL2N,9167981122,UJGRX,Windows,False,WiFi,2025-03-30 09:50:32.905286,"-80.33706453011688,170.14051212145307",reboot,False
RIU7B7YD7I,8255773164,GWWLW,Windows,False,LTE,2025-03-30 09:50:32.905302,"-70.0166499324663,-34.445772672272284",battery drain,True
KKVSINFB13,2434716685,SCUNI,Windows,False,5G,2025-03-26 09:50:32.905318,"-24.469780933679715,-39.84449005665576",battery drain,True
RIGBVVIBWE,1297810688,PJPBR,iOS,True,WiFi,2025-04-09 09:50:32.905342,"-56.36925532390398,118.1389744751524",SIM switch,True
43L6R5WT2K,3715658649,ZWUSM,Android,True,LTE,2025-04-22 09:50:32.905361,"5.600857479848642,-176.54279694323566",battery drain,True
LLFAN9LFOU,3853367851,FAMBW,iOS,True,5G,2025-04-21 09:50:32.905376,"-70.44517395319914,-46.58366471747567",SIM switch,True
2B8OFQHPFI,6222266030,KCEOQ,Windows,True,LTE,2025-04-13 09:50:32.905410,"12.511140807276888,-67.7401939261201",battery drain,False
5KHBJ56ZP4,1383827605,TGDBH,iOS,True,WiFi,2025-04-04 09:50:32.905427,"-4.792533101731962,42.079617852014565",SIM switch,False
4377HF22NQ,6774030395,ISERM,Windows,False,LTE,2025-04-07 09:50:32.905446,"-63.8303407174152,162.57517712361715",SIM switch,True
V965LU7EQD,8884393998,UXUMI,iOS,True,LTE,2025-04-11 09:50:32.905470,"16.11156341427133,-164.27934234287898",SIM switch,True
EF5LFFENU6,8119626197,PMVSD,Windows,True,WiFi,2025-04-20 09:50:32.905497,"-14.773778269820227,45.62854367720371",SIM switch,False
J0XO4XZNRQ,6757934368,MHLBA,iOS,True,5G,2025-04-12 09:50:32.905513,"-71.60960981389348,-97.45129974772861",reboot,False
OVRSKOAK9P,3877017755,MESXB,iOS,False,5G,2025-04-04 09:50:32.905528,"21.856758140325795,-84.05460664103985",SIM switch,False
2HF6RUMG66,9188244067,WLGNX,iOS,True,5G,2025-04-15 09:50:32.905543,"-35.13470069244586,170.32762515731952",reboot,True
0BQG3KKN08,4741279764,FVTQK,Android,True,5G,2025-04-14 09:50:32.905557,"49.04937679489652,92.94030459479421",SIM switch,True
ZVR34QDILL,4395026452,ZIWZT,Android,True,WiFi,2025-04-17 09:50:32.905572,"23.126897319386842,-38.09510458322106",battery drain,False
O7HQ6JJCFU,1918605563,NUZVO,iOS,True,LTE,2025-04-08 09:50:32.905588,"50.800939070802826,-50.294461966574545",battery drain,True
CS4ZZFW1W8,0690273574,RLJBC,Windows,True,WiFi,2025-04-16 09:50:32.905607,"-37.03833784790465,124.96738962833246",SIM switch,True
DA7LBG7J0M,4049145751,NQRLP,iOS,False,LTE,2025-04-14 09:50:32.905631,"62.61505512984661,133.8835893912032",battery drain,True
L8ZM4TGHGP,9404573527,EBFKO,iOS,True,LTE,2025-03-31 09:50:32.905646,"-67.37582791225023,-130.60493179877426",SIM switch,False
7I4K2HI0X3,9512980656,HGMRF,Android,True,WiFi,2025-04-19 09:50:32.905661,"-34.528577094606405,-51.369436983661586",SIM switch,True
Z2XA9OCW80,9052164415,QHVVR,Android,False,5G,2025-03-29 09:50:32.905676,"26.439457243139643,18.992096009013864",reboot,False
OGKOXF6THK,1674048765,ZNUMA,Android,False,5G,2025-03-28 09:50:32.905693,"35.01849712961675,125.5889643218357",reboot,False
KL6JPBET3O,6991031751,QNXWR,iOS,False,5G,2025-04-15 09:50:32.905715,"-58.30212024998588,112.07052780443036",SIM switch,True
EA6QC7GZA9,1521773554,HNYTP,Windows,False,LTE,2025-03-30 09:50:32.905734,"57.63326528643006,-100.15808899148777",SIM switch,True
GJKCRZCGD2,4154804293,ZCBTQ,Android,False,5G,2025-03-26 09:50:32.905749,"58.06607234763061,-9.815975419391407",SIM switch,True
IZGBIBN9P2,5281206056,HCYOZ,Android,False,5G,2025-03-30 09:50:32.905769,"-10.267424988010859,170.99111379731744",SIM switch,True
IV6HQQH1BZ,3654511823,NWMNA,Android,True,5G,2025-04-03 09:50:32.905790,"-61.07508996314135,2.5465963555587052",SIM switch,False
ND32MDR63F,5917092954,HVNPZ,iOS,False,5G,2025-04-20 09:50:32.905811,"-38.41633465325028,178.9047688259384",SIM switch,False
4BYCYV53K5,0914039808,UIDDP,Android,False,5G,2025-04-18 09:50:32.905832,"-60.640934314927364,124.43083054968236",battery drain,True
QR3CFMNAFO,5858507112,KDUWW,iOS,False,5G,2025-03-27 09:50:32.905855,"-8.489229236570168,0.6515163656214042",battery drain,True
MKFETYHZ0Y,1495049231,BQTAZ,iOS,False,5G,2025-03-31 09:50:32.905879,"63.43219571254389,-62.64562083074058",battery drain,False
1LRCT7SEZ2,2459030624,DEFGK,Windows,False,LTE,2025-04-02 09:50:32.905901,"-12.256919682651926,66.8067145966053",SIM switch,True
UES8W1PUJB,0956107000,UAGUN,Android,False,WiFi,2025-04-22 09:50:32.905927,"-0.5182969867220493,-56.02557970012586",reboot,False
0VZFCU2D1Q,0870108711,UUOFF,Android,True,5G,2025-04-05 09:50:32.905949,"-38.29160829499996,-171.9711769443202",battery drain,True
VFNWSFG6YW,6060428356,WYQEM,Android,True,5G,2025-04-13 09:50:32.905964,"36.09793948811449,-175.326340466738",battery drain,False
RPXRZ4CYID,6884144785,ESKMS,Android,False,LTE,2025-04-02 09:50:32.905979,"69.50211259119817,-98.19356199280493",battery drain,False
JJKVBV8SGE,7778782630,UIFKQ,Android,False,LTE,2025-03-28 09:50:32.906002,"15.205232388212707,-53.66384386279336",SIM switch,False
ZB9YYEYOCF,7050639300,OCDZJ,Android,True,LTE,2025-04-19 09:50:32.906020,"-82.88856021486149,82.03026134244334",SIM switch,False
YKEU1D0HZT,8193156688,CJPCZ,Android,False,LTE,2025-04-03 09:50:32.906035,"53.15726062043609,157.2830187717928",battery drain,True
ZMS0JK2SFS,7527531305,TVYNF,Windows,False,LTE,2025-04-23 09:50:32.906052,"87.98753328705695,-52.054227195378516",battery drain,False
0SPQXSKN71,2688905154,FCHDI,Windows,True,LTE,2025-03-28 09:50:32.906067,"-29.272699730047087,128.3792807722682",reboot,True
2DTFW94PMS,3669730436,DIZPU,Windows,True,LTE,2025-04-16 09:50:32.906082,"65.35304126821475,28.553441725257613",reboot,True
H9GBIAMAB5,6517746422,TPZLX,Android,True,5G,2025-04-15 09:50:32.906096,"6.862729978376834,146.31275710649618",reboot,True
YMNEI6Q8AY,3204805951,DQHWL,Windows,True,5G,2025-04-11 09:50:32.906111,"-50.140877770293294,60.85293505695651",reboot,True
CQXAMLH2M6,0783255153,VXHSS,Android,False,WiFi,2025-03-26 09:50:32.906125,"-57.20148607912199,173.08618592525096",reboot,True
6ADB3QY125,8601369703,DCHVS,Android,False,WiFi,2025-03-25 09:50:32.906140,"76.93998995188159,-165.11257708673168",SIM switch,True
H03FP5YLF6,3507964190,AXJFL,iOS,True,LTE,2025-04-07 09:50:32.906154,"46.0835429830299,-32.89328687340176",SIM switch,True
C21S5I701A,6888424924,GVBHQ,iOS,False,5G,2025-03-28 09:50:32.906168,"19.21164544748875,-26.764563912816044",reboot,False
5195AY16LS,8597309908,IOXHL,Android,False,LTE,2025-04-07 09:50:32.906183,"-8.13048595907486,116.97792080144092",reboot,True
WD3RA6JKCP,8869633813,ATUPW,iOS,True,LTE,2025-04-07 09:50:32.906198,"11.126453091227063,-108.1256479334154",SIM switch,True
PFRLK2EQTQ,5926728729,WIPPI,Android,True,WiFi,2025-04-04 09:50:32.906212,"-26.601934690776822,169.13101852270057",reboot,True
UTHRI6Q0R6,2236628081,MSMMQ,iOS,False,WiFi,2025-04-23 09:50:32.906226,"-80.06044855042553,-60.77408620184369",SIM switch,True
PV5LJ9R99M,7409352040,OMPYF,Android,True,5G,2025-04-01 09:50:32.906241,"-48.898050274719026,-80.95147441602266",battery drain,True
8MV8GALNCS,5612847434,KMGYP,iOS,False,LTE,2025-04-13 09:50:32.906255,"22.517568098092838,-123.902228424387",battery drain,False
D6VOT9IGK7,9920226816,AWAPA,iOS,False,LTE,2025-04-02 09:50:32.906270,"33.673617313738504,5.598969141613196",battery drain,True
OURKFWSFUA,0911462351,SOJBD,iOS,True,WiFi,2025-03-25 09:50:32.906284,"-18.831288291453816,-40.0185880853069",reboot,False
V6P9DVO7K9,6266483388,PMXNU,Windows,False,LTE,2025-04-21 09:50:32.906299,"-26.766132020059317,-55.93878406533133",reboot,True
L411RXP2RF,8032653369,TPZLN,iOS,True,5G,2025-04-17 09:50:32.906313,"1.3040518239196075,12.434048973880437",SIM switch,True
5A82C4WY4S,3275707776,LPYER,Android,False,LTE,2025-03-29 09:50:32.906327,"-51.730211692546035,89.00806508170973",battery drain,False
X3987RI2PJ,7793359624,TZQTT,iOS,False,5G,2025-04-18 09:50:32.906343,"-33.04361112882381,120.3099265320613",SIM switch,False
COGBU1EKKT,8758969060,WSNXS,Android,False,WiFi,2025-04-14 09:50:32.906357,"-39.13387709969451,42.29218629096451",battery drain,False
6RQO0IPVV5,8803232782,VPLFW,Windows,True,5G,2025-03-28 09:50:32.906371,"65.19727592472384,168.9637158951531",battery drain,False
4YEBYVXYVU,6514063417,PLGKZ,iOS,True,WiFi,2025-04-11 09:50:32.906385,"74.56860348819674,-35.026017798885704",battery drain,True
UMTQAMDJ8H,0394463891,EAMCN,Windows,True,WiFi,2025-04-17 09:50:32.906404,"60.75664816246882,-17.718806424839386",battery drain,True
0AQC79SHQ9,2540049762,DSHHG,Windows,False,5G,2025-03-25 09:50:32.906427,"-21.658522404148044,107.67984240906941",battery drain,True
3OS1TZ5W72,0950171707,TMYOW,Windows,True,5G,2025-04-06 09:50:32.906443,"-49.58694009339778,-58.12379334297967",reboot,False
5IZRLN7VJW,0827739571,AEJBN,Android,False,5G,2025-04-17 09:50:32.906458,"47.3033665470501,-21.617525079750664",SIM switch,False
9LOAEZKPCI,7279114598,NIUKY,iOS,True,LTE,2025-04-13 09:50:32.906472,"6.14291521021768,-91.0837306825361",reboot,False
3BRCNAO3VB,4376986903,EUJFC,Windows,False,5G,2025-04-02 09:50:32.906486,"-42.41311987953396,-15.852227876602",SIM switch,False
7CJSWJJ599,6579599854,MPWNG,Android,True,LTE,2025-04-22 09:50:32.906503,"17.313660837621313,130.67733335205463",reboot,False
8SMFQJ7UI4,8882165668,SUCPC,Android,False,WiFi,2025-04-07 09:50:32.906523,"75.83682694944687,-113.39683116213399",battery drain,False
VWMOSN8Y39,6572680829,OWNPN,Android,False,WiFi,2025-04-17 09:50:32.906547,"-28.674062154717433,32.78067349670769",battery drain,False
QSGI53FOKB,9844520931,UARQJ,Android,True,5G,2025-04-05 09:50:32.906562,"-42.501850798548965,86.92673890303934",reboot,True
1VHDLNN4VB,7896761019,TIZCL,Windows,True,LTE,2025-04-07 09:50:32.906577,"56.67971433530886,-104.73797903570585",reboot,False
S1FTVQVS0J,8552838415,CYWGC,Windows,True,LTE,2025-04-23 09:50:32.906591,"-34.788647315673366,115.48482769050901",reboot,False
86D9ESNLW1,4656896222,LVDCG,Android,True,LTE,2025-04-17 09:50:32.906606,"-22.062980053314874,127.10181624341317",battery drain,True
DUUH6EWEYC,7997243960,YXANP,Android,True,WiFi,2025-04-04 09:50:32.906620,"22.776256938158042,2.080350862112965",reboot,False
4IBA3X6ZLR,8433040574,WAYYK,Windows,False,LTE,2025-04-11 09:50:32.906634,"26.16371472116107,-130.2650005458894",SIM switch,True
FVDSGVFOED,5553029762,IUDAE,iOS,False,LTE,2025-04-13 09:50:32.906649,"-24.567718924279703,-6.420137505517459",reboot,True
PJ7895OVVI,4322859916,BQUSW,iOS,False,LTE,2025-04-16 09:50:32.906664,"13.806715738331704,-174.99306090908811",SIM switch,False
1660AUJWDM,9214005441,EEROJ,Android,True,WiFi,2025-04-02 09:50:32.906684,"54.12179820311485,-153.18723269893633",SIM switch,True
8WYLQT11ZY,9677015360,OQQRX,Windows,False,WiFi,2025-04-03 09:50:32.906706,"79.78191875679909,101.0958299977562",battery drain,True
FE867A3GSO,3604076708,GWXDY,iOS,True,LTE,2025-04-19 09:50:32.906722,"64.628831213408,-119.69417132357837",reboot,False
DXGMPK4C7F,9280644369,ENUIL,Windows,False,LTE,2025-04-15 09:50:32.906736,"86.78140096787547,73.9178978032437",reboot,False
H18XHHU9IY,8494962345,STIZM,Android,False,5G,2025-03-25 09:50:32.906751,"83.958941629588,-150.22647824472605",reboot,True
G0MBKEFI18,1795240970,DQJXE,Android,False,LTE,2025-04-13 09:50:32.906779,"-15.201929124619028,71.26437313724784",reboot,True
U90AU116FE,7215023764,JCKZP,iOS,False,5G,2025-03-25 09:50:32.906794,"-85.42448587444814,-164.40990951018807",reboot,True
LICEG52CJ8,3678363498,NJXRG,Windows,True,WiFi,2025-04-23 09:50:32.906808,"-33.88191072152977,-153.7543323630906",reboot,True
9FHNYLA54E,5961405164,ETUZN,iOS,False,LTE,2025-03-30 09:50:32.906822,"-44.34472240435803,82.32861562038823",battery drain,False
5U8ME1F63F,5836907017,CXPVP,Windows,False,WiFi,2025-04-21 09:50:32.906838,"12.831095578978434,-50.260985720878836",SIM switch,False
V7734RMS52,6754213082,PXUSA,Windows,True,LTE,2025-04-18 09:50:32.906864,"25.1475828148114,131.06736136262765",SIM switch,True
MVW1RH1KIC,2142544423,TBWSG,iOS,False,5G,2025-04-12 09:50:32.906880,"-29.99663079426587,110.97730808163408",battery drain,True
XPFLR4H7PN,7565106098,ZCNSH,iOS,True,LTE,2025-04-23 09:50:32.906895,"-17.473209799165275,-149.26462344839516",reboot,True
0WGU8BV34S,6953464370,UANUY,iOS,False,WiFi,2025-04-19 09:50:32.906910,"30.647939958978128,-130.64323231346515",reboot,False
Y4ZH8F1KOD,1809719932,QOEJN,Windows,False,LTE,2025-03-28 09:50:32.906925,"81.10539902108911,134.74121717456876",SIM switch,True
55806BI4YA,4562246788,KVSEA,Android,False,5G,2025-04-02 09:50:32.906939,"22.01229517132201,91.68706465143589",battery drain,True
Q1LEB75WZE,8288188213,QYQPG,Windows,True,LTE,2025-04-08 09:50:32.906954,"12.194967339307311,-92.44697301326052",SIM switch,True
DR55CFIHCF,1520867731,ISYFC,Android,False,5G,2025-04-19 09:50:32.906968,"-60.275510761302925,-163.1484574968683",battery drain,True
PUNSD4W674,3976035786,EZFII,iOS,False,5G,2025-03-29 09:50:32.906983,"8.237033344104844,69.39123762983897",battery drain,True
BS4WPXQW89,4569999964,QKPJW,iOS,True,LTE,2025-04-01 09:50:32.906998,"-12.291885894858822,-151.87677878420334",battery drain,True
15LNREKY4Y,2488030697,FJDBV,iOS,True,WiFi,2025-04-07 09:50:32.907013,"-28.451749495980017,-91.39590049393053",SIM switch,False
UZCMC0PRV9,7845080168,ULZMV,iOS,True,LTE,2025-04-11 09:50:32.907029,"86.17553705876713,42.50725268795509",SIM switch,False
UT15YBHZSI,9834362550,ITZMS,iOS,True,WiFi,2025-04-06 09:50:32.907052,"40.707047189936844,136.84135646136338",reboot,False
954UWPW3NW,1737712656,HTHJV,Android,False,LTE,2025-04-01 09:50:32.907067,"-34.22507642278885,138.6571149332397",SIM switch,True
2X42DVEM3U,9446697043,FRPXZ,iOS,True,WiFi,2025-04-05 09:50:32.907082,"-31.21307517476474,79.76098560012889",reboot,True
BC6TN8NZGD,9434460271,BBJNZ,Windows,True,WiFi,2025-04-08 09:50:32.907097,"49.311854785383815,-0.3961690732308796",SIM switch,False
J3SP5TJGZC,7938520536,WXIVU,Windows,False,5G,2025-04-12 09:50:32.907111,"-27.029629728755694,169.508275805199",SIM switch,True
AILLUWGOZ7,7829264719,OSMAC,Android,True,5G,2025-04-13 09:50:32.907126,"33.40851610116604,-141.44169902014886",battery drain,True
PLEQ4PC0QJ,6329171570,IOHUR,Windows,False,LTE,2025-04-12 09:50:32.907140,"63.74167689888674,-128.10915150472843",battery drain,False
8S10BHXCUT,6792595219,GJHNM,Android,False,LTE,2025-03-28 09:50:32.907155,"-49.50368350559992,22.806022129688756",battery drain,False
XNHWLD8OS7,4351247790,MTAVD,iOS,True,5G,2025-04-10 09:50:32.907169,"-58.82359807357941,-77.16576393438572",SIM switch,False
NY2EQKLLPL,1363331029,YFHIK,Windows,False,WiFi,2025-04-15 09:50:32.907184,"-65.13038837611126,47.52987239996628",reboot,True
HACNA3Y3FM,9493938810,PMELN,iOS,False,WiFi,2025-04-17 09:50:32.907199,"-8.667829927199165,-154.86996344197635",SIM switch,True
ISQ1J54QMN,7497790351,CRVBZ,Windows,False,LTE,2025-04-02 09:50:32.907213,"-37.20103945700577,-12.783825056506515",SIM switch,True
UMK9YM0ST7,0848524278,YIYOT,Android,True,WiFi,2025-04-02 09:50:32.907229,"0.5088505564517476,-1.7453214835487358",SIM switch,True
9DRR1L1F8S,7319402630,RFCEB,iOS,False,WiFi,2025-03-30 09:50:32.907244,"-7.064116610135201,-101.48877745457249",battery drain,False
Y79L1HGU9C,4654854736,ULMGG,Android,False,5G,2025-04-17 09:50:32.907258,"-2.633996609042555,-30.796481492583922",reboot,True
XZ44PG0PH5,5961692911,OLTMR,Windows,True,LTE,2025-04-18 09:50:32.907273,"-38.77519608737327,132.0533984501659",battery drain,True
SFRAONZJ3H,8034728786,FUBFO,Android,True,WiFi,2025-03-26 09:50:32.907288,"-70.1212621584325,132.7921384802019",reboot,False
ENXOHYPQ5U,3798830891,RMMYM,iOS,True,LTE,2025-04-02 09:50:32.907303,"-88.86727920451656,-80.34271956934339",reboot,False
F433XOWYGU,3964819310,XOSKV,Android,False,5G,2025-03-25 09:50:32.907318,"42.170470350859375,160.60027625459605",reboot,False
BFEQMBAGSB,2474029827,YWSIP,iOS,True,WiFi,2025-03-31 09:50:32.907332,"63.613892560756284,12.285393716846386",SIM switch,False
N8WQA059VA,2411617401,WLZUZ,Android,True,5G,2025-04-14 09:50:32.907346,"-53.78980118937425,13.725583695736532",reboot,True
VOZNSXPB1O,2237351783,AFMRM,iOS,True,LTE,2025-04-01 09:50:32.907361,"36.64541412919368,136.95772323889435",SIM switch,False
P6A3FQW3N6,2587558364,VDVPO,Windows,False,LTE,2025-04-11 09:50:32.907375,"66.04318474492462,-9.903696626979752",reboot,True
BGAXFG0TQF,8449228035,YRLAQ,Windows,True,5G,2025-04-19 09:50:32.907390,"38.35183535864539,62.53199290472162",reboot,True
QVC0TPE5CT,9667754823,LVMNR,iOS,True,5G,2025-04-06 09:50:32.907404,"22.96754091103321,-150.60119145298702",SIM switch,False
SCBWC9FCGW,6707099719,CQYLR,Android,True,LTE,2025-03-31 09:50:32.907419,"75.05063892592946,177.33904153743134",battery drain,False
U0ZGGS2F40,2608298056,JYBVK,Android,True,WiFi,2025-04-22 09:50:32.907434,"-27.01975530970097,43.702620921864764",battery drain,True
XE0PZDPS7A,9254157153,CRTZL,iOS,False,WiFi,2025-04-18 09:50:32.907449,"-26.556096413392027,-64.15682907759353",reboot,True
IHH9VQ2OY6,7804801096,GKRJB,iOS,True,LTE,2025-04-11 09:50:32.907463,"20.70351821944533,-8.927216159826003",reboot,False
IQYMQFWPBC,9670164097,OEZEB,iOS,True,WiFi,2025-03-25 09:50:32.907482,"76.84926371074963,126.72188808825956",battery drain,False
OJ0QDK25OS,2826045314,MBGBW,Android,True,LTE,2025-04-10 09:50:32.907507,"71.65512226677208,-126.57425565565177",SIM switch,True
3NPTUF7BBG,9445255090,WIZVJ,Windows,False,5G,2025-03-25 09:50:32.907523,"-58.10710617582319,-109.0283672203291",reboot,False
PV1CX1S75T,3248177571,TKQIU,Windows,True,5G,2025-04-08 09:50:32.907537,"-65.38039366828792,111.72754883597582",reboot,False
CXC54USBPL,0077225780,YNSRS,iOS,True,LTE,2025-04-06 09:50:32.907552,"-38.24262160345768,-110.1627357503064",SIM switch,False
BTI22O4YJH,3333455759,JFDHS,iOS,False,5G,2025-03-27 09:50:32.907567,"-53.14467180981821,-36.864139242574254",battery drain,True
JTMWEMYGOY,4763603276,MWGPP,iOS,True,WiFi,2025-03-29 09:50:32.907581,"-35.503493955867484,-51.10472073138803",battery drain,False
2M1831YIRD,8499890447,DIXPG,iOS,True,WiFi,2025-04-17 09:50:32.907601,"-30.976487020461093,119.00452707131336",SIM switch,True
HZ6CJB5PNU,8287833268,SCYYQ,Android,True,WiFi,2025-04-07 09:50:32.907625,"34.85107979668312,-28.723837862732267",SIM switch,True
97GAZN0CXT,7467355196,XDFBV,Windows,False,5G,2025-03-29 09:50:32.907640,"-27.761053906829673,-57.54098284071563",battery drain,True
JQON3JSTKJ,1884702221,LHRDX,Android,True,LTE,2025-04-18 09:50:32.907655,"73.7529819166636,-86.58675729666211",SIM switch,True
C49QZMUFJE,3947123431,CNBCE,Android,True,5G,2025-04-14 09:50:32.907670,"-15.62723663035247,-33.11807050193332",SIM switch,False
SMY6E97AHP,0616844403,UEHDB,iOS,True,WiFi,2025-04-10 09:50:32.907685,"5.635880383791388,-92.88091966148437",SIM switch,False
SNSGP1J94A,5410151927,TRCLW,Windows,False,WiFi,2025-04-16 09:50:32.907699,"-43.15053916269568,147.69031615835218",reboot,False
SRTEAJ6RL9,1245158077,OVGTS,Android,True,5G,2025-04-19 09:50:32.907714,"-24.239660778350483,-42.71839959332746",battery drain,False
5N3F6JS8PE,2406645492,LFORQ,iOS,True,WiFi,2025-04-01 09:50:32.907728,"-62.53061068028781,16.946235180773925",reboot,True
N4DN7C8X0Y,9550918584,UISAG,Windows,False,5G,2025-04-12 09:50:32.907742,"62.33408740157236,171.01271190177408",battery drain,True
C3A7OGE025,4169708364,KZHLM,iOS,True,5G,2025-04-19 09:50:32.907764,"20.36727012007168,12.304255979487209",SIM switch,False
G6SMWOYLMC,3110882396,ILBDA,Android,False,LTE,2025-04-03 09:50:32.907787,"-23.122664765410363,-38.94673526139184",reboot,True
CD61BVQSDK,4016262881,KYDIZ,iOS,False,5G,2025-04-05 09:50:32.907802,"69.13110314801688,-96.80426264962378",reboot,False
9KX9ZCNHZX,5112270741,FXOOK,iOS,True,5G,2025-04-23 09:50:32.907816,"77.94114020185253,-73.66071076033577",battery drain,True
JS9Q2620Z9,1615858601,VFLJF,iOS,False,WiFi,2025-04-07 09:50:32.907830,"64.78334883168606,-150.9721569090942",battery drain,False
HUFNRDCHH3,2040599238,HRLLT,iOS,True,5G,2025-04-13 09:50:32.907845,"-77.91268189180391,-103.11034485692309",battery drain,False
EGXETV2BEO,6668023978,ZNLKF,Windows,True,LTE,2025-04-13 09:50:32.907859,"53.08564728303793,-33.707171538621",SIM switch,True
8DNKEHV9MU,3764575705,GGZTG,Windows,False,WiFi,2025-04-01 09:50:32.907873,"-43.08287134409548,48.25863246248946",battery drain,True
CQ9KXV4HJO,7935889003,TZNEC,iOS,True,LTE,2025-04-07 09:50:32.907887,"38.46825179488221,147.50778276586635",battery drain,False
S7EXUS034A,3529460319,CDLWY,Windows,False,5G,2025-03-29 09:50:32.907902,"-73.36489625685059,-21.48299560502946",battery drain,True
U7G6CE9BYH,4295553259,XZUPK,Windows,False,LTE,2025-04-15 09:50:32.907916,"-79.75148505502767,177.85871459511043",reboot,True
W57LRIIQA4,1822196729,CLGFI,Windows,True,5G,2025-04-06 09:50:32.907931,"-27.699612275818374,-159.19088987309053",battery drain,True
XYCJ2WSTU4,8667217164,GRRSL,Windows,True,5G,2025-04-13 09:50:32.907945,"73.27186227624372,106.32212623658683",SIM switch,False
03PVM8962D,2519044632,DNRPP,Windows,False,LTE,2025-04-12 09:50:32.907959,"-33.20118146816867,-28.610512620499776",SIM switch,False
XX5RJDQ05V,5410240965,AZBVF,Windows,True,WiFi,2025-04-17 09:50:32.907973,"83.524357861119,-124.27435512442949",battery drain,True
WPRPE0CYF4,7291245864,IVOWU,Windows,True,LTE,2025-04-18 09:50:32.907987,"-6.078265011664058,160.79296318318256",reboot,True
JH3DQKQ8N0,1862799490,MGHQE,Windows,True,5G,2025-04-22 09:50:32.908001,"-29.097401746950162,-156.55405835552725",SIM switch,True
3VPQDHNL5T,2506160960,JGVEG,Android,True,WiFi,2025-04-12 09:50:32.908016,"-65.24572048512779,-150.23413668139352",battery drain,False
OX7B4XYYVG,8304651105,SCQVO,Windows,False,WiFi,2025-04-05 09:50:32.908031,"61.66522750936372,155.93290360998753",battery drain,True
RQA68W8IT3,1662805481,DRBDX,Windows,False,LTE,2025-04-22 09:50:32.908047,"68.40473275530545,-44.436321598973706",reboot,False
Y49MVMQLSU,2070043453,JDPWW,iOS,True,WiFi,2025-04-08 09:50:32.908062,"18.170704673426528,170.58928342302755",SIM switch,True
RWU6FD5GGC,6549188452,MOMZA,Windows,True,5G,2025-04-15 09:50:32.908077,"-84.9038602517699,-171.48818019238348",SIM switch,True
8KE7G9P4NT,2736250204,ZYHOO,Windows,True,5G,2025-04-21 09:50:32.908091,"-42.29824929770974,135.40639987949874",reboot,True
T9JT688FTT,3231495329,VCZWQ,iOS,True,WiFi,2025-04-15 09:50:32.908107,"87.60854554251335,-115.49459606751105",battery drain,True
76D5NJR9PW,9847471377,SNQGG,Android,True,LTE,2025-04-11 09:50:32.908130,"68.45558008287023,-14.507296380704759",SIM switch,False
KBYCCB96WZ,0586316169,WHAOG,Windows,False,5G,2025-04-09 09:50:32.908145,"61.037559136198325,-60.427390530047845",SIM switch,False
71LSGQPHOZ,7934942995,GDQCO,Android,False,LTE,2025-04-03 09:50:32.908160,"18.77264109992616,156.25076986167755",battery drain,True
IZSPUMBD7K,0143669091,GQAFW,iOS,False,WiFi,2025-04-11 09:50:32.908281,"62.30159451476081,161.48067561290281",SIM switch,False
LYRSKLD5AA,4520046642,QAOOT,Android,False,WiFi,2025-04-20 09:50:32.908300,"-20.071329601259038,86.06777513298186",reboot,True
OBJ7DV3LPN,4280003764,XULYG,iOS,True,WiFi,2025-04-11 09:50:32.908315,"5.342136606322342,-109.55548867108936",battery drain,True
NNAUQIWYDI,5206360605,QMAJV,Android,True,5G,2025-04-12 09:50:32.908331,"2.907401959365288,149.500340777965",SIM switch,True
OY6J0PYPWN,6934276913,GJMEF,Windows,False,LTE,2025-04-15 09:50:32.908345,"-51.754152537854466,155.14570239832096",battery drain,True
JN0VX5LK4P,8440509452,VUZPL,Android,False,WiFi,2025-04-20 09:50:32.908360,"73.41645523954736,-134.30098064912315",battery drain,True
3EX6L4T8UX,2107754089,SRIMM,iOS,False,5G,2025-04-19 09:50:32.908375,"-71.43624867638844,20.374572418035",reboot,True
VIYPEA1M1V,9273339687,DIIGP,Android,True,LTE,2025-03-28 09:50:32.908390,"36.53107444551215,-58.12577217911023",SIM switch,True
PIWXWMIAKG,5212430389,JAKEN,iOS,False,5G,2025-04-06 09:50:32.908404,"-19.845938585766206,-13.392626226834636",reboot,False
9BGPYWUY6D,6221436952,QAWZE,iOS,False,WiFi,2025-04-19 09:50:32.908419,"-10.406051609866623,-120.92054699347875",reboot,False
AOYTZGRWF6,9060709489,ZHIQB,Windows,True,5G,2025-03-26 09:50:32.908434,"53.47179631044608,4.18659479509958",battery drain,False
4V51PL8D44,5868342215,LAIRA,Android,True,5G,2025-04-18 09:50:32.908448,"-33.082216428748744,172.2921999242663",reboot,True
ZFJAUUS11V,4647672568,LDKTH,Windows,True,5G,2025-04-08 09:50:32.908462,"-8.65731361594213,-44.50050069443316",reboot,True
SC6JYI2TX6,5651014366,HQZDS,Android,False,LTE,2025-04-14 09:50:32.908477,"-5.645579302168187,175.20746950191375",reboot,False
7PSE9QAIUF,4661380714,RYNSS,Android,True,LTE,2025-04-12 09:50:32.908491,"19.28057434807755,-77.18018097405836",reboot,True
0L630GF3IB,4663951304,IHPNM,Android,False,5G,2025-04-10 09:50:32.908505,"-39.74511849170541,149.28837968257415",SIM switch,True
462BFT7LGV,8720025000,ABPUC,Android,True,LTE,2025-04-15 09:50:32.908520,"-58.33911617260661,-8.74296903290599",SIM switch,True
S1JT47L26C,8156298323,KUVDB,iOS,True,5G,2025-04-03 09:50:32.908534,"-26.294074360014143,-131.80159736782147",SIM switch,True
8S8IU9TKQU,4364683044,OUSHX,Windows,False,5G,2025-04-05 09:50:32.908549,"-46.61695682011445,8.278285463790752",reboot,False
YBN36X47HZ,9999273667,REIOP,Windows,True,WiFi,2025-04-20 09:50:32.908572,"87.90191704416821,105.48783547017348",reboot,False
I2PGYHU3DG,9674972427,YFMZE,iOS,False,WiFi,2025-03-29 09:50:32.908593,"-40.38557772423378,-47.40485501288606",SIM switch,False
SNMT12ICY6,6772732819,AHKMJ,Windows,False,LTE,2025-04-21 09:50:32.908608,"41.916609961641655,-36.07082934150779",reboot,False
EQYDLJQX1F,9814594235,DCFVZ,iOS,True,LTE,2025-04-09 09:50:32.908623,"-43.60162516538449,124.29165893286103",reboot,True
FAK0K2PU73,3562684085,YUXDT,Android,True,LTE,2025-04-19 09:50:32.908639,"-86.26498170415455,-101.50745339434746",battery drain,False
5THSBI9H2P,8588068336,HUWLJ,iOS,False,5G,2025-04-11 09:50:32.908653,"17.816645094770337,-159.45261400914657",SIM switch,False
VZD5OHOE1E,5428651666,EBJSP,iOS,True,WiFi,2025-04-04 09:50:32.908672,"-77.18613066409512,81.84548297376767",SIM switch,False
DOOQWZTJHJ,2309140877,TYGIG,Windows,True,LTE,2025-03-29 09:50:32.908696,"69.63550024758209,-96.5570137023604",reboot,True
TF49EJ443S,1929994219,SXXVY,iOS,True,5G,2025-04-12 09:50:32.908711,"-24.33283749359505,-93.66233885354087",battery drain,False
NJDZCZH17U,9772545882,HUZWC,Windows,False,5G,2025-04-08 09:50:32.908725,"74.17074116482667,121.72378281651243",battery drain,False
KR9ROUDPRA,9373389205,UUNMS,Android,True,LTE,2025-03-25 09:50:32.908740,"-58.43260243211468,116.7227585403113",battery drain,False
NOK7P2CMR7,7711844539,AJYBQ,iOS,True,5G,2025-04-19 09:50:32.908754,"70.03696348104623,-75.47137577049766",reboot,False
OZ8T160ARZ,1714099554,LXFBW,Windows,False,LTE,2025-03-28 09:50:32.908769,"18.142100943778658,30.295552450019073",reboot,True
Z2U3A6OCPL,6757505471,JAJUW,iOS,True,WiFi,2025-04-14 09:50:32.908783,"-35.72595429368602,-149.25778649168075",battery drain,False
IDKLOJPRPJ,4034251418,JRMKY,Windows,True,WiFi,2025-04-22 09:50:32.908798,"56.77753876864813,-67.41379693495321",SIM switch,False
JM7LAMH289,8388819716,OOKYW,Windows,False,LTE,2025-04-09 09:50:32.908813,"19.997851259073485,140.39777933389257",battery drain,True
KUGI3ZZZL3,3600020466,HDSOE,iOS,False,LTE,2025-03-30 09:50:32.908832,"-20.256546964986214,-90.93374229557021",reboot,True
YGQ0I64QPR,9217858620,HJSNH,Windows,False,5G,2025-04-21 09:50:32.908855,"0.9769962757531516,-50.32759772873516",battery drain,True
WLKARJE5BC,3069170091,ILVJX,Windows,True,5G,2025-04-11 09:50:32.908870,"-49.5643668549489,-48.011817177194786",SIM switch,True
P0LFVPPB0O,4117896956,YDXPT,Android,True,WiFi,2025-04-14 09:50:32.908886,"-82.78952330376305,66.46218091618726",battery drain,True
F2HPP8E5ID,2009474799,JLNJE,Android,False,5G,2025-04-13 09:50:32.908901,"-85.57155736220862,-122.48736543556033",battery drain,True
QTMSKFOZX0,7569108843,VNENH,Windows,False,LTE,2025-04-04 09:50:32.908915,"-65.47477680929424,163.4280569816579",reboot,False
X1Q1F11XWC,4292960716,SOING,Windows,True,5G,2025-04-08 09:50:32.908929,"-15.348801048788431,149.76492248434283",battery drain,True
CZ8YVTNJ70,4456220771,BGTJY,Windows,False,WiFi,2025-04-18 09:50:32.908945,"-15.508853528071839,56.706027606327865",SIM switch,True
TSTVS5IUK1,3205067268,PVBQH,Windows,False,5G,2025-04-12 09:50:32.908960,"35.639627998742355,-65.28943358491492",SIM switch,True
CA07S72SON,7757502009,OOSFV,Android,False,5G,2025-04-19 09:50:32.908975,"36.23165042294417,93.4249437319038",battery drain,False
WFFXZS28L7,2109881800,XVERJ,iOS,True,WiFi,2025-04-03 09:50:32.908989,"4.46673270232084,-6.174791467368095",battery drain,True
YS20MJ9PKH,7655825763,CJTIU,iOS,True,5G,2025-04-18 09:50:32.909003,"-48.413848056735034,-119.2241150095534",SIM switch,False
HPYP94LV8Q,7518251154,SHSCO,Windows,True,5G,2025-04-23 09:50:32.909018,"-11.530716669875403,117.62979792086719",battery drain,True
VKOSG73KBB,2764175692,ETLFE,Android,False,5G,2025-03-27 09:50:32.909032,"-40.291963983179606,55.29837960430166",reboot,True
JJFF47U1WX,4571155785,DXSDZ,iOS,True,WiFi,2025-04-08 09:50:32.909046,"-76.13390233197076,58.08951158426345",SIM switch,True
IW3XS7A3NC,0018688890,VQHAN,Android,True,5G,2025-03-27 09:50:32.909061,"-89.0558092959,64.49643080614194",reboot,True
057AQG55T2,3224408701,CIXOE,Windows,False,WiFi,2025-03-28 09:50:32.909075,"11.779364937802711,16.358060307446323",battery drain,False
VHJZRSQLMA,7615488780,YZATN,iOS,False,5G,2025-03-25 09:50:32.909090,"38.661766488977776,-28.538873608509874",battery drain,False
UM9V554J8N,8905441734,YGVWA,Android,True,WiFi,2025-03-31 09:50:32.909105,"-16.57436919627318,174.12378457442412",battery drain,True
QSDQU0NM2W,7416273671,LYCGW,Windows,True,LTE,2025-03-31 09:50:32.909120,"-80.86702789228329,135.11401108352067",reboot,False
ZUKUNYG4US,5042754293,XAKVP,iOS,True,LTE,2025-04-02 09:50:32.909135,"3.7126033728011407,-66.27951299061255",battery drain,True
J2TGD4CW70,5034525453,BOVBY,Windows,True,LTE,2025-04-17 09:50:32.909150,"-80.28104497554031,-153.3815310118446",reboot,True
WSPV3FOBEG,3588353192,IXTJA,iOS,False,WiFi,2025-04-17 09:50:32.909164,"-2.7552138879423467,21.297373162988208",battery drain,False
Y5550VBKC9,8036793763,QDLVD,Android,False,WiFi,2025-04-17 09:50:32.909178,"-57.16190862732969,-51.93917548651129",SIM switch,False
83GOCOTFZQ,2564254540,QYUFJ,iOS,False,LTE,2025-04-07 09:50:32.909198,"70.97626963740709,62.34554157906791",SIM switch,True
0R5LF6M69K,9399156365,WKWZV,Windows,True,5G,2025-04-16 09:50:32.909218,"-1.1764589375055152,71.14815333696382",SIM switch,False
J0B9IWR0GZ,0025242256,PGERT,iOS,False,WiFi,2025-04-16 09:50:32.909233,"20.372167685965465,-144.23325650406582",battery drain,True
EF4UQ6QEHH,8406796358,FQNZR,Android,True,WiFi,2025-04-22 09:50:32.909247,"65.22197634312721,-178.29308489063817",battery drain,True
9ATX8OFXMY,6582967836,MRCIB,iOS,True,5G,2025-03-29 09:50:32.909263,"-51.04816699932646,-166.94779335561518",SIM switch,False
ARQVAQTUFE,6133791950,MZAOQ,iOS,True,WiFi,2025-04-09 09:50:32.909277,"-76.2897882877094,-103.78534714497327",reboot,True
QE8HYC6W14,8167141152,EBCFU,Windows,True,LTE,2025-03-31 09:50:32.909302,"84.0016647116949,72.46752033325478",reboot,True
OX3V9ULB94,2878940107,GGTLO,Android,False,WiFi,2025-04-02 09:50:32.909317,"-1.9271480296536225,-74.94483074919852",SIM switch,True
8TCUVJSXLC,9276794311,QSNAU,Windows,False,5G,2025-04-05 09:50:32.909332,"6.212155141833563,-18.45513193526935",SIM switch,True
YHKTWTCLS1,6506844387,YCHFQ,Android,True,LTE,2025-04-08 09:50:32.909347,"-34.21435442222395,-65.55156768383529",reboot,True
ZW23BH5JSN,5245173993,IGAOX,iOS,True,5G,2025-03-31 09:50:32.909361,"-29.320855151315733,-116.54636251119175",battery drain,True
IQFREM01LV,4271341445,JVMCH,Android,False,WiFi,2025-04-23 09:50:32.909376,"80.86903993515875,168.80148874785806",battery drain,False
1RFS1ZFQ9X,1989508039,CALAN,Windows,False,WiFi,2025-04-07 09:50:32.909391,"80.55671553488659,-90.90734654908489",battery drain,True
Y7OLRARAP7,9305821172,XOLWD,Windows,False,LTE,2025-03-28 09:50:32.909406,"-19.301796216768665,101.39544515540831",reboot,True
VM9P0FEYSW,5779006378,ZJNJE,Windows,False,LTE,2025-04-18 09:50:32.909421,"49.17680221856966,-120.75957260322738",reboot,True
KIH0AYLVY8,6578634559,MISVT,iOS,True,LTE,2025-04-13 09:50:32.909435,"-83.22075326702756,20.884234056841876",SIM switch,True
DQ46PKVC4I,5591570476,TUYPJ,iOS,False,WiFi,2025-03-27 09:50:32.909452,"68.36481557702393,147.659092928336",SIM switch,False
TLWIE7C6UP,7139349359,SJBAN,Windows,True,LTE,2025-04-10 09:50:32.909467,"-47.3215491426853,-34.54392996573449",reboot,True
30T0GJMYXG,8784365031,QCOUC,Android,False,WiFi,2025-04-14 09:50:32.909481,"67.12548529862454,164.94387122760588",SIM switch,False
YDFPNWXM6E,0294669662,GWVEM,iOS,False,5G,2025-04-15 09:50:32.909495,"-85.90311695556701,96.83651596830049",reboot,False
M3NYDETJTX,5209873125,QAGWL,Android,False,WiFi,2025-03-25 09:50:32.909509,"-64.94905393516497,120.43966212471167",battery drain,False
ZYX1XFKWKE,6992705349,IOUCU,Android,False,5G,2025-04-01 09:50:32.909524,"-63.44062432713821,178.3670135632383",battery drain,False
IVYJT5SUJM,6262829145,RMOUJ,Windows,True,WiFi,2025-04-19 09:50:32.909538,"85.94976170572943,-76.43905092755259",reboot,True
4GKY84EBKL,2680351483,IXYMU,iOS,False,WiFi,2025-03-26 09:50:32.909552,"73.61821285857741,47.75333083416416",battery drain,False
4IXP8YAJ8Y,7620598287,SIKQH,Android,True,LTE,2025-03-29 09:50:32.909568,"-62.22277163326044,89.79178757113249",SIM switch,False
W6SJWPT4WG,6412359486,DTVJD,iOS,False,5G,2025-04-07 09:50:32.909582,"-38.84283561772642,-80.03395538107034",battery drain,True
CMU5R9X3HG,8417627673,FGVMD,Android,True,WiFi,2025-03-28 09:50:32.909596,"84.19167368912139,-75.56243454211258",SIM switch,False
61DB6JINCK,7370423986,UASHW,iOS,False,5G,2025-03-30 09:50:32.909611,"-40.75997300284325,-100.91047854677346",SIM switch,False
FUYQ2TFLAM,6584621058,RFRXR,Windows,True,5G,2025-04-19 09:50:32.909626,"40.58458589469686,-22.93526599942689",SIM switch,False
IFV1RY4V5T,3552912470,NYKUV,Android,False,WiFi,2025-04-02 09:50:32.909649,"38.750256996457665,-73.70906828828198",battery drain,False
WBR65ZSD9F,8568427679,ZYIKK,Android,False,LTE,2025-04-03 09:50:32.909669,"-33.673200546870184,92.97869729535336",SIM switch,False
GZD2V47V8X,7090117536,NEUOZ,iOS,False,WiFi,2025-04-17 09:50:32.909684,"-43.34109596387585,44.8993141744549",reboot,True
E4QWW1AHSP,9721656391,QWVEP,iOS,False,WiFi,2025-04-12 09:50:32.909698,"-10.99042164723376,-9.201886469542103",battery drain,False
OQTO8N6WU8,8989365433,WOWGF,Windows,False,5G,2025-03-28 09:50:32.909712,"-17.04305464770634,72.17348258906011",SIM switch,False
O0KY0QQKLA,1674164129,GSHOK,iOS,True,5G,2025-04-11 09:50:32.909728,"55.668622446401486,-61.04708211510089",SIM switch,False
89K47R4NMJ,8041846145,QRGRL,Windows,True,5G,2025-04-08 09:50:32.909745,"72.21926870023256,-104.0985926619288",SIM switch,False
FO6XHNL2VV,8856356553,YKZAH,Windows,True,LTE,2025-03-30 09:50:32.909769,"-0.7273525832292762,68.37554500519502",battery drain,True
R7EJMTC463,1399821174,IGQWM,Android,False,LTE,2025-04-07 09:50:32.909785,"61.128963310070304,171.5029264941304",reboot,False
EI8NFSEWKH,6036574763,KPVIH,iOS,False,WiFi,2025-04-10 09:50:32.909799,"-66.75242681513785,43.71545497792215",SIM switch,True
JXPYMVYCYF,5469435244,KIGOS,Windows,True,WiFi,2025-04-04 09:50:32.909814,"59.20301175921534,146.1769676199466",reboot,False
XSR99GX9FZ,7910914865,RVRRW,Windows,True,5G,2025-04-01 09:50:32.909828,"-16.371169530179955,-98.96609208572288",battery drain,False
O8S2PLB5YY,4938567566,SAMOW,Android,True,5G,2025-04-21 09:50:32.909842,"-50.0977263770872,-98.50858963858167",reboot,False
RTDPPI1588,1200392687,LBSNU,Android,False,LTE,2025-04-11 09:50:32.909856,"87.66773554407507,45.70584584224858",SIM switch,True
LCRHVRY19V,7274457571,XNKMF,Android,False,5G,2025-04-16 09:50:32.909872,"56.64140395231203,-11.438702307383522",SIM switch,True
EEDSBQXGA4,1125798015,PXJLU,iOS,False,LTE,2025-04-05 09:50:32.909887,"54.299991332576354,-168.78175386588185",reboot,True
R8QQ01B8GD,3659618747,EJGEL,Android,True,LTE,2025-04-07 09:50:32.909906,"51.130466914302474,102.42641268502604",reboot,True
KYFAK1NHSD,7157483203,EZNQZ,Windows,True,5G,2025-04-10 09:50:32.909929,"61.27592215001309,-66.96380728633586",battery drain,False
Z8XBASPLDX,5050624077,CPLZB,iOS,False,LTE,2025-04-15 09:50:32.909945,"-32.437212123743585,-97.8418836778786",battery drain,False
YGTSKRDT2I,4706151082,TCIYD,Windows,True,LTE,2025-04-07 09:50:32.909959,"8.147627717653435,-16.385000112255028",SIM switch,False
75RGWQWGD9,9688351821,CNORF,Windows,True,WiFi,2025-04-12 09:50:32.909973,"-64.55012236129073,98.9442519077403",reboot,True
2TXNYTW8SS,6098928256,AVIOJ,Android,True,WiFi,2025-03-29 09:50:32.909987,"-79.97262358108033,-104.81043578561525",battery drain,True
96QBAVIRCD,9153552520,XRRYQ,Android,True,5G,2025-03-31 09:50:32.910002,"-68.86795273997878,18.299597454043123",SIM switch,False
91JMGT0ZDK,3125275461,BJBNJ,Windows,False,5G,2025-03-26 09:50:32.910016,"57.11565057934152,-26.594048619795956",battery drain,True
6MFQRZBEFM,7911665654,OVCBK,iOS,False,WiFi,2025-04-19 09:50:32.910031,"-81.45684731473965,-152.66014815395937",SIM switch,True
8CIVCS4V9U,4496723710,BOVTF,iOS,False,WiFi,2025-03-27 09:50:32.910046,"60.73717287474017,-51.48265000192637",reboot,True
9IV8NAGCG6,7768966671,PFDYO,Windows,True,WiFi,2025-04-13 09:50:32.910060,"11.6682655931492,-36.38254927095085",reboot,True
ZTBCBF2JDF,5680513047,EEPGP,Android,False,5G,2025-03-27 09:50:32.910074,"55.61466373132262,-53.91440754726726",SIM switch,True
63U0CZDJUS,0013920120,MYUBC,Windows,True,WiFi,2025-03-29 09:50:32.910089,"78.77566907731023,155.1980450696352",battery drain,True
C8R0LYBCBI,0383527378,QBZFF,Windows,False,5G,2025-04-17 09:50:32.910104,"-21.984286514646243,12.97282417020341",reboot,True
Z57D75QF9A,8426706684,QOBWW,iOS,False,LTE,2025-03-28 09:50:32.910119,"68.5938781740756,97.79244303920882",reboot,False
LJ70X07NR9,8749246769,APPFB,iOS,True,5G,2025-04-18 09:50:32.910136,"73.7703884851066,-48.45479481394318",reboot,False
Z7QWJ5Y74W,5856944641,PYHYZ,Android,True,LTE,2025-04-22 09:50:32.910150,"-88.28942635287464,-107.9135882724036",battery drain,True
V9J37369LG,4948787915,KZGTN,Android,False,5G,2025-04-02 09:50:32.910165,"-59.361724285633585,98.62003842346775",reboot,False
RMG9FN6G8T,0966229639,HJIWW,iOS,True,WiFi,2025-04-13 09:50:32.910181,"13.494624266447843,-60.63137667376934",reboot,True
SC7FPDT074,6740710159,KRVVR,Windows,False,WiFi,2025-04-10 09:50:32.910195,"12.408799628560132,155.58487268627164",SIM switch,True
BPYD0MJXVA,7999061131,GCZTS,Windows,True,5G,2025-03-29 09:50:32.910210,"-79.16102730348487,119.96606253455923",reboot,True
LWGJTUTFP6,4119600215,VRRCX,Windows,False,5G,2025-04-06 09:50:32.910224,"-81.55868675864836,-139.4952275643316",SIM switch,False
UZWRMMIX3S,6660241472,IZYIB,iOS,False,WiFi,2025-04-04 09:50:32.910238,"-32.88883338747054,67.53800159254516",SIM switch,True
XT33P7EY3V,3417077712,CNRYZ,iOS,True,LTE,2025-04-22 09:50:32.910253,"9.63973192950263,-10.355364944638552",battery drain,False
IWJLEJVQUF,5170949978,LGIVY,Android,True,5G,2025-04-12 09:50:32.910267,"22.940853337019817,-96.50406155111209",battery drain,True
8RW8F2A7QX,9056642930,GUFTD,iOS,False,LTE,2025-03-25 09:50:32.910291,"49.06258270662278,109.99920419045526",SIM switch,False
FER8K794S7,9282282207,NZGJF,iOS,False,WiFi,2025-04-04 09:50:32.910306,"-59.574799733766085,82.07812632630481",battery drain,False
DFSQCPF7LR,6630362110,EWDLQ,iOS,False,5G,2025-04-22 09:50:32.910320,"-1.6974016437721104,107.10809072276692",battery drain,True
7OW8N4DQTS,2755347029,NJFBW,Windows,True,5G,2025-04-09 09:50:32.910335,"13.313294670707407,-131.71595380287582",reboot,True
SJ30QN7QQ0,6077074743,VBUDX,iOS,False,WiFi,2025-04-11 09:50:32.910349,"-66.81139997948164,159.67792810503397",battery drain,True
2NK7C5AL0M,3858072640,VFGFX,iOS,True,WiFi,2025-04-15 09:50:32.910365,"51.48248769851551,-104.81371211434481",SIM switch,False
PXM4JKOAGS,7775451911,NADCX,Windows,True,WiFi,2025-04-19 09:50:32.910379,"-37.955242233007624,-41.91372703549723",battery drain,False
0V4BJ1HN45,8726453286,KTQAC,iOS,True,WiFi,2025-04-01 09:50:32.910393,"-35.64422265381848,69.12051456145147",battery drain,False
MQIV480LGR,8178052530,WXAOX,Android,True,WiFi,2025-03-31 09:50:32.910407,"61.66025250591596,116.26236617311002",SIM switch,True
ZS8E1QH460,1071261574,BKPAL,iOS,False,LTE,2025-04-19 09:50:32.910422,"-44.116398157536665,-29.161328514360036",SIM switch,True
84X10JSEH4,7030353021,GQWWD,Windows,False,WiFi,2025-04-05 09:50:32.910437,"2.4807013604852273,26.936998211054828",SIM switch,True
MTW3GVGIXQ,8826447937,FDCCE,Windows,False,5G,2025-04-07 09:50:32.910451,"-61.92583061580817,-110.77015909356078",battery drain,False
A1U1KL0Y1J,7513749982,HQPBB,Windows,False,5G,2025-04-17 09:50:32.910465,"-0.08342012488638773,63.08691477835737",reboot,True
FPHZI8EKK3,0499647399,TEHOI,iOS,True,LTE,2025-04-21 09:50:32.910481,"85.88787730529441,-171.0972158469964",SIM switch,False
H526ZEIGUS,2894024650,UDVOC,Android,True,5G,2025-04-08 09:50:32.910496,"-8.448608721484732,-88.4273531180411",reboot,True
3DHTTPJN8U,1054608811,MNKXY,iOS,False,LTE,2025-03-26 09:50:32.910510,"-60.436502379549765,-67.10192634152838",SIM switch,False
QKK6TB74XS,6097179574,TIOSZ,Android,False,LTE,2025-04-04 09:50:32.910525,"-25.489741981505787,58.525897847262854",battery drain,True
EAAA6SFP51,4386542061,MDEQG,Android,False,5G,2025-03-26 09:50:32.910540,"-82.10486242828749,75.17211891088346",reboot,False
VMF6L446SU,3029003154,WUKBN,Windows,False,5G,2025-04-22 09:50:32.910554,"-18.06011246428254,0.5963623551313333",SIM switch,False
N255WH86CD,0021368893,JGNAX,iOS,True,WiFi,2025-04-02 09:50:32.910569,"51.77346059806763,-58.15817855350241",SIM switch,False
Z6QNLFLN6J,1475541090,HCBQQ,iOS,False,LTE,2025-04-10 09:50:32.910583,"-44.439597742504354,51.57750163758135",reboot,False
22HDIO1R0K,3432427613,BBSQZ,Android,False,5G,2025-04-02 09:50:32.910598,"40.24252943879236,77.95247315579121",battery drain,False
E5BMP29W3D,8332673936,IRSOI,Windows,True,WiFi,2025-04-17 09:50:32.910612,"8.607186755095043,-19.944914332556465",SIM switch,False
TWYSXYVHCQ,4866216408,TLFRR,iOS,True,WiFi,2025-04-11 09:50:32.910627,"-19.539314771045994,-158.98270399719456",SIM switch,True
6JLJ0Z1CYL,8591572466,KEPTM,Android,False,WiFi,2025-03-26 09:50:32.910642,"-81.69846794420222,58.836523501140675",battery drain,False
I66JTUCQEH,7106536989,QNVTG,Windows,False,WiFi,2025-04-19 09:50:32.910657,"17.95888804083455,85.43146077400303",battery drain,True
R6EYVWWUEO,8324581230,YBIGA,Android,True,WiFi,2025-03-31 09:50:32.910672,"-34.386708452626976,111.09270358467347",SIM switch,True
EY8YLR99B4,5227933434,GXYTX,Android,True,5G,2025-04-06 09:50:32.910686,"39.94212578384435,84.53789060817621",reboot,True
WBHSKRG5VF,9448653112,WMHTZ,Windows,False,LTE,2025-03-29 09:50:32.910700,"-4.0038971601730395,159.06062954293355",reboot,True
0FUVY6XJR5,8341505999,KTHQF,Windows,False,LTE,2025-04-08 09:50:32.910724,"-40.5642781461627,-146.37151009345303",SIM switch,True
C3ZZV6UGDF,5430976057,REQRV,iOS,True,WiFi,2025-04-20 09:50:32.910743,"-51.15584717428112,46.292217998651324",reboot,False
I1PTSRIKN6,6627736987,RBZXY,iOS,False,WiFi,2025-03-25 09:50:32.910757,"-49.30893847962404,-39.482265206870636",battery drain,False
2GKGUVZOHF,6815377522,THOUI,iOS,False,LTE,2025-04-17 09:50:32.910771,"87.88227220782844,-170.63874050384982",reboot,True
A9NSARRRSI,6904628418,YODPA,Android,False,LTE,2025-04-23 09:50:32.910786,"33.85423761139822,-131.35159911469464",reboot,True
NBA69WNT9J,3990708687,HAZVI,Windows,False,LTE,2025-04-18 09:50:32.910801,"-62.48129438981708,119.35475567706106",SIM switch,False
DBQVL094CT,8895660466,QPCHI,Android,False,WiFi,2025-03-30 09:50:32.910818,"12.656585320485519,63.313669697611004",battery drain,True
S5TVQCVLMY,2168570476,ZENJQ,iOS,False,WiFi,2025-04-01 09:50:32.910842,"-47.909200151500485,170.37356552951928",SIM switch,False
N90HSJAW66,9319791379,UKAYU,iOS,False,5G,2025-03-31 09:50:32.910859,"-26.820773808061908,88.09146527387873",battery drain,False
TLAGBWVYQH,2195003856,AMPKN,Android,True,LTE,2025-04-12 09:50:32.910877,"27.20316758230942,-8.077395024509542",SIM switch,True
TBEGKQF390,2924327466,JSYRV,iOS,True,WiFi,2025-03-29 09:50:32.910892,"42.743206384237,50.37328653956118",SIM switch,True
YWDI0CS9NL,8573702827,RHGIK,Android,True,5G,2025-04-03 09:50:32.910906,"82.74225600167603,-126.42064447458685",battery drain,True
5QC9YPLYD8,4717745745,KSPLH,Android,True,LTE,2025-04-14 09:50:32.910921,"17.03917155416984,32.28287296013363",battery drain,False
G5JSDGYYVZ,0781525821,ELTUZ,iOS,False,WiFi,2025-04-12 09:50:32.910935,"79.29952996008055,128.31486435169114",SIM switch,False
U46SUD522Z,4380833052,TKYVT,Windows,True,WiFi,2025-04-23 09:50:32.910950,"-43.86395981267496,42.49807877593793",SIM switch,False
XZ5IEFHYVE,7730494131,SWLTF,Windows,True,LTE,2025-04-01 09:50:32.910964,"41.41959364314488,4.454795046032103",reboot,False
LM5E2KSNEH,0556438622,LQZAH,iOS,True,WiFi,2025-04-13 09:50:32.910986,"-7.649616530117882,115.188196392353",battery drain,True
G10CFI8GEW,2789067249,FPDEO,Windows,True,LTE,2025-04-16 09:50:32.911007,"-67.79576139385475,-86.97167162360834",battery drain,False
C76L7KBVIR,7747182020,QFRYD,Android,False,WiFi,2025-04-13 09:50:32.911021,"21.2568183057614,-21.16657917125704",SIM switch,True
UT15IW1C7D,2733339933,JYYRR,iOS,True,LTE,2025-04-01 09:50:32.911036,"59.356347508590346,-163.3405099277261",battery drain,True
QY8Q96LJ8B,5660972784,PBACL,iOS,True,5G,2025-04-18 09:50:32.911050,"-62.871941450900465,170.6073663613899",reboot,False
R6IBBRNA24,8228412392,QKGPF,Android,False,LTE,2025-03-25 09:50:32.911065,"32.68335449724594,37.96449194733566",battery drain,True
9NETAI3Z2X,8005866017,ZWQFZ,Windows,True,LTE,2025-04-02 09:50:32.911080,"-37.99828794834248,2.1113022063312883",SIM switch,True
2TLPH90Y5A,6529219723,LYIRQ,Windows,True,WiFi,2025-04-05 09:50:32.911095,"-60.4179061334238,-18.25833580766019",battery drain,True
31EYC7LQUS,5732406248,OTUUX,Android,True,WiFi,2025-04-02 09:50:32.911110,"63.276352316437766,-170.10752812363464",battery drain,True
PUPR8Y4FTV,6711041134,LFTTI,Windows,True,LTE,2025-04-11 09:50:32.911125,"47.07797995712369,-66.07458947473839",battery drain,True
XAEX6P147O,3702463697,SYTFP,Android,False,5G,2025-04-21 09:50:32.911139,"-26.349860217156902,172.97330251007423",reboot,True
F1STPOZENM,0800453215,EJZUG,Android,True,5G,2025-04-19 09:50:32.911153,"-50.59538063221961,-158.91235328831817",SIM switch,False
CBC55Z8GOY,0447573356,NZICY,Windows,True,LTE,2025-04-08 09:50:32.911167,"21.682947687325054,-94.35890468540968",battery drain,True
AEJLWNQWYF,3927070096,ZPJAF,Android,True,WiFi,2025-04-06 09:50:32.911182,"39.24120283327585,134.28736151611702",reboot,False
TYSP36RVF2,4311905506,AWBRF,Windows,True,5G,2025-04-20 09:50:32.911196,"63.717488463542054,-159.72214098457033",battery drain,True
RZ56SL88C2,3254222873,QHNNY,iOS,False,5G,2025-03-31 09:50:32.911210,"-29.104934759188133,38.03144552784957",battery drain,True
PH7F5JMR6C,0957173511,QNDYS,iOS,False,WiFi,2025-03-25 09:50:32.911224,"-0.6189029140749227,-74.48357086754314",battery drain,False
LXSMWZXFVI,5656570695,GYSSV,iOS,False,5G,2025-04-13 09:50:32.911239,"57.81258714775265,-103.14256155140934",SIM switch,True
CQY2DH25EQ,6668550721,LEENO,Android,True,WiFi,2025-03-27 09:50:32.911253,"-56.47696510042815,-8.890518270471176",reboot,True
11I6V1PJVJ,3868768414,JTGZD,Android,False,WiFi,2025-04-04 09:50:32.911267,"75.49959060100511,114.11943624615344",reboot,False
SO11GSFH5R,4334192782,WGJTX,iOS,True,LTE,2025-04-13 09:50:32.911281,"54.920330585535055,-50.91661174019234",battery drain,False
ZR6U734DQA,2761207446,RZRKG,Android,False,LTE,2025-04-01 09:50:32.911296,"69.16419639349351,110.2774876940693",battery drain,False
RA5SQ3T45E,3541209018,NETYJ,Android,False,WiFi,2025-04-22 09:50:32.911310,"-27.021065711631636,-62.41996542812777",battery drain,True
U7WPJ4NA7H,6570939105,WTCUB,iOS,False,LTE,2025-04-01 09:50:32.911324,"21.761011601984663,82.09975248644747",reboot,True
AKCLZCCGPD,2132763947,KIZEU,Windows,True,LTE,2025-04-01 09:50:32.911340,"83.19883506832537,-23.10938232731695",SIM switch,False
96ZDUON140,8242974923,XZLOD,iOS,True,WiFi,2025-04-02 09:50:32.911357,"-66.3102757549717,-134.3622230601627",reboot,False
TS8QEHOD0A,2510096323,MIVFT,Windows,False,WiFi,2025-04-12 09:50:32.911378,"40.33954592830969,18.536845023539712",SIM switch,False
WF6231IHB9,2759543028,DQPRW,Android,True,5G,2025-03-26 09:50:32.911393,"-82.57309786827489,28.75358930510012",reboot,True
3US7G0B0EG,5588742905,AKMRK,Android,True,5G,2025-04-20 09:50:32.911411,"-5.0428035633956085,-77.70282209705097",battery drain,False
S2RSENU3QT,8644406559,FTGCG,Android,True,WiFi,2025-04-13 09:50:32.911426,"61.26228273012072,-113.79829104652391",battery drain,False
KA0RB6ANPD,0938127542,OVVAY,iOS,False,WiFi,2025-04-18 09:50:32.911440,"72.96354374211714,-17.96205872868589",reboot,False
NXZ7R9VEVL,7486418452,MFJQD,Windows,True,LTE,2025-04-05 09:50:32.911454,"-56.29982716559704,38.24525053350129",battery drain,False
VTXLLKBY10,8539071266,TCSLW,Windows,True,5G,2025-04-21 09:50:32.911468,"-16.741357598717343,-121.58560739986393",reboot,False
YP3UQPI0B1,6214551781,JRFZB,Android,False,WiFi,2025-04-09 09:50:32.911482,"-77.91165460612493,-22.41962771470216",battery drain,False
8YFUPX4IIM,0636431054,JETSG,Android,False,5G,2025-04-18 09:50:32.911496,"74.07789702665497,113.18144482350743",SIM switch,True
PL9U0UYOFK,0925537865,KMMZN,Android,False,5G,2025-04-04 09:50:32.911510,"89.74262317592755,167.72004035612076",battery drain,True
VWJJKFHGBX,6917194340,SLBXZ,Windows,False,WiFi,2025-04-07 09:50:32.911525,"60.34244213413436,91.43958553929662",battery drain,False
BAKJAK455N,7757586105,OQHJU,Android,False,WiFi,2025-04-15 09:50:32.911540,"-81.80011151487778,-42.03992181266847",battery drain,True
FW2AFB7YQ1,1720840312,AORHF,Android,False,WiFi,2025-04-06 09:50:32.911554,"41.91436496045699,50.86605544299033",battery drain,True
DWSJG1IWDY,3976765359,VUCRI,Android,False,LTE,2025-04-06 09:50:32.911568,"15.257872181187665,-71.95412641899887",SIM switch,True
F6K7I6PNQ4,8166386301,ENXWB,Windows,True,WiFi,2025-04-18 09:50:32.911584,"66.74861637992964,-171.2541062705019",reboot,True
GI8YFUQPRA,0577518738,KBHXJ,Windows,False,5G,2025-04-23 09:50:32.911598,"-62.667479197764706,151.72013849292892",reboot,False
B4Q1YTWD8D,6147748588,PVUTO,Android,True,WiFi,2025-04-14 09:50:32.911612,"-30.897430602161805,-127.33271968044369",SIM switch,True
HHRKDYYUFR,0124838604,KXJWQ,iOS,True,WiFi,2025-04-14 09:50:32.911626,"-16.87340360034014,46.87200669980294",battery drain,True
9CRU8FEQRZ,2434794342,IZHHC,Android,False,5G,2025-03-27 09:50:32.911640,"50.759221397224564,-147.63468388623465",battery drain,True
ZOCC870T2K,6074756979,CVNMF,Windows,True,5G,2025-04-20 09:50:32.911654,"-41.37742502201833,84.13748446637209",reboot,False
BIY0I5R030,6146060457,MVYRN,Android,False,5G,2025-04-08 09:50:32.911668,"52.16842761105613,109.09794407322664",reboot,True
7MPQJAJ4RG,1980507412,HFMNB,Windows,False,LTE,2025-03-28 09:50:32.911683,"69.44436490188872,-165.80952329999207",SIM switch,False
P0VVV0XM2C,6444543087,QQXPQ,Android,False,5G,2025-04-21 09:50:32.911697,"74.0304235223555,-73.8099477880172",SIM switch,True
YOIDZC55RU,6098040441,QLYWF,Android,False,WiFi,2025-04-04 09:50:32.911714,"-5.033222365881073,112.06269501826478",reboot,False
EUX2VFS18I,3816418920,CANVV,Windows,False,WiFi,2025-04-03 09:50:32.911729,"86.55049578652887,-142.46027762582088",SIM switch,True
SJ75783EAW,6445387526,NLPPZ,Windows,True,LTE,2025-04-13 09:50:32.911743,"-27.131375835051962,117.602672499",battery drain,True
QCLH8DS08C,5106220715,RHQYD,iOS,True,5G,2025-04-07 09:50:32.911757,"-24.00627837903194,-122.33811601651706",SIM switch,False
CJW5QLEYJI,6928569503,EYVIL,Windows,False,5G,2025-04-15 09:50:32.911772,"-88.64653813392049,166.32729176873607",battery drain,True
JYZ0Q7UT0X,2209828104,MBQLS,iOS,False,LTE,2025-03-28 09:50:32.911793,"27.47887060260551,-67.70237926079633",battery drain,False
SZ77P26UQ2,0657968793,ZEYII,iOS,False,WiFi,2025-04-13 09:50:32.911815,"48.55337606795422,18.343484777785733",SIM switch,True
KQCHUI9PVF,1016193615,GRJTC,iOS,False,WiFi,2025-04-09 09:50:32.911832,"51.377109263629194,137.05111696971318",SIM switch,False
QAUNGWSSYP,3254286882,KAAHP,Windows,False,LTE,2025-04-09 09:50:32.911848,"62.070587151468516,56.225857293677564",battery drain,True
QMHFUUU338,7521243804,AZPLT,iOS,True,WiFi,2025-04-10 09:50:32.911862,"9.282487910975718,-37.25801192769944",battery drain,False
9KGRJ9LXKE,8150957792,HFZBP,iOS,False,LTE,2025-04-16 09:50:32.911877,"3.201732813308581,-109.53318387368034",reboot,True
1EVOHWMSO1,6700169448,EXUSJ,Android,True,5G,2025-04-17 09:50:32.911896,"46.117254499967714,3.5794584229310544",SIM switch,False
WI4TDOHKJC,4676698736,LOFBY,Android,True,5G,2025-04-06 09:50:32.911919,"-64.719156142138,179.39682755056054",battery drain,True
QD4W2O8B32,5816326401,HJJHG,Windows,False,5G,2025-03-27 09:50:32.911933,"13.240572082585885,110.62098434035414",battery drain,False
J55JB24G32,7650831565,KMEQA,iOS,False,WiFi,2025-03-25 09:50:32.911948,"-51.729934224531135,-22.768972211132905",SIM switch,False
C8FFQXTAAZ,0617444033,UUCYT,Windows,False,5G,2025-04-14 09:50:32.911962,"-71.52621412430322,18.007567994767356",SIM switch,False
Z6R4J45SBE,6135757515,YYBUY,Android,False,5G,2025-04-10 09:50:32.911977,"12.034706121409101,41.13223186233756",battery drain,True
471E7TBQJ8,1416075692,EUSBA,iOS,True,WiFi,2025-04-04 09:50:32.911991,"-31.04594220293118,98.21097917681095",SIM switch,False
8PROXNLHOJ,9709647897,JNTQJ,iOS,False,WiFi,2025-04-15 09:50:32.912006,"63.99905252647366,-165.84262232671702",SIM switch,False
Z6RK77HRNQ,2730199837,VCXOY,iOS,False,LTE,2025-04-04 09:50:32.912020,"-46.483345321289285,103.8331959490539",reboot,False
4R4EFK85JO,3703938314,HXXKF,iOS,False,LTE,2025-04-09 09:50:32.912035,"-29.24294282846516,165.37253588569376",reboot,False
X1W2J6TBQ8,6018785968,OZCLN,Windows,True,LTE,2025-04-02 09:50:32.912052,"11.575934995460472,-166.24270013593875",SIM switch,True
OTACGQN4FY,3065724929,ULJWJ,Windows,False,5G,2025-04-13 09:50:32.912076,"-49.71536727251613,-93.30435194889657",battery drain,False
WW61HDQFFD,6448579483,PTFOD,Android,True,5G,2025-04-23 09:50:32.912093,"76.61493981804392,-76.32201668512364",SIM switch,False
W2A8C38EXL,0881265447,CMMBO,iOS,True,5G,2025-04-16 09:50:32.912107,"-18.21863462838475,15.367277927053323",SIM switch,True
7O4TUK6SIJ,3196645985,RGASH,iOS,True,LTE,2025-04-04 09:50:32.912121,"80.9927985288557,-42.241747294599065",reboot,True
2QOM9NLCLS,7795525698,VYAOQ,Android,False,LTE,2025-03-29 09:50:32.912135,"-63.29133696015208,-40.67467535541175",SIM switch,True
5E0OMP644V,7472550335,WNWJG,Windows,False,5G,2025-04-06 09:50:32.912150,"-76.50128473761528,-140.4752622370307",SIM switch,True
MFYMP6C6QD,5404348161,OWFYO,Android,True,LTE,2025-04-16 09:50:32.912164,"65.91164475390363,-18.739818967288272",SIM switch,True
RRT8VXT86I,8763962022,HMMEV,Windows,False,5G,2025-04-12 09:50:32.912198,"16.50986117532807,118.67099345230014",SIM switch,False
CSPKDTNX3M,3290608996,EQNOM,Windows,True,WiFi,2025-04-15 09:50:32.912223,"-62.47798425648023,144.0970938719188",battery drain,True
27VLR0XD59,6445872467,EXHBI,Windows,False,WiFi,2025-04-17 09:50:32.912243,"28.17743993347213,169.4097411796177",reboot,False
O1QVEOH9GF,4135427906,NZSAK,Windows,False,LTE,2025-03-26 09:50:32.912257,"46.68471103702447,-121.82654145188192",battery drain,False
ZDK70R1KBR,8539306017,YVYNB,iOS,False,LTE,2025-04-09 09:50:32.912271,"27.06931603999952,-23.84371225112409",battery drain,True
XQTULRRVG5,8833041691,LDRQF,Windows,False,5G,2025-04-05 09:50:32.912286,"-22.413003044936914,-152.604746927119",SIM switch,True
OLODVPDBGN,8353417149,OMNQW,Windows,True,WiFi,2025-03-27 09:50:32.912300,"-38.96090511388566,156.60060205050468",SIM switch,True
3ZMTJJ1YS4,7108291631,KCYRO,Windows,False,5G,2025-03-29 09:50:32.912315,"52.51440753660626,64.5864907400312",battery drain,True
67AGH9VUQJ,4510859096,QPPFD,iOS,False,WiFi,2025-03-29 09:50:32.912330,"-67.53037167956286,82.04609389571095",reboot,True
OUPF7EWOFZ,0582064127,HSQKL,iOS,False,LTE,2025-04-06 09:50:32.912344,"-5.572600901335363,65.28659731088996",SIM switch,False
KSLNHMCB0Y,0859721888,VAANI,Windows,True,LTE,2025-04-01 09:50:32.912359,"-36.83203917180053,70.02131211920465",battery drain,False
UHQNADRL18,0416510812,RQNHH,Windows,False,LTE,2025-03-30 09:50:32.912374,"6.285967480923787,-25.851688660408",reboot,True
W44HKNZ3OC,6968069773,HNFMR,Android,False,LTE,2025-04-12 09:50:32.912399,"79.6312480970837,-4.009668069247795",reboot,True
78B1M6212V,4479582011,ZJMEH,Android,False,LTE,2025-04-03 09:50:32.912413,"17.841931034049395,-8.173732663650043",battery drain,True
NYYWM5B9H1,5611998211,JRWBN,Windows,True,WiFi,2025-04-07 09:50:32.912428,"-87.01271393313098,-77.0290436479371",reboot,False
ZAMQ7TYA8W,5198431518,ADTUH,iOS,False,5G,2025-04-18 09:50:32.912442,"6.346656838903712,-142.25273403067268",reboot,True
YFGQ4C9EGX,3565271685,TBXNZ,iOS,True,WiFi,2025-04-07 09:50:32.912461,"64.03713647116192,157.02491492557817",reboot,False
ZFC3X09EPW,3066823788,INKKG,Android,True,5G,2025-03-27 09:50:32.912481,"25.77536283648213,-170.31957513803684",SIM switch,True
5R64SUSHCV,2545455723,KANNM,iOS,True,5G,2025-04-21 09:50:32.912497,"20.85535584731329,-7.377557463444447",battery drain,True
VLY30D0DAN,8230181444,VVFVH,Windows,True,5G,2025-04-06 09:50:32.912511,"28.154898106470966,-64.93788675406965",battery drain,True
X5Y16HOWZQ,1316194898,PYICF,Windows,True,WiFi,2025-04-06 09:50:32.912525,"18.301756397568212,133.9959255102208",SIM switch,True
7K3ZW1QQ2Z,9842096335,RHDSF,iOS,True,5G,2025-04-01 09:50:32.912540,"-87.63655937844193,-53.810695390571524",reboot,False
ETOI35AUPQ,5058017644,PFPEN,Windows,False,5G,2025-03-25 09:50:32.912554,"77.56009499279969,17.387849364390945",SIM switch,False
7J4TAWLW9E,4424471614,CMWVV,iOS,True,WiFi,2025-04-14 09:50:32.912569,"83.14722844565651,121.59034386726051",SIM switch,True
YF4BT6UZU7,2908727962,NMYQE,Windows,True,5G,2025-04-02 09:50:32.912583,"-62.4055631023098,73.12618686639789",reboot,False
AEHJ8LTTUM,5383978857,XCGNC,iOS,True,5G,2025-04-01 09:50:32.912598,"39.963221840380754,-19.623662782610864",reboot,False
Q9E10TZO9G,1487501144,QBIMT,Windows,True,WiFi,2025-04-01 09:50:32.912613,"37.972781909544196,31.614643301323326",SIM switch,False
8GP3DBHFJN,8934926976,MYMTB,Windows,False,LTE,2025-04-19 09:50:32.912627,"-42.3650915941183,-53.565039468176806",battery drain,True
QJ0CEQHANS,6752426104,XJJHS,Android,True,LTE,2025-03-26 09:50:32.912642,"1.0066935216296429,39.50736059083229",SIM switch,False
LSF8YJ3R52,7490411090,GYQKA,iOS,True,WiFi,2025-04-02 09:50:32.912656,"-13.02850669551107,-128.5614825003236",reboot,True
02LQP5T6LO,3877169575,OQYDP,Windows,True,5G,2025-04-15 09:50:32.912671,"23.87759225793792,31.1191784636419",reboot,True
4Q80RR7VZV,0644474825,XYTIL,iOS,False,LTE,2025-03-29 09:50:32.912685,"69.96575606339036,-89.64978285847846",battery drain,False
7JDD49UV1O,6102115118,PRGVC,iOS,True,LTE,2025-04-06 09:50:32.912699,"10.248805050481693,-63.14009948139905",reboot,False
OFLLETXOEU,1160834652,NPMLU,iOS,False,LTE,2025-04-14 09:50:32.912714,"31.495181434446806,31.665086606389963",battery drain,False
JX76PXQZOV,2956630878,OUPRT,Android,False,WiFi,2025-03-30 09:50:32.912728,"-24.93863570754992,172.681322567422",reboot,False
85NWB7DFZ2,3689595423,VKYET,Windows,False,LTE,2025-04-11 09:50:32.912742,"-26.350233711721437,-148.32638443872654",SIM switch,True
44QKB90JJC,4742684309,HRMVQ,iOS,True,WiFi,2025-04-02 09:50:32.912757,"-21.106893857916702,-134.3639983551741",battery drain,True
T3F75F28AO,1207402213,AYYWH,Windows,True,WiFi,2025-04-20 09:50:32.912771,"-43.51076028540033,-88.74239996302093",battery drain,False
XWHPYQ07R2,4443444939,SHQEH,iOS,True,5G,2025-03-25 09:50:32.912786,"66.26663403285622,67.78161795704534",SIM switch,False
IR3KKR4Q1P,2903253900,JYYBA,Windows,False,5G,2025-04-21 09:50:32.912800,"63.89298651545238,166.1406058231347",reboot,False
C462GTOUTK,3749840792,MHPUG,Windows,False,5G,2025-04-15 09:50:32.912824,"-74.80834677104421,-31.890611450042456",SIM switch,False
MRSNUVHMYO,1502394247,BHTCV,Windows,False,WiFi,2025-04-16 09:50:32.912839,"-87.84977663322766,-43.65639204612049",SIM switch,True
D3T9KWK9S2,3013633426,BEGWU,Android,False,WiFi,2025-04-10 09:50:32.912858,"48.80367683080479,95.8066893562858",SIM switch,True
OE0LNCLZ2V,9623233301,UYNHI,Windows,False,5G,2025-04-12 09:50:32.912880,"9.979649600618728,-122.47669242694332",SIM switch,False
UU89814TOB,6862973927,TLHEJ,iOS,False,WiFi,2025-04-20 09:50:32.912899,"89.39271750936666,7.479425944721214",reboot,True
BT1LZW7V8I,2487260252,FNIIC,iOS,True,WiFi,2025-04-06 09:50:32.912913,"3.222179052771054,126.8330612261708",reboot,False
2XBQIEU08L,1337762674,WNVKS,Windows,False,WiFi,2025-04-21 09:50:32.912927,"-63.03997471766341,56.174480520263074",battery drain,True
R8TW4CREB6,2653874573,HWQXB,iOS,True,LTE,2025-04-07 09:50:32.912942,"46.99140516828976,-58.465238191185094",SIM switch,False
S8V06NHHO6,2475364609,UOHLF,Android,False,LTE,2025-04-07 09:50:32.912957,"41.99425752942025,-73.1982613777659",reboot,False
ZP6BLF02PC,0456581796,EBFVK,iOS,False,LTE,2025-04-21 09:50:32.912980,"-62.91434972802158,158.98009354296624",reboot,True
S9HQ3YZ7C2,3029154058,SBSSI,Android,True,5G,2025-04-20 09:50:32.912998,"23.65277025696544,34.052350813993996",battery drain,False
5HR7LWE2OJ,2925412153,IOQAE,Android,False,LTE,2025-03-25 09:50:32.913013,"61.00922150835123,-61.46258844495422",SIM switch,True
7UP5NKHSPU,1186406297,SBTUP,Android,False,WiFi,2025-04-05 09:50:32.913027,"60.33694150823058,-22.792377297216746",battery drain,False
KMF8GPH9HD,1715402779,ASEHH,Windows,False,WiFi,2025-04-06 09:50:32.913041,"84.65928651984177,-179.9259249538787",reboot,True
FI87SQTKVL,3629781892,FZJVV,Windows,False,WiFi,2025-03-27 09:50:32.913055,"49.085879986111735,91.56405916041041",battery drain,True
GSO9R7LZR0,2607448411,YZHHC,Android,True,WiFi,2025-04-07 09:50:32.913070,"26.898444772258117,-129.37703250032249",reboot,False
IV89L8L3CM,8877623135,OHRHA,iOS,True,WiFi,2025-04-23 09:50:32.913084,"67.30343246255748,-115.46114927790673",battery drain,True
B3DDN3S38E,7325521980,WLPVN,iOS,False,5G,2025-04-16 09:50:32.913098,"63.983031873535964,-135.30950222284207",reboot,True
00W6PRZ5U4,8203744001,IURSW,Windows,False,5G,2025-04-20 09:50:32.913115,"54.045003976784955,93.17477353541216",SIM switch,True
V0B3S8IJDN,2277630699,WEKIZ,Windows,True,LTE,2025-04-03 09:50:32.913140,"-17.77619582511383,-40.636897532970465",SIM switch,True
8MDIZGE2JP,2156956757,ATFEX,Windows,False,LTE,2025-04-20 09:50:32.913159,"-0.3745949164578235,-105.51136194443872",reboot,False
QVTV8IFCGZ,5900142981,HWKAI,iOS,True,5G,2025-04-17 09:50:32.913174,"-73.9883576587129,154.39264131579267",reboot,False
I7DOIZ3P5V,2507396554,LQMYC,Android,True,5G,2025-03-31 09:50:32.913188,"-88.00979217522621,-71.9871603974806",reboot,True
L2KL2KFK2T,3283925260,SQONF,Windows,False,LTE,2025-04-12 09:50:32.913202,"24.984167577625882,133.51503644351658",battery drain,True
DRQMJCRRQQ,7681549221,VFYXB,Windows,False,WiFi,2025-04-15 09:50:32.913217,"-31.56553294324403,16.2429024877961",reboot,True
H4PM51YE1W,7434465001,ZMTYQ,Android,False,LTE,2025-04-18 09:50:32.913230,"84.8833322364583,-87.93579961491047",SIM switch,False
3KT3NFQ12A,9415687952,XJIDL,iOS,True,WiFi,2025-04-17 09:50:32.913246,"-54.91828263525255,-13.53202869885277",SIM switch,True
PO0OKTKG6V,4409616067,JQCCI,Android,True,LTE,2025-04-10 09:50:32.913259,"32.86786578911209,148.96620807982862",battery drain,True
VA6JMPRHRE,6243790134,VDNRP,Windows,False,WiFi,2025-04-06 09:50:32.913274,"67.96699530395347,129.78671224172717",reboot,True
6X07IJCM6Q,9022457985,BZKMW,Android,True,5G,2025-04-01 09:50:32.913289,"-80.59166181189318,23.128618969182583",SIM switch,False
0RLH6FI402,1364273940,ELZMN,iOS,False,LTE,2025-03-31 09:50:32.913303,"-66.67147046226513,79.28503669301398",SIM switch,False
36TGX9VZBR,8870539209,MAHIF,Android,True,LTE,2025-04-03 09:50:32.913317,"-43.76112598577471,63.888090673104784",battery drain,False
MG5UAUXJPX,1813999031,GYROG,Android,False,WiFi,2025-03-31 09:50:32.913332,"71.79828204629143,-74.39201927446764",battery drain,False
YHFMR4RNX3,5406727278,SDAWA,Windows,True,5G,2025-04-07 09:50:32.913346,"77.75850890590934,-171.37221288452508",battery drain,True
5FS0IBM86O,3434825869,CUUUN,Windows,False,WiFi,2025-04-17 09:50:32.913361,"-6.472655131162966,68.45560316581958",battery drain,True
81S7S4ZTI6,9525226902,RUGBV,Android,False,5G,2025-03-25 09:50:32.913375,"69.16576394498156,104.46181877218794",battery drain,False
QPMBVNV687,2460742749,RSZKP,iOS,True,LTE,2025-04-03 09:50:32.913389,"20.05182074228142,-122.75108583645795",SIM switch,False
1LZL3M2B04,6189823839,BHGPN,Windows,True,WiFi,2025-04-11 09:50:32.913403,"-54.91965954505548,46.242012477852086",reboot,True
LL0APDGYS9,4314171851,QAAXE,Windows,True,WiFi,2025-04-21 09:50:32.913418,"-39.155006688421956,171.36610558280978",SIM switch,True
QT7QY43SVE,4099757779,BJMBA,iOS,False,5G,2025-04-19 09:50:32.913433,"49.20175430983983,54.32609471167805",reboot,True
TX1WSP3K0J,8178468283,IGEKY,Android,True,5G,2025-04-05 09:50:32.913446,"-19.17011509265106,101.99802961369869",SIM switch,False
EP0XJGX3CZ,7050225507,JVDKU,Android,True,WiFi,2025-04-05 09:50:32.913460,"-51.475083582504354,77.22366986781435",SIM switch,True
GVIUWA4F8L,8447679880,XUOBF,iOS,True,5G,2025-03-31 09:50:32.913474,"14.930651684469495,57.86497469236241",reboot,True
HPYROAYWGX,1392294426,AEHUZ,iOS,True,5G,2025-03-31 09:50:32.913489,"-43.539805419187466,-16.58754066743066",reboot,False
X8VYKQAU96,8351536481,KKHRD,iOS,True,5G,2025-04-08 09:50:32.913503,"-44.042151405441786,-43.74034369826231",SIM switch,False
7DTXELTVO0,8888490871,SRQCF,Android,True,WiFi,2025-04-07 09:50:32.913517,"-75.14675400551518,-171.20527541804898",SIM switch,False
TCVR8A6673,5443030555,BISYG,Windows,True,5G,2025-04-01 09:50:32.913531,"-14.782065322508743,103.52402012353576",battery drain,True
30GNNLI12A,5374429541,SIILG,Windows,True,5G,2025-03-28 09:50:32.913554,"48.7455697592716,42.27110414236361",SIM switch,False
BQGTLIV27R,3766842357,FCUXL,Android,False,WiFi,2025-04-04 09:50:32.913572,"67.67907662600254,66.59861174827302",SIM switch,True
NIGTEGQLI2,3398368581,HECEK,iOS,False,LTE,2025-04-13 09:50:32.913586,"-85.05725222065767,-44.0415822886018",reboot,True
435QR9K4SA,8138493767,UKBEK,iOS,True,WiFi,2025-04-20 09:50:32.913601,"60.2751936368185,-86.25481834706083",reboot,False
MNTQ5K1L42,8221049887,HAWZW,iOS,False,WiFi,2025-03-25 09:50:32.913616,"-35.170427039319215,-144.5679524043154",SIM switch,False
MYLOQU16QW,4988404295,IZTIR,Android,False,5G,2025-04-17 09:50:32.913630,"22.055588634905874,-10.232606386715531",SIM switch,True
X9FPNTOEVP,5259572139,EQSJH,iOS,False,WiFi,2025-03-28 09:50:32.913644,"-19.449915765217398,-133.221383274235",reboot,True
CXLQYF8U3K,4115745128,UCJHI,iOS,True,LTE,2025-04-01 09:50:32.913659,"38.27419185663004,179.56300606530533",battery drain,False
RFHI6VZOCO,2563977960,FYYRL,Windows,False,WiFi,2025-04-03 09:50:32.913673,"41.383481378124856,14.84724687980895",reboot,True
TR73UPD724,2189435814,LUTRP,Windows,True,LTE,2025-04-12 09:50:32.913687,"-63.45837183109617,2.871352413556451",battery drain,True
V94KLEHJ50,1034108287,YHQZL,iOS,True,LTE,2025-04-19 09:50:32.913701,"-52.71351441659991,87.76221682263122",reboot,True
Y7O7KB2CP7,9234256761,VSPFL,Windows,True,LTE,2025-04-11 09:50:32.913716,"-62.76049602435789,26.90465332763921",battery drain,False
JGGPY6ZD36,6700644929,WIDKJ,Android,True,WiFi,2025-04-20 09:50:32.913730,"-61.92990080748902,173.1732248966382",battery drain,False
QQPB537HZH,4171837067,WIDVE,Android,False,WiFi,2025-04-03 09:50:32.913745,"-78.99773765729559,-157.62943394350145",reboot,False
A5BG3EXZCB,0557644766,XTZZN,Windows,True,WiFi,2025-03-25 09:50:32.913759,"-65.8679454307318,-53.0518574629119",battery drain,False
5YS53L8627,5345172166,GELGV,Android,True,LTE,2025-03-30 09:50:32.913772,"-62.987169577099614,-139.13257610024192",SIM switch,True
2I0GEQHKO2,3890762085,YVLTV,Android,False,LTE,2025-04-06 09:50:32.913787,"-21.562585344407935,-39.211219139784134",SIM switch,True
TEL7HUJDFJ,7830552946,UDYRR,iOS,False,5G,2025-04-20 09:50:32.913801,"-69.37227421978913,41.594260628076825",SIM switch,False
G6WR5NSTTF,2350427711,IWNBZ,Android,True,WiFi,2025-04-04 09:50:32.913815,"-71.1250302177132,15.663619766222524",SIM switch,False
P3INNMQYL0,0604700088,QIELK,iOS,True,LTE,2025-04-04 09:50:32.913830,"-42.458990916442175,12.784800488356325",SIM switch,False
LUMOA3IY4P,7568588989,BZFJI,Android,False,5G,2025-04-22 09:50:32.913848,"18.315376860561514,113.60490418034954",SIM switch,False
40X5T80WSM,0777093473,LLMSS,Android,False,LTE,2025-04-11 09:50:32.913863,"35.353887204643584,-148.2461040354601",SIM switch,False
MF38R7W3HB,9625651296,QNREB,Windows,True,LTE,2025-04-20 09:50:32.913878,"-65.77424605740268,-176.40372892020812",reboot,False
SMIEICAQ3I,8543145016,DUDJB,iOS,False,WiFi,2025-04-18 09:50:32.913892,"-22.97606212476137,-29.1757259600723",SIM switch,False
96WH52PIDR,0983376410,PPRRP,Android,False,LTE,2025-04-17 09:50:32.913906,"-8.462057057391618,-84.0322853358575",reboot,True
JHMRN5EFRL,8254299280,HRLQY,Android,False,WiFi,2025-04-17 09:50:32.913920,"11.660221521209408,-72.66812697101062",battery drain,True
RLNZTGELDK,9753455488,LKPCJ,iOS,True,WiFi,2025-03-26 09:50:32.913938,"84.46091255595451,151.3821122548456",SIM switch,True
5TG8KN9C73,7354349551,ZHTAG,iOS,False,5G,2025-04-23 09:50:32.913962,"-19.0517865227241,-2.6065148743944917",battery drain,False
57U8L05GNQ,6037116935,LYNWP,Windows,False,5G,2025-03-31 09:50:32.913978,"-35.74642433086863,158.8695614170066",reboot,False
0SQ2KVU5ER,6821614379,SRJUA,Windows,False,LTE,2025-04-14 09:50:32.913992,"54.64160955297578,16.29364211820794",battery drain,True
AJFFS1SIVG,4323240760,RIDVS,Android,True,LTE,2025-04-05 09:50:32.914006,"79.6071136778456,110.63681021825886",battery drain,False
JFJQ8WPAL6,0332530405,FKDUJ,Windows,True,5G,2025-04-23 09:50:32.914021,"20.029183913041336,113.78287115225987",reboot,False
IFO96OL7RZ,1044975161,QSRGE,iOS,True,LTE,2025-04-08 09:50:32.914039,"-42.07513456542852,10.134422512674263",reboot,True
DR4XN4QEP3,0058044938,JVANB,iOS,True,WiFi,2025-04-08 09:50:32.914062,"-15.073192169504281,-21.972790336683403",SIM switch,True
FYTL9GY51D,7548389186,CRSQO,Android,False,5G,2025-04-12 09:50:32.914078,"40.990461619441305,116.44569616945085",SIM switch,False
G4UXGLDN4R,1183062498,IWIHO,Android,True,LTE,2025-04-13 09:50:32.914094,"-6.558782335045166,40.96589021855209",SIM switch,False
JGE9BXIX49,8155355082,OTBGV,iOS,True,LTE,2025-04-21 09:50:32.914109,"49.33861281126511,-6.577136191533413",battery drain,False
3HDLV60Q1T,1158293384,ZLKXJ,Windows,True,LTE,2025-03-31 09:50:32.914123,"-59.85129101067289,33.04860312826716",battery drain,False
9GXUT03ATG,2119125400,RMQEO,iOS,False,5G,2025-04-09 09:50:32.914137,"1.4005709826818133,161.67551324397",battery drain,False
4Q0CULBBH0,2635848144,KRWVT,Windows,False,5G,2025-04-09 09:50:32.914152,"-63.28419762963432,23.99418948120325",battery drain,True
4ISHH5B1X8,2883652969,RAWQZ,Windows,True,5G,2025-04-20 09:50:32.914167,"-10.822586407655251,-4.484821347807809",SIM switch,False
R161V0EZ4C,3129966253,SVZPZ,Android,True,5G,2025-04-13 09:50:32.914181,"-72.29533690750999,51.86972269725203",reboot,True
IZXI1CYT6S,2029436698,FGOBK,iOS,True,5G,2025-04-11 09:50:32.914199,"-20.703435387468375,-93.22532341973402",battery drain,True
MD18NQRLV4,9087535812,JUBRR,Android,True,LTE,2025-04-09 09:50:32.914223,"-56.35129403834086,164.87735406520977",reboot,True
W6STGUG3NY,8299533246,CEWWW,Windows,False,WiFi,2025-04-04 09:50:32.914239,"88.18203105785093,114.51779353861087",battery drain,True
ZHUGQL81H7,0531244979,NPIPC,Windows,True,LTE,2025-04-04 09:50:32.914253,"-26.360562144866144,44.53394938265123",reboot,True
2QCSXVWU0U,4815523280,QCSFU,iOS,False,WiFi,2025-04-17 09:50:32.914267,"-78.31456113409624,41.18981414562353",SIM switch,True
0UWT37TSAW,0458307687,KYIEI,iOS,False,WiFi,2025-04-04 09:50:32.914282,"43.53505161902805,125.35385646563202",SIM switch,True
0VGKP7L1G9,8845539931,YEZLS,Android,False,WiFi,2025-04-12 09:50:32.914296,"75.38442521312635,42.52562163740964",reboot,False
5DEXV76WWP,7300661650,VDCVC,iOS,True,LTE,2025-04-15 09:50:32.914310,"3.8631775478994967,-9.020094581381784",battery drain,True
9J9S8UZF0L,7117264034,UQLYB,iOS,False,LTE,2025-04-03 09:50:32.914325,"-62.6356747284845,27.19025425410541",battery drain,False
KEG4RMNN6Z,4091497444,OWROO,iOS,True,5G,2025-04-11 09:50:32.914341,"23.166081953039367,115.23319350892376",battery drain,True
UZA2MXU0L3,7318686965,NNHSL,iOS,True,5G,2025-04-23 09:50:32.914355,"19.966258890023823,-161.28185074673718",reboot,True
X0H0KVE9CX,8053869940,DZZXO,Windows,False,WiFi,2025-04-08 09:50:32.914370,"-6.674936241180816,3.4204796680736536",reboot,False
51QBSQRAGI,2974531498,CCNYZ,Windows,False,5G,2025-04-16 09:50:32.914384,"23.04578857346982,106.18488595478931",SIM switch,True
4QXJ9CEWZ5,9952596892,ELNYW,Android,False,5G,2025-04-17 09:50:32.914398,"-33.12079920268662,-103.43177595349356",SIM switch,False
V46YE7UIM3,2673904778,OFVHJ,iOS,True,5G,2025-04-09 09:50:32.914413,"-50.8756814681394,123.89446100706152",SIM switch,True
JLG2AA1WE9,4414617606,VINDP,Windows,True,WiFi,2025-03-31 09:50:32.914427,"62.282994973118235,-0.9571792275393136",reboot,False
JWNJV0NHWB,4817931692,SWYHZ,Windows,False,LTE,2025-04-07 09:50:32.914442,"-23.052354244184926,162.53297792535324",reboot,True
5BEEC86I4H,2867708365,OOIFB,iOS,False,WiFi,2025-03-25 09:50:32.914456,"82.52240636282599,-9.713269544815347",battery drain,False
E630DT1DPQ,8975843076,PMASO,Android,True,LTE,2025-03-27 09:50:32.914471,"-40.238628289629084,-138.07310959441062",SIM switch,False
QHRMX1QLKV,3243758190,OHVGA,Windows,False,WiFi,2025-04-20 09:50:32.914486,"80.77800433452899,-128.59468107218473",reboot,False
5J3F8G7MRJ,3036794868,TIIWL,Windows,False,5G,2025-04-13 09:50:32.914500,"7.722539066996632,177.97624780349423",SIM switch,True
1YBE01S3AD,0835024768,ZMGQU,iOS,False,5G,2025-03-28 09:50:32.914515,"16.151187350540113,-40.60067643963069",battery drain,True
5K34J6VGG1,9759894184,MFMZE,Android,False,LTE,2025-03-26 09:50:32.914529,"-27.528838855137955,123.96931643260149",SIM switch,True
YTRYJVV50I,7675507062,XUIUY,Windows,False,LTE,2025-04-10 09:50:32.914544,"-45.924476605076066,60.09447998633178",SIM switch,False
1JYUEB2EDQ,0940557142,OQMFX,Android,False,LTE,2025-03-28 09:50:32.914647,"37.3766838098942,153.19323597413018",battery drain,True
NT6R0BYONY,8085181559,UWNIM,Android,True,WiFi,2025-04-14 09:50:32.914664,"14.635391935623517,-91.25620617437237",SIM switch,False
XVFRO1BKKQ,8290745547,ANISV,iOS,False,WiFi,2025-04-10 09:50:32.914678,"69.72048292753936,-170.67617598829636",battery drain,True
OIRG6JF87A,2414313142,TXXUQ,Android,False,WiFi,2025-04-17 09:50:32.914693,"67.26222733796439,-128.9821440246625",reboot,False
ERW1OFGRUB,4138330545,ZIXDP,Android,True,WiFi,2025-04-19 09:50:32.914708,"56.02668593839579,113.61597147341422",SIM switch,False
B9DTX0CCSZ,9308001840,PHDUN,iOS,True,5G,2025-04-03 09:50:32.914722,"27.58687702408274,-64.33907946096404",reboot,False
DS9EWSY9BR,6063528112,LRRUE,iOS,False,LTE,2025-03-27 09:50:32.914737,"50.40329478368844,21.60737775837265",battery drain,False
ZOE2BLCE4L,5462303427,OCKWE,Android,True,WiFi,2025-04-11 09:50:32.914751,"-65.91650138925189,141.01708693069355",SIM switch,True
ZD5ZP22HDM,6920065919,QJGEK,iOS,True,5G,2025-04-02 09:50:32.914765,"18.432513469484974,-152.76133328291058",reboot,False
FLWYL4O1V9,9554179988,PDZLZ,iOS,False,5G,2025-04-04 09:50:32.914779,"62.08169104341337,131.14342098450112",SIM switch,True
H36D4IGZ0H,3173602106,WTQJV,Windows,True,WiFi,2025-04-21 09:50:32.914794,"-79.90862031081733,-140.61173186073992",battery drain,False
1YJNNDCHBI,7100568996,FLPZQ,Android,True,LTE,2025-04-03 09:50:32.914808,"40.53632014633436,-131.65582120061345",reboot,True
XGKJRF8VH9,8130392491,TJJYD,Android,True,5G,2025-04-05 09:50:32.914823,"70.14582335510315,-152.1091667361604",reboot,True
KS9CI20T1Q,8577152792,GKNDU,Android,False,WiFi,2025-04-11 09:50:32.914837,"35.11757774572912,96.65470843131601",SIM switch,True
4GPY7LMQEG,4522258799,BBHQX,Windows,True,5G,2025-04-20 09:50:32.914852,"61.05802334053104,-49.32147914713815",battery drain,False
PEUXSDZFUP,9252853408,UYKMD,Windows,True,WiFi,2025-03-26 09:50:32.914866,"13.574816903992712,59.206664861899725",SIM switch,True
WLKR81WLED,1402137328,GREOV,iOS,False,5G,2025-03-26 09:50:32.914880,"-64.04119935829691,-166.54414319962768",battery drain,False
MBD0OAWB18,9738297933,IOEUE,Windows,True,LTE,2025-04-02 09:50:32.914895,"-89.64352210190388,165.0096397181776",SIM switch,True
266U6YTZ64,7077437474,ZRDQH,Android,True,LTE,2025-04-07 09:50:32.914910,"-58.61410919336511,136.44981858023192",SIM switch,True
8FVFVVZDRS,2773777575,AAIFK,Android,True,5G,2025-04-09 09:50:32.914924,"-88.6722019036983,-167.3732223167792",reboot,True
F9BCLI4M6G,9293650977,HNZVE,Android,True,LTE,2025-04-09 09:50:32.914938,"-78.22511354536877,-134.93100317634222",SIM switch,True
R189WYFOR1,0207502558,BCTJL,Windows,True,WiFi,2025-03-26 09:50:32.914952,"74.53592483170155,169.7821231253513",battery drain,False
QR1IPK2MGY,9983368590,DCPLJ,Android,False,WiFi,2025-03-28 09:50:32.914966,"-37.45063504087344,17.06236542266248",SIM switch,False
DKKXQ5YMJ8,3282649450,GVVDS,iOS,True,5G,2025-03-30 09:50:32.914981,"4.98749946596898,-0.7725851842225779",reboot,False
D6WQ2EL57E,6149080486,MOBPD,Windows,True,WiFi,2025-04-12 09:50:32.914995,"-75.24205090870707,-46.72875952983287",reboot,False
2X13WK23HK,8576869776,PRFKC,Android,False,WiFi,2025-04-22 09:50:32.915014,"-86.16477428244264,-79.98957074455977",SIM switch,False
CHNCS9PG3R,0242574689,VKVIJ,Android,False,5G,2025-03-25 09:50:32.915038,"-15.95624876662285,-122.17306111156338",SIM switch,False
OYW2IRK4EV,1418295448,ZVTDS,Windows,False,WiFi,2025-03-27 09:50:32.915054,"50.76359494342219,62.45801120307516",SIM switch,True
BCF8XOYSZ9,8954402301,IKOHS,iOS,False,LTE,2025-04-08 09:50:32.915068,"62.958238158040615,71.02775352147557",reboot,False
YMJS5E2TG6,3880983918,HJKST,iOS,True,WiFi,2025-04-16 09:50:32.915083,"-50.13875017723008,64.88415233496613",reboot,True
3S870FGWQM,5025278540,FOHTF,iOS,True,LTE,2025-03-25 09:50:32.915097,"-45.65463443249131,-76.98005062748084",battery drain,True
J2X3VOPCA8,1326592869,IYEIV,Windows,False,LTE,2025-03-25 09:50:32.915117,"-32.02512685514913,-166.23684675417238",reboot,False
9KTMFWRBW4,1434231976,VSBDC,iOS,False,WiFi,2025-04-17 09:50:32.915140,"62.07641882816873,-32.473112343878796",SIM switch,True
MWEAXXD86E,3582493763,QWBNA,Windows,True,WiFi,2025-04-21 09:50:32.915156,"-83.34545097968893,79.3678656870697",reboot,False
GROQDWZNZV,0141805194,SEQFI,Android,False,5G,2025-04-16 09:50:32.915171,"-77.37550047783103,108.19189788921454",SIM switch,True
P86D7BEQK9,3176501745,KNBCA,Windows,True,WiFi,2025-04-07 09:50:32.915186,"-86.77221127986867,105.19107159882526",SIM switch,True
IQZWRUBIHV,6309482080,BDGFV,iOS,True,LTE,2025-04-09 09:50:32.915200,"87.88427761952133,-84.67347524457205",reboot,False
9Z074MZNA6,3593949546,XDIIS,Windows,True,LTE,2025-04-16 09:50:32.915215,"-39.30100347333805,18.256942547822604",SIM switch,False
GPLE5N1MGO,9388029040,YYYPD,Android,True,WiFi,2025-04-01 09:50:32.915229,"-6.974576643115725,-29.34965415634028",reboot,True
W0XILARBA7,1317938046,OWVNA,Windows,False,LTE,2025-04-03 09:50:32.915243,"-53.920488534587626,19.896888512897505",battery drain,True
5PZ9EPP2D0,1292892837,EMWIH,Windows,True,5G,2025-04-05 09:50:32.915257,"69.0248935816511,13.365064365692575",SIM switch,True
M95B85L82O,1337955989,VOIQV,iOS,False,WiFi,2025-03-26 09:50:32.915276,"-37.94415750434209,-0.42967208278548696",reboot,False
LRAQQFU4GF,0668730863,YRTJD,Android,True,LTE,2025-04-22 09:50:32.915300,"80.602925997657,-28.83290451720177",SIM switch,False
BRFTKTSJ73,5616570961,CRGNF,iOS,False,5G,2025-03-26 09:50:32.915315,"87.95706003943619,59.89625042362425",battery drain,True
668JDT1SBG,4498082008,URGIY,iOS,False,WiFi,2025-04-01 09:50:32.915330,"18.237492715657808,-81.61404866595649",battery drain,True
3TEHJWDDOW,1460561341,XUUYN,Android,False,LTE,2025-04-20 09:50:32.915344,"-65.94501799500371,171.94916086443493",reboot,True
TNE6Z8FH1K,8957728131,UAQAS,Windows,False,WiFi,2025-04-09 09:50:32.915358,"-85.645512273891,-132.32503507527423",SIM switch,True
EX9C4OQLCH,4137923862,HKEGW,Android,True,WiFi,2025-03-25 09:50:32.915372,"-15.492461214967733,168.44706925011877",SIM switch,True
JDOS9YWE6B,2977183036,EIDWL,iOS,True,WiFi,2025-04-05 09:50:32.915386,"-16.953657389657423,-159.55847222936623",reboot,False
E5UEL6RFVN,8234450508,CYOSH,iOS,True,5G,2025-04-12 09:50:32.915401,"-79.67435784720308,-109.94040680022908",battery drain,False
FS6HJJJJR1,4309309314,HFLPS,Windows,True,WiFi,2025-03-27 09:50:32.915416,"-9.677614067131216,80.35799005270837",SIM switch,False
6B3GESP9B3,4785513144,JNMEM,iOS,True,LTE,2025-04-10 09:50:32.915430,"-62.452313470061156,142.75234347214882",battery drain,True
UF9E7OQ3YB,1403958205,LPLCB,iOS,True,5G,2025-03-30 09:50:32.915444,"33.06033708909243,160.59166608237445",battery drain,False
I8ZZR7DRRK,8701867644,ZZWKY,Windows,False,LTE,2025-03-30 09:50:32.915459,"-63.07444263898658,146.84558543366052",SIM switch,True
Y75PUH29EX,4843311995,JDWEV,Android,False,5G,2025-04-15 09:50:32.915474,"76.12138698650483,80.4695915082221",battery drain,True
WG9CQW2ASA,3126217347,VUGOL,Windows,False,WiFi,2025-04-23 09:50:32.915488,"-67.84957442786228,46.7490878473117",battery drain,False
C0ANY7ZXNT,6407194074,JZOUJ,Android,True,LTE,2025-04-14 09:50:32.915503,"46.76447739603964,-164.0899130481019",SIM switch,False
XLQT4ZXLX2,8989664045,UHMPA,Android,True,5G,2025-04-10 09:50:32.915517,"85.12677669201082,-10.422239122109204",battery drain,False
NOG5CM1CQN,3594127668,EKDUT,Windows,True,5G,2025-03-29 09:50:32.915531,"4.303682027459985,-145.9843327930753",SIM switch,False
YNB7812KS0,6090479985,XDBKF,iOS,True,LTE,2025-03-30 09:50:32.915545,"-39.9125939141519,93.00780192064491",reboot,False
Z2NV167Z56,9340322320,DLDIO,iOS,True,5G,2025-04-02 09:50:32.915559,"42.44381109484982,97.28631478045298",reboot,True
8P3ZSM7YW3,5919962427,NDICP,Android,False,LTE,2025-04-17 09:50:32.915573,"-14.949645342722036,48.14070994979838",battery drain,True
C8YXEEKZHT,7820091675,DGQJF,iOS,False,WiFi,2025-04-13 09:50:32.915588,"-83.37324380662253,78.27717421727931",battery drain,True
RDW6WS8O63,9887699586,UECWB,Android,True,5G,2025-03-28 09:50:32.915603,"58.63237729981668,133.5876353399858",reboot,False
15H8OXWRBX,8260686051,KNWVT,iOS,False,5G,2025-03-31 09:50:32.915616,"-57.32751993268698,53.63220248656452",SIM switch,False
FASG2B5Z0M,2999859085,JNHKC,iOS,True,WiFi,2025-04-19 09:50:32.915631,"-40.97414629905356,-82.04016442268416",SIM switch,False
ACRWT5ZYLB,0746093635,YXDTO,Windows,False,5G,2025-04-14 09:50:32.915646,"27.966129320306806,170.18492505071367",battery drain,True
VG7ED6HMNQ,1683823894,IWDIE,iOS,True,5G,2025-04-14 09:50:32.915660,"7.823467627119683,-154.27992454399805",battery drain,True
1LBMNPOL7G,9254183027,USQII,Android,False,5G,2025-04-07 09:50:32.915674,"-8.425993004799764,-149.98022235972493",reboot,True
87OXQCOYS0,6457392593,FDFMQ,iOS,False,LTE,2025-03-27 09:50:32.915688,"-59.41802845793234,-176.60258086534074",SIM switch,False
LFPUP48TWK,8183570395,EZBJE,Android,False,LTE,2025-04-16 09:50:32.915711,"20.575664103910626,80.88245103749728",reboot,True
9BPWVD0ESY,7107464338,EODBJ,Android,True,LTE,2025-04-13 09:50:32.915727,"-21.34561456844824,124.7457969618008",reboot,False
8K5DCURSG4,4292093688,TXETX,iOS,False,5G,2025-04-05 09:50:32.915741,"-44.35810865274323,-10.1674165986486",battery drain,False
XG6W0TEG42,0611419103,LJDGD,iOS,True,5G,2025-04-10 09:50:32.915755,"5.137542260447006,12.440454137402554",battery drain,True
QCX00Q58NN,4931381871,HGZXR,iOS,True,5G,2025-04-23 09:50:32.915772,"69.8262411146442,85.65548363152016",reboot,True
CUOB6487JE,5796226400,PCJDU,iOS,False,LTE,2025-04-11 09:50:32.915794,"-60.83481948868277,-128.08214302834494",reboot,False
ME3V9IP8V2,1974976999,DVVCX,Windows,True,WiFi,2025-04-18 09:50:32.915810,"62.61290068418586,-62.78226001351658",battery drain,True
PI8024D426,6242307099,JVGXK,Windows,True,WiFi,2025-04-07 09:50:32.915824,"-30.973608431399256,155.1789363948235",reboot,True
IMCG8OP0BI,8314463884,ZNQSI,Windows,False,LTE,2025-03-29 09:50:32.915839,"-88.45086916278564,-110.7983472450215",reboot,False
85GEW40BEQ,6282470466,QBFZI,Windows,False,WiFi,2025-04-18 09:50:32.915853,"-48.54262103345351,-68.81001284268706",SIM switch,False
S1335HOEXC,0108481634,VJLDM,iOS,False,5G,2025-03-31 09:50:32.915867,"73.64731383135532,99.44917902440653",battery drain,True
LNF3EUM9LO,7761086456,TIRDC,Android,False,LTE,2025-04-01 09:50:32.915883,"78.85606802078937,-144.1634651705725",reboot,True
75RT916T1N,4314319642,VCZOE,Windows,True,WiFi,2025-04-05 09:50:32.915897,"-0.25575354048102383,84.531447615444",SIM switch,True
XILUBBTAKI,0191838136,NBUTK,iOS,True,WiFi,2025-03-31 09:50:32.915913,"-55.08108996859623,31.741800054325097",reboot,False
D4CDDD7XNI,2848388710,ASOTO,iOS,True,5G,2025-03-29 09:50:32.915927,"81.63448495033285,107.95283906921395",reboot,False
9SO48RCD5G,3048427297,MREXR,Android,False,WiFi,2025-04-15 09:50:32.915943,"11.880840373352001,15.552185598602165",battery drain,False
105OKSDGUK,8372355483,PPYIY,Android,True,WiFi,2025-03-28 09:50:32.915957,"82.72349975460375,-114.80176883537081",battery drain,True
8V0GN9BXX9,7960541346,HYMDG,Android,False,5G,2025-04-12 09:50:32.915971,"-14.060537066827678,-164.320039000903",SIM switch,False
RG2OVQTV71,4075616258,QQMRM,Windows,True,5G,2025-04-15 09:50:32.915985,"89.89210111037727,1.2396567308562965",reboot,False
FZHX8NACIE,5569476199,EQYIW,iOS,False,5G,2025-03-26 09:50:32.916000,"19.42815158271266,-149.48200620985594",reboot,True
OQ0S9QMA6F,5593840374,QCFLS,Windows,True,LTE,2025-04-05 09:50:32.916014,"37.1970739454527,59.94672188470889",SIM switch,False
YDLTXT9CYW,5942410960,NZQXY,Windows,True,5G,2025-04-20 09:50:32.916028,"61.974874513409475,-26.516438241288114",reboot,True
N90MWH6BJF,0883035761,JLCOM,Windows,False,LTE,2025-04-15 09:50:32.916043,"47.837225872756534,-109.40162608132131",reboot,True
Z0NSUY8PGZ,8370752633,PKSLA,iOS,False,WiFi,2025-03-26 09:50:32.916058,"-18.317242222949545,-128.87907128287338",reboot,False
ICHTV5NPXT,4621499441,QYAES,iOS,True,WiFi,2025-04-01 09:50:32.916072,"41.46296884363721,69.44870486245102",reboot,True
SECM7YTOXM,5019019650,KEUHK,Android,True,LTE,2025-04-23 09:50:32.916090,"-55.633040435987475,-144.12559144641304",SIM switch,True
705R09P471,2984088260,IRANG,Windows,True,WiFi,2025-04-13 09:50:32.916114,"-75.09403532796455,144.3122592198502",SIM switch,True
YFXZQ99D07,3778016584,MYORW,Android,True,LTE,2025-04-02 09:50:32.916132,"81.88607125097724,-46.97140595738139",reboot,True
8VBOXSXVBE,9026328676,IOPUA,iOS,False,5G,2025-03-27 09:50:32.916146,"31.985266731263465,141.62938832091487",reboot,True
ZTEZO6PGKQ,6094589458,FPHKV,Windows,False,5G,2025-04-11 09:50:32.916160,"-17.61216333093124,46.30563466292645",reboot,False
LY6RX6Y5EY,4902957556,NPNEV,Windows,True,LTE,2025-03-31 09:50:32.916194,"-10.012544887088254,97.17168478439851",battery drain,False
KLYZEC91D3,8842463645,YAZJD,Windows,True,WiFi,2025-04-08 09:50:32.916219,"-81.31507859034065,165.9466361181269",battery drain,True
1ZLJD6NHN7,6701333282,AQQXE,Windows,True,5G,2025-04-02 09:50:32.916234,"33.50544159079661,17.032800665687347",battery drain,True
664WXECFAK,2742637176,HMSWG,Windows,True,WiFi,2025-03-28 09:50:32.916249,"12.33486078483476,-65.89536241569313",SIM switch,True
3TMDEQPYJQ,5150077736,OLMHE,Android,False,LTE,2025-04-06 09:50:32.916264,"13.851991860168084,-46.02458633923723",battery drain,True
4ZLG2P0R9O,1162043856,BLDDU,Windows,False,LTE,2025-03-30 09:50:32.916285,"-61.25712541890441,-141.04584006878085",SIM switch,False
2PDOCXFEKP,4464348679,YPUTH,iOS,False,5G,2025-04-19 09:50:32.916308,"-38.601934560219675,-129.64584606659088",battery drain,False
5IRM8AZA9I,2046227603,GFOBE,iOS,True,5G,2025-04-03 09:50:32.916332,"-80.06790954664258,172.86088901703306",reboot,False
WOJIKGT7DG,0158724085,BIEMB,iOS,False,WiFi,2025-03-26 09:50:32.916355,"-38.8649732955009,174.236443653883",battery drain,True
PI6MC0QFF7,4364524405,TVSPP,Android,True,WiFi,2025-04-14 09:50:32.916379,"-64.05744208201088,55.45033508812861",SIM switch,True
VAF2CILYY0,9547744870,QUYMV,Windows,True,LTE,2025-04-02 09:50:32.916403,"39.74567757303001,138.97711940131512",reboot,False
Q23BEK2ZHF,6895252666,GRBKN,Windows,False,5G,2025-04-23 09:50:32.916427,"58.2618815446136,-44.64618279183688",reboot,False
NWZX8UKCV3,5275716388,KLTLR,Android,True,WiFi,2025-03-28 09:50:32.916471,"-80.78312420288944,-97.83535371641337",reboot,False
3YKJVSC0ZW,8430797881,APNHM,iOS,True,WiFi,2025-04-15 09:50:32.916496,"69.64194862223266,-98.78134724591463",reboot,True
AU9AQ5Z8ME,5453941725,FHMAY,Android,False,WiFi,2025-04-22 09:50:32.916518,"-47.11058993859553,-97.2610028639638",battery drain,False
Z2PAZ9ZTKL,0480708804,QCUBP,Android,True,5G,2025-04-16 09:50:32.916543,"-74.66626705564614,-95.25460024524395",reboot,False
OW40CO4M6G,2254494988,IBDYM,Windows,True,WiFi,2025-03-31 09:50:32.916567,"73.6999352052963,4.359019107245132",reboot,True
FC57QCPPYK,1483661762,RSKPI,iOS,True,LTE,2025-04-02 09:50:32.916592,"-14.506917112935028,-149.58575739467383",battery drain,False
VKLVSIGR94,9513927740,TOPUB,Android,True,5G,2025-04-03 09:50:32.916617,"18.44914734816814,-102.32470677652275",reboot,True
KRQID4VV22,5122212850,YUPYE,Windows,True,LTE,2025-03-29 09:50:32.916642,"-54.99543972792176,101.71763397212374",battery drain,False
ML6KJKWP9S,2287409299,KYRBL,Windows,True,5G,2025-04-12 09:50:32.916668,"64.53404982508275,44.746793863406424",SIM switch,False
6DCDAJ7QAH,8574092165,PMEKV,Android,True,LTE,2025-03-30 09:50:32.916692,"14.453656422346043,-57.98116657837396",reboot,False
BLHUO4YKZ0,1525903230,YQRYM,Android,False,5G,2025-04-02 09:50:32.916723,"-88.6795927512161,-38.16048876125373",SIM switch,True
CI4A91LM2N,8910011065,SLMIK,iOS,False,LTE,2025-04-11 09:50:32.916747,"85.22576775066545,-113.09868393686418",battery drain,True
LUYP1EU68D,0860665660,BWCJB,Android,True,LTE,2025-04-03 09:50:32.916772,"-10.829579612370566,-124.7859526211097",battery drain,True
3QVVPQF5FL,3231901368,LTDRI,Windows,True,5G,2025-04-19 09:50:32.916798,"40.33022546804429,55.24711977845578",battery drain,False
VGZNEKPI57,4505493449,HITRW,Android,True,WiFi,2025-04-18 09:50:32.916822,"-86.61735113605441,-134.775006186401",battery drain,True
BHV2DHSUAQ,7423164877,NCFSZ,Android,False,WiFi,2025-04-01 09:50:32.916845,"45.88002386915832,-126.79245325854092",reboot,True
7ERQGHGOHC,9119132933,BBTPN,Windows,True,5G,2025-03-30 09:50:32.916868,"21.517994780139617,97.03424615187686",SIM switch,False
ZQYNFOUYDK,9045015016,GBYYO,Android,False,5G,2025-04-03 09:50:32.916897,"-50.54050445923443,-86.6883696623752",SIM switch,True
L7F6T65I26,7768314093,DGBBB,Windows,True,WiFi,2025-04-04 09:50:32.916922,"-47.860022898144074,-149.46759941822012",reboot,False
CHNGYJ9I2D,0726818584,GZYHM,Windows,False,LTE,2025-04-07 09:50:32.916945,"-3.0084382207922715,121.22304999259933",battery drain,False
5XZ0Q3T855,5963971645,AUMSU,Windows,True,WiFi,2025-04-23 09:50:32.916970,"52.393496787450204,168.4783672121094",SIM switch,False
F8CBRIR5VG,9641192973,ANHUS,Android,False,5G,2025-04-22 09:50:32.916994,"78.40925208496125,-0.4470313828707049",battery drain,True
XV8GTNFMS8,7117076648,PYBXV,iOS,False,LTE,2025-04-12 09:50:32.917017,"-33.06038135293996,-140.98290970901564",SIM switch,True
EJXO1WR78D,2333163916,JYSMG,Android,False,WiFi,2025-04-10 09:50:32.917042,"53.69799247824932,-89.41727259803449",battery drain,True
4R36LUIB2T,6386596291,ZQEXY,Android,False,WiFi,2025-03-25 09:50:32.917066,"40.62706020109354,-139.92243556794975",SIM switch,True
06MPCNYCUL,1449842705,HATWY,Windows,True,5G,2025-03-30 09:50:32.917091,"52.92313354956417,26.337116992708985",battery drain,True
AVJS4PUPSZ,9190881246,DKLZE,iOS,False,LTE,2025-03-28 09:50:32.917114,"-35.762486519579376,141.0732976913386",battery drain,True
7RZ29Y4SU3,5114491798,BLDVT,Android,False,5G,2025-04-11 09:50:32.917138,"37.786396311782696,111.0797396803975",SIM switch,True
Q5ICFZG5NX,0859198171,RGHEQ,Windows,False,WiFi,2025-04-17 09:50:32.917162,"74.54047225204971,32.57832089045655",battery drain,False
5LIW83KVEX,7263095466,COCGY,Android,True,LTE,2025-04-21 09:50:32.917184,"25.48200044886505,75.01795987259808",reboot,True
CL1L0Y7ND8,5603639844,WZHTN,Windows,True,LTE,2025-04-12 09:50:32.917208,"-12.699195215737774,-119.91647465487887",reboot,False
8D4L9D3OUE,2085652467,MMLPQ,iOS,False,LTE,2025-04-16 09:50:32.917232,"2.6592778778368,-140.59529499255106",reboot,True
2WDLLG0DXS,2892371088,DBQLM,iOS,False,5G,2025-03-29 09:50:32.917256,"-82.51989010142542,7.4326522145350395",reboot,True
KWOAO9A7FH,1708830762,QQNGK,iOS,True,LTE,2025-03-25 09:50:32.917292,"-14.54572654661959,39.47520479739521",reboot,True
3ELZEVL4Y8,3475720458,GCBYB,iOS,True,WiFi,2025-04-04 09:50:32.917327,"-2.310795188016698,62.48946633274417",battery drain,False
1TX4FU3LCL,2792271167,GQCTK,Windows,False,LTE,2025-04-04 09:50:32.917361,"20.468690190964338,16.960926627105295",SIM switch,False
J517H7487E,6463409369,NXEAY,Android,False,5G,2025-04-23 09:50:32.917394,"0.05791448779442021,-143.77700966827007",battery drain,True
K4FV8GAVZI,9026003587,DRMDL,iOS,False,LTE,2025-04-05 09:50:32.917428,"-82.6911368120075,155.4064337536043",reboot,False
OXCVN70AHQ,2788965004,WANUK,Android,True,LTE,2025-03-28 09:50:32.917462,"47.46652156409232,179.5311074604537",battery drain,False
PS1UPAFPQV,5671000606,BOXYA,Windows,False,LTE,2025-03-30 09:50:32.917496,"75.66995523884131,166.13039092265507",reboot,False
TSE7P6FTAA,3999517558,NVONM,Android,True,5G,2025-04-23 09:50:32.917531,"39.99311070867057,0.7897724714822232",battery drain,True
N5DRGE8830,6128048004,SDXVL,Windows,False,LTE,2025-04-20 09:50:32.917563,"-14.783090834188457,-63.88717883935827",battery drain,True
H3DG8H7VBO,4790500134,FAYOM,Windows,True,WiFi,2025-03-27 09:50:32.917597,"-47.3669374565244,100.6388226125859",reboot,False
LSDUYC1MIL,1023297884,NWATZ,Windows,False,LTE,2025-03-28 09:50:32.917630,"-42.63549485841284,72.84543489416939",reboot,False
E73ZTH7QJH,2499950745,OCWMD,Windows,True,LTE,2025-04-19 09:50:32.917668,"-51.841157422844674,-13.658197788711192",battery drain,False
0410FRVHEM,9523254740,IRGCC,Windows,False,5G,2025-04-06 09:50:32.917700,"-73.15594193020793,-5.2232096202507705",battery drain,False
HFO76GJZUB,9530395112,RWZJO,iOS,False,5G,2025-03-26 09:50:32.917729,"-0.4600926682597759,-128.106477770698",battery drain,False
HDC7AVOBOT,3894167054,UMNJG,Android,False,LTE,2025-03-26 09:50:32.917752,"-12.47279468607556,-38.95147340901249",reboot,True
UMIJZKCGVE,2324071914,RGVEN,Windows,False,5G,2025-04-22 09:50:32.917774,"-19.370000168318484,110.99599442896971",SIM switch,False
0E10X9DJJG,7389283281,PYILD,Windows,True,LTE,2025-04-17 09:50:32.917798,"76.37930379917248,-42.994185337096326",reboot,True
KKF2MXUQSB,6616155192,WUSEJ,iOS,True,LTE,2025-04-01 09:50:32.917822,"-4.142428056829516,143.2360173323725",SIM switch,False
03NC7B28ZL,6963033388,QESGP,iOS,False,5G,2025-04-22 09:50:32.917846,"0.467723068629212,155.13753848720313",battery drain,False
AQ9DFD4NNQ,1881777740,FDGYK,Windows,True,WiFi,2025-04-20 09:50:32.917869,"53.67990585390302,-78.93286571557242",SIM switch,True
OY03851ICA,1788570016,HWSHN,Android,False,LTE,2025-04-16 09:50:32.917893,"35.50120532622205,3.057521651449889",SIM switch,True
05M968KKZV,1139600016,WAMTR,Windows,True,5G,2025-04-20 09:50:32.917918,"-68.93069857453338,-133.71655619736072",reboot,True
10728SH6IE,6356581654,RUMBE,Windows,False,5G,2025-04-04 09:50:32.917943,"-47.4438416267126,41.23341535241977",reboot,True
ISMZ6H7RZB,1234561951,GZPWR,Windows,False,WiFi,2025-04-16 09:50:32.917967,"-22.729504193089497,-175.9112173264169",battery drain,False
FVJYDGUDNR,8977985178,RNTRY,Android,False,5G,2025-04-16 09:50:32.917991,"4.171340748332241,83.85645756300181",battery drain,True
YU7FRLNCRW,5943416983,RLMPM,Android,False,5G,2025-04-06 09:50:32.918017,"40.403759948352416,-60.839350568969266",reboot,True
VA423ZJ31G,4669974244,AQEUW,iOS,True,WiFi,2025-03-30 09:50:32.918043,"-79.1662910619472,-84.45855235104537",SIM switch,True
Z61QHEWVMV,0921140544,XINNM,Windows,False,WiFi,2025-03-30 09:50:32.918068,"-23.70503082619196,-148.41318187859176",reboot,True
OITJ7X6OCE,8689575417,SODXC,Android,True,5G,2025-04-17 09:50:32.918094,"-6.401903316023976,-70.085255330719",reboot,True
BDIVFVAWIO,7861109211,VTUNO,Android,False,WiFi,2025-04-22 09:50:32.918119,"29.995742926216806,-112.63949212384682",reboot,False
N391KVGZ54,5136616127,RCDMW,iOS,False,WiFi,2025-04-22 09:50:32.918144,"-8.15478069500476,142.48303548284014",SIM switch,False
VR79WJHXA3,3485709687,BBFHD,iOS,True,LTE,2025-03-28 09:50:32.918168,"-45.060065196473616,168.40553810119093",SIM switch,True
BOZHFG23M7,3255415711,STEZY,iOS,False,WiFi,2025-04-04 09:50:32.918196,"-29.53278005793925,41.33213270526929",reboot,False
G4D5D8UDL5,5060132500,UAEQV,iOS,True,5G,2025-04-18 09:50:32.918221,"80.762427722842,-147.2617969634362",SIM switch,True
Y2DPTNP2TS,7398001098,KTIPZ,Windows,True,WiFi,2025-04-22 09:50:32.918245,"16.27420725323249,-37.85244623016007",reboot,True
B91MY341F7,6302864671,FHJKM,iOS,False,LTE,2025-04-03 09:50:32.918269,"-88.8873853213959,133.56431188514352",battery drain,True
F0E2LPYSI9,5110853889,TVIGX,Windows,False,LTE,2025-04-16 09:50:32.918294,"-82.00156549774647,80.80111650076901",reboot,True
UF27IEUOLY,4574246027,GVBGZ,iOS,False,LTE,2025-03-27 09:50:32.918320,"87.69479333294532,-93.13921163750642",battery drain,True
NL2V21REDD,4416710795,TWXRQ,Android,False,LTE,2025-04-02 09:50:32.918344,"-66.2438530343509,58.813624319379244",battery drain,True
UZX7KHAGHN,6887518433,BLWHI,iOS,True,5G,2025-04-22 09:50:32.918369,"-48.77087808325952,-81.3544644782501",reboot,False
QW5Q6YQUO0,5978421386,OVLVP,Windows,True,WiFi,2025-03-28 09:50:32.918395,"-5.108555555378189,69.59690760875577",battery drain,False
68AJ6M12QP,5532390666,BSBED,iOS,False,5G,2025-03-28 09:50:32.918421,"77.8483876757922,92.02982400633101",reboot,False
YDRSAHYAZQ,5112797555,CNLYG,Android,True,5G,2025-04-15 09:50:32.918447,"-29.665037089863276,51.135633053623394",SIM switch,True
K9HEU0HAHF,8800644847,DTTMF,iOS,False,LTE,2025-03-30 09:50:32.918473,"38.94856629095901,67.73786766349241",SIM switch,False
4RW3DI0GT1,6665965520,TQUKF,Windows,False,5G,2025-04-01 09:50:32.918499,"-63.656981861331,-28.4885584954651",reboot,True
LUOURT6SK2,8012774313,ZWXJY,iOS,True,LTE,2025-04-17 09:50:32.918523,"-23.44513604807156,58.83651158162863",reboot,False
QNP5RPJ0UJ,3609773890,HEPBB,Android,True,LTE,2025-04-16 09:50:32.918548,"-9.767398723940502,113.64742890188455",SIM switch,True
8V1YVBW49J,3856681192,VKZGG,Windows,True,5G,2025-03-30 09:50:32.918574,"-65.12430384230352,105.30093251536016",battery drain,False
35UT4E1WTM,1035974513,FVMFA,Windows,True,LTE,2025-04-09 09:50:32.918600,"11.901919052569937,119.04234816337402",reboot,False
X6FFKOIEUQ,8897347332,ATLKC,iOS,False,5G,2025-03-27 09:50:32.918625,"52.12224020831718,16.163380914801365",reboot,False
HOSN6AWOHQ,3735058105,LCNUK,Windows,False,WiFi,2025-04-03 09:50:32.918651,"65.06466147286318,75.69099565869007",reboot,False
Y2JVPIYEKS,3018420151,BUVTX,Windows,False,LTE,2025-03-27 09:50:32.918675,"37.95215103403167,-144.29994835668248",battery drain,False
HOQVVBWMJE,1406356979,SVAAC,Android,False,5G,2025-04-04 09:50:32.918701,"-15.18735694202185,-84.11181244702321",reboot,False
IIUUE46XJM,6043043226,RWHPL,Windows,True,LTE,2025-04-11 09:50:32.918728,"-14.607442448582617,89.91192904148375",SIM switch,True
9NT2P1NTWT,9392868250,UKQGP,Android,False,LTE,2025-04-09 09:50:32.918754,"-71.90184190033122,-93.46992219848025",reboot,True
7UWZHRZXXI,7228815715,KGHYB,iOS,False,WiFi,2025-04-08 09:50:32.918779,"25.05712863510543,-105.53824610939226",battery drain,True
O4RE6QS1LC,2722433047,ANXKP,Windows,False,LTE,2025-04-01 09:50:32.918804,"57.320848347601014,-35.41294884777264",reboot,True
TUMSY66TYY,0940992104,ZZOIY,Android,False,WiFi,2025-04-14 09:50:32.918831,"-22.10872993224595,42.4278607070672",reboot,True
DE49FKO2KU,1098019165,OVMOQ,Android,True,WiFi,2025-04-07 09:50:32.918857,"30.396535858529674,-177.3825612178892",battery drain,True
OM6WMFBHVW,0618181163,NBLTX,Windows,False,5G,2025-04-04 09:50:32.918883,"-71.20222930726891,38.88414763922981",battery drain,True
09LDXTA9X3,0514975428,SZNLI,Windows,True,LTE,2025-04-10 09:50:32.918910,"-78.53346453443037,-36.94094114940731",SIM switch,True
KGC6LKB0PG,1807542659,XEWFE,Android,False,WiFi,2025-03-30 09:50:32.918939,"-87.15532977548534,-123.95888672460833",reboot,False
1KVYN967K9,3215407701,XDTLK,Windows,False,LTE,2025-03-26 09:50:32.918964,"34.6460835042798,-22.10999693791794",battery drain,True
3FGN76ZDLU,9284447541,ZSSYM,Windows,False,WiFi,2025-04-03 09:50:32.918989,"44.155094092337066,-80.1949713848555",reboot,True
JFLTX8FJTH,7075034123,ZTPAG,Windows,True,WiFi,2025-04-18 09:50:32.919017,"19.968877994881993,145.85296069921475",reboot,False
JH9RO6E2YM,9633291355,WTPPO,Android,False,5G,2025-04-04 09:50:32.919043,"-76.67466310756183,-8.788923499631665",battery drain,True
30V62MQCNH,0599535456,HYPYE,Android,True,WiFi,2025-04-05 09:50:32.919069,"31.041115910436062,96.29245054734326",SIM switch,True
7YLTX9QXOH,7572206779,ZWSMM,Android,True,LTE,2025-04-09 09:50:32.919098,"23.316910526691288,-50.088739710610014",reboot,False
R5K8IRT35D,9760862277,MLRJO,iOS,False,LTE,2025-04-07 09:50:32.919124,"-26.240380820459208,18.044717395475942",SIM switch,False
1WDAMLJJZW,9754177515,NAYUK,iOS,False,LTE,2025-04-22 09:50:32.919151,"56.39623706679188,169.33834995685612",SIM switch,False
S9XC1TITVU,0495881434,PCNKF,Windows,True,LTE,2025-04-10 09:50:32.919177,"15.73371474892781,47.69560462894347",SIM switch,True
LYLE53VYFU,6962213420,UUZYZ,Android,True,WiFi,2025-03-29 09:50:32.919203,"-24.280709826018708,130.27503820907833",SIM switch,True
5OYFLU8CQL,0471199370,YXMBJ,Android,False,WiFi,2025-04-18 09:50:32.919229,"33.3311819574009,86.98580788236796",SIM switch,True
FS63YE7J8F,6183319282,FVXYZ,Windows,True,LTE,2025-03-28 09:50:32.919256,"-13.338037669549848,-20.778053373034112",SIM switch,False
6TVNVYXBY5,0810764024,ANUUY,iOS,True,WiFi,2025-04-10 09:50:32.919283,"-80.87675985657714,-93.32548483193357",battery drain,True
RYS26ZKI27,5782593664,ZBOQP,iOS,False,LTE,2025-04-23 09:50:32.919310,"-13.356513994888061,-162.90896746031206",SIM switch,False
BJ2T7K0WN2,3319967730,FJZCF,iOS,False,LTE,2025-03-25 09:50:32.919336,"-87.45464583515663,-47.46587160924278",battery drain,False
UCHBOI37Y4,3556595576,ACLAC,Windows,False,WiFi,2025-04-07 09:50:32.919369,"-71.42080526946371,-162.92666261764327",reboot,True
T7K42J6HUG,3963464214,KHIRQ,Android,False,WiFi,2025-04-21 09:50:32.919396,"-17.768113182084576,-115.58219142809958",battery drain,False
4LII4HKC1W,1724441932,LZWVQ,Windows,True,LTE,2025-04-22 09:50:32.919423,"9.860189996384008,64.28709127823927",SIM switch,False
UAEP7618UL,3377234141,GEPYO,Windows,True,WiFi,2025-04-12 09:50:32.919451,"-62.77321508405083,99.0796307341023",battery drain,False
TPZFE2KPUN,0774446405,RODXG,Android,False,5G,2025-04-21 09:50:32.919478,"11.470390148769908,167.57291046392203",reboot,False
TJ6SR8BENX,0064275951,KRSAS,Android,True,5G,2025-04-14 09:50:32.919505,"-55.61076031146697,-95.5615501273793",battery drain,False
UE7805KTJJ,8043524761,CIGTG,iOS,False,5G,2025-04-23 09:50:32.919531,"-65.58129396278153,-18.781570454860002",reboot,False
M6G9RDFTTI,0701417691,GMBCO,iOS,True,WiFi,2025-04-12 09:50:32.919557,"-5.203366227246207,-64.14249121895325",reboot,True
SEY7P797NB,5169929187,JGFJC,iOS,True,5G,2025-04-07 09:50:32.919584,"-85.27335595169399,73.38567056848427",battery drain,True
ZWAMB8QK6A,6436321311,JQAIL,iOS,False,LTE,2025-04-19 09:50:32.919608,"35.762071516089506,71.88377144578564",SIM switch,False
XQRFKFYJXF,6705965473,FBEZI,Windows,False,LTE,2025-04-10 09:50:32.919635,"89.71053181571696,-32.806710261059976",SIM switch,True
44S3UBY138,3056235778,KGFMB,iOS,True,WiFi,2025-04-06 09:50:32.919660,"60.111921006394056,66.28941747147039",reboot,True
M3X3Q8O7UH,6601867406,SFZLZ,Android,True,LTE,2025-04-12 09:50:32.919685,"0.29557463365823367,-7.224176132243144",battery drain,False
XLLYY62GRG,7869417649,MBDEJ,Windows,True,LTE,2025-04-12 09:50:32.919711,"63.73307826884198,118.66863152131094",reboot,False
XT91QHMPS7,3603057681,IYUPR,iOS,True,WiFi,2025-04-03 09:50:32.919736,"-40.05320763439966,-118.01125895336605",battery drain,False
ATAZHL0SFQ,7635808958,MMETP,iOS,False,LTE,2025-04-11 09:50:32.919761,"52.96552777645914,-91.87555692665569",SIM switch,False
4KY12234Z3,6016055526,SFQII,Windows,True,WiFi,2025-04-11 09:50:32.919785,"-4.632910559683339,-106.37441064618277",battery drain,True
RNJ7GU32FJ,4498636638,BGHFY,Android,True,WiFi,2025-04-04 09:50:32.919810,"-89.32381304712956,-39.37524235557274",reboot,False
EW9Z14XX95,8468039617,MCOCM,Android,True,5G,2025-04-06 09:50:32.919834,"-14.074568784695515,-172.70066718132537",battery drain,False
GR16U2C33M,2186171595,CBVGB,Windows,True,5G,2025-03-29 09:50:32.919861,"30.64408072107642,15.362254818242093",reboot,True
89U9CM3L6H,8386033708,GQFPF,Android,False,5G,2025-03-30 09:50:32.919886,"67.09708641254377,-4.512343824683597",reboot,True
FZ4OJ2R7P7,7943449250,NUGQD,Windows,True,WiFi,2025-04-11 09:50:32.919910,"85.30828105567494,-114.57177251918712",battery drain,False
G6VVQA43LY,5539267991,NLUYL,Windows,True,WiFi,2025-04-17 09:50:32.919935,"2.5799630992784444,45.66459101891425",SIM switch,False
HABJDX4ELV,6158293629,NVVXA,Windows,False,WiFi,2025-03-27 09:50:32.919961,"52.293950498701236,136.8878525673132",SIM switch,True
GN3LSZ12JO,3019227276,OVVVW,iOS,True,WiFi,2025-03-27 09:50:32.919986,"-42.64533076361008,-24.877346710948814",SIM switch,True
BIVVLQMBXR,1085591978,GVEVR,Android,False,LTE,2025-04-21 09:50:32.920011,"47.83482685940089,-53.51336532929079",SIM switch,False
OQOSQ3ST43,0922505581,LYWKZ,Windows,True,LTE,2025-03-26 09:50:32.920037,"23.56495073465895,65.02772602964967",SIM switch,False
ZIAW2IPSJD,5815023370,LUQRH,Android,True,LTE,2025-04-05 09:50:32.920061,"20.250670421840297,-52.43913696496715",reboot,False
M9NYN2AI18,8678580911,PKDYD,iOS,False,5G,2025-04-20 09:50:32.920087,"-26.108588635828475,-84.758395910772",reboot,False
FOHKIWH7UK,0352622779,AYLPO,iOS,False,5G,2025-04-06 09:50:32.920112,"-69.98853570391779,-23.331681188768556",SIM switch,True
GD6A7WXJ6V,5775510066,IUONO,Android,True,LTE,2025-04-13 09:50:32.920136,"-13.378619044807508,74.47624671896139",SIM switch,True
SQ1F2XZNVG,1795534340,XWJFN,Windows,True,WiFi,2025-04-17 09:50:32.920159,"-56.302913612264,32.66271649159543",SIM switch,False
V1PJHIIHPL,0386514053,PMQVW,Windows,False,WiFi,2025-04-10 09:50:32.920205,"36.4988298903132,46.38330105681521",battery drain,True
PVO10XOK1U,1376465259,VLQOY,Android,False,LTE,2025-04-18 09:50:32.920229,"-67.8415511919857,159.53421242092753",SIM switch,False
FP6RA4PNY2,4860753485,YVFEK,iOS,True,LTE,2025-04-15 09:50:32.920253,"-75.85123959285721,-58.05528788509804",SIM switch,True
7B8WTHS0BC,6001435318,YFGIL,Android,True,5G,2025-04-02 09:50:32.920283,"63.765421684751146,-88.45819692575012",SIM switch,False
DJOPCGXMXS,3060840960,VLQBD,iOS,True,LTE,2025-04-13 09:50:32.920310,"35.85156834161427,144.34484652727514",battery drain,False
1VTK4IKFB8,4603684412,HECMH,iOS,True,LTE,2025-03-25 09:50:32.920337,"69.27329246183302,-57.44748308746556",battery drain,False
2HKKD3OK6F,7887177608,STTLC,Windows,True,5G,2025-04-03 09:50:32.920363,"22.81478896339911,-74.98926639821471",battery drain,False
PVD01JIVKS,1604342176,WJYLX,Android,True,WiFi,2025-04-07 09:50:32.920392,"23.399821035749227,-168.0889429345104",battery drain,False
8YB3O2OXRV,1422200480,SDKQE,Windows,True,WiFi,2025-04-03 09:50:32.920421,"83.78442133013641,-137.38952598290578",battery drain,False
NQRRYECEJ1,7350332534,EVGTU,iOS,True,5G,2025-03-30 09:50:32.920444,"-36.32971774515136,62.651009357218044",battery drain,False
RKRI6YF6L6,0119413020,YCLRW,Android,True,5G,2025-03-29 09:50:32.920468,"38.97052818695306,59.75451174398768",battery drain,False
T80B9V399L,5821279284,YPZGM,Android,False,WiFi,2025-04-10 09:50:32.920493,"-58.55354598565337,-54.18340059865653",battery drain,False
PJAFR9TOZ3,0064936696,NTLRX,Windows,True,LTE,2025-04-23 09:50:32.920518,"77.32927764093338,14.16926022568191",SIM switch,False
L2BPFTUXCE,0015410659,KIYFV,Windows,False,5G,2025-04-06 09:50:32.920543,"-10.486968576645836,-123.38711829339297",reboot,True
MSZDSLHY1H,0749358986,UDFKS,iOS,True,WiFi,2025-04-12 09:50:32.920568,"2.971523271639356,26.273441927916082",SIM switch,False
THC5S5CFTS,7387620170,MFKGT,Windows,False,5G,2025-04-16 09:50:32.920593,"-25.74637514349783,-105.5606988024803",reboot,True
1R6U31AG68,8179787840,ECISI,Windows,False,WiFi,2025-03-28 09:50:32.920619,"78.24192919795709,18.65662998707191",reboot,True
SXFZE8HPS7,3822129859,PKYQN,Android,True,5G,2025-04-11 09:50:32.920646,"54.87859345570939,-31.085685298457832",SIM switch,False
F0IX0Q0CKU,9615122065,KJPUU,Windows,True,WiFi,2025-04-23 09:50:32.920670,"-80.25846666436576,65.59914161645301",reboot,False
9UU6TLX25N,5866918513,NKSDG,Android,True,5G,2025-04-05 09:50:32.920698,"80.63548220869399,107.57686567578389",reboot,False
UZ3D4Y2UQR,4597080089,VUJAK,Android,False,WiFi,2025-04-19 09:50:32.920722,"69.37717846748808,-171.3727578617311",SIM switch,False
C70FHBOO1B,5774874710,HTOPO,iOS,False,WiFi,2025-04-18 09:50:32.920745,"7.301775455946441,20.859849403084496",reboot,True
WZED8AS774,9852016632,ANMAZ,Windows,True,WiFi,2025-04-04 09:50:32.920768,"-55.833764613616886,150.18027085241783",battery drain,True
LSAT7E7SSR,0728921800,MCSWV,iOS,True,5G,2025-03-30 09:50:32.920792,"86.71498196758583,150.64535528762548",reboot,True
6OIF7SXP0F,9139107078,SLYXG,Android,False,5G,2025-04-15 09:50:32.920815,"47.839343677366884,70.20141113027387",reboot,True
RQ3654Y8L0,4453561759,NOJQM,Android,False,WiFi,2025-04-04 09:50:32.920838,"-9.928989908261997,-46.70070309404696",SIM switch,False
THAKBTHLGG,9923498670,WWUEJ,Windows,False,LTE,2025-03-25 09:50:32.920861,"-65.60260374308426,133.2764323756603",battery drain,True
UTT4OTB8QT,4964953792,UFUXU,Windows,False,LTE,2025-04-09 09:50:32.920886,"78.06107093657525,-109.95500705199518",reboot,True
O3ABV8DC1I,9972889159,KDVYT,Android,False,5G,2025-04-05 09:50:32.920911,"56.091426457220365,-157.23710596010292",battery drain,True
967Z3P0I8S,1269577119,IGYBF,iOS,False,LTE,2025-04-06 09:50:32.920933,"-62.548920824906475,-57.745903307383855",reboot,False
ZRH3AHWQRV,0313914584,SHTMX,iOS,True,5G,2025-04-06 09:50:32.920959,"-5.916064596631173,13.031873666357768",reboot,False
SO0S9U2KCD,4754497227,GTCAJ,Android,True,LTE,2025-04-14 09:50:32.920981,"60.23847276481388,-101.46340533723337",reboot,True
V7R8Y4MKPO,1855791139,KHREA,iOS,True,5G,2025-03-27 09:50:32.921006,"-25.685422709395084,-154.60900212250678",SIM switch,True
N8T2PVZRM6,3568995129,BODRQ,iOS,False,5G,2025-04-12 09:50:32.921030,"86.306465285397,-137.14219567775575",battery drain,True
YWTK7QZ7P2,5962939195,YCEIS,Windows,False,5G,2025-04-21 09:50:32.921055,"11.214119924634574,50.587214840584465",reboot,True
MHX5XKEUV9,1688187150,ILTIG,Android,True,5G,2025-04-21 09:50:32.921084,"-48.9349300913149,-61.4960638211149",battery drain,False
YPTM93PH3Y,1470795108,QUEHD,Windows,False,WiFi,2025-04-17 09:50:32.921109,"3.695860937618363,112.24494096408296",reboot,True
6Q2L3ZDBP9,5704982456,JUWZZ,Android,False,LTE,2025-04-13 09:50:32.921136,"-68.29910234335887,84.6213100289537",SIM switch,False
RGCECI8FW1,4373308619,OAETV,iOS,False,LTE,2025-04-09 09:50:32.921162,"61.725055722642026,-86.83550725307636",reboot,False
2TMTT4UE79,4884008397,GBPOB,Windows,True,WiFi,2025-04-20 09:50:32.921188,"-73.75939676496222,-76.01650469047912",SIM switch,True
T2S4HUJL5V,9962001290,GUQGF,Android,False,5G,2025-04-05 09:50:32.921213,"-30.06404289114377,42.83412806717669",SIM switch,True
1KNEP734R1,6359769741,YOHGQ,Windows,False,WiFi,2025-04-10 09:50:32.921238,"-72.03992066150562,-43.49661404211329",reboot,False
GY42CBRT35,9370976540,DZRCA,Windows,False,5G,2025-04-02 09:50:32.921263,"-41.301468921637024,-38.97265722875659",SIM switch,True
Q4MNWSQDK3,3935374245,CFMQH,Windows,True,5G,2025-04-07 09:50:32.921289,"-50.74511408987108,-164.66020998660554",SIM switch,True
X5JYHK4GJV,9374070664,HKQMO,iOS,True,LTE,2025-04-22 09:50:32.921315,"-18.842805624508145,-87.75835329067873",SIM switch,True
0QKF8KPLBC,6745868304,RKOYO,iOS,False,5G,2025-04-08 09:50:32.921340,"-68.9978572351361,-20.445822759886454",SIM switch,True
IRM6BW2NBW,6530339016,VLJTH,Windows,True,5G,2025-04-22 09:50:32.921366,"-56.06420442861304,41.02693634670237",battery drain,False
F3CUV17FDE,1883571265,ZMNIB,iOS,False,5G,2025-04-12 09:50:32.921392,"-13.740178775861082,70.88895917253626",SIM switch,False
ZV0SXBQODA,1670400196,EJACY,Windows,False,LTE,2025-03-31 09:50:32.921424,"-79.12964712536022,115.3258985389723",reboot,True
CZ5SE8W9UB,1195986653,QTUBU,Windows,False,WiFi,2025-04-15 09:50:32.921449,"-15.030997826338563,-22.38659189099255",SIM switch,True
A0RO646Z0K,7438626383,ZLPDQ,Windows,False,LTE,2025-04-15 09:50:32.921475,"-88.15706653719869,-19.875207891518443",reboot,False
DB1V23B5TP,0161435839,YZBTX,iOS,True,WiFi,2025-04-20 09:50:32.921502,"-52.46961407425254,59.271248843757576",battery drain,False
JHYY3RZSZU,5657479836,LCJJC,iOS,False,LTE,2025-04-17 09:50:32.921525,"45.99644013561635,-20.85624868000548",reboot,True
7OATEHB7R6,9987706495,VINJO,Windows,True,WiFi,2025-04-04 09:50:32.921552,"-22.272530924525668,44.20419219116465",battery drain,True
8NKVEUYCYA,0316388940,CGGWJ,Windows,False,WiFi,2025-03-29 09:50:32.921576,"88.19256259417818,-89.70460128647623",battery drain,True
WDGZOT153I,1194663873,KDTYF,iOS,False,WiFi,2025-04-04 09:50:32.921601,"13.548781614679683,-45.843533213241415",reboot,True
1WVAE1Z631,7933918602,QFAVH,Android,True,5G,2025-04-03 09:50:32.921626,"56.33252862327032,-67.30802869943656",reboot,False
NZM0BR42S3,7259123678,VVXFK,iOS,True,WiFi,2025-04-06 09:50:32.921650,"-42.662471163562856,-49.35286941728327",battery drain,True
VMHWI6547U,4022388144,WMJRQ,iOS,False,LTE,2025-04-21 09:50:32.921675,"-66.0544512710889,151.4891596575108",SIM switch,True
WTKO1NRL63,6036638041,QIIKU,Android,False,LTE,2025-04-19 09:50:32.921700,"-13.523772556231705,-113.26665479972418",reboot,True
9ALDP24TV4,4517244071,OEAOR,Windows,True,WiFi,2025-03-27 09:50:32.921727,"17.55261225066633,9.933483991867632",reboot,True
01TQWX0GKH,8530182651,CLPGW,iOS,True,5G,2025-04-13 09:50:32.921752,"-63.511391754424224,151.8527801300844",battery drain,True
WW9BTTJOH2,2045926312,HDLMB,Windows,False,WiFi,2025-04-11 09:50:32.921779,"38.14058334556512,170.5839880428656",battery drain,False
MZSYOSXG3I,2334939446,AGVJN,Windows,False,LTE,2025-04-13 09:50:32.921805,"-87.25425417416689,107.27699838497523",SIM switch,False
53V63UI21W,4884107280,PSAVY,iOS,False,LTE,2025-04-20 09:50:32.921831,"-47.95303950201734,-148.1362485664194",SIM switch,True
I1S1HLMJR4,7969269378,DCKGG,Android,True,5G,2025-04-06 09:50:32.921857,"-68.65944685291451,167.56237191599894",SIM switch,False
V1VSE3YPU2,2626293208,SFLRP,Windows,False,5G,2025-04-16 09:50:32.921884,"25.188129927986154,-142.02312614901888",SIM switch,True
3STRW5FIC9,7291309638,MAIMA,Android,True,LTE,2025-04-23 09:50:32.921913,"-25.43568028327357,-147.481066163023",battery drain,False
A9TOL6QEFZ,9577312753,JPJWX,Android,False,WiFi,2025-04-23 09:50:32.921938,"-4.384716083829659,-131.79146590198684",battery drain,True
YG2GCFS7BW,6274107541,QZVOP,iOS,True,LTE,2025-03-29 09:50:32.921964,"49.544872225511455,-158.42355451489456",SIM switch,False
723GWJIUJV,8641075265,GCUMN,iOS,False,5G,2025-04-12 09:50:32.921990,"81.08564516043563,143.9331942687292",SIM switch,False
PUCHI3MHJ8,6870608703,OHVFS,Android,False,LTE,2025-03-25 09:50:32.922017,"-75.99656175528447,-169.88510048664733",SIM switch,True
EXYXX1OVCN,8674792006,MKXPW,iOS,False,WiFi,2025-04-07 09:50:32.922042,"-39.66303330214369,-99.62961522507506",reboot,False
Y4GQMELFU3,3669064719,IWXNZ,iOS,False,5G,2025-04-15 09:50:32.922066,"-10.382059400755722,6.748590860982858",reboot,True
W4YAVLB1WE,3318468310,OHKMF,Windows,True,5G,2025-04-06 09:50:32.922090,"-38.871107986275454,-38.31465573897441",reboot,True
KVZET69DA9,8529969406,UBGQR,Android,True,LTE,2025-04-01 09:50:32.922118,"0.9682131219310719,-52.536697155716084",reboot,False
S4XSLDADVI,4888285908,WBOUU,Windows,True,WiFi,2025-04-05 09:50:32.922146,"71.17943682981269,125.83039735964337",reboot,True
YTAJANWRZA,6130132876,IQUHX,Windows,True,LTE,2025-03-26 09:50:32.922172,"2.0573027399560146,40.32801613099056",SIM switch,False
BT9SGGUBCV,8415270374,VLYDC,iOS,True,LTE,2025-03-28 09:50:32.922197,"25.40233529429925,-171.6050449253808",SIM switch,True
BK9OCDA2RX,9177236984,SCENB,iOS,False,WiFi,2025-04-13 09:50:32.922222,"10.382226070769335,-162.35013902943993",battery drain,False
H2IQAYGC46,0024060307,OAFGN,Android,True,WiFi,2025-04-18 09:50:32.922253,"-29.525643235135632,-19.81742864859018",battery drain,False
MPPGDRGPSL,3631884467,YSQJC,Android,True,5G,2025-03-28 09:50:32.922283,"48.25025497132731,-51.25535819189156",SIM switch,True
KTAZHGW1L6,8138890262,BQALJ,Windows,True,LTE,2025-04-12 09:50:32.922310,"-80.34029066961926,94.34783819399843",battery drain,False
OIO2E2V4QH,1094595358,OSXFC,Android,True,5G,2025-04-08 09:50:32.922337,"34.464856435038726,67.81087603162538",battery drain,True
MTKTHXS67S,4454153792,JMQZR,Windows,False,5G,2025-03-28 09:50:32.922363,"80.94849481040603,-158.62346689485685",battery drain,False
HRWFN6APTY,6635280169,BXYLU,iOS,False,WiFi,2025-04-20 09:50:32.922390,"-59.5183780459724,-56.3438336585582",SIM switch,True
HFW50SZAUY,2022085366,WWEBN,Windows,False,LTE,2025-04-18 09:50:32.922417,"-51.0224887988927,58.61129283934528",SIM switch,False
75ID1NE9F3,5049715096,LYPUS,Windows,True,WiFi,2025-04-15 09:50:32.922443,"-64.7827584840739,122.62972388803064",SIM switch,True
6OC8ED18Y6,6355813239,BVTWY,Windows,True,5G,2025-04-13 09:50:32.922470,"-9.166404904173291,-36.87818623936093",SIM switch,True
OXHZ5HO0RM,1401502443,JQWWJ,Android,True,WiFi,2025-03-29 09:50:32.922496,"82.1390793517765,-179.8400833940695",SIM switch,True
F9ORQSXIV6,3193695920,YKMEW,Windows,False,WiFi,2025-04-22 09:50:32.922523,"-56.85428841931165,118.22419556476461",SIM switch,False
HGUILBDDY6,0284575673,UOSAI,iOS,False,5G,2025-04-16 09:50:32.922549,"53.47118642239744,71.31242010823274",reboot,False
4Y3SJGZ6WO,7311692726,RRKNI,iOS,False,5G,2025-04-05 09:50:32.922576,"-19.84740595614555,143.09557154502187",battery drain,False
EGXXM8GD01,6459993372,JDLVB,iOS,False,5G,2025-04-23 09:50:32.922601,"-7.103272880477618,128.0129601338213",reboot,False
3BHX2BARWI,2163428478,YVOXI,Android,False,LTE,2025-04-05 09:50:32.922626,"83.7634784555504,84.88028478675375",SIM switch,True
KLX5M140U9,3638244270,CAGNT,Android,False,5G,2025-04-16 09:50:32.922652,"26.138985101492054,-64.74259739623956",SIM switch,False
PNGY0NH2SM,4188192528,FWWIG,Windows,False,5G,2025-03-30 09:50:32.922680,"55.69684307138198,-23.604730102542533",SIM switch,True
4N3UHA5Z69,3805946650,PBDPJ,Android,True,5G,2025-04-10 09:50:32.922705,"-71.76516706933405,-174.96190101883252",reboot,True
FLJ259DL1L,8226888735,FURCC,Android,True,WiFi,2025-04-03 09:50:32.922731,"-53.06970477414471,-154.0086645778618",battery drain,False
7KKCEK9OPM,4031319079,UMYPZ,iOS,False,WiFi,2025-04-17 09:50:32.922757,"76.09877843235932,163.86045154769687",SIM switch,True
KLJ5G1ANLP,0140452734,XAZSH,Windows,False,LTE,2025-04-06 09:50:32.922784,"27.731090024930026,-24.939000937724103",SIM switch,False
SWWEWYY5I8,9935713683,LRBRZ,Android,True,WiFi,2025-03-29 09:50:32.922810,"-57.83304392903229,-70.9041521946333",reboot,True
M0FQR4TBDP,0850160546,KNQEU,Windows,True,5G,2025-04-04 09:50:32.922837,"-14.507308770123899,160.5299967973046",battery drain,True
JWWJ8O4K8A,8237875459,WWXZQ,Windows,False,5G,2025-04-21 09:50:32.922862,"72.7977884345768,129.56785405861586",reboot,False
YS5MVOPR5X,3590371622,HWBFG,Android,True,WiFi,2025-04-03 09:50:32.922888,"-48.83859712383618,-53.712301582458764",battery drain,True
CEXTET8BMW,8357125618,YUUHS,Android,False,5G,2025-04-21 09:50:32.922914,"74.69478028300969,-102.77515885455695",reboot,True
0WL4U16TQH,7755243032,ZOYXL,Windows,True,LTE,2025-03-25 09:50:32.922941,"-62.89630809242261,-31.541427814949657",SIM switch,False
WP0HTZ3WR3,4532551297,SHMLJ,iOS,True,LTE,2025-04-03 09:50:32.922966,"-30.49387781564436,-69.58533153019405",reboot,False
FZ924KDHV6,4776090521,UOOMY,iOS,True,LTE,2025-04-09 09:50:32.922995,"39.76612040339481,-37.549317692663436",SIM switch,False
CBUDQKKHXI,0193470896,BNWHW,Android,True,LTE,2025-04-04 09:50:32.923021,"-2.4302701065650467,148.68848461857556",SIM switch,True
4F2Y2PPBFW,8320045863,SYQOC,Windows,False,LTE,2025-03-27 09:50:32.923047,"13.485005870512026,140.63112581477117",battery drain,False
R42HYB1O7Z,4764671609,BGJQZ,Android,False,WiFi,2025-04-12 09:50:32.923072,"-47.44500628647303,37.84942260231577",reboot,False
3A3PFYW16T,7218341738,JEIWP,Windows,False,WiFi,2025-04-22 09:50:32.923097,"58.06097185789977,-3.783497086225651",reboot,False
PM2Y46HWF2,1955295539,YVTQH,iOS,False,5G,2025-04-08 09:50:32.923123,"-60.059153664366406,69.27090377850283",battery drain,True
EV4VC4SXQD,1494542107,JJVGH,iOS,True,LTE,2025-04-13 09:50:32.923149,"36.191716129728704,8.923189444122897",SIM switch,True
A90695U3AC,1513438497,YVZON,Android,True,5G,2025-04-10 09:50:32.923178,"-8.320804171367172,42.786678951966564",SIM switch,False
WLYV0Q77G3,7596177578,VLOKE,iOS,False,LTE,2025-04-07 09:50:32.923204,"0.22528788851735726,45.580084666550334",SIM switch,False
2UE6RPMZP1,2656363791,ZGYVA,iOS,True,5G,2025-04-20 09:50:32.923231,"-43.93774847243922,-96.7543048696967",reboot,True
7AOS0DQ8V2,0587335759,RKRBX,iOS,True,LTE,2025-04-12 09:50:32.923254,"-9.629951136615034,-124.20305466850377",battery drain,False
FB1RYSRORV,9415548791,JKDOF,iOS,True,LTE,2025-03-27 09:50:32.923277,"68.72058094690976,-16.581709731125557",SIM switch,True
6WZ9PUE77B,7882194232,UIAZI,Android,True,5G,2025-04-16 09:50:32.923302,"0.6546643046768139,157.16595744581986",battery drain,False
C2U5CQVJPE,8617589824,XKLKM,iOS,True,LTE,2025-04-06 09:50:32.923327,"8.27106252037538,140.83883022496923",battery drain,True
P71FC3MVOH,5234061632,ARDTS,iOS,True,LTE,2025-03-27 09:50:32.923349,"-64.70441650516263,104.06541402732347",reboot,False
76F8PFJCY2,4969498677,XNGME,Android,True,WiFi,2025-04-05 09:50:32.923364,"-12.34969104861662,-51.20862102015067",reboot,False
RDIAXTVND2,7095185989,ZDUXO,Windows,False,WiFi,2025-04-10 09:50:32.923379,"21.257400597060368,49.94026673228592",reboot,False
GA06UXBMMN,9775479571,WFVBC,iOS,False,5G,2025-04-15 09:50:32.923394,"51.77344433169105,-94.13044732427754",SIM switch,True
MD055ZERF2,8277140701,XHZHX,iOS,False,LTE,2025-04-13 09:50:32.923408,"-79.75984664702956,64.148342794147",reboot,True
HAUHWX3410,3377377961,VQTRP,Windows,True,5G,2025-04-13 09:50:32.923423,"-31.865894044060028,-161.09294988164982",reboot,True
L9S0DBPDWW,2741802449,NNGSR,Android,True,LTE,2025-03-25 09:50:32.923437,"-48.980173646459846,141.50030260036476",SIM switch,False
DE8SIFEJ6T,7220217164,BOKQK,Windows,False,5G,2025-04-03 09:50:32.923452,"27.052088072557666,-54.15011057019028",battery drain,False
SC8DNJJER7,0297724834,ZBELO,Android,False,5G,2025-04-13 09:50:32.923466,"45.30196381729232,-164.22855249033117",SIM switch,True
CNBS4CLIP0,3070541791,KHLHB,Windows,True,LTE,2025-04-13 09:50:32.923482,"-31.365067142233535,-78.03460987512499",battery drain,False
JF4XQOJIIB,6150968172,HFZQW,Windows,True,5G,2025-04-16 09:50:32.923501,"20.237601696541432,-1.4194825437479892",battery drain,False
DEAACBP9O1,0783710794,XBMUS,Android,False,LTE,2025-04-16 09:50:32.923527,"65.5037409618649,-123.47405715317419",SIM switch,False
CZ2NZ1DM4H,3604820563,AGOZU,Android,True,LTE,2025-04-10 09:50:32.923550,"85.11555893028995,-93.86273290377648",reboot,True
MVJOWHZHYY,1327658025,DMORK,Windows,True,5G,2025-04-09 09:50:32.923575,"-0.870846562773707,129.2792596538003",reboot,False
VTL3WHG1OE,2894161729,VSPPD,Android,True,5G,2025-04-12 09:50:32.923602,"14.880070846150844,109.77615541259155",SIM switch,False
IDM7JBO23I,7222288981,HBPHA,Windows,False,5G,2025-04-04 09:50:32.923620,"-83.98390445105318,161.87344212629165",battery drain,False
WK70QGJ5GU,6182193554,XTJLQ,Android,True,5G,2025-04-01 09:50:32.923636,"64.63658985315695,-159.29115080720373",reboot,True
025DY9PHOT,6196118734,OZGCR,Windows,True,LTE,2025-03-25 09:50:32.923650,"75.41888544857082,-96.75657080894605",reboot,False
GHUS467IOS,1867962698,NCSIO,Android,False,WiFi,2025-04-02 09:50:32.923664,"16.596048167243467,99.13825845643993",battery drain,False
4707OOD23V,3315798965,QOWOT,iOS,False,LTE,2025-04-19 09:50:32.923678,"-40.57688231513081,108.41896824944934",reboot,False
DJLY0UJ9ZY,8950891059,QJRVZ,iOS,False,WiFi,2025-04-21 09:50:32.923693,"66.59819761359887,162.21032189751986",battery drain,False
H9RVPCLAYO,3679688572,ALOEQ,Windows,True,5G,2025-04-08 09:50:32.923707,"-72.98606688181835,-16.244493303080617",SIM switch,False
2N5PJTLM70,3655353287,UQPMA,Windows,True,LTE,2025-04-12 09:50:32.923722,"27.506943331780874,-153.85974902062418",battery drain,False
4E1WMFQPGP,4992425919,DIJHT,Android,False,WiFi,2025-04-08 09:50:32.923737,"67.39161946056785,-113.97960475263183",reboot,True
4NS9MRWRPC,7801721817,ENNZF,Windows,True,WiFi,2025-04-06 09:50:32.923751,"1.1120201717695295,35.25830030338665",SIM switch,False
DH868EZ3O9,4301671223,SAATJ,iOS,False,WiFi,2025-04-05 09:50:32.923768,"53.45254377181226,175.37919858407048",battery drain,False
5YDGUVDXA8,2778794232,YNYRB,Windows,False,LTE,2025-04-09 09:50:32.923782,"-80.52239641359053,-107.80970553508008",battery drain,True
TEFJ2M4WZM,4611836688,PUVFA,Android,True,WiFi,2025-04-08 09:50:32.923797,"88.73880764888636,-172.30968251847898",SIM switch,True
4WFUKOPYND,9323321527,UWXBN,Android,True,LTE,2025-04-05 09:50:32.923811,"-61.45362083634882,-123.54432636144017",battery drain,True
9XAU5NO6T9,7134374829,SEPEH,Android,False,5G,2025-04-13 09:50:32.923825,"-5.471816918934493,-123.71185305758571",battery drain,False
SXO2GDJ2MR,2033208317,SJVRT,iOS,True,LTE,2025-04-09 09:50:32.923841,"24.927960612208153,99.56362759331944",SIM switch,True
OZVVZC31FF,7816129411,XTRYO,iOS,True,WiFi,2025-04-06 09:50:32.923855,"-43.20797807057721,-69.50911093946839",SIM switch,True
QVNJC047UB,3372877896,UKHGO,Android,False,LTE,2025-03-28 09:50:32.923870,"-58.33989637815826,9.69679505684428",SIM switch,True
941NOB58JG,0977267072,QFXPW,iOS,False,5G,2025-04-01 09:50:32.923885,"-56.507068115138594,6.986355744843593",SIM switch,True
F7YW5C7PBS,6537273389,XQNVX,iOS,True,LTE,2025-04-20 09:50:32.923899,"13.97635111592119,98.43165144442742",battery drain,True
KX9HL3FAXJ,5621960816,IHEDW,Windows,False,WiFi,2025-04-10 09:50:32.923913,"-56.52663518031072,5.604783144353945",battery drain,True
EH4ATQYPVZ,6673672933,QQERL,iOS,True,LTE,2025-04-16 09:50:32.923927,"-58.48395760425561,139.55642684114196",battery drain,True
KA6NYVPC1T,3900114597,QSUXF,Windows,False,5G,2025-03-29 09:50:32.923941,"2.413921144104421,-167.34188599948638",battery drain,False
QIGSCRSNYF,7875815423,QTNNW,iOS,True,WiFi,2025-04-11 09:50:32.923956,"61.19986495238808,-168.56530680397117",SIM switch,False
43WJY7GRJ5,8131431281,ORQWM,iOS,False,LTE,2025-04-16 09:50:32.923970,"-74.64312587902647,-150.80371869279497",battery drain,True
4SCH9LWPYV,9192716053,SPLDW,Android,False,WiFi,2025-04-11 09:50:32.923984,"50.62257945216231,33.149484062873285",reboot,True
E8RCTSTPTN,6127818443,GZURS,Android,True,WiFi,2025-03-30 09:50:32.924000,"72.70487031511297,179.26130465951923",battery drain,False
FUM8Z32WTK,2400253575,BFVXL,iOS,True,5G,2025-04-09 09:50:32.924015,"20.50279559727494,31.36548588860535",SIM switch,True
U0B6376X6E,5172992762,QNRKW,Windows,False,5G,2025-04-01 09:50:32.924030,"78.08054810204638,175.79115200499825",SIM switch,True
58OKSMPBA4,7727966183,QZTEN,iOS,False,WiFi,2025-03-28 09:50:32.924045,"7.808779240185288,82.59443330838741",reboot,False
1OGIHXAEV9,3882904924,NWVAL,Windows,False,WiFi,2025-04-13 09:50:32.924059,"-31.097167300728714,95.6171176686882",SIM switch,False
G6TVC8SU6S,8157108006,ZZSHT,Android,False,LTE,2025-04-02 09:50:32.924073,"-45.776395847227825,108.61807028425005",battery drain,True
NA16K5CIYZ,0358061025,YIFWD,Android,True,5G,2025-04-02 09:50:32.924088,"82.54851656822137,-54.18223980257736",SIM switch,True
WIV72B7KD7,7658835512,HNHES,Android,False,LTE,2025-04-23 09:50:32.924103,"-81.40861285071334,-73.99558369073542",SIM switch,False
EAN116L6A6,9772595918,ELXJH,Windows,True,WiFi,2025-04-12 09:50:32.924117,"-34.292277067887824,167.02673829010968",reboot,False
VM3S3LER1M,8669624671,SJLEI,Windows,False,LTE,2025-03-30 09:50:32.924131,"55.3235687417413,-44.68477844996582",battery drain,True
PNUPCWCFPU,9282808775,VTDZU,iOS,True,5G,2025-04-14 09:50:32.924145,"40.083447831699175,74.82417542787331",SIM switch,False
XLXD8B5UWS,1313062202,XIHVV,iOS,False,LTE,2025-04-12 09:50:32.924161,"-39.28424289991063,67.13538462676976",battery drain,True
SY72HI106A,0528262455,XFJRX,iOS,False,LTE,2025-04-07 09:50:32.924198,"-16.732785644245496,-37.76255681574597",reboot,True
FEZYX9DC0A,1106700978,CNKTU,iOS,True,LTE,2025-04-07 09:50:32.924224,"-36.99142529643506,-54.913026649988765",reboot,True
E2NM6KEOT5,3443767389,ADEKV,Android,False,5G,2025-04-11 09:50:32.924247,"-47.753822952802935,-25.337004612815065",reboot,False
FF1EAUM8SP,5271401674,MJWQW,Windows,False,LTE,2025-04-21 09:50:32.924263,"-6.061657905897903,-159.3647962216059",SIM switch,True
1YTNWMPJ49,7177280276,FAYEN,iOS,False,LTE,2025-04-18 09:50:32.924279,"15.77411781935136,-86.99788349938652",reboot,True
YIC8QAF1NW,4991259309,GHEXY,Android,False,LTE,2025-04-22 09:50:32.924294,"65.04203750842552,110.55409927458089",reboot,True
VSU940ZJ6C,9582093812,LVWKW,Android,True,5G,2025-04-22 09:50:32.924308,"36.60292691973747,92.70274033645859",reboot,True
EG8875MP53,0202371894,CABQG,Android,False,WiFi,2025-04-05 09:50:32.924323,"-29.227703691314886,116.31902247139305",battery drain,True
WAJDTVSNTS,6877489368,NBHCB,Android,False,WiFi,2025-04-07 09:50:32.924338,"10.165432964526673,152.51028793703352",SIM switch,False
5CS6D5H06L,1806219353,STARV,Windows,False,5G,2025-04-10 09:50:32.924353,"-54.98914724519675,120.8566504757946",battery drain,True
1HX6CX5BEL,5622445081,ENVEQ,iOS,True,5G,2025-04-15 09:50:32.924367,"-8.605227829323212,-9.145078584260062",reboot,False
NYKDY1Y6KH,4901403784,YOOIJ,Android,True,LTE,2025-04-02 09:50:32.924381,"-70.99321421488048,-163.1526329756344",reboot,False
YP5J9KB37R,0044461393,GRRCJ,iOS,True,5G,2025-04-23 09:50:32.924395,"0.8850872642994858,-120.61954468906733",SIM switch,True
P15M06DM5I,5068159063,OBMNC,Windows,False,LTE,2025-04-03 09:50:32.924410,"-56.24493742844639,-4.275088252401389",SIM switch,True
64BT6Y5C7Y,2851481162,CCRMN,Windows,False,LTE,2025-04-16 09:50:32.924424,"67.59655180473194,134.54550175611234",reboot,False
EU3AW0V4SW,6509238205,CVLZI,Android,True,WiFi,2025-03-27 09:50:32.924438,"-34.87138653177102,-164.6209173402736",reboot,False
VP2X9RHLUD,7847350448,IEBFZ,iOS,False,WiFi,2025-04-03 09:50:32.924452,"-34.03241141020943,-36.73967328619159",battery drain,False
45S5LJOH5X,5474061456,CPEIL,Windows,False,WiFi,2025-04-06 09:50:32.924466,"-81.6066648174664,-142.7642484210062",reboot,False
MCO8AVRC9C,7032400080,FJAHO,Windows,False,LTE,2025-04-10 09:50:32.924480,"68.14390408726547,-40.51044167352552",reboot,True
GK9152NTWV,7433133977,HLYIZ,iOS,False,LTE,2025-04-06 09:50:32.924495,"59.07155787305891,32.199754488388066",reboot,True
88L8TCN84T,6123004755,NNOBC,Windows,False,WiFi,2025-03-30 09:50:32.924511,"-80.93249053734327,-43.77594620983854",reboot,True
ALMZRHZ6HC,3769267072,MGXKS,Windows,True,5G,2025-04-19 09:50:32.924526,"-18.037004744930954,55.54399919879938",battery drain,True
HPRN8W69GV,5562875131,PWCIO,iOS,False,5G,2025-04-04 09:50:32.924540,"-11.05362066373533,175.22345009605073",battery drain,True
M8L7NE8GQ5,5058116666,EYQBA,iOS,True,LTE,2025-04-11 09:50:32.924554,"54.25658307375289,-177.64932889842356",reboot,True
0F28FPQE4K,7923870774,UAJIC,iOS,False,WiFi,2025-04-02 09:50:32.924568,"30.290371948685532,51.762529610079525",reboot,True
RWVPI14TKS,5832551768,DLUJG,iOS,False,LTE,2025-04-11 09:50:32.924582,"29.51219015264934,-82.48341947286768",battery drain,True
QND272OFII,3293927372,RPZSJ,Windows,False,WiFi,2025-04-19 09:50:32.924596,"24.78094671096308,-135.39276454876455",reboot,True
O4M22SNZL6,2062879667,HLISS,Android,False,LTE,2025-04-17 09:50:32.924610,"-5.716658771856757,117.48613217763994",battery drain,True
W9S6N6JHP4,7257040393,LYUFG,Android,True,LTE,2025-04-21 09:50:32.924625,"80.27649992948685,-65.61885015124622",reboot,False
FDVSADBU1G,7604247322,UJWSN,iOS,False,WiFi,2025-04-06 09:50:32.924639,"-13.180879615263947,-137.87759603427085",SIM switch,True
MXBO0NWJZW,0674612402,HMBVN,iOS,True,WiFi,2025-04-04 09:50:32.924654,"-89.32646742495902,-24.80539665714423",battery drain,False
6HYB7UQTN5,5535812203,TWMNI,iOS,False,LTE,2025-04-16 09:50:32.924668,"59.02334255832727,-121.12625458060312",reboot,False
ZV7LZXEIKI,9256532574,RUBDD,Windows,True,WiFi,2025-03-26 09:50:32.924682,"-41.26705483665039,-14.164519250557447",SIM switch,False
YJGBDKUTJT,0101155377,SPHDD,Android,False,5G,2025-04-14 09:50:32.924698,"-42.48135601188118,63.46990688150302",reboot,True
TIN7M7UY8M,4583468940,NSLEC,Windows,False,LTE,2025-03-25 09:50:32.924712,"-41.4830191921323,-57.010727081786925",SIM switch,False
Q2BO7EDGGJ,9129071075,PNLGS,iOS,False,LTE,2025-04-16 09:50:32.924727,"75.75489767590025,-84.58138923077425",battery drain,True
WJD6QJ4QPR,3351326448,SJGWA,iOS,True,WiFi,2025-04-07 09:50:32.924742,"-4.235602457871451,-95.14162213825486",SIM switch,False
2OTRNIAX7K,6513362617,EZHZO,Android,True,5G,2025-03-30 09:50:32.924756,"-83.73700161466718,49.89794951862319",reboot,True
DVXIQJUAGX,5271494585,FJYSO,Android,True,5G,2025-04-11 09:50:32.924769,"-22.529020743372826,-13.787330601222664",reboot,True
1UOJZ0IY03,7027387648,SVDNV,Windows,False,WiFi,2025-04-12 09:50:32.924784,"69.69056759884941,46.339634391873574",battery drain,True
SSLPWD56J7,0888335814,FUBXM,iOS,True,LTE,2025-04-10 09:50:32.924799,"-35.08808992485941,85.4589416830961",battery drain,True
5CXY3RXPO1,3615005537,CXFWI,Android,False,WiFi,2025-03-27 09:50:32.924813,"-40.03370505560849,56.914830639836254",reboot,False
U58XT3DL81,5689440071,LUBSB,Windows,False,LTE,2025-04-12 09:50:32.924827,"2.305623750087207,-119.81220754496343",SIM switch,True
291ZL18B6J,9979881803,KUJNT,Windows,True,5G,2025-04-16 09:50:32.924841,"-3.494417599400265,159.46102775612508",battery drain,False
73WAQLYC1W,4566657843,XMLYK,Windows,True,5G,2025-04-20 09:50:32.924855,"-40.683077340417064,94.35897104811204",reboot,False
0HSYAT5P1W,6906101923,EMCBK,Android,True,5G,2025-03-31 09:50:32.924869,"-15.024052332092438,174.4104029427345",battery drain,False
OJGR7EUI87,0034199035,BVFKK,Windows,False,5G,2025-03-27 09:50:32.924883,"-4.9536843403467685,-119.85536061888169",battery drain,False
RRSVB9MDBD,2668667428,EGCQX,iOS,True,LTE,2025-03-30 09:50:32.924898,"10.863541468212773,110.48197687577573",battery drain,False
7VY5HCS3OR,3519668693,AFKQB,Android,True,WiFi,2025-04-06 09:50:32.924912,"47.97313166690509,-151.68996304328627",SIM switch,True
AXUDRIJGDL,7945386348,TEVMM,Windows,True,5G,2025-04-21 09:50:32.924927,"-42.55591919149013,173.24724716459014",SIM switch,True
RONG875TAD,6328458819,DVCPS,iOS,True,WiFi,2025-03-25 09:50:32.924941,"67.78624460918405,103.03243321794207",reboot,True
WEMK8A2HOO,3750830199,TINXW,Windows,True,5G,2025-04-11 09:50:32.924955,"-43.8020844639534,-14.415697320461817",SIM switch,True
89O3POWIAZ,6849269437,VCTKT,Android,False,LTE,2025-03-25 09:50:32.924970,"55.98316750173095,80.56451955155438",SIM switch,False
N9Z51A779J,9122473270,IJIRS,Windows,True,5G,2025-03-26 09:50:32.924985,"-15.946674837169653,47.992550390177286",reboot,True
8U9Z5QG0DC,2334529306,ZTSRX,iOS,True,5G,2025-04-18 09:50:32.924999,"29.40297102997036,-125.51333331243129",battery drain,False
0QY2VKIFCP,1969458570,ALFBG,iOS,True,WiFi,2025-03-29 09:50:32.925013,"-47.82121561882681,-84.48210326744554",SIM switch,True
4LSBOBB5W2,3566344601,GZTGK,Windows,True,WiFi,2025-04-16 09:50:32.925027,"86.51790096864033,-42.77047570100612",battery drain,False
HWZZUT2NTU,9158230824,PSXPM,iOS,False,WiFi,2025-04-22 09:50:32.925041,"26.704384926419962,-3.440850713199808",reboot,True
PO7HTSPQFN,0079388248,ELDMV,iOS,False,5G,2025-03-26 09:50:32.925055,"24.506006835652713,93.67079024358895",reboot,True
8IZXFJS5U5,8720093877,BHXUY,iOS,False,WiFi,2025-04-05 09:50:32.925070,"-35.0115256005397,-125.5692710791941",reboot,False
B2DOOUBVWV,9038071524,LGLKH,Android,False,LTE,2025-03-30 09:50:32.925084,"-18.329694899297024,-168.99112454905372",reboot,False
LR2MRRD3J3,3222117917,QNGHA,iOS,False,LTE,2025-03-25 09:50:32.925098,"38.245184768819456,105.06252722614187",SIM switch,False
B0Z3NNFZE4,9437941474,FVDUF,Windows,False,WiFi,2025-04-04 09:50:32.925113,"72.44872168362932,-50.37500484865316",SIM switch,True
7RGAS4MJXQ,8463730498,EFWZR,Windows,True,WiFi,2025-04-23 09:50:32.925127,"-83.03015613507566,62.4748596609318",reboot,False
F2U54ZSES1,3130582271,PKWXR,Android,True,WiFi,2025-03-30 09:50:32.925141,"55.00866408620516,-65.16851826088484",reboot,False
X02EO8PD3C,9914278380,XGCWM,iOS,True,5G,2025-04-05 09:50:32.925155,"35.9315260543444,51.40278009402414",SIM switch,True
FWMQ6YMHYR,8679413375,ZVLLY,Windows,False,5G,2025-04-22 09:50:32.925176,"-28.07654036463915,163.68432274923055",battery drain,False
Z30VZ56SLK,5486287252,DFSEO,iOS,True,WiFi,2025-04-12 09:50:32.925199,"-15.476541812434803,93.04875835485308",reboot,False
SGFEAT328N,2225363662,IDIGA,iOS,True,WiFi,2025-03-26 09:50:32.925225,"-45.27456150857639,70.53839117028411",reboot,True
4BE9Q95Q11,9579796669,ROTEE,Windows,True,WiFi,2025-04-03 09:50:32.925250,"22.707465438025338,-66.73959957485617",reboot,True
6Z5GFK3OJ0,2751423958,PYDVD,Android,True,WiFi,2025-03-31 09:50:32.925275,"33.59308286082985,-28.73866146571345",reboot,True
FMOMXSB575,4526932455,MRHEB,Android,True,5G,2025-04-08 09:50:32.925300,"14.40686176536093,-155.55478822611423",SIM switch,True
F32U02ECKE,2544716654,CVHMT,Android,False,WiFi,2025-04-13 09:50:32.925325,"-85.65086829988411,-120.64688310494418",reboot,True
4VAWEQK5Z7,5455407993,HNKAT,Windows,True,WiFi,2025-04-11 09:50:32.925352,"10.625160893682335,-76.59644354058841",battery drain,False
DLY7RAAW3P,0514316612,DXOAW,iOS,False,LTE,2025-04-12 09:50:32.925376,"-35.98167311365179,110.78483814301677",reboot,True
EHC81KGQY6,2068502118,GNORG,Windows,True,LTE,2025-04-12 09:50:32.925401,"54.09834774046908,124.41698008727701",SIM switch,True
8LLM6VPPXC,1250588854,VIPXF,iOS,True,LTE,2025-04-13 09:50:32.925424,"-38.00729826944321,59.00884503367311",reboot,False
UCQ17FSQIJ,6998487448,NEXML,Android,False,LTE,2025-04-14 09:50:32.925451,"79.9050471826136,-143.66410036493852",SIM switch,True
0OAABCGRMQ,1109282802,IVLWO,iOS,False,WiFi,2025-04-07 09:50:32.925474,"55.03159636921234,48.036683342964835",reboot,True
O3BZJYI0VL,7616349458,GOSUA,Windows,True,LTE,2025-04-12 09:50:32.925498,"29.23453060785083,-175.33372866370937",reboot,True
HAUCKW9SWR,7062733664,GIBEL,Android,False,5G,2025-04-05 09:50:32.925522,"25.21264739603386,80.021112141032",SIM switch,False
85FPHT8844,1008788757,JNMHM,Android,True,WiFi,2025-03-27 09:50:32.925546,"89.48237251642098,-145.3784303245539",SIM switch,False
AOQE2UKJZ1,4724612277,EOIHL,iOS,True,WiFi,2025-04-04 09:50:32.925569,"15.83181788837102,140.93878527912085",reboot,True
JGVR90L95Y,1327362476,QYHTK,Windows,True,5G,2025-04-13 09:50:32.925592,"-20.33228235619113,-32.85680254398619",reboot,False
30PIDTGXQJ,4102245461,EJKZR,Android,True,5G,2025-04-20 09:50:32.925619,"1.8347532789416476,11.953371330947988",battery drain,True
T6Y9MF4MG5,1918946699,KGCRM,Windows,True,LTE,2025-03-25 09:50:32.925646,"-52.92906614947812,25.33531257862765",battery drain,False
N1OYLDBKBX,7092859962,ULUQH,Windows,False,LTE,2025-04-03 09:50:32.925672,"32.22550322657176,-173.20163964362513",SIM switch,True
YISAW18Y29,0671265814,TKOGC,iOS,True,LTE,2025-03-26 09:50:32.925698,"-36.63236626722854,-3.494998761420959",battery drain,True
V3IJ156HET,3111224272,MBUKP,iOS,False,5G,2025-04-17 09:50:32.925724,"8.105923710764799,-15.736767682085087",reboot,False
2PZ8DSXDNC,6848124871,FUXUC,iOS,False,5G,2025-03-31 09:50:32.925752,"50.559194609816046,-72.70831969452703",battery drain,False
LUL3ZG42IZ,9465555300,VJRFF,iOS,True,LTE,2025-04-17 09:50:32.925778,"38.88015856154843,60.045417062377396",reboot,False
BWR2NJZO9I,9230057981,YVOYN,Android,False,LTE,2025-04-12 09:50:32.925804,"58.228587599473826,-18.515407116965065",battery drain,False
O4JC772WPF,9107804252,TKGBO,Windows,False,5G,2025-04-05 09:50:32.925829,"-81.53858570928774,-35.12388174968402",reboot,True
VY1UMCD2YE,1089943945,GSJOK,Windows,False,LTE,2025-04-13 09:50:32.925855,"-80.59038027870585,-113.65100799479086",reboot,True
RYAJC25OU6,2136684294,KMYXC,iOS,True,WiFi,2025-03-26 09:50:32.925881,"-4.411123188409917,114.30042964712379",reboot,False
FZQWRD6O9S,2782105434,KXJTQ,Windows,True,5G,2025-04-09 09:50:32.925906,"-49.75916435519212,73.61480322375863",SIM switch,False
RXEZ1KOGK1,4022143500,QXTOE,Windows,False,LTE,2025-04-16 09:50:32.925928,"2.1360197473655234,-168.2542232130899",SIM switch,True
SZFP09MU8O,9823762420,EXOHH,Windows,True,LTE,2025-03-27 09:50:32.925951,"-7.678055398244453,-61.22691701303745",SIM switch,False
X1RCAW75G9,2321442329,PWNSS,Android,True,LTE,2025-04-04 09:50:32.925974,"2.663374571388104,143.3241392606339",reboot,False
78886IKIGA,9107521913,GIGTJ,Android,False,LTE,2025-04-13 09:50:32.925997,"8.043904911824725,-46.39122757598105",SIM switch,True
M7W9DCYTZG,5082198663,IBEKI,Windows,True,WiFi,2025-04-19 09:50:32.926038,"49.28532572400627,-110.40958586070316",SIM switch,False
N7U9RFBMI5,5903255148,LBJPT,Windows,False,5G,2025-04-16 09:50:32.926063,"23.92260838236774,-157.6587383841991",reboot,True
XYM55886WG,2612808928,JRQHC,iOS,True,5G,2025-04-04 09:50:32.926086,"-65.32131861750204,-132.97059543201706",battery drain,True
OG5QLPK7MC,1937126428,GFCPJ,iOS,True,WiFi,2025-04-06 09:50:32.926111,"72.55405601286452,64.93929675576962",reboot,True
IJY7ZJ71TI,9106114433,RWEZU,Windows,True,WiFi,2025-03-29 09:50:32.926133,"-82.84547731113841,154.26319612517398",reboot,True
4P9CWOSHH4,7063470596,MZXDT,iOS,True,WiFi,2025-03-27 09:50:32.926155,"34.03031107476582,176.9091013673721",SIM switch,True
Q83EQNHDAW,9383204857,ZDOML,Windows,False,LTE,2025-04-15 09:50:32.926181,"36.91677551773442,-21.727587677238773",SIM switch,True
LOIP3R4OJH,7791877465,PPJQJ,iOS,False,WiFi,2025-04-15 09:50:32.926201,"-81.17625771353178,84.78164220355359",battery drain,True
YYO5LLKTDU,9403018988,ELWFV,iOS,False,5G,2025-03-26 09:50:32.926216,"-57.88891879385628,134.01472261152907",battery drain,True
QR31GII7G9,5853815947,HBWVM,iOS,False,WiFi,2025-04-12 09:50:32.926231,"17.724446508202604,-144.36913468690807",SIM switch,False
IADCZSYUPB,8908774393,UFZWP,Android,True,WiFi,2025-03-30 09:50:32.926246,"32.75343466863521,176.2462405560454",SIM switch,False
EKRH57I2M3,5990271843,XDTLY,Android,True,5G,2025-04-12 09:50:32.926260,"-4.706808568521907,79.96249690964584",reboot,True
HRID141W4J,6118275586,EYHBG,Windows,True,LTE,2025-04-10 09:50:32.926274,"-19.205939884905774,-32.04957107362327",reboot,True
V2KDSQX2C3,7823822018,WVUDR,iOS,False,LTE,2025-03-31 09:50:32.926288,"-73.75695199514271,53.346977702519865",battery drain,True
563DUS8DYT,1496392502,KJWRH,Android,False,WiFi,2025-03-27 09:50:32.926301,"63.408656839429824,19.951660217321347",battery drain,False
MK0JZ51YJ8,7371726389,KNSJW,Windows,True,WiFi,2025-04-03 09:50:32.926316,"-24.856704946676956,-162.8615986745278",reboot,False
FEMYPHCZWY,7342062162,ARWDY,Windows,True,WiFi,2025-03-30 09:50:32.926331,"-43.347566405256316,-40.17141607507784",reboot,True
OMAFVSNMES,0338938139,NQEOW,iOS,True,5G,2025-04-05 09:50:32.926346,"10.234446141153853,-41.320677815510805",SIM switch,False
2ZJXPCJDRS,0732901860,YGRCL,Android,True,LTE,2025-04-03 09:50:32.926361,"29.292876351692627,-44.178002270039286",SIM switch,True
QAOGCMC8LZ,7087864948,YXGBR,Windows,False,5G,2025-04-05 09:50:32.926375,"-40.752850944692675,-115.27519339572223",reboot,False
40M0F3NOYO,7931168218,OGDHC,Windows,True,WiFi,2025-03-27 09:50:32.926389,"-22.396060185507295,62.90516793896745",battery drain,True
GL2Z67XBHX,9511135475,ELUKM,iOS,True,5G,2025-03-31 09:50:32.926404,"39.82829683214263,73.30302306973141",battery drain,True
DFFZY5Y39E,3312281128,CDNVZ,iOS,True,LTE,2025-03-30 09:50:32.926418,"85.51872745922924,114.06009993526408",reboot,True
194OEE9SH3,5301204774,YWLVA,Android,False,WiFi,2025-04-05 09:50:32.926432,"69.61514980222182,-26.704486295935055",battery drain,False
8UGQ15OYFV,6164341255,RMJDP,iOS,False,WiFi,2025-04-06 09:50:32.926447,"-30.45892640048268,-73.11417191601387",SIM switch,True
DG3SR5IP58,5403950560,QPVWO,iOS,False,LTE,2025-04-08 09:50:32.926461,"-88.51535994936022,-44.12326358914157",reboot,False
2E6OSLU590,4252320323,HQRRX,Windows,True,WiFi,2025-04-07 09:50:32.926475,"66.08734977755347,27.956051242033425",SIM switch,True
F91O0NWHJ9,5004703729,SXDIP,iOS,True,LTE,2025-04-22 09:50:32.926497,"40.159973674243844,37.7681465913046",SIM switch,False
V2GTOC8X56,8631782205,ABUEG,Android,False,5G,2025-04-04 09:50:32.926519,"-1.8941953171671173,175.69737901097648",SIM switch,True
3TDG42FJU8,7974578267,OVSRP,iOS,False,WiFi,2025-04-08 09:50:32.926533,"-74.6903559480181,98.39438395588479",battery drain,True
PZX4GJKN2C,4232248239,YNSUF,Windows,True,WiFi,2025-03-25 09:50:32.926547,"7.661608700863866,5.226866141245068",battery drain,False
20LWB1HO6V,8999828180,DRTYP,Android,False,LTE,2025-04-04 09:50:32.926561,"56.5824206307465,144.69658427147493",battery drain,True
LYNU1JU1KV,7884871589,CCTCZ,Android,False,WiFi,2025-03-29 09:50:32.926577,"-0.21208593355008531,-59.65345064711761",SIM switch,False
TCLKYGS67N,7781265966,LOOFG,iOS,False,WiFi,2025-03-26 09:50:32.926592,"-16.6571456134386,8.346588353896038",SIM switch,True
1WLY4L7SSY,9575991239,BGTLX,iOS,True,WiFi,2025-04-06 09:50:32.926607,"-51.81887087320903,77.54459639684211",reboot,False
7AQQGE97OJ,2821262626,EMQGJ,Windows,False,5G,2025-04-15 09:50:32.926621,"2.6986610414738124,4.223384873431655",battery drain,True
M0LMVWC3J0,1202669478,TJAJC,Windows,False,LTE,2025-03-29 09:50:32.926635,"19.912458588621845,95.09036105046414",SIM switch,True
V5AZG97N9F,9405264522,SAHYN,iOS,True,5G,2025-04-02 09:50:32.926649,"-6.2683109688702245,-17.340600685524294",reboot,True
3MHTPEMPFJ,9710182125,DURNG,iOS,False,WiFi,2025-04-16 09:50:32.926664,"-88.77941408592861,136.23518675406217",reboot,True
7TYMLTWNRR,3595424862,XAOJZ,Android,False,LTE,2025-04-09 09:50:32.926678,"-26.095485212558344,-84.44831221710916",battery drain,False
X05RSXB09Z,4396012563,WSBJG,iOS,False,LTE,2025-04-17 09:50:32.926693,"-72.53048861133529,-112.37189294989781",SIM switch,False
ZI96JBE6HS,5453852130,JJAYI,Android,False,WiFi,2025-04-03 09:50:32.926707,"80.90315641393377,-89.0826539519975",reboot,False
UH6FT9PLPJ,6146721512,SSLAZ,Windows,True,WiFi,2025-04-11 09:50:32.926721,"-17.292014412424734,-112.20661624513312",reboot,False
PWG99YZ9V1,6869513373,BTVEV,Android,True,WiFi,2025-03-30 09:50:32.926735,"-82.70851761224468,62.36941919781597",reboot,False
EVE6YQR8L4,6159590769,TDMLK,iOS,True,WiFi,2025-04-14 09:50:32.926753,"33.69854625977,88.5362807841966",SIM switch,True
VZ3ZYC4YHH,1782938717,PLCTK,Windows,True,WiFi,2025-04-11 09:50:32.926774,"49.70624659591934,93.88610006606712",battery drain,True
HDTHFT8HJ9,2993971935,ACIIU,Windows,False,5G,2025-04-04 09:50:32.926798,"-13.94798629471235,97.02446227647403",battery drain,False
8FOHS3YZ4T,0599681573,KSDUV,Windows,False,WiFi,2025-03-31 09:50:32.926821,"-17.428888503513235,92.97454518478253",SIM switch,True
AK0CH651Y8,0732176082,XECBZ,Windows,True,5G,2025-04-22 09:50:32.926844,"-32.75926098295563,154.64193321042023",SIM switch,False
DGVGGMUQJO,2076376758,TBLGL,iOS,False,5G,2025-04-16 09:50:32.926863,"-82.34785462322027,-148.74449036385414",reboot,False
U5Q3VGBQK2,3822218799,GFPRS,Windows,False,5G,2025-04-10 09:50:32.926886,"-8.725862153312747,5.113561690159315",battery drain,True
7N8ALSL6DD,5461403892,RMFHW,Windows,True,5G,2025-04-08 09:50:32.926909,"14.484620289087658,30.944047665674702",battery drain,False
DABY7ILSWL,1301924690,SKWNU,Android,False,5G,2025-04-13 09:50:32.926936,"2.2417549220950264,-113.33435061366029",reboot,True
K7B9B094WN,5566974124,CEHWG,iOS,False,WiFi,2025-03-25 09:50:32.926960,"38.287105305139704,-145.24315936621247",reboot,False
SRZ7Q4CT4Q,0578974545,VOPPE,Android,False,WiFi,2025-04-11 09:50:32.926985,"-77.98236182409791,-44.073815447986846",SIM switch,False
T5DZYV8SAM,1192638236,OUJPY,iOS,True,WiFi,2025-04-09 09:50:32.927009,"10.555280874053153,-66.28375806348281",battery drain,False
4B0RY2YM1R,4712819101,KHODU,Windows,False,LTE,2025-04-06 09:50:32.927033,"-89.34765750722437,164.57445220771348",reboot,True
5EGAMPQF5N,0776050715,AHVGK,Android,False,LTE,2025-04-07 09:50:32.927057,"89.0819553847117,-78.24516307910454",SIM switch,False
ODEAA8RUAU,0582214482,UGSPO,iOS,True,LTE,2025-03-27 09:50:32.927082,"-32.799576275271626,35.114530879827754",battery drain,True
JKJ2V6N4VA,3475314260,OFPDK,iOS,True,5G,2025-04-20 09:50:32.927105,"-50.82942876866245,-28.54051893854455",SIM switch,True
5QL2QMBUW6,2800093828,QSRWV,Android,True,5G,2025-04-15 09:50:32.927130,"57.77909442646441,73.66108160844598",battery drain,False
LZW0PCD4GE,7377836738,QTAWF,Windows,True,5G,2025-04-22 09:50:32.927153,"88.10737757140282,-46.30608995271089",battery drain,True
EODEZF53EF,9202115482,QVYEG,Windows,True,5G,2025-04-13 09:50:32.927183,"15.74161752429714,46.61246438163292",battery drain,True
YI3H23SC0A,2268873968,AGTIN,iOS,True,LTE,2025-04-08 09:50:32.927207,"80.17340188808762,55.30846004862761",reboot,True
J58KWS2VKZ,6079172085,FBSZB,Windows,True,WiFi,2025-04-09 09:50:32.927234,"71.54515656615342,-147.28340351721678",reboot,True
LI6T74T1WN,3321263336,URCTE,iOS,False,LTE,2025-04-18 09:50:32.927259,"-36.05164206296229,-82.06080129772663",reboot,True
PWINEH631D,8459190494,WESRF,Windows,True,WiFi,2025-04-07 09:50:32.927282,"-87.72201210520994,85.74578172239165",reboot,False
EMIME886Q6,0980540401,ILBLT,Android,True,5G,2025-04-07 09:50:32.927306,"87.91119710745002,-81.21541616242732",battery drain,True
3C2I47ZBTG,0452477547,AIVZU,Android,True,WiFi,2025-03-30 09:50:32.927332,"-4.225047287037711,-91.42154009266562",SIM switch,True
WUZ2LY05CG,7756852995,GWXQG,Windows,True,5G,2025-04-14 09:50:32.927356,"65.9586343974239,-105.57515908256008",reboot,True
GG69PTAOFM,4886395121,GMLYC,Windows,True,5G,2025-04-04 09:50:32.927380,"-50.69756195917958,17.048729000850983",reboot,False
NGYJZ58L92,4698696442,ZMSNG,Windows,True,LTE,2025-04-06 09:50:32.927404,"45.40130980315462,12.58561860555696",battery drain,False
YTVBSDLJRP,4495026077,OJHUZ,iOS,False,LTE,2025-04-10 09:50:32.927426,"49.35325168182649,126.5310070331131",battery drain,False
JPAUN1IRRY,7245273790,UKKNU,iOS,False,5G,2025-03-31 09:50:32.927449,"0.27417542698700004,-135.0203632733978",battery drain,True
QURQ898PUZ,9103076252,XEWYM,iOS,True,5G,2025-04-16 09:50:32.927473,"86.11397418817816,16.993310210243237",SIM switch,False
OACGTAIL94,8935807160,UVZKU,iOS,True,LTE,2025-04-07 09:50:32.927498,"-19.059027786651498,-59.47866736175058",reboot,False
RH2ZW2WUHT,7958344610,SLVGQ,Android,True,LTE,2025-04-07 09:50:32.927523,"60.176277019376386,43.04912327186531",battery drain,True
KKRFP01UDN,3148179910,NMPCM,Windows,True,WiFi,2025-04-16 09:50:32.927554,"-54.97170989921774,-149.87262342282372",SIM switch,False
ZD6M0BA10J,4615520035,OYAVQ,iOS,True,WiFi,2025-03-27 09:50:32.927583,"-26.626609296844947,51.57986227951133",reboot,False
F36LF263JT,7426555210,IQYAD,Android,False,5G,2025-03-29 09:50:32.927606,"-16.905401031697423,94.42823065282994",battery drain,False
00PESRAYWG,7089460936,JGHFQ,Windows,False,5G,2025-04-21 09:50:32.927630,"-12.27405150306872,-24.498760383447546",reboot,False
F1625EDL9Y,5114973645,GVIMT,Windows,True,WiFi,2025-04-14 09:50:32.927648,"51.64929367514628,-42.231565394446875",reboot,False
0UXCVHETU8,8816933395,UKAWL,Android,True,5G,2025-04-01 09:50:32.927663,"-24.929092804672877,1.2541021001742934",reboot,True
TYEN5DKKDR,1120419838,DYJXH,Windows,True,WiFi,2025-03-30 09:50:32.927688,"-36.63167369088131,-166.10279515378562",battery drain,False
BMWR16H1JW,4603714808,DHRHD,Windows,False,5G,2025-04-06 09:50:32.927710,"-58.54986989002906,177.49532728577407",battery drain,False
N6KGEJZXUR,6814052842,VSXPV,iOS,False,LTE,2025-04-19 09:50:32.927732,"15.067598768091415,153.30854258700003",SIM switch,False
HW6WKDUPVL,1126650515,PKTFH,iOS,False,5G,2025-04-20 09:50:32.927754,"-23.303310487997734,164.69266649186642",SIM switch,False
CDOA2PAW0O,3380777564,NFYAA,Android,True,LTE,2025-03-25 09:50:32.927777,"-46.29234647706321,-10.392202213069595",battery drain,False
10AITUC4B8,8843288251,RJDZG,iOS,True,LTE,2025-03-26 09:50:32.927792,"-62.027028805367664,178.83790827010273",reboot,False
4RY7CBJW1Y,3533616978,QGORP,Android,False,WiFi,2025-03-30 09:50:32.927806,"-76.15268986219479,-111.6829794830133",SIM switch,True
J06QRAQW7B,3568458920,WZYYI,Windows,False,LTE,2025-04-16 09:50:32.927820,"-59.718120087486895,78.70804430593722",battery drain,True
RPBOE6C2A6,9388431313,AFOVO,Windows,True,5G,2025-04-21 09:50:32.927861,"39.49074915002504,128.37632579392528",battery drain,True
D663LKU5A5,0201712637,ZMZIY,iOS,False,5G,2025-04-15 09:50:32.927885,"-77.81968470097732,32.13094850990228",reboot,True
GJPV1NNY7C,4252043394,FLGEC,Windows,False,WiFi,2025-04-05 09:50:32.927900,"14.67854678405601,4.765914263469426",reboot,True
NX84ONVV93,0030656852,NYIPE,Windows,False,LTE,2025-04-23 09:50:32.927914,"-76.27483318452627,36.14090503806884",reboot,True
WFERYH23TJ,0493969928,CXXWX,iOS,False,LTE,2025-04-07 09:50:32.927928,"29.20138604700793,-27.74588356198089",battery drain,True
K4CUYCTP72,0626433910,FBSHT,Android,False,LTE,2025-04-14 09:50:32.927945,"37.55937030944264,-87.70755380380926",battery drain,False
9BDUXP1BWP,9907309954,JSBPT,Windows,True,LTE,2025-04-17 09:50:32.927960,"-45.9716773461914,66.99868931938855",SIM switch,False
5ZSZEMIAY3,9198793335,FXZRD,iOS,False,WiFi,2025-04-12 09:50:32.927974,"84.23729413477267,-19.47619765790003",SIM switch,True
XL6JZAC087,9522316399,TZAFY,Windows,True,WiFi,2025-03-28 09:50:32.927989,"55.45709593959296,-11.94843463012819",reboot,True
W4F3WC8TMQ,8287871931,EBYBL,iOS,False,LTE,2025-04-20 09:50:32.928003,"-76.27990759596489,-71.71760526331067",SIM switch,True
WX5KRKN887,2829694591,FYEOX,Android,True,WiFi,2025-04-22 09:50:32.928017,"56.49631260611133,-157.26708840939332",battery drain,False
G8EQ8C37LN,9414050933,CHKDV,Windows,True,LTE,2025-04-17 09:50:32.928032,"-46.51836912751015,-41.50333545603081",reboot,True
NPKC7FIBIX,5634563931,LQAYA,Windows,False,5G,2025-04-13 09:50:32.928046,"83.85872665465715,-41.45275094651123",reboot,True
GPK6ICTTU9,2689604756,GHCSA,Windows,True,5G,2025-04-05 09:50:32.928060,"4.623316523762952,-142.21954117798956",battery drain,True
6VWGN9448L,7663892734,KVNRZ,Android,True,LTE,2025-04-03 09:50:32.928074,"-58.148256248711775,-101.094992441887",SIM switch,True
6AA2LOE858,4899462029,EXMPB,iOS,False,WiFi,2025-04-13 09:50:32.928088,"-16.18197064824983,110.46348538499569",reboot,False
ZHLYVGAFUI,8509171018,GSFVV,Windows,False,LTE,2025-04-21 09:50:32.928103,"-48.98970223302063,-142.57359686535085",battery drain,True
DQ1GOIFIX2,4107972604,YCKSU,iOS,False,5G,2025-04-08 09:50:32.928117,"22.036128067250957,-148.9866351939531",battery drain,True
MC3MKS2I7K,4875807306,MIOCH,iOS,False,LTE,2025-04-06 09:50:32.928131,"-45.89530346953491,-127.29912444420705",reboot,False
SDVFRAUK41,1297729018,BPXUE,iOS,False,5G,2025-04-08 09:50:32.928145,"3.698165186879919,3.0514559412598317",SIM switch,False
700FG8E5LV,9417758275,JCIDU,Android,False,5G,2025-03-27 09:50:32.928160,"82.26574701103195,-55.77831089473587",SIM switch,False
WJXV21G092,1823598871,GWFKF,Android,True,5G,2025-04-15 09:50:32.928200,"31.661499070632104,-22.09287438393983",reboot,False
FF46SUL6ZV,6647259862,BFXMM,Android,False,WiFi,2025-04-21 09:50:32.928226,"67.9984997871857,-9.423985912710265",SIM switch,True
HSGH870YHY,6809705615,XBSQC,iOS,True,LTE,2025-04-16 09:50:32.928248,"-69.8465706443626,-98.09651499734885",reboot,False
RKKH6C1PE7,9649409511,IPMFZ,Android,True,5G,2025-03-26 09:50:32.928263,"-20.762024867043266,-136.4757472957735",SIM switch,True
59ZBPWM3HH,8573402856,EDODN,Windows,False,5G,2025-04-20 09:50:32.928278,"-64.14077841674467,114.69489099306122",battery drain,False
82CG0WG48E,0153785326,VGZVK,Android,True,LTE,2025-03-27 09:50:32.928294,"36.07466716579725,-81.36172242539503",battery drain,True
BMA9C8222Y,3339432163,VGZFY,Android,False,WiFi,2025-04-02 09:50:32.928308,"88.94013337490571,-104.8024111343252",reboot,False
9BONX3PFT7,4469142355,GTAHW,iOS,True,WiFi,2025-04-23 09:50:32.928322,"79.26158558564961,-156.36183646531862",battery drain,True
EVHFGK5R3D,7577791782,MBRUF,Android,False,5G,2025-03-31 09:50:32.928336,"50.65047422421125,150.9083646069713",SIM switch,True
KDTBCL2CLX,8747209991,KVJNB,Android,False,WiFi,2025-04-08 09:50:32.928350,"1.6411716951623134,-75.92016082489233",battery drain,True
NDVPPU65JQ,0899828121,INIKM,Windows,False,5G,2025-04-12 09:50:32.928365,"-49.1811658883348,-172.1823984167482",battery drain,True
HY8YAPFDX9,9341969455,IOIDC,iOS,True,5G,2025-04-20 09:50:32.928378,"24.38380191713344,-103.46590716401312",reboot,False
VHIPD78GIK,0096575409,XQKQB,Android,False,LTE,2025-04-16 09:50:32.928392,"58.67954302735558,20.109830310471466",battery drain,False
31KMQ1A711,8559773431,ZSAUC,Windows,True,5G,2025-04-04 09:50:32.928406,"28.0967795719493,-163.7180481475121",reboot,True
LHBH3M50TZ,1287940587,NKIAM,Android,False,LTE,2025-03-30 09:50:32.928421,"85.39944686981573,-88.42806412871579",reboot,False
DJ2VOHZV7Y,8034012265,LRWDV,iOS,True,LTE,2025-03-30 09:50:32.928435,"52.010116857033296,-25.608944001667766",reboot,False
A6UKNFH66E,0705069879,IWHHW,iOS,False,LTE,2025-04-19 09:50:32.928451,"64.7091450870316,127.41633401579293",reboot,True
LL4RSLIFR9,1641257679,YIGSW,Windows,True,5G,2025-04-06 09:50:32.928465,"26.248869735861888,-55.33663900098158",SIM switch,False
RNEE2TYW7N,6833176310,CBOCT,Android,True,LTE,2025-04-17 09:50:32.928479,"65.07784313082675,-72.65513946148364",reboot,True
5AR6721D0S,4351394814,QPXVM,Windows,True,WiFi,2025-04-04 09:50:32.928493,"-15.532556654872096,49.463789763903975",battery drain,True
X1I33JD3Q6,2698796448,YLXER,iOS,False,5G,2025-03-30 09:50:32.928507,"-57.69055492702739,-138.36800204100757",reboot,True
9552NJYMMT,3692352402,SGVXF,Windows,False,WiFi,2025-04-23 09:50:32.928523,"-68.82789805966449,96.49954304390843",battery drain,False
2HFFDQ21JC,0894338180,MZSLU,Android,False,LTE,2025-04-23 09:50:32.928537,"19.620606059754593,153.654225151246",battery drain,True
1VGJNYC5IQ,0398622159,PSQYN,Windows,True,WiFi,2025-04-18 09:50:32.928551,"47.0956123885434,15.346524106641795",SIM switch,False
UQJ6Q4RV7L,1420008481,DEEDT,iOS,False,5G,2025-04-10 09:50:32.928566,"-86.3089297355304,166.80045374247362",SIM switch,True
H84DFNEAWK,6883280257,YQKKO,Android,False,WiFi,2025-04-01 09:50:32.928581,"24.026165800352956,49.46054243223634",reboot,False
Q6LQLAKE75,2472679791,KQFYQ,Android,True,LTE,2025-04-01 09:50:32.928595,"44.59518720085018,133.00566472227888",reboot,True
L6XFY8PXQN,0389116290,EGTZX,Windows,False,5G,2025-04-09 09:50:32.928609,"24.5359752827039,99.22235691217094",SIM switch,True
VIRUKPFHXB,6664246274,LMQLE,Windows,False,WiFi,2025-04-17 09:50:32.928623,"-65.53855436728011,-148.6554846419613",battery drain,True
OS7UB7Z0TM,8998473496,FLLXA,iOS,False,5G,2025-04-20 09:50:32.928637,"-66.35255359593816,19.47114336885184",reboot,True
G20QTV09VL,3627812315,XWHEQ,Android,False,5G,2025-04-05 09:50:32.928651,"18.861322253446147,168.98169525867598",battery drain,False
5GO79JU7IJ,0275948816,JRHIJ,Android,False,LTE,2025-04-22 09:50:32.928665,"-0.37204191244303786,65.15093126815978",battery drain,True
W9V1SC9585,6776352002,JVGEW,iOS,False,5G,2025-04-13 09:50:32.928681,"2.4488877466540515,-66.3495978704683",SIM switch,True
VLGG33MAUY,3388900735,PTRVD,Android,True,LTE,2025-04-03 09:50:32.928695,"26.023607396182484,-131.00294266850116",SIM switch,False
2EWIR4RU4B,3848716754,VWNUM,iOS,True,5G,2025-04-23 09:50:32.928710,"40.09616964395474,-37.74984485672141",battery drain,False
B2BO6Z4XCG,4834518602,SXCWH,iOS,True,WiFi,2025-04-15 09:50:32.928724,"66.85459154484033,-77.68455886821516",reboot,True
I905SH3EK0,7330151783,TQQBE,iOS,False,5G,2025-04-04 09:50:32.928738,"24.7635452383076,70.36722582350765",reboot,True
SU1CP6XCBJ,5465675903,YNTJW,Windows,False,LTE,2025-04-17 09:50:32.928753,"15.039747517743294,90.302417876081",SIM switch,True
D856EWXL59,9005060759,YVHVY,Windows,True,WiFi,2025-04-11 09:50:32.928767,"-84.56495615236634,72.0262813621082",reboot,True
CZ3YTTT2YW,6643880310,PDLRZ,iOS,True,LTE,2025-04-18 09:50:32.928781,"88.32571575294202,-114.9553009974724",battery drain,False
XPHJRATYF2,3059672177,ZEWYZ,Windows,True,LTE,2025-04-11 09:50:32.928795,"-65.63369308126718,179.73739642427734",reboot,False
ZAV7IIKFJ9,6038522631,SONQM,iOS,True,5G,2025-04-20 09:50:32.928809,"-5.851491584844808,70.61626486459417",SIM switch,True
CES08HQLKS,1079167561,DRCDR,iOS,True,LTE,2025-03-25 09:50:32.928824,"40.11083535594912,9.090409015876673",reboot,True
9WEY3JSSZ9,0446457539,HDCFH,Android,True,5G,2025-04-06 09:50:32.928838,"88.09898537637642,-117.17034350675486",SIM switch,True
3IR6GBV6YC,7700917397,ZOIJZ,iOS,False,WiFi,2025-04-07 09:50:32.928853,"-87.71796466190558,105.24252046290775",reboot,True
0NMU8I2N9A,0411612675,KUXIK,Windows,False,5G,2025-04-13 09:50:32.928867,"49.32179760121514,82.74792334620264",reboot,False
996LZBX7PQ,3081751834,YKRME,Windows,False,LTE,2025-03-30 09:50:32.928881,"24.102387994315862,18.746199668988936",reboot,True
71N9FFJHT0,5352747913,HTUMX,Android,True,WiFi,2025-04-23 09:50:32.928895,"-79.26174160499235,-110.58990454073354",reboot,False
49XOLQ158E,9498703205,TNFTR,Android,False,LTE,2025-03-27 09:50:32.928910,"-74.69262235039899,-14.933824073835922",reboot,True
JMAFVPS6MI,0739619074,DUTYZ,Android,False,5G,2025-04-19 09:50:32.928925,"34.28533251986815,-149.75364939195467",battery drain,True
YHBSMH6G7U,5461765366,HYAQD,Windows,False,5G,2025-04-01 09:50:32.928993,"28.203758605837876,-5.15198665636413",SIM switch,False
H85YXCWDYM,9526142337,GQSNL,Android,True,LTE,2025-04-14 09:50:32.929009,"-69.79483018882362,-49.68648551423661",reboot,False
LHURLEKVAK,1230255554,RJDQX,iOS,True,5G,2025-04-04 09:50:32.929023,"42.482180078853304,153.96027273288274",SIM switch,False
JJ9ONZZYDX,2186110760,BCHFO,Android,False,LTE,2025-04-23 09:50:32.929037,"-45.16706742255078,42.03329833807132",reboot,True
UCBVO4NGO1,0161488896,BKMUX,Windows,True,5G,2025-04-03 09:50:32.929052,"58.96206683877972,-127.40006668430829",reboot,False
HH0W7MZQNL,0933965591,ARGHF,Android,False,LTE,2025-04-20 09:50:32.929067,"-44.01884466767065,-101.34255753672471",reboot,False
MOT5U3IL0I,2923322124,MVTJC,iOS,True,WiFi,2025-04-11 09:50:32.929081,"-9.34946552672369,-141.38657646704516",SIM switch,True
T3HJGM1NNL,9543763782,KHOCM,Windows,True,WiFi,2025-04-16 09:50:32.929095,"60.752232248171396,-79.38735672973361",SIM switch,True
M8F32Y1MQ3,6851997013,FCXIX,Android,False,LTE,2025-04-14 09:50:32.929109,"65.84597663564435,77.42989000956345",SIM switch,True
YND3P5DJ9M,1462532456,KZWTX,Windows,True,WiFi,2025-04-12 09:50:32.929124,"-4.9642835443556805,155.81669250927285",battery drain,True
E0VQP8GKB2,8578688679,IAFRJ,Android,True,5G,2025-04-08 09:50:32.929139,"53.13670252747258,121.69937886165462",SIM switch,True
B5TJ7XN39F,4951606509,NUISJ,iOS,False,5G,2025-03-26 09:50:32.929153,"14.751188759922542,12.92021483608076",battery drain,False
8KA1DVQ1LO,5664677325,JGAQS,Android,False,5G,2025-04-01 09:50:32.929167,"-2.4284548727363386,18.207768759365536",SIM switch,False
NWR8KFCMAQ,5625619271,MHAUA,iOS,True,5G,2025-03-25 09:50:32.929181,"-45.30694935583627,3.4141876930354442",SIM switch,False
KA2AIPEE2F,3399562784,ZWUQH,iOS,False,5G,2025-03-31 09:50:32.929198,"-15.547662771611627,16.188258554049867",battery drain,True
0B3UHRJV2L,3443458293,KRMIT,iOS,True,5G,2025-04-06 09:50:32.929212,"29.7992226039147,-160.71212094954717",battery drain,True
50ZCGBUB6K,1759110957,QYEAQ,iOS,False,LTE,2025-04-14 09:50:32.929227,"-86.37419974530994,96.55836024364555",battery drain,False
OCQ60D9AKN,9229587656,MCMRG,Windows,False,5G,2025-03-28 09:50:32.929241,"23.390108110129006,-93.71471513936643",battery drain,False
3I6BPK0682,3562856145,FPXRR,iOS,True,5G,2025-04-04 09:50:32.929255,"-55.976442605874,37.90872449887911",SIM switch,False
CPG4GP8NP3,4348870268,PSFHD,Windows,True,LTE,2025-04-23 09:50:32.929269,"-48.82604391191783,58.62717837102167",SIM switch,True
1OW3SRDFPX,3993326789,MAUAE,Android,True,LTE,2025-04-23 09:50:32.929284,"-87.82242869390737,-64.51951050137394",reboot,True
FYO1WIMW3L,6560206780,OEWJT,Windows,True,LTE,2025-04-22 09:50:32.929298,"1.0968948769563411,-39.731346344290614",battery drain,False
ELKDAHR39I,6900030707,ENLTH,iOS,False,WiFi,2025-04-20 09:50:32.929312,"24.0653471521411,-30.864332173629037",battery drain,False
1Z2MROA6V9,1190202204,GVBUC,iOS,False,WiFi,2025-04-02 09:50:32.929326,"72.17805073397196,62.99646592204698",battery drain,False
K1KPW302IM,2234735712,GKVNU,Windows,True,WiFi,2025-04-12 09:50:32.929341,"-80.77599925096251,-154.49185778217588",battery drain,False
TG8HFR3VH5,8597958675,OAJWM,Android,True,WiFi,2025-04-21 09:50:32.929355,"-41.964594393375094,104.18656209053978",reboot,False
8LIRI8228E,0069629096,WPKLH,Android,False,5G,2025-04-23 09:50:32.929369,"18.407148373949227,162.77084436814926",SIM switch,False
W92M89OPTL,0656841647,GVAHM,Android,False,5G,2025-04-23 09:50:32.929384,"-67.46328821327194,-87.10668885685953",battery drain,True
9PDTVTBX5T,2352333256,ZISCK,Windows,True,5G,2025-04-20 09:50:32.929399,"56.363261210508625,175.2954720190304",SIM switch,True
INK9SRVFM5,2846799610,GSZYA,Windows,True,WiFi,2025-04-20 09:50:32.929413,"24.644330106113514,-119.00330554452448",reboot,True
IGDD7ZCVXY,3165165968,HFZNX,Windows,True,5G,2025-04-09 09:50:32.929428,"-2.777961409666503,110.50518774249736",reboot,False
34Q212XC5B,1658474468,SXEKM,Windows,True,LTE,2025-04-02 09:50:32.929442,"19.654882595156778,-25.336749805461125",reboot,False
QDG1SPKFAN,8893197561,YAZZG,Windows,True,5G,2025-03-25 09:50:32.929456,"45.214802046053705,130.30645682735627",reboot,False
ZSEHZCKKA6,9485498064,JIETN,iOS,True,LTE,2025-03-27 09:50:32.929471,"-47.01407094809542,-6.205942084218236",SIM switch,True
60X1TNTRFQ,3013779575,RRGBL,iOS,False,WiFi,2025-03-27 09:50:32.929486,"14.171763574194344,47.07204811290086",reboot,True
AD8K5EBVWT,6252518532,ZFUCC,iOS,True,WiFi,2025-04-19 09:50:32.929500,"26.778433443901775,-78.16821369394476",reboot,True
5ATQIEPG3H,3912476742,ROSJE,Windows,False,LTE,2025-04-08 09:50:32.929514,"51.64274180320433,61.68372438893766",battery drain,True
6X2493122N,7758577740,FPVTE,Windows,True,WiFi,2025-04-09 09:50:32.929528,"0.6533411737236889,-30.634294398849505",SIM switch,True
FGOA0HNNSO,7700477073,FLJXQ,Windows,False,WiFi,2025-04-23 09:50:32.929542,"87.49086024901428,-18.718954577126738",SIM switch,False
WG2OVGWS7A,1451619494,XSEHU,Windows,True,5G,2025-04-07 09:50:32.929557,"-24.350492882438175,48.206038543277",battery drain,True
TADHNHRHSY,3582959073,VGJZF,iOS,True,WiFi,2025-04-16 09:50:32.929571,"-49.47644282328363,31.23803283112906",SIM switch,False
RHGGVQLQIJ,5613664492,CQRIN,Android,True,5G,2025-03-26 09:50:32.929585,"-50.299605096769696,-113.31879099231637",SIM switch,True
CC5Y2JG29K,4840595027,IVPTT,Windows,False,5G,2025-04-13 09:50:32.929599,"-57.718397456051335,152.49186304068127",SIM switch,False
Z1EOZNADQV,2105422973,KJJMJ,Windows,True,WiFi,2025-04-10 09:50:32.929613,"69.09657979859429,-90.70881231572213",reboot,False
T21PMLZ4M2,3506786197,HEBOH,Android,False,LTE,2025-04-16 09:50:32.929629,"50.32492155493969,-9.33321883691491",reboot,False
CR28DZQ56S,2907359236,DGZIK,Windows,True,WiFi,2025-04-21 09:50:32.929643,"-18.040947371845036,93.56675133367128",SIM switch,True
O6HF24LQG1,4103471240,XYSYG,iOS,True,5G,2025-04-10 09:50:32.929658,"-82.40598934427798,-13.230687450157347",battery drain,False
Z5H8G3UW6D,3675866870,CTFUV,Android,False,LTE,2025-03-26 09:50:32.929672,"-53.50246878323225,48.80759356705238",battery drain,False
BG2L0L5B5E,1562278752,HUNFZ,iOS,False,5G,2025-04-14 09:50:32.929687,"-53.019546145495106,29.26379312041709",reboot,True
VV27W4QYZA,1283244205,XQDMB,Android,False,5G,2025-04-03 09:50:32.929701,"42.21261167017667,97.5832917504859",SIM switch,False
P2PEA65QWC,1399827752,FYTOU,iOS,True,5G,2025-04-11 09:50:32.929715,"-63.13451953388309,-148.30181949190245",battery drain,False
FOQ1CNJW5R,8514989486,TSTXL,iOS,False,5G,2025-04-10 09:50:32.929730,"-35.46958800798943,5.286916122881337",SIM switch,False
RSMEYF6XPR,1959314154,DBQHS,Windows,True,WiFi,2025-04-01 09:50:32.929744,"-28.91846379782215,-81.5823495798145",reboot,True
K72T8RUFQB,5405284485,CXWZK,Android,True,WiFi,2025-04-11 09:50:32.929757,"57.37854504324943,53.54486634359327",reboot,False
2JFO7SCT2S,1778502865,ERJXU,Windows,True,5G,2025-04-17 09:50:32.929772,"-38.56660326149761,80.74961514127114",reboot,False
YUTARBYXCP,8329491863,HHCUI,Android,True,5G,2025-04-08 09:50:32.929786,"-31.648476202459264,85.27299768801527",SIM switch,True
3AF8NO88BK,0519137865,DOAYC,Windows,False,LTE,2025-04-11 09:50:32.929800,"-48.39435025137148,106.56223224047005",SIM switch,False
IEW9IQE6XM,5801683613,BFCTK,Android,False,WiFi,2025-04-05 09:50:32.929814,"-21.291943471583792,-53.627335029506824",SIM switch,True
4IAMTWW5NH,9216281287,DGHLI,Windows,True,LTE,2025-04-09 09:50:32.929829,"-36.9218681819981,85.23851007737062",reboot,True
002N7JFVV9,8204933415,DXPZL,Android,False,5G,2025-03-28 09:50:32.929843,"9.214406728884029,13.348986418464932",SIM switch,True
FT2JJN2A6E,1367756584,XDHID,Windows,False,5G,2025-03-29 09:50:32.929857,"-78.59621643397124,-67.55477912581969",battery drain,True
GYLDCG872H,2414082742,ICCBV,Android,False,WiFi,2025-04-15 09:50:32.929871,"-19.209923597834816,77.5627255897669",reboot,True
RWTOVCHCDB,4338584694,JJFIQ,Android,True,WiFi,2025-04-19 09:50:32.929886,"72.79547884103692,44.35880613601978",battery drain,False
3MALZJAXI6,7505537571,MXTJP,iOS,True,LTE,2025-04-14 09:50:32.929901,"7.714256756473972,26.546214919499732",battery drain,True
L3DPCBB50M,6679476700,DYCST,Android,False,LTE,2025-04-23 09:50:32.929915,"53.773015200520575,129.90053356570678",battery drain,True
MH7IZASOA0,1155757825,SJZTQ,iOS,False,WiFi,2025-03-25 09:50:32.929930,"88.17798363044943,77.75220169066023",reboot,False
GSDQZONUN1,6272208057,XCZJG,Android,False,LTE,2025-04-09 09:50:32.929944,"-41.3193708176099,-1.4934638697546632",battery drain,True
UEN40L8GCH,6868724181,UBPOS,Windows,False,LTE,2025-03-30 09:50:32.929958,"-89.42027466163935,-87.91922269349732",battery drain,True
PWKY3QOUK1,7036518960,NAGKP,Android,True,5G,2025-03-28 09:50:32.929972,"24.06032616112803,-77.02400468935566",reboot,False
IHZNDWBI6J,3263332762,RZGAG,Windows,False,WiFi,2025-04-23 09:50:32.929986,"-39.51660334421219,-78.87873850442676",reboot,False
IYQNZXDR1O,8701375914,GUMBV,Windows,True,WiFi,2025-04-05 09:50:32.930001,"50.02103991758631,175.74999304782557",battery drain,True
T71VZ8OZ7G,5491730504,QNITD,iOS,True,WiFi,2025-04-16 09:50:32.930016,"43.485071869014575,-142.61236786034078",reboot,True
B92ZTHKNFQ,7129928990,KLVSK,Android,False,LTE,2025-04-05 09:50:32.930031,"32.80611109215299,-18.073774631771613",battery drain,False
ZKGNMCOAGT,5452548752,KXOVZ,Windows,False,LTE,2025-04-15 09:50:32.930055,"-62.99658457997214,-130.4569884067227",battery drain,True
PXM2SLDVR9,2644285431,MMQAN,Windows,True,5G,2025-04-09 09:50:32.930070,"12.81608543964397,-177.74257045432765",reboot,False
KXFZXO501J,2287193325,SUGMV,Windows,False,WiFi,2025-04-11 09:50:32.930090,"28.364034482652286,-24.673533121713575",SIM switch,True
ZW2YYXAX9D,3614420533,HXTWR,Windows,False,5G,2025-04-23 09:50:32.930104,"11.947923704191808,-119.75469926200546",battery drain,True
SIM8WIYEOH,5071929563,FFFJR,Windows,False,LTE,2025-04-21 09:50:32.930118,"-69.81915430037492,68.28335322972217",battery drain,False
GUO0FRMUTI,2036833009,XSQLA,Android,False,WiFi,2025-03-27 09:50:32.930133,"-60.68334180620878,-69.91960522545698",battery drain,False
XNH4XNWL0V,9481221693,ZZVXO,Windows,True,LTE,2025-03-30 09:50:32.930148,"-79.62478051218386,12.58999814803991",battery drain,True
NLQDKLA53A,7394675032,ZGDQS,Android,False,5G,2025-03-31 09:50:32.930162,"70.99267246520787,33.969389610979704",SIM switch,False
TWR0RI1DEA,2666496963,XKTFU,iOS,False,LTE,2025-03-26 09:50:32.930176,"-41.80102400662206,131.20714283873923",battery drain,False
RPNH5FVZFM,4790581765,WTVIT,iOS,True,WiFi,2025-04-11 09:50:32.930190,"28.030035912845236,44.55504373203175",reboot,False
7VYJP1QXVD,7206904902,ALBYC,iOS,False,WiFi,2025-03-28 09:50:32.930206,"18.870603258894135,-149.2668614612205",SIM switch,False
T9H12KM912,9398998659,YAKCA,Windows,False,5G,2025-04-21 09:50:32.930220,"-1.684066212465737,-37.8089349416087",reboot,False
XFQNFW9EGM,2092982310,CXQYU,Android,False,LTE,2025-04-06 09:50:32.930234,"11.284054582419827,75.88780290425208",reboot,False
HH3CZ3PMZL,5302593353,RRCMQ,iOS,False,5G,2025-04-18 09:50:32.930249,"30.179865595820445,94.62987271053703",SIM switch,True
BVB9OQHVN2,4153589416,JETLC,Windows,False,LTE,2025-04-09 09:50:32.930263,"-87.03824822067345,-101.26872869886948",reboot,True
DFNQ487SZY,1173216817,BXKFP,Windows,True,5G,2025-04-08 09:50:32.930277,"-62.95507993873941,21.395868940621682",reboot,False
K7Y5V10R04,3475598771,BRCNB,iOS,False,LTE,2025-04-19 09:50:32.930291,"-4.094463421855437,-108.77355271265037",SIM switch,False
GHJH7XGP23,4760328239,AIBLI,Android,True,5G,2025-04-23 09:50:32.930305,"37.78538982908621,86.74452164824197",SIM switch,True
BNS80ZOI9S,4116759661,DGCFF,iOS,True,WiFi,2025-04-20 09:50:32.930319,"-13.262589815912563,-150.7797679309512",reboot,True
RFO7CWRDRV,1862356647,GSQPQ,Windows,True,LTE,2025-04-09 09:50:32.930334,"30.573481656753188,-52.462885848311515",SIM switch,True
KPCV7Q3ZC8,5739391058,LHXBI,iOS,True,5G,2025-04-02 09:50:32.930349,"40.45918427394136,-143.318179666483",SIM switch,False
IH2MTIYNSY,7011096583,VHJQT,iOS,True,LTE,2025-04-10 09:50:32.930364,"74.77690405952234,-176.3503412950169",battery drain,True
QI080PNUMA,2649131094,UECRZ,Android,True,WiFi,2025-03-31 09:50:32.930378,"41.36116319830873,105.3070255615338",reboot,False
S51P1MCSJJ,8716605057,YASHQ,Android,True,LTE,2025-04-07 09:50:32.930392,"43.04183327929917,-90.47178621084579",battery drain,True
7AZ7JQAUIH,0855737580,UWRBF,Windows,True,WiFi,2025-04-15 09:50:32.930406,"48.55852286916681,-156.86055473092804",SIM switch,False
H5YIMMERQ4,3028945935,RUZVP,Android,False,WiFi,2025-04-13 09:50:32.930420,"10.2794295591505,179.971406958711",SIM switch,False
2YAWPQEFN6,7805009165,RJOJQ,Windows,True,LTE,2025-04-13 09:50:32.930434,"9.300719750255567,-115.56149277569716",SIM switch,False
1430V275GQ,5321197301,VQUYW,Android,True,LTE,2025-04-13 09:50:32.930449,"-65.99705741944976,-56.1984255878136",reboot,True
IR1XE38XWH,3789705755,QBSVN,iOS,False,WiFi,2025-04-16 09:50:32.930463,"80.444315257228,-10.369890272023412",battery drain,False
L37PEJ4N5H,9775213241,BIMWE,iOS,False,LTE,2025-04-02 09:50:32.930477,"-78.29127884659923,59.98393948321569",battery drain,False
6Q551A7FW0,6673038108,TIRSB,iOS,False,WiFi,2025-04-17 09:50:32.930492,"-27.116029665624303,10.807752723357225",battery drain,False
U5TNGVATBA,6405101187,BQAXX,Android,False,LTE,2025-04-02 09:50:32.930506,"27.80293345774001,-174.4172079900969",reboot,True
S5F2T3OVFR,2525058807,ACWWP,iOS,False,LTE,2025-04-21 09:50:32.930521,"79.40460841526982,-154.30815764438387",SIM switch,True
OKOUI7ISOB,9771499597,GMSAT,iOS,False,LTE,2025-04-16 09:50:32.930535,"33.88425125612473,134.58839434626753",battery drain,False
3ZBZE54LSK,4199213636,ACCGN,Windows,False,LTE,2025-04-18 09:50:32.930549,"62.36107432383696,-149.67882888750458",reboot,False
VOUHZQ8KQL,5990285228,UZALR,Android,False,WiFi,2025-04-23 09:50:32.930563,"-60.28046800554176,-74.91140221661269",SIM switch,False
6L7J5QOEQQ,6514711826,DRHHL,iOS,True,5G,2025-04-18 09:50:32.930577,"40.51009130519216,117.62847753078097",reboot,False
PGW9XNZX6O,1531996858,EHBVF,Windows,False,LTE,2025-04-02 09:50:32.930592,"-82.52619834162881,-149.47700260467252",battery drain,True
5H0JS7110Z,7119749567,EAEGD,iOS,False,WiFi,2025-04-05 09:50:32.930606,"89.71145866955968,-15.010786798857225",reboot,True
AXF4QA1Y2H,0555158702,DXEDL,Android,False,LTE,2025-03-25 09:50:32.930621,"31.421762320452515,-60.78802084816462",SIM switch,False
43LOADSG98,2954682291,IAIKF,Windows,True,WiFi,2025-04-09 09:50:32.930636,"-36.87867778572699,-63.66811965998616",battery drain,True
1FWN1UQV72,8468224193,RZSTG,Android,True,5G,2025-04-12 09:50:32.930650,"-72.49116613045511,-136.74125693218227",SIM switch,False
2UBO7A3KSZ,9976820558,IAMLB,iOS,True,WiFi,2025-03-30 09:50:32.930664,"-8.980084990720371,64.29886562869558",reboot,True
WJQ9KKAIGB,1568257090,QVNJM,Windows,False,LTE,2025-04-16 09:50:32.930680,"-44.00940910295414,178.14344197150052",reboot,False
8RBZIO7565,9452200422,BKIVC,Android,False,WiFi,2025-04-12 09:50:32.930694,"33.4142392919713,-174.01588557897347",battery drain,False
ABELKIZ7QY,8953171671,SCDYT,Windows,False,LTE,2025-04-10 09:50:32.930708,"10.46436731219201,-5.3334192691479245",battery drain,False
8P2ZBJMYX3,6272885366,JDSOC,Android,False,LTE,2025-04-14 09:50:32.930723,"-27.272280127343087,46.66296671374084",reboot,False
IR561O0MH0,1699798251,NFIVH,Android,True,LTE,2025-04-11 09:50:32.930737,"46.946876608644885,165.04232290015108",SIM switch,True
7N2VDO7P7O,5466760368,JESOV,iOS,False,5G,2025-04-08 09:50:32.930752,"65.02321752234926,-30.829388707747313",reboot,False
NJBNLGBY0S,6431101921,VWZFG,Android,False,5G,2025-03-28 09:50:32.930766,"69.95376239240906,-27.404353978067178",battery drain,True
B8L33IOBQO,5646211048,SGQYQ,iOS,True,5G,2025-04-23 09:50:32.930781,"-32.63286709145537,154.28481914657112",SIM switch,True
2VF5DRBDV2,6063002573,EROXM,iOS,True,LTE,2025-04-18 09:50:32.930795,"-13.740206497522223,-14.105724449516543",battery drain,True
FAVOY6Z0JB,5968410902,GOIXZ,Android,False,5G,2025-04-16 09:50:32.930810,"-82.90999779647541,-81.0579534043121",reboot,True
ROHNG9WXA4,5737663509,WBGVC,Windows,True,LTE,2025-04-05 09:50:32.930825,"-28.6220185863464,-153.94838780531944",reboot,False
D5FNYRL5WG,3195512341,SBFGC,Android,False,WiFi,2025-03-25 09:50:32.930839,"70.56595094466664,-19.633455076818365",battery drain,True
YSRU7LXG0N,5225759380,VXVJK,iOS,True,LTE,2025-04-19 09:50:32.930855,"-3.3370378644677743,-133.62789369905724",SIM switch,True
HL6MVEPNT6,9935073497,ILUJN,Windows,False,WiFi,2025-04-04 09:50:32.930869,"31.87641167648485,95.49954007882656",reboot,True
Q1TK4QZ9ZS,2193815089,HYTBC,iOS,False,LTE,2025-04-17 09:50:32.930884,"41.61765647043822,-109.33677822229842",battery drain,False
FZ23O2B492,7558711392,XYTNQ,Android,True,LTE,2025-04-07 09:50:32.930898,"-13.3135487731019,12.233537531457443",battery drain,False
KGKBS4S1O5,8526247721,LVVNP,Android,True,LTE,2025-04-15 09:50:32.930913,"7.8614316387452305,177.26955596633678",SIM switch,True
1ZLZ3GFWP5,4255936182,YDAGC,iOS,True,LTE,2025-04-19 09:50:32.930927,"69.3201827674221,-18.21261200472702",battery drain,False
MB5ZHBCHKI,6564357369,NWRSR,Windows,True,WiFi,2025-04-01 09:50:32.930941,"-67.59941100199349,145.6381521823252",reboot,True
188M2NVEWX,8264506855,PAWEB,Android,False,WiFi,2025-04-13 09:50:32.930956,"24.557875730051478,-46.83668696478597",reboot,False
83FOSI1NXP,8144359000,ETDRE,Android,False,5G,2025-03-31 09:50:32.930970,"-6.3917650099780445,-64.15335943905514",reboot,False
N970UEORM3,1255073110,ODEQZ,Android,True,5G,2025-04-21 09:50:32.930984,"81.94314441412362,93.82710514498348",SIM switch,False
8VOWNEKPSJ,1520019866,RVWJZ,Windows,False,5G,2025-04-12 09:50:32.930998,"74.06059432230549,35.79065403015622",SIM switch,True
VB6Z5P4LQ8,9903519658,WEGUA,Android,False,LTE,2025-04-17 09:50:32.931013,"-0.9738574032223397,84.99950094393358",reboot,True
1RKMN3Z9AD,8340428874,RXJVW,Windows,True,LTE,2025-03-28 09:50:32.931027,"-24.042678561724173,122.85873770085402",SIM switch,True
DKGUX6CT07,6086029765,CCMXL,Windows,False,LTE,2025-04-04 09:50:32.931041,"-80.78188340590948,101.08599328530283",reboot,True
KQD2B9T1P6,9997164202,HPZJA,Android,False,LTE,2025-04-08 09:50:32.931057,"73.44814223857816,151.53267574972722",reboot,False
2EQ9GFPC4U,4392818387,ECCNV,Windows,False,LTE,2025-04-13 09:50:32.931072,"26.05134511086193,-156.59649511542744",SIM switch,False
GGCNY1FZVC,7740118684,TEVQS,iOS,True,LTE,2025-03-28 09:50:32.931088,"1.8686482365037023,-163.86317382672428",battery drain,True
5H3DZP3GV0,1879106233,RYEHJ,iOS,True,LTE,2025-04-03 09:50:32.931102,"39.588136751255945,-110.70769262376642",SIM switch,True
39399NB6W7,0070468869,KJQTV,iOS,True,5G,2025-03-28 09:50:32.931119,"-27.557001076639573,-78.15748506470452",reboot,False
JDVOLW9S0C,0435614836,JJDZX,Android,True,5G,2025-04-02 09:50:32.931143,"-88.88858574646352,-90.62050204120031",reboot,True
UI27VI5A2D,6424758686,JGVFJ,iOS,True,LTE,2025-04-21 09:50:32.931166,"39.65676073675658,158.2639153971802",SIM switch,False
RS7VOXWY4V,9823805973,RFSTN,Windows,False,WiFi,2025-03-31 09:50:32.931180,"63.58676267601942,74.16626872277237",reboot,False
XNY77BHM3T,6964947639,SDUKY,iOS,True,WiFi,2025-04-07 09:50:32.931194,"-47.19797040558235,38.50284986733715",reboot,True
PMJXSRIWAM,9606571279,NISWR,iOS,False,LTE,2025-04-15 09:50:32.931208,"69.06184210348363,-22.487747747004818",SIM switch,True
7YF51Q1W71,6363139390,ZIMLZ,iOS,True,WiFi,2025-03-28 09:50:32.931223,"23.627815622070315,11.715489565800937",SIM switch,False
N4JCVRGG8Z,6060038066,DKBQH,Windows,False,5G,2025-04-15 09:50:32.931237,"-29.964021648664335,35.138769677269664",SIM switch,False
LFIUKGC71B,5042185434,BRRVP,iOS,False,LTE,2025-04-16 09:50:32.931251,"-16.43606133323202,76.87438229213086",reboot,True
WEWD1ZA5SF,1552910828,FQXKN,Android,False,5G,2025-04-23 09:50:32.931266,"36.90041388482568,-155.17711760691526",reboot,True
B0DG49E9TO,5995506426,ORODG,Windows,False,LTE,2025-04-03 09:50:32.931280,"-16.85256676132704,128.32341061265817",SIM switch,False
PTVDW9X479,8341728529,ZIKCL,iOS,False,LTE,2025-04-08 09:50:32.931295,"0.30895866045075593,83.16627187551171",reboot,False
2SLEYKYUH3,0795656014,YBSFL,Android,True,WiFi,2025-04-11 09:50:32.931312,"-2.730415799497777,14.527055382353467",battery drain,False
D0C9XWCZ57,1055671107,OSQJF,iOS,False,LTE,2025-04-04 09:50:32.931326,"-14.555640501420186,111.9621346242655",reboot,False
JNQIDXL75L,9986088616,IAMWI,Windows,True,5G,2025-03-26 09:50:32.931341,"83.25356831374651,121.22917704310782",reboot,False
WN8OBSP46T,4138610942,QJBFT,Android,True,WiFi,2025-03-29 09:50:32.931355,"30.592738107509646,-108.67259495120888",reboot,True
9OXF06BA7K,0705387565,KUZZI,Windows,True,5G,2025-04-12 09:50:32.931370,"-26.701427816618356,9.898805614343104",reboot,True
Z74WTWVY8P,8968639800,CVEOT,iOS,True,LTE,2025-04-03 09:50:32.931384,"1.9390055414078518,-48.572008479055086",reboot,True
7N3M32WBC7,6183606303,IFNFF,Android,True,5G,2025-04-13 09:50:32.931399,"-30.087350997311738,-13.449952063028718",battery drain,False
9QME51C49R,7425457684,AVYIY,Android,False,5G,2025-04-16 09:50:32.931418,"-64.98232956847127,-40.32503422663575",SIM switch,False
QNJXLM2LL6,3540049726,HTXAG,iOS,False,5G,2025-04-01 09:50:32.931432,"-60.48488388485487,4.155836652096298",SIM switch,True
BO5SJ6A2WJ,4738659723,IPLSQ,Android,False,LTE,2025-04-05 09:50:32.931446,"0.7773858027139653,174.5852875880733",battery drain,False
LWKIBWDXP7,2750287655,RSOEE,Android,True,WiFi,2025-04-12 09:50:32.931460,"-19.11195748880472,125.66183137684737",battery drain,True
42ZP4K865C,9580970480,JPDSU,Android,False,LTE,2025-03-30 09:50:32.931474,"31.539714373261404,3.568377079925483",battery drain,True
XV0NL7RX9I,8283296256,DFEDU,iOS,False,LTE,2025-03-26 09:50:32.931488,"-74.45049306066706,67.92963960225964",battery drain,True
L9S40LBCOK,8925470352,SBQQU,Android,False,LTE,2025-04-05 09:50:32.931504,"3.514985841883586,131.4080908252664",battery drain,False
ZOCZEL5MS6,0300785891,OJPVV,iOS,True,LTE,2025-04-16 09:50:32.931519,"7.060430366811715,58.635039188913794",battery drain,True
J0CHW8UKR8,7943151292,DBCKL,Windows,True,5G,2025-03-30 09:50:32.931533,"88.89673046018649,-78.06253406118029",SIM switch,False
CJWSIPNQVJ,3459901508,ITWZO,Android,False,5G,2025-04-18 09:50:32.931548,"-42.31238644143619,-37.58599133495551",reboot,False
BW0PP1M4U8,4572810988,RJHEN,Android,False,LTE,2025-04-12 09:50:32.931563,"-85.87152104813444,148.8014882334752",reboot,False
E6U4JZ7I4G,6997669941,LUKSV,Android,True,WiFi,2025-03-30 09:50:32.931577,"-38.970404254953074,-101.44738755087101",battery drain,True
KCIWAVRVSP,1406883690,MXSFT,Android,True,5G,2025-03-27 09:50:32.931592,"-49.55012241946446,-136.66814996073515",reboot,True
1W4Y07KAKD,6083813619,UTRSW,iOS,False,WiFi,2025-04-20 09:50:32.931607,"29.718473238475198,81.2952181836917",reboot,True
9P0YJYXZ2D,2825785403,ABBFN,Windows,True,5G,2025-04-02 09:50:32.931621,"-38.5883850622545,17.00822774641756",SIM switch,False
2JVSPCA8UP,8276765774,OPOHE,Android,True,LTE,2025-04-10 09:50:32.931635,"-31.729186525684845,-82.55836180624716",SIM switch,False
B991SYP6A5,6931563421,VASRA,Windows,True,LTE,2025-04-18 09:50:32.931649,"-10.198195965596994,-67.67930535315654",battery drain,True
E9ITSJAEJJ,4998774111,SUDVO,Android,False,5G,2025-04-01 09:50:32.931664,"-60.425624911342084,-134.39753089987227",battery drain,True
5QCVWNXRDL,6351508126,SPVES,Android,False,WiFi,2025-04-22 09:50:32.931678,"57.43174456377716,96.53757070921984",battery drain,False
RV52YSMGD3,6630577603,SJYVP,Android,False,LTE,2025-04-09 09:50:32.931693,"64.78538477716316,150.35455751639512",SIM switch,False
IUIYSOZZM8,1975580108,SKFSG,Android,False,WiFi,2025-04-03 09:50:32.931707,"-36.40057916884899,141.79325649999316",SIM switch,True
W4GK5Y83BU,8210865615,VJCAF,Android,True,WiFi,2025-04-22 09:50:32.931722,"-63.452979230109676,-94.82680382553426",reboot,False
FJWQ15VDDG,1002540963,PZZUQ,Windows,True,5G,2025-03-30 09:50:32.931736,"-59.42120681503325,135.0471323282477",battery drain,False
O9YV5UH8DQ,2380477301,GTBET,Windows,False,5G,2025-04-15 09:50:32.931750,"53.039684896704216,124.1397237410049",reboot,True
SR9X1B1WFG,4373388260,MMSPT,Windows,True,LTE,2025-04-14 09:50:32.931765,"88.66233900967492,168.1255959240304",battery drain,False
0XDKYMUU3B,2221729901,WHKVM,Android,False,5G,2025-04-05 09:50:32.931780,"-26.699551393841716,-90.97307630763044",SIM switch,False
VYOZ70KAIP,1796022067,LMMAI,iOS,False,WiFi,2025-04-12 09:50:32.931794,"89.57799228206343,-24.160583216672705",SIM switch,True
YQ5HPIWLZ9,9217889216,DOPRG,Android,False,WiFi,2025-03-29 09:50:32.931809,"45.68642030950093,-54.93104151563004",reboot,False
6PI6I45OBG,6303915126,OLXMO,Windows,True,LTE,2025-04-06 09:50:32.931824,"51.065066368077595,-15.152310137971853",reboot,True
YU6JU67221,9680533620,RTPYA,Windows,True,LTE,2025-04-16 09:50:32.931838,"-70.99059883793483,131.82727892948617",SIM switch,True
9JR1G5X9BF,7908224140,JINHN,iOS,True,5G,2025-04-13 09:50:32.931853,"15.96304768070732,96.35248344181718",SIM switch,False
SG63BX0JOH,5712019685,DYNHM,iOS,True,LTE,2025-04-18 09:50:32.931867,"-40.01030263813244,-90.79733676579899",battery drain,True
BPVF2N6QC1,1180846060,UDSTC,iOS,True,LTE,2025-04-04 09:50:32.931881,"40.725483746411726,-123.07377794064239",reboot,False
G6E2Y94RX2,6399318024,ZSDOR,Android,False,LTE,2025-03-30 09:50:32.931895,"-56.44640337054605,130.7202721941049",SIM switch,False
HL4E1W5C3U,2332069943,YTTOR,Windows,True,WiFi,2025-04-05 09:50:32.931909,"-67.00392331881851,8.90349768323776",reboot,False
WPHWFWXIYG,7020119956,UEHIN,iOS,True,5G,2025-04-09 09:50:32.931923,"-75.28333210849115,-87.9254191345238",battery drain,True
WUWSTRLJN7,4965823772,QDAEV,iOS,True,WiFi,2025-03-31 09:50:32.931938,"-56.24131246462683,-131.15201191856693",battery drain,True
HO5OLQIR5R,1703321108,GMCNQ,iOS,True,WiFi,2025-03-28 09:50:32.931953,"-87.09241614524176,-50.80280459515143",reboot,True
D7D35U2EJK,3610547060,QLFOL,iOS,True,5G,2025-04-09 09:50:32.931967,"89.27764437157407,5.839678081763424",battery drain,False
QO72DNBRRE,6512581696,FYAEL,Windows,True,5G,2025-04-09 09:50:32.931982,"-40.74294493186238,-82.52036694551825",battery drain,False
2GVFEPBS29,3090294350,ZHRIP,Android,True,5G,2025-04-14 09:50:32.931996,"44.36895189000282,155.98636907074058",battery drain,True
9M6ANAONPE,8944577993,KYXYY,Android,True,WiFi,2025-03-30 09:50:32.932011,"-78.98178157044337,-106.28967988285505",battery drain,False
RF5AP9D7NV,2442604541,ZJWQP,Windows,True,WiFi,2025-04-17 09:50:32.932026,"23.05111259836478,-38.467284598643545",SIM switch,True
F372Y33TZO,6591090497,CFDBW,Windows,True,5G,2025-04-02 09:50:32.932040,"-29.379210510002693,-121.79520306744568",battery drain,False
ZIMPXFDW13,0750965014,IHLSA,Windows,False,WiFi,2025-04-22 09:50:32.932055,"-25.553906325216076,-170.92363065847314",SIM switch,True
J2BMDRFWWD,4894942540,VHUWI,iOS,False,5G,2025-04-03 09:50:32.932069,"-48.88497607333968,19.75544880813709",battery drain,False
2FYA76EMA3,0275855595,BQJNM,Android,False,LTE,2025-04-01 09:50:32.932084,"-15.807826413425332,-52.98287184851807",battery drain,True
NVFZF01WEV,1663907339,RQXIE,Windows,False,WiFi,2025-04-21 09:50:32.932099,"54.5709587874876,158.0501631856988",battery drain,True
UXJRGUWMX0,7430700797,KTDOG,Windows,True,WiFi,2025-04-15 09:50:32.932113,"69.82719728423831,40.267761088449106",reboot,False
7VFLDICFLL,3282143915,MUKIA,iOS,True,WiFi,2025-03-28 09:50:32.932127,"-2.3496922419642914,171.92663793347822",SIM switch,True
MNWRSUXBFQ,3779436116,PUZVX,Windows,True,5G,2025-04-04 09:50:32.932142,"-77.1800693997689,142.62354773926586",battery drain,True
7S6Y6AMRD9,3481346898,JQJKH,Windows,True,LTE,2025-04-09 09:50:32.932169,"-44.548493451441026,-83.52792541106666",reboot,False
BQCE0W9M7Z,2025727960,MLQLM,iOS,False,LTE,2025-04-01 09:50:32.932200,"-9.271653031463373,87.63137816210144",SIM switch,False
5OZXLR6SJ2,6792390155,OWHHK,Windows,True,5G,2025-03-25 09:50:32.932214,"-84.3342366515551,72.56249741194517",SIM switch,False
K48QOPXI8E,4473487232,DCIDP,Android,False,5G,2025-04-05 09:50:32.932229,"-39.9865458241047,61.81288774372325",reboot,True
DVIY4RU0C2,5484194860,EOHNM,iOS,False,LTE,2025-04-02 09:50:32.932243,"-56.5110950990145,108.5808709613749",SIM switch,True
17VSPQ9YVR,1054358167,LNCUU,Windows,True,WiFi,2025-04-16 09:50:32.932257,"31.295958322399784,15.121739354911995",reboot,False
NIEUPHQDV4,6830879408,XYYIX,iOS,False,LTE,2025-04-14 09:50:32.932274,"-61.579113955209024,-26.95297648999221",battery drain,False
H3TRCJ40UJ,1975598759,JUFXI,Android,False,5G,2025-03-26 09:50:32.932288,"23.384817451633438,66.6394939055127",SIM switch,True
HFH9AC3J6R,4549308958,AULRM,Windows,False,WiFi,2025-04-02 09:50:32.932313,"83.73858140566381,-179.29034332479824",reboot,False
N502X12PT7,5021197587,NWFWW,Android,False,5G,2025-04-21 09:50:32.932338,"46.73468762000823,104.02204935566044",reboot,False
HGE4YHO0T4,8037867790,AGYBZ,Windows,False,LTE,2025-04-23 09:50:32.932354,"6.351043825551443,-145.2513221695456",SIM switch,True
P18BTXZAJ1,0420106008,UOXXB,Android,True,LTE,2025-04-04 09:50:32.932368,"-2.643758643434282,-166.90916205394822",battery drain,True
5IO8CT9T0Z,0286590968,WYKYW,iOS,True,LTE,2025-04-10 09:50:32.932383,"-52.73904525418444,82.0990832116625",battery drain,True
959HSO6WFC,4945970120,TRUWY,iOS,True,LTE,2025-03-25 09:50:32.932397,"7.585326457673361,-125.02161244959333",reboot,True
QGGE5EPUKK,6042515481,WPSKM,Windows,False,5G,2025-04-07 09:50:32.932411,"1.8038808962641326,129.2195895487735",battery drain,True
7V8IXB45M9,7773856940,MXVVE,Android,False,LTE,2025-04-05 09:50:32.932426,"76.63406074757435,33.11111890991219",reboot,True
K30BW0R6XS,1253216010,CNJHN,iOS,False,LTE,2025-04-02 09:50:32.932440,"-39.9988108434354,-99.35373558967761",SIM switch,True
F4Q7UDYX0Z,1712800993,ALRGB,Windows,False,LTE,2025-04-10 09:50:32.932455,"74.0444964601318,77.66656281975168",reboot,False
73SIJ96EM9,1847914659,HZEUT,iOS,True,WiFi,2025-04-15 09:50:32.932469,"2.834447332571429,155.32055587097562",SIM switch,True
XNPQOUGWJX,7898032370,EHMFO,iOS,False,WiFi,2025-03-30 09:50:32.932483,"16.558964441965927,-72.65797979164955",reboot,True
JLAFHWFVV5,7467091127,YJCJF,iOS,False,WiFi,2025-03-28 09:50:32.932498,"-17.221498303559358,-1.9275219165880628",reboot,False
MMXIZMT40G,1549233192,QYBKJ,Android,False,WiFi,2025-03-29 09:50:32.932512,"-85.81510433018111,-178.03595089971057",SIM switch,True
164PUWNBJ5,5441804293,UJIWE,iOS,True,WiFi,2025-03-28 09:50:32.932528,"-24.060155321655103,118.3774644351285",battery drain,False
WLKV6WCIKL,2850649944,NPOXO,Windows,False,5G,2025-04-22 09:50:32.932543,"-51.14045626793559,-94.78879107492644",reboot,False
BC1MRD5JVF,1935441550,SLTYP,iOS,True,5G,2025-04-19 09:50:32.932558,"-81.8504426996609,29.4067911740525",SIM switch,True
XWZT7R9LHR,2694390150,HZVWX,iOS,True,5G,2025-04-18 09:50:32.932572,"-32.8053558770188,159.56706220761367",battery drain,False
O2AV022GCU,5804591050,VBNDY,Android,False,LTE,2025-04-11 09:50:32.932587,"30.54661514062846,133.24381438482612",SIM switch,True
764UCH5B1N,7174025421,SRPBI,Windows,False,LTE,2025-04-22 09:50:32.932601,"20.227341575069772,142.54336207907556",battery drain,True
XIZG763PA5,0929673422,PHRAY,iOS,True,5G,2025-03-31 09:50:32.932617,"-25.33011399581764,-69.10252879666284",battery drain,False
3OHMUBWN2W,7953119391,ERQZZ,iOS,False,5G,2025-03-28 09:50:32.932631,"26.50863228446886,124.25717779827215",reboot,True
WJ0U5IZ2HU,2924156555,WGHSG,iOS,False,LTE,2025-04-11 09:50:32.932645,"88.58106991075223,46.22049723005861",SIM switch,True
D81G4KAWDJ,4441046395,MEHCO,Windows,True,5G,2025-04-23 09:50:32.932659,"-84.86163551256554,125.34626996954091",battery drain,False
K5W82WIKYL,0466495089,JSUQH,Android,False,LTE,2025-04-02 09:50:32.932674,"-83.55884556074406,20.404096219096232",reboot,False
SGFZLFSBNX,2351413834,ISFSZ,Windows,True,WiFi,2025-03-30 09:50:32.932689,"-25.370710684106342,-4.225674267167108",SIM switch,True
VSR412J7SL,2740868837,MTRFD,Android,True,5G,2025-04-11 09:50:32.932703,"42.44738177014122,102.65101624871482",battery drain,False
MZKSG01RN6,5172143729,GVGTB,iOS,True,WiFi,2025-04-16 09:50:32.932718,"-9.314013022103495,68.76967953429968",battery drain,False
3PWO6CBPE7,1300477354,WFKDG,iOS,True,WiFi,2025-03-31 09:50:32.932732,"83.4604170990271,71.97739842662801",battery drain,True
LNLMOMCWGI,2047835251,CQWGA,iOS,False,LTE,2025-03-26 09:50:32.932746,"-69.0674260948494,173.87885200767778",SIM switch,True
BGCKTHUYM7,6045572247,AJWTT,Android,True,5G,2025-04-17 09:50:32.932761,"-21.24830923068221,103.51879157882473",SIM switch,False
1352MRY9FU,5797668738,WMOQM,Android,False,5G,2025-04-10 09:50:32.932775,"-76.02230053038413,79.106733564644",reboot,True
VIBVVPYNNR,2197265076,FQTXT,Android,True,5G,2025-03-27 09:50:32.932789,"-42.383350649465626,125.6016141398668",SIM switch,True
9RRYFTWCAC,8259526588,ZKOHI,iOS,True,5G,2025-04-03 09:50:32.932804,"-55.23112225178279,-159.10646986722784",SIM switch,True
QBLU7PFQDU,7091604496,LYVCX,Windows,False,WiFi,2025-04-18 09:50:32.932818,"53.27095715435911,-82.28713681765703",SIM switch,False
NCKVO31XKZ,2833663194,NYIYE,Android,True,LTE,2025-03-29 09:50:32.932832,"70.64713406466078,40.63304175172317",SIM switch,True
APH3WX1HAX,4657912210,WXNNW,Windows,False,WiFi,2025-04-02 09:50:32.932846,"86.91863382779417,75.46424247062836",reboot,False
5JQYRLPOHG,2476700514,WLOZM,Windows,True,5G,2025-04-12 09:50:32.932861,"-61.264215323248585,-128.90249261573183",SIM switch,True
Z2KN3O8QPD,3067720149,EBAFX,iOS,True,LTE,2025-04-23 09:50:32.932875,"81.78586324782538,-179.64375097249936",SIM switch,False
LF0RTSRWYP,2759126043,LOHIS,Android,True,WiFi,2025-04-11 09:50:32.932889,"49.54044567191181,-50.11198424878779",battery drain,True
SPRZWUBEAO,8026059652,GXBJR,iOS,True,LTE,2025-04-18 09:50:32.932903,"84.60716530786439,164.1361017138206",battery drain,False
GKEVG7RMU8,2374084961,QULLJ,Android,False,5G,2025-04-09 09:50:32.932917,"-60.740288483140354,138.7403637257899",SIM switch,True
MBHCWPRL6Z,1690365498,LGLUO,Android,True,LTE,2025-04-18 09:50:32.932943,"-11.37997915775189,-23.41055965887105",reboot,True
VHS7RE2KZ4,8114643999,PSTEL,Windows,False,LTE,2025-04-15 09:50:32.932958,"-28.585701573133186,64.24930466458255",battery drain,True
2JCYYMTF39,2472474658,IHSVC,iOS,True,WiFi,2025-04-05 09:50:32.932972,"-85.66881996477558,-148.08430457865666",reboot,False
ZBNQOT4IVV,2953288899,GMLSA,Android,True,LTE,2025-04-17 09:50:32.932987,"87.73049322507791,-107.13172566702123",reboot,True
EYBMDRV6JP,5514836554,WFWRR,Android,False,LTE,2025-04-08 09:50:32.933002,"-40.63364054308358,-107.67974952587407",battery drain,False
N7AH7MONYD,4064499376,SQGKA,Android,False,5G,2025-04-19 09:50:32.933018,"72.53055299064422,72.03297599349733",reboot,True
TMOS4EU40I,1738318481,FBQTQ,iOS,True,5G,2025-04-20 09:50:32.933032,"-25.552563169410476,176.23614051583445",SIM switch,False
42M01HE426,0782533133,PQHZF,Windows,False,WiFi,2025-03-25 09:50:32.933047,"-32.504571473938164,126.51040556728964",battery drain,False
J65KL9T5WH,0838126784,DQBKV,Windows,False,5G,2025-04-03 09:50:32.933062,"-54.22171370578213,-65.73811620000463",battery drain,True
6OMZ0KV3YT,2243257612,IJBKZ,iOS,False,WiFi,2025-04-02 09:50:32.933076,"-87.06248278287066,145.0503959140218",battery drain,False
85IL5EWQFK,7913265497,PAECX,Windows,True,5G,2025-04-04 09:50:32.933090,"-47.47422089011692,134.96286292246185",battery drain,True
2ZLR6KDX9W,3996932983,BKLAR,Android,False,5G,2025-04-01 09:50:32.933104,"-15.996350810978583,-21.224030948033885",reboot,False
8FJ6SNVR8J,4200996359,LTNMW,iOS,True,WiFi,2025-04-11 09:50:32.933118,"-3.3014220721151446,156.91267015275537",battery drain,True
V21SGSXLYV,7460262073,GRNPN,Android,True,WiFi,2025-04-13 09:50:32.933133,"-12.723174146575715,-123.6239550964429",reboot,False
E58MPZBQTA,2745386933,SUFSW,Windows,True,5G,2025-03-26 09:50:32.933147,"77.27665672433031,65.71407124317014",battery drain,False
O7V3YM47XM,8564865890,ZZAKD,iOS,False,WiFi,2025-03-31 09:50:32.933162,"-52.8807759100733,153.18438606742848",SIM switch,False
XEREM27MKH,1703770655,TKHLR,Android,True,5G,2025-03-31 09:50:32.933176,"45.69025123358199,-113.75832416229258",SIM switch,False
VFL7W2IY1K,2038302210,XGCIQ,iOS,False,LTE,2025-04-18 09:50:32.933191,"79.30701684282405,42.9801631756001",SIM switch,True
JNVIHO33L6,7184069263,COROV,iOS,False,5G,2025-03-28 09:50:32.933205,"11.778184427085549,-22.38160244129162",battery drain,False
CWWG6B6YOC,9396169114,LFTQG,Windows,True,5G,2025-04-03 09:50:32.933220,"-22.651528805655317,-160.41251898961409",battery drain,True
Z9ZIH0CZ9K,1197207070,SZIKH,Android,True,5G,2025-04-08 09:50:32.933235,"-5.270291209311836,-104.45978072814026",battery drain,False
1QKSDCNKZO,7154513380,XNSHR,Windows,False,WiFi,2025-04-16 09:50:32.933250,"66.36405436434774,18.437147401657995",SIM switch,True
KRRYTC4HL1,2562464724,TNFBH,Android,True,LTE,2025-03-29 09:50:32.933264,"89.2743742342789,-99.19707050169275",battery drain,False
27Q3A1BE9I,9562409842,IIYPT,Android,False,WiFi,2025-04-10 09:50:32.933278,"-78.50990787164424,100.55880726531416",reboot,False
A84RS7ZKYV,0178593653,DLDIR,iOS,False,WiFi,2025-04-03 09:50:32.933293,"10.232143846855536,153.38828611681953",SIM switch,True
GJVNE9HP51,8925035514,MXVZF,Android,True,5G,2025-04-20 09:50:32.933307,"-24.431706637171672,34.7422436384353",battery drain,False
23QXNQWNBB,5777205520,ACPSI,iOS,True,WiFi,2025-03-29 09:50:32.933321,"3.346555825750343,107.66161254853318",reboot,True
CVTL1XDXDT,0617001827,GEBBY,iOS,True,WiFi,2025-03-31 09:50:32.933335,"-15.34547171722842,-146.80678844200827",reboot,False
72AY17902X,1972248284,PIYWH,iOS,True,LTE,2025-04-18 09:50:32.933350,"17.221511513010242,-90.36823888189868",battery drain,True
AI7SNSISNY,3449065915,XKFZL,Windows,False,LTE,2025-04-15 09:50:32.933364,"79.60385193435994,-158.76730138741416",reboot,False
0KH7RJVD0M,3039165722,MXJYM,Android,True,5G,2025-03-28 09:50:32.933380,"-53.05339873673143,174.09168917603887",reboot,False
6DT2FTMVHO,0731109487,ILBWN,iOS,False,WiFi,2025-04-12 09:50:32.933404,"-43.81371600737764,-40.2265309600177",battery drain,True
0BEQC508G4,4453989050,NUTCF,Windows,True,WiFi,2025-04-05 09:50:32.933424,"-28.607163149406887,15.58086940342099",battery drain,False
GJJ6Z9WZ86,7648143679,QQICZ,iOS,False,5G,2025-04-18 09:50:32.933439,"41.296413667363765,144.80608149811593",battery drain,False
1QJ3ONQSCZ,8381784004,PHCVD,Android,True,5G,2025-04-19 09:50:32.933454,"-29.266897001229978,88.7613996594464",SIM switch,False
D73DLAB6L0,2804997753,ZRCVE,Windows,True,LTE,2025-03-31 09:50:32.933468,"-57.981510447011566,149.73968336544038",reboot,True
NQX976M5UY,9606528128,LRNWF,Windows,False,5G,2025-04-07 09:50:32.933484,"21.72605402754003,-100.67632045208418",SIM switch,True
P0JF01H767,2715137488,XJPHG,Android,False,5G,2025-04-05 09:50:32.933499,"-32.49345009998412,-75.37844551419495",reboot,False
XGTPRUF4ON,1903538604,MYKME,Windows,True,5G,2025-04-08 09:50:32.933513,"-35.386480907854946,179.0467893556563",SIM switch,True
TO51EYBHQS,3307942649,JXFWH,iOS,False,5G,2025-04-18 09:50:32.933527,"58.75011841681996,-159.62387651724663",SIM switch,True
LUWDNPA75S,9724916414,SPCWD,iOS,True,LTE,2025-04-15 09:50:32.933541,"-43.34753117399887,-150.38578633862977",SIM switch,True
DDU33ML2Y4,0273633833,FRXAW,iOS,False,5G,2025-03-26 09:50:32.933556,"32.36258182206193,149.03996494059118",battery drain,True
0RONZFIYUC,2636252817,XMQJJ,Android,True,5G,2025-04-21 09:50:32.933570,"29.046886030947732,86.29814432394676",battery drain,False
EL287RRTDR,6453904508,OLRJK,Windows,False,5G,2025-04-08 09:50:32.933584,"55.96546748714292,-168.86507946137846",reboot,False
R8ZGDDMKZA,2150843606,ORPAO,Android,True,LTE,2025-04-20 09:50:32.933599,"71.78773099199455,-62.61855825098915",battery drain,False
HEM69KE9Y7,3505128943,CJTWD,Android,False,5G,2025-03-29 09:50:32.933613,"57.95007783589776,-126.69284936000369",reboot,False
URDAT0COMD,6694423886,VWUNC,iOS,True,LTE,2025-04-22 09:50:32.933627,"-41.49363738919205,140.199721395653",reboot,False
61XX230AT7,8642091744,THFSA,iOS,False,LTE,2025-03-26 09:50:32.933641,"-27.803706671523706,98.97534415318017",reboot,True
XKP3I6543B,0046862493,HKMCD,iOS,True,WiFi,2025-04-20 09:50:32.933656,"-3.545563166672295,33.11781843014779",reboot,False
Z5J0YWP6Y4,9171343177,BZVWT,Windows,True,5G,2025-04-21 09:50:32.933670,"36.99628575002055,-168.34325608780068",SIM switch,False
8AUAYX38CL,7298245505,PKUVK,iOS,False,LTE,2025-04-17 09:50:32.933685,"49.24013924972354,175.99392957249137",battery drain,True
UE7BFYPKVC,1090608206,IYURB,Android,True,LTE,2025-04-11 09:50:32.933700,"-56.57416181754211,-12.343194549190372",SIM switch,True
1F1KM7G1H9,0319752821,UDFGP,Android,False,LTE,2025-04-15 09:50:32.933715,"-20.648717300868597,-34.000274704699535",reboot,True
G6Y7RHJRU3,0069878104,SSGYH,iOS,False,WiFi,2025-04-04 09:50:32.933729,"79.39319793099594,-172.6505771641943",battery drain,True
A3SW2ZVKIO,8485101811,UXVRY,iOS,False,LTE,2025-04-06 09:50:32.933745,"-55.298197555698636,88.52812101321757",battery drain,False
SUGOMKVFIC,3630377316,XGYIE,iOS,False,WiFi,2025-04-02 09:50:32.933759,"87.52422061986698,-100.51658303032417",SIM switch,True
7C5CESL7TA,7036747000,OLFAO,iOS,False,LTE,2025-03-30 09:50:32.933773,"-29.309380984841255,-126.10800944055413",SIM switch,True
W7FO2BG9MJ,6939999176,FORUT,Android,True,LTE,2025-04-18 09:50:32.933788,"20.938532954228165,109.88231066649786",reboot,True
VUZUWMTHCQ,9477328251,WJWIO,Android,False,WiFi,2025-03-26 09:50:32.933802,"-72.36750647779887,108.91538256939157",battery drain,False
LAY5STU0J9,4702259815,DMFJK,Android,True,WiFi,2025-04-23 09:50:32.933816,"-58.86762047421951,-40.87090580042951",SIM switch,False
RH176KDTMW,2616951536,SCFVY,iOS,True,LTE,2025-04-14 09:50:32.933831,"-81.27944087887762,-96.20865692146496",SIM switch,True
F635TMQA1M,0636300288,JONYU,Windows,True,5G,2025-04-21 09:50:32.933845,"84.87048213402164,-48.648781684536374",SIM switch,False
GE2IRDMMVG,1328607993,LHTCO,Android,True,LTE,2025-03-29 09:50:32.933859,"-20.907662131507422,102.8902499291641",SIM switch,False
K5XG2YO5RE,3042542103,WRLAV,iOS,False,LTE,2025-03-26 09:50:32.933873,"-69.13956133719395,-32.507140710901865",SIM switch,True
VJVI8HB85O,7378215311,EFFPN,Android,True,LTE,2025-04-06 09:50:32.933888,"59.211413833261474,-68.66758320574391",SIM switch,True
BJ0LV7T1UO,5545741233,LCQXL,iOS,False,LTE,2025-04-13 09:50:32.933902,"56.06890643752365,80.9558748111964",reboot,False
ZFSVBZZ11O,9741351100,MRVRC,iOS,False,WiFi,2025-04-23 09:50:32.933916,"88.82458392989619,-74.37489411480018",battery drain,False
3BND7RTKEF,8036105112,BYMZK,Windows,False,WiFi,2025-04-01 09:50:32.933930,"70.80018287273978,177.68405776609558",SIM switch,False
Y2QR47LUE3,9003481892,WYTQH,Windows,True,5G,2025-04-08 09:50:32.933945,"-63.9160176737305,-2.3642338798632068",battery drain,True
V46ZEZG6F3,4133191275,LRDMT,Android,False,LTE,2025-04-02 09:50:32.933959,"-19.974052235984573,-80.88327485666929",reboot,True
5WCV728V0X,5050510062,DQIXE,iOS,True,LTE,2025-04-22 09:50:32.933974,"55.426768537879866,128.83015124818598",SIM switch,False
V5ZUW9V518,4428718172,EIOXV,Android,True,5G,2025-03-26 09:50:32.933988,"-40.35720696925797,-162.08441880671896",battery drain,False
YSX99A4EXH,9538013559,QKCOO,Android,False,LTE,2025-04-18 09:50:32.934002,"4.983892370768373,-93.98595398232075",battery drain,True
0LLOSL272M,4844957474,PBVAM,iOS,True,LTE,2025-03-27 09:50:32.934016,"-32.033521871835966,166.22173128522797",battery drain,False
VDZGSLKQ4K,1422355381,PUZNW,Android,False,LTE,2025-04-10 09:50:32.934031,"88.8017243180874,-6.967850134239654",reboot,False
8FFOQT4FR4,7482128828,MORAO,Windows,True,5G,2025-04-04 09:50:32.934045,"59.447766340522946,49.205619494867165",battery drain,True
0HF4N2E4IJ,6502218581,BKZJD,Android,False,LTE,2025-03-28 09:50:32.934059,"85.51758365013632,-103.44740373276571",SIM switch,False
70N5TKT1TN,2804859150,ZTNHD,iOS,False,LTE,2025-04-21 09:50:32.934074,"84.46956776047398,-113.71915401451142",battery drain,True
Y5XU9MGVOL,2718314454,WMKLN,iOS,True,WiFi,2025-04-18 09:50:32.934089,"-17.934954496648004,-92.26244951298263",reboot,True
1S4PX3HPTF,8282344235,DGAPM,iOS,True,WiFi,2025-04-09 09:50:32.934103,"-47.77195916381516,178.47629215824395",battery drain,False
LEBQ9GJRCV,3238330998,OBZYL,Android,False,WiFi,2025-04-01 09:50:32.934117,"-14.959509257423491,-132.57951042223928",SIM switch,False
DEOMTUO546,2737966206,KCHID,Windows,True,LTE,2025-04-17 09:50:32.934131,"-23.282945976505175,-75.01818894108347",battery drain,False
GJTUKKJ58D,6086555156,EYNLG,Android,False,WiFi,2025-03-30 09:50:32.934146,"-23.051444348412303,131.4153829960518",SIM switch,True
JX7YG7OY8A,6103430623,GEPYP,Android,False,5G,2025-04-05 09:50:32.934160,"-2.0681746750422434,-109.23719332945298",battery drain,False
FBF3ZEQO7X,7937761092,MHOKA,Android,False,WiFi,2025-04-04 09:50:32.934176,"-66.49978246981817,55.74731546490298",reboot,True
6L0PM554K9,5869991386,XPSGB,iOS,True,WiFi,2025-03-31 09:50:32.934190,"-60.35188068945821,-32.97019526731961",SIM switch,False
XUAZKDRI8X,2272907212,FGZKQ,Windows,False,5G,2025-04-12 09:50:32.934205,"65.16277029998446,-63.43781904532037",SIM switch,True
E8HR0ABJ14,2469333393,WHVHD,Android,False,WiFi,2025-04-12 09:50:32.934219,"-18.44696365900424,102.49535412573545",SIM switch,False
PN76VJHQ71,4058685210,HBQDZ,Android,False,5G,2025-04-18 09:50:32.934233,"69.68947259447134,0.6153500115896691",battery drain,False
67GI6M4O9U,3684329051,GFIZY,iOS,True,LTE,2025-04-13 09:50:32.934248,"48.83028319265344,141.62224773329757",SIM switch,False
60OJ0X4KOM,0231308179,JCBIQ,Android,True,LTE,2025-04-16 09:50:32.934262,"-77.64765410396564,157.56770349993633",SIM switch,True
WH87HK9N96,1565899011,GKRLV,iOS,True,WiFi,2025-03-31 09:50:32.934276,"-32.83739339458254,125.71413407955237",battery drain,False
MDJ58MUYXV,3150477490,EEONL,iOS,False,5G,2025-04-03 09:50:32.934291,"30.088513436546762,-77.94449467722318",reboot,True
3JI0FLKRVT,6310420984,XRSLH,iOS,True,WiFi,2025-04-02 09:50:32.934305,"-59.524620485463636,-164.5064205097526",SIM switch,True
ATD09ZDX1D,3639218653,DFYZP,iOS,True,5G,2025-04-11 09:50:32.934320,"-2.9809970015271574,92.12926464520609",SIM switch,True
M8MPDHCZMN,3042250831,GTPJZ,Android,False,LTE,2025-04-13 09:50:32.934334,"-36.60144079368253,172.7055077206502",reboot,True
ZSIVHFZZ1A,1889276969,XDLLU,Windows,True,WiFi,2025-03-26 09:50:32.934349,"72.3329862018436,-129.5384390621929",SIM switch,True
R5NSVYWS5W,6090436033,SSTFR,Windows,True,5G,2025-04-21 09:50:32.934363,"-0.701482295519412,85.55399596631526",battery drain,False
4KOFZ9NFUY,0518387970,MBTWN,Windows,False,5G,2025-04-18 09:50:32.934378,"44.03366467112912,114.80132975951352",battery drain,False
TID726WNZE,8055973281,BGSWT,iOS,False,LTE,2025-04-18 09:50:32.934392,"-64.02285127379541,-76.86686897416112",SIM switch,False
PCRN4HKK12,3628634750,GHUNW,iOS,True,5G,2025-03-26 09:50:32.934407,"26.51725979559582,-103.9681182115672",battery drain,True
18CDMRNXWR,3406499222,VEZVB,Android,False,LTE,2025-04-07 09:50:32.934421,"-31.38462527010232,114.4412086774434",SIM switch,False
4PSN20YL9X,1377174106,YBZPS,iOS,True,LTE,2025-04-16 09:50:32.934435,"79.66246450683661,-91.85872268956938",battery drain,False
N5PZYB9WVP,8075206253,OFXUW,Windows,True,5G,2025-03-28 09:50:32.934455,"-72.06729875671603,-6.702020857067339",battery drain,False
LF7FZKIYUU,4430663296,JLNMO,iOS,False,WiFi,2025-03-29 09:50:32.934480,"-54.171134127737766,166.32525174643177",battery drain,True
01O9QYA91E,2183299524,DUFAR,Windows,True,LTE,2025-03-31 09:50:32.934495,"-11.006974137078487,-91.84666485584508",SIM switch,False
53BJF9WQ60,7523356682,KGSGP,Windows,True,WiFi,2025-03-26 09:50:32.934509,"-1.5277593911686154,14.15783516058832",reboot,False
IT3W45GURC,5489476641,PXZQI,Windows,True,5G,2025-03-25 09:50:32.934523,"-35.33192809656558,98.1763694150747",battery drain,True
O3WWKZ8KDP,9609338374,GKKKL,Android,False,WiFi,2025-04-11 09:50:32.934538,"44.075749884721745,-111.63606305075943",battery drain,False
PK1G2NXZIS,5522668655,HICMS,Android,False,5G,2025-04-10 09:50:32.934552,"18.94784752537015,-7.85914403360016",battery drain,False
YH7HFKOD9U,0652553394,PCSLW,Android,True,WiFi,2025-04-11 09:50:32.934567,"-45.88192355690429,27.512718606983753",battery drain,True
IHROUQ44OQ,5113524251,QOLXB,Windows,True,5G,2025-04-04 09:50:32.934581,"-82.79694183514984,-51.94785550258504",battery drain,True
RN4TA8KRSW,0575930083,EMULG,Windows,True,5G,2025-04-04 09:50:32.934595,"48.14959650234863,-85.88006931899298",reboot,False
7MPY7OXYZ3,8618761337,YJQCA,Android,False,5G,2025-03-29 09:50:32.934609,"20.014709439395745,-10.23245176161052",battery drain,False
PG6OAQPS5R,4980203614,PMUGG,Windows,False,LTE,2025-04-17 09:50:32.934624,"-58.186220075664885,-125.75518513976195",reboot,True
N422PP3YLI,9521699307,KMXCH,Android,True,WiFi,2025-04-09 09:50:32.934638,"-32.539662306157055,82.30203675798703",battery drain,False
1ORUJ3LFCQ,1179238248,IZHXT,Android,False,WiFi,2025-03-30 09:50:32.934653,"-60.24634310985515,-173.723047451923",SIM switch,False
H87YJR3XZC,6608909899,XKDWJ,iOS,False,5G,2025-04-16 09:50:32.934667,"66.15318173588929,-35.41088989744932",battery drain,False
IIVJHHWWW9,4462715188,FDDHK,Windows,True,5G,2025-03-30 09:50:32.934682,"-25.091863313445998,-30.766100856076605",reboot,False
TNI3WACS7P,5038951479,WVLZD,Android,False,WiFi,2025-04-07 09:50:32.934696,"20.61650204775897,154.4195425531418",battery drain,False
4ORENC70D9,9043904170,FISFC,Windows,False,WiFi,2025-03-27 09:50:32.934710,"41.368574994391906,-96.49990049081653",battery drain,True
DNGQH4HAHO,5197062589,JAPOR,iOS,False,LTE,2025-04-17 09:50:32.934724,"-26.86550788967108,-130.607579367751",battery drain,True
ZZZKKOONKJ,1151368236,RHVLB,Windows,True,WiFi,2025-04-16 09:50:32.934738,"-53.253125071987014,-36.412684448381185",reboot,True
S06IW24Q2V,5020042681,UCTBR,Android,True,WiFi,2025-04-22 09:50:32.934753,"82.29374127175888,-124.79763525684822",SIM switch,False
J53HTEOFYK,0279017671,FEXZO,Windows,False,LTE,2025-04-19 09:50:32.934767,"33.489482126704814,-120.59104868410724",SIM switch,True
JGRCQQSG73,0408004632,FTACK,Windows,True,5G,2025-03-26 09:50:32.934782,"-32.907441944277764,-114.73200566015701",reboot,True
7PEAKXK57V,4918183533,HLZLT,Android,False,LTE,2025-03-26 09:50:32.934796,"29.042038398254647,78.6628465416976",reboot,False
784KV0QU3B,5789217380,MMGDR,Windows,True,LTE,2025-03-31 09:50:32.934809,"-52.05967071636265,116.87537499596857",SIM switch,True
82YO3OBIHA,5654841143,ARFEU,Android,True,5G,2025-04-03 09:50:32.934824,"62.666860736040974,126.34632701738872",reboot,False
1SYPLB3PSN,3505031364,TQIDY,Windows,True,LTE,2025-04-03 09:50:32.934838,"-53.69108597633062,123.07150172245963",reboot,False
L5J6803Q99,4933280909,PWVCH,Android,True,LTE,2025-04-23 09:50:32.934852,"9.979590775460963,-173.01228552284098",reboot,False
PYDYWIJWQC,5663643914,GMMEX,Windows,False,5G,2025-04-16 09:50:32.934866,"-13.32815691933375,68.11915057109326",reboot,False
Y41ZX30UYU,7316048014,CNFYP,Android,False,WiFi,2025-04-22 09:50:32.934881,"60.24042536043365,168.61863674489098",battery drain,True
HYZDUFA7U7,4292826922,FTRQG,iOS,False,LTE,2025-04-06 09:50:32.934896,"4.208458342666944,-25.614159874670946",SIM switch,False
EPM7JMUG4N,7769843645,PXTHZ,Windows,False,WiFi,2025-04-21 09:50:32.934910,"42.06063637891293,-161.3633985449738",reboot,True
BZ1X4BEIRT,2082916059,IJJZC,Windows,False,LTE,2025-04-14 09:50:32.934924,"40.63699637311916,77.6763665638793",reboot,False
WN4OX2WQ8C,3556370643,PNPNO,iOS,True,WiFi,2025-03-28 09:50:32.934938,"20.348865269506433,13.117254582635411",SIM switch,True
CW9RJ6H5PO,7833813292,TVKDM,Android,True,LTE,2025-04-01 09:50:32.934952,"62.69305918835008,99.8318177071697",reboot,False
BLJCW9BH1W,7512018114,QHYOX,Android,True,LTE,2025-04-01 09:50:32.934966,"-17.674131030116598,-154.00387392410408",battery drain,False
SCYNU7071A,4340899651,DRQBA,Android,False,LTE,2025-04-22 09:50:32.934980,"-43.95238196685563,31.41367533109309",reboot,False
CI0HG6O5XY,1549524266,GLMKO,Windows,False,5G,2025-04-21 09:50:32.934994,"2.8357347009772838,85.94910425018725",SIM switch,True
HYTMQHEDNU,0855812592,ERGEI,Windows,True,WiFi,2025-04-12 09:50:32.935008,"-43.466822325338946,-26.0030042360101",SIM switch,True
H0AG6BAZXW,9869376294,MVGYU,Windows,False,WiFi,2025-04-19 09:50:32.935023,"-71.6175651366241,62.88348538412737",battery drain,True
P579OTQP4F,0236935339,IHXZZ,iOS,False,LTE,2025-04-14 09:50:32.935037,"32.290907549151484,-53.94250815491398",battery drain,True
F3XD9STP4X,9347086471,RWRDF,Android,True,5G,2025-04-12 09:50:32.935051,"57.187538382742645,5.503034903485258",reboot,False
F2S1F76YOA,8930480052,ADFFU,Android,False,5G,2025-04-21 09:50:32.935065,"-44.26965698541546,97.67217605116724",battery drain,False
I4UIE4O7O6,8687938473,DKLQH,Android,False,5G,2025-04-10 09:50:32.935080,"22.381857066564066,12.971181814775349",battery drain,False
O0DU84QVJ2,3039748769,XWQIO,Windows,False,WiFi,2025-04-02 09:50:32.935094,"54.33029362121843,161.6307745235091",battery drain,False
MOX5HUMZRZ,0917546605,XWRTT,iOS,True,LTE,2025-04-13 09:50:32.935109,"21.50135940057507,-70.52443343433197",reboot,True
B14MUWV3MX,7563726846,WNDNI,iOS,True,LTE,2025-04-03 09:50:32.935123,"73.26080551907299,-85.17300972895967",reboot,False
T8R159WYJT,2695001193,CJNEN,Windows,True,WiFi,2025-04-01 09:50:32.935138,"52.586048525100864,-147.05114324899128",SIM switch,True
8B9CGHRMDL,4076804200,XJGCK,iOS,True,WiFi,2025-03-26 09:50:32.935153,"65.11819241763109,-146.8754814442177",SIM switch,True
RBT0QSS1KT,4200683020,UCBIK,Windows,True,5G,2025-04-17 09:50:32.935168,"39.0349765572054,108.4929501086641",battery drain,True
6SQ8P4EW0A,9650340884,NFSLO,Android,False,LTE,2025-03-26 09:50:32.935182,"-36.286494036033034,-125.90090434280339",SIM switch,True
JLVOYF04O8,8602527145,CNHEW,Windows,True,5G,2025-04-11 09:50:32.935196,"-8.163267513002594,-42.40190396335538",battery drain,False
65ZDOWQ7YR,0889876299,ZBFZY,iOS,True,WiFi,2025-04-05 09:50:32.935210,"-15.745487314685292,-31.316329662317088",SIM switch,True
OPA38BWN0X,7808577478,TGOGM,Windows,True,LTE,2025-03-27 09:50:32.935224,"83.8107516476176,71.09084847010084",battery drain,False
NVXLCUDFB1,6134855656,TUOCA,Android,False,WiFi,2025-04-23 09:50:32.935238,"-55.67555629081058,-152.61202301702085",SIM switch,True
RQ5OYEVPXB,1945977809,GTKTM,Windows,True,LTE,2025-04-12 09:50:32.935252,"-84.56286849461554,-115.3996378303236",SIM switch,False
GWFHPC8ZHS,5762045119,DUCVD,Android,False,WiFi,2025-04-09 09:50:32.935266,"-14.677390880236374,-138.74335252800972",SIM switch,False
TPACDHT8AB,5358649354,XWRLA,Windows,True,WiFi,2025-04-15 09:50:32.935280,"11.130908469072295,99.394661194413",reboot,False
3TU77MGUWL,0164550818,NFBAK,Android,False,5G,2025-04-13 09:50:32.935295,"-71.71083620129497,-34.28626433599689",SIM switch,True
0COB0GKDOJ,1546928019,OWCTK,iOS,True,5G,2025-04-08 09:50:32.935309,"20.680168314619905,6.360652314965421",reboot,True
ESJCO272ZZ,0809731856,RXLSD,iOS,False,WiFi,2025-04-21 09:50:32.935324,"-81.257907724,101.8962744469099",battery drain,True
U20Z36XFT6,2566983145,EPRAL,iOS,False,5G,2025-04-13 09:50:32.935338,"76.72199970535462,-166.93830947840178",battery drain,False
UMAQAGA381,4487398840,ERXIH,Windows,False,5G,2025-04-10 09:50:32.935354,"-42.23155935563781,-165.36097361753593",reboot,False
1LGEJQPEQ0,2075081594,FZMXS,Android,True,LTE,2025-04-17 09:50:32.935369,"-25.754698350822707,-89.28369079361732",SIM switch,False
MDYQQTZUG7,8657130937,AWTSS,Windows,False,LTE,2025-04-20 09:50:32.935383,"-10.863648354679412,-139.44832816603287",SIM switch,False
CNFHAVTXF4,2574320446,LIULW,Windows,True,LTE,2025-04-18 09:50:32.935397,"25.012690729016526,109.00418425058376",reboot,False
5SUJ8BPXDY,9540700897,HZNOE,Android,False,WiFi,2025-04-17 09:50:32.935411,"46.63595970259158,50.283265333901596",reboot,False
0ASVOQYS9D,4925486932,QWXXF,Android,True,5G,2025-04-18 09:50:32.935426,"-22.40008946886995,174.52271920553295",battery drain,False
LO03RBRNT9,2732345070,EGEAX,iOS,False,WiFi,2025-04-08 09:50:32.935440,"-66.6952547180044,-70.83499770776234",reboot,False
XDXR6I9863,3862016858,ATKCP,Android,True,5G,2025-03-31 09:50:32.935454,"-18.98940510870213,100.222319758357",SIM switch,True
8ZIKQT5IU0,8623425350,FJRKJ,iOS,True,WiFi,2025-03-26 09:50:32.935469,"47.48782577864466,59.47354125750971",SIM switch,True
V4IZRGB63G,7839520849,MHSGV,iOS,False,5G,2025-04-08 09:50:32.935483,"33.5791728100959,-168.96608191925748",SIM switch,True
UDVZDJP50D,9228071543,MTGGE,Windows,False,WiFi,2025-04-13 09:50:32.935498,"-34.058653266636824,-13.493667931646854",reboot,False
M0XGKC0FL9,3442090476,QJBMI,Windows,True,WiFi,2025-04-05 09:50:32.935523,"7.674432963296027,51.103031848786856",reboot,True
R1MY8L4QUC,0242641554,WTOFF,Windows,True,5G,2025-04-12 09:50:32.935541,"-66.3017662126442,-21.218845641416607",SIM switch,False
9VGG0CF49F,0124122679,YZQVQ,iOS,True,WiFi,2025-04-07 09:50:32.935557,"29.35039242676683,1.052227313108233",SIM switch,True
MP69WL1B1O,2782421422,IMQPT,iOS,False,LTE,2025-04-23 09:50:32.935571,"-85.52850137968493,-5.196200646611629",SIM switch,False
VZDA7T9VFR,9861295068,SLFAA,iOS,False,LTE,2025-04-15 09:50:32.935586,"35.0839178202734,10.076738045645698",battery drain,False
Z9F41T92UW,5919314439,GASAR,Windows,True,5G,2025-03-25 09:50:32.935600,"-82.08082765407906,-159.30042960301316",reboot,False
W8TKGL32SW,7383848737,ZVLXU,Android,False,5G,2025-03-25 09:50:32.935621,"84.42429226467158,174.6008599117443",reboot,True
C5RBASUESO,9546884184,DLLXZ,Android,False,5G,2025-03-25 09:50:32.935637,"-53.3754917160292,79.76036266680228",reboot,True
J20TJF6ITF,2064622613,QFKCM,Windows,True,WiFi,2025-04-17 09:50:32.935651,"60.06993036987612,-85.01713552686299",SIM switch,True
UAW1IHZ3LL,9141677606,CHSDK,Windows,True,WiFi,2025-04-14 09:50:32.935665,"-59.160011349389926,-56.052847862794636",SIM switch,True
Q5Q0BWMKH0,6537516722,XHVEK,Android,False,LTE,2025-04-05 09:50:32.935679,"-37.664041546209155,97.99245191885427",battery drain,True
US90E7QPFN,4232308964,EGLSG,iOS,False,5G,2025-04-13 09:50:32.935693,"-77.01487749672025,85.9389834337158",reboot,False
3BVV40ABNZ,7521135549,NOTYX,Windows,True,LTE,2025-04-15 09:50:32.935707,"76.57079880623644,-57.248738051099025",reboot,True
BXW1HOB2TV,7697891671,TAEAC,Android,False,5G,2025-03-28 09:50:32.935722,"-62.11778920339063,-127.96253152550634",reboot,False
ZM4F7Y9CSV,6263031354,LHZMP,iOS,False,LTE,2025-03-26 09:50:32.935736,"89.60189969673712,-78.72552878344995",battery drain,True
3A1HGNMS7L,9995977128,AQEEQ,iOS,False,WiFi,2025-04-10 09:50:32.935750,"-4.042951766285384,-49.01317027022992",SIM switch,False
TPZD8ZD8WG,2808679679,DKTUP,Windows,False,LTE,2025-04-22 09:50:32.935764,"60.86783659451254,-130.45134362294579",battery drain,False
DXTVQWSTYX,0696916927,CZZOB,iOS,True,LTE,2025-04-21 09:50:32.935786,"-7.967535179941876,-1.7105244085420281",SIM switch,True
8QJMUBDSZG,4251636937,ADLTP,Android,True,5G,2025-04-10 09:50:32.935800,"-17.581811979511244,-68.00203379711492",battery drain,True
GYHPHR1PP3,7976143223,VDZQJ,Windows,False,5G,2025-04-12 09:50:32.935814,"78.97777796428753,-170.71882125942832",reboot,True
JFE2KYHH89,8398233184,NLVWW,Windows,True,5G,2025-04-23 09:50:32.935829,"-65.78933283489212,-175.9512017903469",reboot,False
EZMMQFSGXW,2485110028,WUXJO,Android,True,LTE,2025-04-11 09:50:32.935844,"-19.32966863739908,128.1666175621769",battery drain,True
WDG5Z3SWW2,9110213237,SFMEL,Android,True,5G,2025-04-19 09:50:32.935858,"-89.19450330256512,-139.10876030311675",battery drain,False
FYIAI1TX7G,6289961729,UXORJ,iOS,True,5G,2025-04-20 09:50:32.935872,"-87.63080263042143,-39.68625933415893",battery drain,False
MYAK1D2OEW,2999846872,IZVYV,Android,True,WiFi,2025-03-31 09:50:32.935886,"5.550617682922095,-36.95964103078438",SIM switch,False
JRG31374HB,5161820353,HXRBK,Windows,False,5G,2025-03-30 09:50:32.935900,"75.94825417772225,38.71787069134626",reboot,False
QXUWIM47U5,7950174290,JSDKW,Windows,False,LTE,2025-03-28 09:50:32.935914,"80.78954407378328,-87.76321515061882",SIM switch,True
S2HE6VKAK0,1476762420,VXUYX,Android,True,WiFi,2025-04-12 09:50:32.935929,"78.72075926070335,-143.8486059561967",SIM switch,False
PCHBPMMQFL,6218016468,GBFGW,Windows,False,WiFi,2025-04-06 09:50:32.935943,"-66.9616358791611,-18.970651015671933",battery drain,True
4S9UXULTMN,9785117979,XHATM,Windows,False,LTE,2025-03-31 09:50:32.935958,"-59.905392838963444,-105.25156767102214",reboot,True
3GDQ09Q1RH,8683131668,OKKJM,Windows,False,WiFi,2025-03-30 09:50:32.935973,"80.33750085636808,-31.602900311405932",SIM switch,True
5U91FO568L,8291531285,SJFAR,iOS,False,LTE,2025-04-05 09:50:32.935987,"-83.04645968018464,148.11520812531353",reboot,True
WBS4BENG6A,8681218941,DVOYX,Windows,True,5G,2025-04-06 09:50:32.936001,"39.427116045445246,-43.58359842662608",SIM switch,False
SJUP3YHJWH,5588052331,QINDB,Windows,True,5G,2025-04-12 09:50:32.936015,"29.269322564180385,-60.148128980790645",SIM switch,False
CYJS62OEKY,3022619376,AZRYK,Windows,True,WiFi,2025-03-27 09:50:32.936029,"57.54947619880551,81.14470759103853",reboot,False
224OS7GLWB,7666774144,KHYUZ,iOS,True,5G,2025-04-03 09:50:32.936043,"-8.401534658649751,-124.45522748299494",SIM switch,True
6HAP5KJCWT,6979078679,HTSYA,Windows,True,WiFi,2025-04-11 09:50:32.936058,"86.5897024552039,28.259485857733154",SIM switch,False
8S865J98I2,7671732338,SFOXX,Android,False,5G,2025-04-16 09:50:32.936073,"-43.15344674979976,118.9994425292033",SIM switch,False
5LF560899E,9172800472,JRWYP,iOS,False,WiFi,2025-04-01 09:50:32.936087,"-81.87296712299106,75.73576782199353",battery drain,False
HSAW22K89F,0455955183,DMCLS,Android,False,LTE,2025-04-02 09:50:32.936101,"78.26288778774315,-36.49107980592959",reboot,False
I0JK0VLO88,9052072286,YCLJF,Android,True,WiFi,2025-04-23 09:50:32.936115,"-43.75440911732605,41.271393949196806",battery drain,True
8RBV4OLJ60,3245109778,LUQAU,Windows,True,5G,2025-04-04 09:50:32.936129,"-77.00786564128693,-47.178447226371105",reboot,False
WUWSQVV8DR,5013547904,BVLOD,iOS,True,LTE,2025-04-09 09:50:32.936144,"-23.806972610666605,59.072735289340244",battery drain,True
P5GKHSN3QP,9883176610,JFXZJ,Windows,True,WiFi,2025-04-19 09:50:32.936158,"24.311605306280313,-131.4698386943761",SIM switch,False
CKOMZXEZIX,6286520787,CAIOO,iOS,True,LTE,2025-04-17 09:50:32.936207,"-43.34672279783953,119.5329714424584",SIM switch,True
PQZIKF5D94,1712724388,LOAXV,Android,True,WiFi,2025-04-06 09:50:32.936227,"-1.7969880069608593,-58.70466301445475",reboot,True
X04PM9EREO,6751635556,URHJZ,Windows,True,LTE,2025-04-11 09:50:32.936241,"75.34727680799199,-139.04925529571707",SIM switch,False
YRE1SPLXCK,0507514275,IVZRF,Windows,False,WiFi,2025-03-27 09:50:32.936258,"10.121200049346683,117.20396372815327",reboot,False
3CPB4GPWF0,3836374305,RCMKC,iOS,False,LTE,2025-04-07 09:50:32.936281,"-54.289839470804836,50.870593800838094",reboot,False
VLU243GQYI,7646020645,VRAYF,Windows,True,LTE,2025-04-21 09:50:32.936305,"-66.03910171328872,111.61028743701434",SIM switch,True
P6B8YMLXDM,4681497939,YRRSZ,iOS,True,WiFi,2025-04-02 09:50:32.936322,"-78.28006797249729,57.12624880881816",reboot,False
AT0QQ5Q9BQ,5790660241,SMZPZ,Android,True,5G,2025-04-23 09:50:32.936336,"-58.304227926167705,-37.39002725913301",battery drain,False
81QBBZMEY3,0884983545,SYBUK,Windows,False,WiFi,2025-04-01 09:50:32.936353,"-55.07015995281556,148.58201166232027",SIM switch,True
VQXZ2M8N74,8197985902,XGQSA,Android,True,LTE,2025-04-11 09:50:32.936367,"-79.6386453834072,45.7817719354957",battery drain,True
2FS2VP2VHZ,8389695155,ABHVZ,Windows,True,WiFi,2025-04-13 09:50:32.936382,"-4.816039980833381,-70.17626828901606",reboot,True
Q7GXD3QOT0,1150814850,VUJNR,Windows,False,5G,2025-03-27 09:50:32.936396,"-77.51452910120395,-124.68626006998329",SIM switch,False
DDC6D62D80,8285276663,DUJVT,iOS,False,WiFi,2025-04-06 09:50:32.936410,"-27.00295506050044,172.00481598559662",reboot,True
UY476EU6OI,6974891091,HMKGF,Android,True,LTE,2025-04-12 09:50:32.936425,"-24.81236244424194,-121.16913795038144",SIM switch,False
UH44S5ZRFU,1312996984,EBATX,Android,False,WiFi,2025-03-26 09:50:32.936440,"-89.78494705997586,-161.76794884058887",battery drain,False
XRCK2QUI60,3587745347,DYOMS,Windows,True,WiFi,2025-04-09 09:50:32.936454,"56.35068383450047,99.00668954324021",battery drain,True
1JZW4M3TO9,2408779073,PNIOC,Android,True,5G,2025-04-23 09:50:32.936469,"32.66772456024496,73.17080232662394",reboot,False
AA3G9T7F9L,7155225643,EGFRH,Android,True,LTE,2025-04-07 09:50:32.936483,"60.84379314623044,170.59503079042588",reboot,False
NFLH6J46V5,5423146417,IZYOQ,iOS,False,LTE,2025-04-05 09:50:32.936497,"-32.3756379015369,163.10047887285498",battery drain,False
YJN84UL74X,5956733774,KZUIY,iOS,True,LTE,2025-04-20 09:50:32.936512,"-89.52536715596204,6.5201116276658695",battery drain,False
I523BO6VD0,7409129891,XSRPM,Android,True,5G,2025-04-04 09:50:32.936526,"-63.86308668955349,-14.952395091616665",reboot,True
NH6DQWOXWM,9850470026,HQRKH,Windows,False,5G,2025-04-01 09:50:32.936541,"69.67649061530261,-161.5110102252818",battery drain,False
OET5C77BJB,3400577922,LPTKQ,iOS,False,5G,2025-04-15 09:50:32.936554,"-43.32115554450351,-11.37746485558651",SIM switch,False
VR2A4XBJ1Y,7928881365,WSRUU,Windows,True,5G,2025-04-21 09:50:32.936569,"-67.42173564979022,24.253033571232834",battery drain,True
RAFETK4ZPK,8168952319,ULFQN,Android,False,5G,2025-04-11 09:50:32.936584,"-5.230735088823607,45.52208911802887",reboot,False
1Z164QLOL5,0475052484,BLSGL,Windows,False,LTE,2025-03-27 09:50:32.936597,"54.22362966506097,-177.20364177655557",SIM switch,False
IT65Q5TEI4,0294477331,MGKQP,Windows,False,WiFi,2025-04-15 09:50:32.936611,"71.04943416165744,14.365462000081209",battery drain,True
A0JRZ25ZCK,1783668076,EJGWR,Windows,True,WiFi,2025-04-11 09:50:32.936625,"14.529868798238255,-0.3712906093701349",battery drain,False
QUNPVKSR4U,0950579677,KKOSJ,Windows,True,LTE,2025-03-28 09:50:32.936647,"60.97954431073995,101.00346406485306",reboot,False
DS2Q9EWZTZ,5949233893,SMBUK,iOS,False,5G,2025-03-27 09:50:32.936671,"26.94590802004801,98.09829939937634",reboot,True
CSGPECJ4Z3,2568984025,XWSKG,Android,False,5G,2025-03-25 09:50:32.936687,"9.630740059552181,175.64335674083293",reboot,True
5WCZFFPKHL,6976798183,YSRFO,iOS,False,5G,2025-04-19 09:50:32.936702,"-80.42387331572294,35.33226842561416",reboot,False
ACMPI54JLK,5997275139,LTXWB,Android,True,LTE,2025-04-21 09:50:32.936716,"-75.12968952845287,-145.91173310535197",reboot,True
0REFZKH9QB,9514540204,SJNPX,iOS,True,WiFi,2025-04-23 09:50:32.936730,"-69.09942995501922,-53.518554560357",battery drain,True
89I9390L8A,7977936873,RBTHE,Windows,False,5G,2025-04-04 09:50:32.936745,"-71.7876262351193,-101.54073094298936",SIM switch,False
BTKDAZ1F0P,3131428234,BDWZJ,iOS,False,5G,2025-04-14 09:50:32.936759,"-71.88754410237271,109.17340835987466",reboot,True
2G885UV88Q,7740183224,NDSOV,Windows,True,LTE,2025-04-10 09:50:32.936773,"-51.047667016380416,-19.58743982215381",SIM switch,False
4PHM9MDGTA,4299659458,TSYRM,iOS,True,LTE,2025-04-18 09:50:32.936787,"-2.5850128990606294,-42.122982476296556",SIM switch,True
FLULLGAB09,4553797645,MUAIB,iOS,False,5G,2025-03-31 09:50:32.936802,"-85.87104930098663,18.155021918752595",reboot,False
Q7HQ85KGGA,4942288421,FISNL,iOS,False,LTE,2025-04-13 09:50:32.936816,"-43.40264477546602,102.49603125286166",battery drain,True
AUXGQ252O3,7326350686,JHHVO,Android,True,LTE,2025-04-05 09:50:32.936832,"-58.23521784546686,103.16948391873115",reboot,True
GDTQYLRU04,0049155086,RRGDQ,iOS,True,LTE,2025-04-17 09:50:32.936846,"12.57177014832439,87.99731727396028",battery drain,False
BBMHJ5D1BV,3487007918,DCPLN,iOS,True,WiFi,2025-04-14 09:50:32.936860,"-30.80732224587217,-79.31023772864668",reboot,True
CJ3JQVHRWU,7493385482,WSKPP,Android,False,WiFi,2025-04-19 09:50:32.936875,"-67.76877061249067,-59.710245557041546",battery drain,False
JHUUAT47LF,2298635009,KBBOC,iOS,False,LTE,2025-03-29 09:50:32.936889,"59.752760232291905,-24.12744977436347",battery drain,False
T87Z25535F,2064884800,CCOIK,Android,True,5G,2025-04-13 09:50:32.936903,"-87.49556498401589,26.71402305923172",reboot,True
F4MUT79S95,9417343046,XCVNL,Android,True,5G,2025-04-06 09:50:32.936917,"41.54416221694828,-114.18591870656107",SIM switch,False
001MIDBIEM,4161245922,YCQSS,Windows,False,5G,2025-04-17 09:50:32.936931,"-46.22348751804295,-127.1304799828956",battery drain,False
98IG4NKHUL,7030778322,TYFXZ,Android,True,WiFi,2025-04-20 09:50:32.936945,"9.131431408896034,31.25955663219537",battery drain,False
YJDLXFMGQK,7616938041,BDHDS,Windows,True,WiFi,2025-04-22 09:50:32.936959,"-47.324380389003075,-48.80286072479328",battery drain,True
1HDIGNE7Q4,6762767861,QOPGX,Windows,True,5G,2025-04-01 09:50:32.936973,"-12.471555584156533,-98.46813075999007",reboot,False
JMGQUERN4J,6416627266,TBKPF,iOS,True,LTE,2025-04-14 09:50:32.936987,"-13.64948470495274,115.16756876357846",SIM switch,True
QMMXVBE835,9653976192,KRQVE,iOS,False,WiFi,2025-04-11 09:50:32.937001,"-12.073256190059269,12.564667706619161",SIM switch,False
7PNB68KM38,3912442284,PYJHU,iOS,True,5G,2025-04-23 09:50:32.937016,"49.976449170291914,106.52711497556777",SIM switch,True
8PB24Q04BZ,2133673387,PJKDB,Windows,False,LTE,2025-04-22 09:50:32.937030,"19.279855021992134,-144.37168504478754",SIM switch,True
BC69HEA6VO,5842431075,DNNFU,iOS,True,LTE,2025-03-29 09:50:32.937045,"51.844805058933446,-86.49881482257261",reboot,True
5PG4O4RZSW,8080739111,OXGZS,Android,True,5G,2025-04-05 09:50:32.937059,"26.43042562353193,-30.998571014020058",SIM switch,False
DRP1V4HR2D,7801536166,GWQFB,Windows,True,LTE,2025-03-30 09:50:32.937074,"-86.05045764143522,133.52152777893156",reboot,False
5WL4UV4XCE,1881662456,YDOAS,Windows,False,LTE,2025-04-04 09:50:32.937088,"59.743753866270254,35.10866379159265",reboot,False
73PSKPIGT7,1293331160,OLGCL,Windows,False,LTE,2025-04-14 09:50:32.937102,"48.89026592449687,137.09359592317827",SIM switch,False
520ZMU8JJY,9745911649,VRVJN,Android,False,LTE,2025-04-19 09:50:32.937116,"77.3617783624046,-96.70370794064493",SIM switch,True
829QGMUJUN,5382991197,HPGNE,iOS,False,LTE,2025-03-29 09:50:32.937131,"26.81132247873893,92.40661723830215",battery drain,True
MOTU1WQP1Y,6943850283,YFBBO,Android,True,WiFi,2025-04-23 09:50:32.937145,"3.2787889627804248,-13.727972722582479",reboot,True
V1X9XMT8KT,6182059961,ETIYL,Android,False,LTE,2025-03-30 09:50:32.937160,"31.58517273180003,-115.18812638699214",SIM switch,True
YMNKRCHM0D,8725657403,SOMMN,Android,False,5G,2025-04-22 09:50:32.937174,"88.96032987934879,-124.05227529082623",battery drain,True
AWV2Q990IA,5453067251,EZIKE,Android,False,WiFi,2025-04-05 09:50:32.937188,"-52.57706470299098,-86.02106267622288",reboot,True
2NVR3R2Y5J,1360877413,MMUFX,Android,True,WiFi,2025-03-28 09:50:32.937202,"30.059802692770987,-98.52161687451297",reboot,True
4GC06MBRPC,9704564100,KYBHM,Android,False,WiFi,2025-03-30 09:50:32.937217,"20.52207016938985,-5.143298935049245",reboot,False
OPFRGUPER3,1814023024,OJKUS,iOS,False,LTE,2025-04-04 09:50:32.937231,"-14.062666227192551,66.27515271971825",battery drain,False
NIZ23C984J,5151987650,IYYBG,Android,False,LTE,2025-03-26 09:50:32.937245,"-0.22439727711990543,-98.21442885675845",battery drain,False
XRIZX4O44R,4276461912,FGLVD,iOS,False,WiFi,2025-04-05 09:50:32.937260,"-15.10615206709835,-110.31848674938976",reboot,False
6PB05TSHX6,1169433317,XJMHT,Windows,False,LTE,2025-04-05 09:50:32.937274,"71.97071104641972,-28.080753055277683",SIM switch,True
0S0NTJDG20,9444545505,WXESP,iOS,False,LTE,2025-03-27 09:50:32.937289,"-68.90347580234982,178.9919229216638",battery drain,True
PWBMACOE1E,4649222088,QZRRG,Android,False,LTE,2025-04-16 09:50:32.937304,"-34.282123575271804,-41.833533846295296",reboot,True
KUUPIH3NWR,2250221792,FXFYK,iOS,False,WiFi,2025-04-12 09:50:32.937319,"-9.891512219658281,19.856656606623943",reboot,False
WZ3GNGKJLY,3123865987,YMMVM,iOS,True,WiFi,2025-03-25 09:50:32.937333,"-48.093960228543615,-109.29256231027503",reboot,False
WI8H28KDKR,4343242875,CEGDL,iOS,False,5G,2025-04-05 09:50:32.937348,"77.9207678557448,60.48410941911524",reboot,True
0QJ4TZG99V,3642242770,AERDF,iOS,True,5G,2025-04-07 09:50:32.937362,"-50.62943531657723,-96.2310511939216",battery drain,True
E33YIUYTFJ,7709881495,ZZJRM,iOS,True,5G,2025-04-01 09:50:32.937376,"-56.15658681572724,104.3240203756597",battery drain,False
PB6A98F6CN,6059128370,UHBGE,Windows,False,WiFi,2025-04-22 09:50:32.937390,"-69.36908978408975,107.78408833328592",reboot,False
5TZJRQO2HU,2834274215,MBUEB,Windows,False,5G,2025-04-22 09:50:32.937404,"-83.6352717560424,64.23740200452266",reboot,True
JQ8H1I35SV,0239735494,ZVYHH,iOS,False,5G,2025-04-23 09:50:32.937418,"-23.46722796223942,167.34400564105374",SIM switch,False
TKQ5LZNK4S,3180750323,AZCRD,Windows,False,WiFi,2025-03-29 09:50:32.937433,"-16.25920424770868,77.27853063998117",SIM switch,True
AF13DAYMYT,3904866561,MOTUC,Android,True,WiFi,2025-04-12 09:50:32.937448,"39.82641644264993,82.6360184324846",SIM switch,False
5HVNHJUQ31,0558210881,FBFPZ,iOS,False,WiFi,2025-04-04 09:50:32.937462,"22.10465744662848,-95.09234811377627",battery drain,True
PDR23B7KSI,2196363495,ECVNF,Windows,True,5G,2025-04-17 09:50:32.937478,"17.408524440420123,-19.014757124287",SIM switch,True
2FYGT56W3H,4122238565,LNZYL,Windows,False,LTE,2025-04-09 09:50:32.937493,"-34.25910645252845,-23.171441807203593",SIM switch,True
NPSD60SKKU,0758589612,ZAANG,Android,True,5G,2025-04-07 09:50:32.937507,"-20.334890657652423,109.02664217377895",reboot,True
G3UQMAUHZR,7613578111,UESWM,iOS,True,LTE,2025-04-07 09:50:32.937522,"81.30228524969223,124.04317289591728",reboot,True
2BJ7JZM5LT,5330874099,PLUIE,Windows,False,WiFi,2025-04-18 09:50:32.937537,"-10.942039096909525,67.49291898928291",SIM switch,False
PMRY75XMM1,2162963816,PFOMF,Windows,True,LTE,2025-04-06 09:50:32.937551,"79.74883200933843,134.08854802137478",SIM switch,False
H6HZD7HWKN,2709288239,ENVQM,Android,False,5G,2025-04-05 09:50:32.937565,"23.524711643455078,53.751839199067405",SIM switch,True
SZGDXZX6OS,5699905989,QXKAQ,Windows,True,LTE,2025-03-29 09:50:32.937580,"-29.915958999274885,95.12652255555173",battery drain,True
QRHHAX5HI6,8015092409,DOKRB,Windows,True,LTE,2025-04-03 09:50:32.937594,"38.04514169465767,-169.16265434345328",battery drain,True
CN828SPL0W,2025644146,DXXGK,Windows,False,WiFi,2025-04-10 09:50:32.937609,"44.0588966324012,100.84752838233214",battery drain,True
B7J93VXRJZ,6634485310,XVBOK,iOS,False,WiFi,2025-04-04 09:50:32.937623,"25.71812580384868,99.76381418052347",SIM switch,True
P94DRI6XXC,6669414302,RAKHZ,iOS,True,WiFi,2025-04-06 09:50:32.937637,"-84.69436028480582,-99.48227527082742",reboot,False
4AQ8COO7GF,8393129463,ZMCCD,Android,True,WiFi,2025-04-04 09:50:32.937651,"84.66442368345372,135.24382954775444",battery drain,True
XBHU098QCO,2124367893,LELPN,Windows,True,5G,2025-04-17 09:50:32.937665,"13.4611939402686,-109.26555382542531",battery drain,True
JOCI4OTF6J,7722865038,CBLXS,Android,True,5G,2025-04-12 09:50:32.937679,"59.144073337690486,11.552203363832632",reboot,False
X321W3E9CB,4217687103,AVSNY,Windows,True,LTE,2025-04-12 09:50:32.937694,"83.8524603484222,171.09341953425036",SIM switch,False
S71U2FBEAP,8334410092,DDNSQ,Android,False,WiFi,2025-04-06 09:50:32.937711,"86.43659399645671,-118.76240849901919",battery drain,True
PMRMQQX2OI,1593555018,APQHW,Android,False,5G,2025-04-05 09:50:32.937737,"8.716398359028247,144.68671463830793",SIM switch,True
HNL56UGWXG,7519034690,WTKDA,Android,True,WiFi,2025-04-08 09:50:32.937755,"88.18756566113166,0.46303792662652654",battery drain,False
VGG69IIU4J,6389054466,ILNUP,iOS,True,WiFi,2025-04-22 09:50:32.937770,"30.008332502278677,-174.62793260188266",SIM switch,False
H0YQK5Y2DG,2628260413,LNQWD,Android,True,5G,2025-04-12 09:50:32.937785,"-64.37595387349322,60.29428423848921",reboot,True
V747AR36L2,4372765269,TNOSU,iOS,True,WiFi,2025-04-07 09:50:32.937799,"82.26900277115021,-127.31943161358288",SIM switch,True
5SCHGNKR2H,4160395262,UXCDD,Android,False,LTE,2025-04-21 09:50:32.937813,"57.51778768810502,52.69178850910987",battery drain,True
6GVE8ARBCH,0577457228,WSRDL,iOS,False,5G,2025-04-16 09:50:32.937827,"24.988157041240726,-2.3955097460801653",SIM switch,True
TYPQ8DS3RN,4834621025,RBJSX,iOS,True,5G,2025-04-15 09:50:32.937842,"-11.580869871660468,-20.42153115903173",reboot,False
GTGRWRYTQ5,0491288897,PKMWF,Windows,True,5G,2025-04-11 09:50:32.937855,"77.87745226275172,-149.28832582414174",SIM switch,True
MMN4H8SDQY,0698384273,SXFKQ,Windows,False,5G,2025-04-06 09:50:32.937870,"1.897445565062597,-1.7637745671568439",battery drain,True
LY4C13R1DE,8697022882,UQMXA,iOS,True,5G,2025-04-04 09:50:32.937885,"-84.69523119427905,177.26507482576073",reboot,False
1PQ56GK9TC,5163184236,CQTKY,iOS,False,WiFi,2025-04-23 09:50:32.937899,"-85.77396331551408,6.041669379126461",reboot,True
S3G48UFIS4,7910481404,QHAVJ,Android,False,5G,2025-03-25 09:50:32.937913,"-59.00245272814708,-18.187725883293666",battery drain,False
HZQY4YN67S,8136842174,DIXNS,iOS,True,5G,2025-04-07 09:50:32.937927,"-22.820671248830877,-59.93001430928544",battery drain,False
6U0BRX4MEK,8321636762,TCPAM,iOS,True,5G,2025-04-04 09:50:32.937941,"-7.342208986249489,164.97854064649147",battery drain,True
TWMXDZZTLJ,8298255820,XXGHB,iOS,False,LTE,2025-03-27 09:50:32.937956,"-65.58833248074045,58.615526975494134",battery drain,False
URH3RZ4K4X,7544697968,GPFWW,iOS,True,LTE,2025-04-06 09:50:32.937970,"-0.8711981634367305,-41.52477703667259",SIM switch,True
ZKHHSR3ZWS,4386162207,MSEJE,iOS,False,WiFi,2025-04-13 09:50:32.937984,"72.17409094279196,126.87869593422317",reboot,True
BD3LKPH0TX,0844646235,IMQEE,iOS,False,LTE,2025-04-08 09:50:32.937999,"-4.958508228375706,136.50992820511073",battery drain,False
KA3FBOVU6I,1241612305,NNGXP,Windows,False,LTE,2025-04-17 09:50:32.938014,"-88.30004967840021,-117.37974958226077",battery drain,False
07YYERAT55,6148491824,EAZSJ,Windows,False,5G,2025-04-16 09:50:32.938028,"-83.32703489461139,-70.89209891705643",SIM switch,True
05MA6Z6K9Z,0362260798,VFSMA,Windows,True,LTE,2025-03-28 09:50:32.938043,"10.106690884261624,38.53079779446554",SIM switch,False
OGLP1C4C70,2462767125,PWFOS,Android,False,WiFi,2025-04-11 09:50:32.938057,"4.863790611030211,127.10777161226343",reboot,False
J1798L2SJH,2293466332,BVTRR,Android,False,5G,2025-04-17 09:50:32.938072,"-59.993421435095684,-77.10745477293594",reboot,True
MN2NS73TJS,4234570750,BHLBA,iOS,True,WiFi,2025-04-13 09:50:32.938086,"-23.047603180254313,-175.19946726632259",battery drain,False
OO3WZATXSY,9260211357,RZVTN,Windows,True,LTE,2025-04-10 09:50:32.938100,"67.52979137242701,114.38551367521029",battery drain,True
XYZKVEH4K0,9422693193,UHPSU,Android,False,WiFi,2025-04-04 09:50:32.938128,"-34.219669959505126,-154.2118078642297",battery drain,False
SB8UI999UN,0103270573,NMSME,Windows,True,5G,2025-04-17 09:50:32.938143,"-25.549505410637693,35.35236986352939",battery drain,True
XS9NNVYSA5,8044710606,DZJAW,iOS,False,5G,2025-04-02 09:50:32.938157,"67.89025273322662,11.772876167099383",reboot,False
ECRK1DXZ52,8657281788,GMTOH,Windows,True,LTE,2025-04-18 09:50:32.938172,"-39.9427423278091,-89.30774659280576",battery drain,True
1XUCKHRZRL,9434306436,UYVRR,iOS,True,LTE,2025-03-30 09:50:32.938187,"38.102330636998715,-122.81192235554346",reboot,True
8GP3M026HP,1780744387,XTIQY,Windows,True,WiFi,2025-04-08 09:50:32.938202,"-70.49343877438203,-139.9499683659978",SIM switch,True
7NW92RWQQ1,7627252925,WTGPM,iOS,True,5G,2025-04-04 09:50:32.938215,"2.968053490334583,8.845343540393458",SIM switch,False
TRQHZRAB66,3557711249,AMGAZ,Android,True,WiFi,2025-03-27 09:50:32.938230,"-72.47097367996429,-114.9825563933169",battery drain,False
QH3XBAA8GQ,4651761513,REVFA,iOS,True,5G,2025-03-29 09:50:32.938251,"68.38022445573239,-64.19487841706949",SIM switch,True
TTCPJZZ0VV,0676351162,WECRG,iOS,True,WiFi,2025-03-25 09:50:32.938266,"-4.248888552193819,-149.87342438332436",SIM switch,False
4GMMWGAK0Z,8196197010,RYTQJ,Android,True,5G,2025-04-13 09:50:32.938280,"18.59861368418366,148.4415427798006",SIM switch,False
2GQKAJTQ0F,6098401647,ZBNDG,iOS,False,WiFi,2025-04-18 09:50:32.938294,"89.86443773339445,63.52373612791254",reboot,True
V0Z3O5IJ5E,5212582679,ILKZR,Windows,True,5G,2025-04-06 09:50:32.938308,"48.48199848211655,12.519587426014283",reboot,True
NQWLRJODVU,0069687351,XGDES,Android,False,WiFi,2025-04-04 09:50:32.938323,"1.0586333006255444,-110.94272963313063",reboot,True
3MTKJZPN9Y,3660582412,NIFAJ,iOS,False,LTE,2025-04-08 09:50:32.938338,"-8.869962907794886,85.60565165551753",SIM switch,True
J9MFZ93C13,2009706375,XMFJC,Android,True,WiFi,2025-03-27 09:50:32.938352,"-77.69047616256157,-179.2477043198758",SIM switch,False
0PCRX0E7QN,8916431451,DACRC,Windows,False,WiFi,2025-04-14 09:50:32.938366,"28.795939420969304,-132.6129268009104",battery drain,True
PMRASBCGNK,1941622665,MBNIC,Windows,False,LTE,2025-04-06 09:50:32.938380,"14.542654476487144,27.446962839683607",battery drain,True
2XL3WI6Y4E,2580716470,BXCPM,Android,True,LTE,2025-04-21 09:50:32.938394,"50.79761922079766,128.77061652952563",battery drain,False
97JCXNO290,9549657998,FPEDJ,Windows,False,5G,2025-03-30 09:50:32.938408,"-39.00442631897783,-146.32502315324086",SIM switch,True
62632ZJ3G9,5146254568,XUOPH,Android,False,5G,2025-03-28 09:50:32.938423,"-19.77944949745698,-146.7638229452601",SIM switch,False
BZPDIIJJ2I,6062311894,UYQZC,Android,False,LTE,2025-03-26 09:50:32.938437,"83.81561604322377,135.46637594097137",reboot,False
RK46OWICVZ,1626025112,YOENI,Windows,True,LTE,2025-04-19 09:50:32.938451,"-29.474774043416488,-56.69693777866665",reboot,False
01IILAGNFJ,1434998626,GIZAW,iOS,False,WiFi,2025-04-04 09:50:32.938466,"69.27972006226094,-84.99526208288738",SIM switch,True
VHI72PAWGC,2821791410,KLVOQ,iOS,False,WiFi,2025-04-11 09:50:32.938481,"-30.72863383414915,176.58061667458787",reboot,True
5JJF7X9ZUQ,2115614212,ZCCJU,Windows,False,5G,2025-04-01 09:50:32.938496,"59.74674873667732,-123.98079260469319",reboot,False
38JAS8BOL2,5287889814,BVEWN,iOS,True,WiFi,2025-04-22 09:50:32.938510,"22.02658203876392,94.98008020134546",reboot,True
KET4Q12319,4109170639,MGKYI,Windows,False,WiFi,2025-04-11 09:50:32.938524,"-7.826976285965216,-6.2353114901893605",reboot,False
LMCYT7IURX,0741092783,HJONG,Android,False,WiFi,2025-04-15 09:50:32.938538,"48.93423901973233,127.27814848476919",battery drain,False
RE4SD2NWA7,2294897106,JYVGN,Android,True,LTE,2025-04-05 09:50:32.938552,"-13.054718812305907,-84.7725170957021",battery drain,False
RZTQQ8YINH,3163603700,JRGCC,Android,True,5G,2025-04-10 09:50:32.938567,"41.109746660078684,5.735331242422376",battery drain,True
0LBV1UGKPR,9257682115,XFQDO,Android,True,5G,2025-04-19 09:50:32.938582,"-89.12091121688424,151.52897982982802",SIM switch,False
YIVDUZYKHI,5009204496,RIDOS,Windows,True,WiFi,2025-04-06 09:50:32.938595,"-7.72354367048375,94.59719355132364",SIM switch,True
HNMC1WVF9Y,5739339355,CCZTB,iOS,False,WiFi,2025-04-13 09:50:32.938609,"-24.603380349792474,100.38122683478622",reboot,False
JO5R8HYF32,3687071185,BBPQF,Windows,True,LTE,2025-03-31 09:50:32.938624,"0.6052478011341833,-140.9581735733907",reboot,False
TK8WM5AXXE,0707730096,KLARV,Windows,False,WiFi,2025-04-15 09:50:32.938639,"-83.75285256861424,62.89763696292522",battery drain,True
3BTSQNT6UC,8425343528,GDNPK,Windows,True,LTE,2025-04-03 09:50:32.938653,"-76.93800371875176,4.568922089284484",SIM switch,False
2YJCCI6RH1,9716629500,BPEKR,Android,False,LTE,2025-03-31 09:50:32.938667,"-26.201991133733692,86.73375297284275",SIM switch,True
7OA585UTWW,4614691231,QVMLS,Android,True,5G,2025-04-23 09:50:32.938682,"58.05917113031967,-113.65496402733297",battery drain,False
YZV2AS94Z7,8125434452,MIEXF,Android,False,WiFi,2025-03-27 09:50:32.938695,"76.83499319615183,-122.92401167013253",reboot,True
WVTT9REEBI,6902337114,ONXWH,Android,False,5G,2025-03-31 09:50:32.938711,"-50.05818810738569,157.15239283150834",reboot,False
YLAORZUZGS,2271939243,RMRQD,Windows,True,5G,2025-04-05 09:50:32.938725,"58.3999403754743,77.36111654994727",reboot,False
QRDUWONLXQ,8087996426,XHIGL,iOS,True,5G,2025-04-03 09:50:32.938739,"47.12856843518529,179.35764192782716",reboot,True
3GTFLN248L,3849801359,XTAQE,Android,True,5G,2025-04-23 09:50:32.938753,"18.736809819233656,166.71525078848055",reboot,True
D631WGRUNG,0781898122,OESGS,Windows,True,5G,2025-04-07 09:50:32.938769,"52.67825213663218,-126.45405087073951",SIM switch,False
OX4NHSBQX0,3501510716,JJIQK,Windows,False,WiFi,2025-03-31 09:50:32.938794,"-34.119901041010905,156.44771917157897",battery drain,False
PCXMXKEMG7,6613529395,GPGXN,Windows,False,LTE,2025-04-11 09:50:32.938815,"-71.57252535249611,-103.20427300643878",SIM switch,True
CWVT7ICPT2,4489803101,LRLPE,Windows,False,5G,2025-04-10 09:50:32.938830,"76.18989083911214,-31.90122908004392",battery drain,True
2D1BGXYZEL,5574840715,TTHPO,iOS,True,5G,2025-04-09 09:50:32.938844,"-81.59714812916556,-134.70741173457446",SIM switch,True
WRA6F1ULCU,5383306846,CNCPQ,iOS,False,WiFi,2025-04-21 09:50:32.938859,"-59.24676834621833,127.85074084838749",reboot,False
BK6DXC68M8,3053607288,RTZWH,iOS,True,LTE,2025-03-31 09:50:32.938872,"-46.87855412983289,16.525839032030547",battery drain,True
JVJ2MS22NA,5576930608,ODXKR,iOS,True,WiFi,2025-04-06 09:50:32.938887,"20.829676822646974,-114.81416493564215",SIM switch,True
ZRP76OHR1B,5271162387,ACEMF,Android,True,5G,2025-04-11 09:50:32.938901,"75.4301500143331,48.113692359591255",battery drain,False
G7J4SNQHT0,7584957223,XLVHT,Android,True,LTE,2025-03-31 09:50:32.938916,"87.9340335047549,-109.42732451339197",SIM switch,True
BWT87194V7,2233021282,KDMTI,Android,False,WiFi,2025-04-18 09:50:32.938930,"-72.95892763457377,-4.49118233931884",reboot,True
YNJ1KF6PWE,5491821366,JGUTE,iOS,False,5G,2025-04-11 09:50:32.938945,"-58.25777835622317,49.02683258244693",SIM switch,False
T396UAJP1V,0435334632,AWUQV,Android,True,LTE,2025-04-07 09:50:32.938960,"-47.83088842896207,-120.37357867986825",reboot,True
3DA9QDMD3W,9218184931,QVKWG,iOS,False,5G,2025-04-19 09:50:32.938976,"-23.971912604981384,164.15451756552426",reboot,False
MLKROSYROE,6242889504,JZHMT,iOS,True,WiFi,2025-04-09 09:50:32.938997,"-34.25627773079482,-110.16883502705853",battery drain,True
H7ISM5PDQ5,0642731077,MXGLE,iOS,False,5G,2025-04-09 09:50:32.939012,"70.69014598934066,-97.511087580078",SIM switch,False
OZS9XP39WP,7018046932,QYIEM,iOS,False,5G,2025-03-25 09:50:32.939026,"-28.92337450270236,-148.00687371303883",reboot,True
WJ21QS7B56,6655797001,MNFWX,iOS,False,WiFi,2025-04-13 09:50:32.939040,"88.83450063578161,-71.56939937957573",SIM switch,False
DSHRWTFK2M,4104535459,PYLIN,iOS,True,WiFi,2025-03-26 09:50:32.939054,"-44.659340321336074,77.56171613088702",SIM switch,True
P49Z1W8YCP,3278304367,PPFXN,Windows,False,5G,2025-04-09 09:50:32.939068,"6.059575028189485,141.73786874485467",SIM switch,False
LOT4PBH7KF,6378315233,DQHAX,Windows,False,5G,2025-03-25 09:50:32.939083,"20.257452177445018,-73.08739850934887",battery drain,False
4OVQ18LERK,0335478021,MJXEV,iOS,True,5G,2025-04-06 09:50:32.939097,"67.82002452600344,-66.43457865913838",SIM switch,False
U5OA39OYMX,3040456663,YRSYV,Windows,True,WiFi,2025-03-27 09:50:32.939112,"36.98761583179129,31.98251243173732",battery drain,False
40V5G7F5P3,0027699699,ZAFSR,Android,True,WiFi,2025-04-12 09:50:32.939126,"-80.31209728327096,42.863869279961676",battery drain,True
PBO2YSBOYZ,2109743916,QTKAF,Android,False,LTE,2025-04-10 09:50:32.939140,"36.56975443967555,-75.9014963770491",battery drain,True
02TRBT3ACY,2717940970,BRAVZ,iOS,True,LTE,2025-03-28 09:50:32.939154,"81.79150865284888,-0.30062721478432763",reboot,True
FJ4TTL9F6W,3655144147,RGTXJ,Android,True,LTE,2025-04-08 09:50:32.939169,"84.51299118324354,-102.9171683947886",SIM switch,False
U1CD8TLP2Y,4234261655,UWBYE,Android,False,LTE,2025-04-02 09:50:32.939183,"26.415808961927695,-15.795489775298051",reboot,False
Q7T6F3O7PJ,3403928347,PGQNM,Windows,True,LTE,2025-04-09 09:50:32.939199,"-50.3689794676751,143.64428442198079",SIM switch,True
G7A0EN68AM,8879590398,HWEYK,Windows,True,5G,2025-04-02 09:50:32.939222,"-62.42466339825809,159.35118890416572",reboot,False
KCZYI205KD,3960528811,UQWGE,Android,False,LTE,2025-04-01 09:50:32.939237,"-79.0598691910123,-80.80278824968246",SIM switch,True
V5X6VK2XCY,6000966136,YCCWP,Android,True,LTE,2025-04-21 09:50:32.939251,"-13.792480593942273,129.6557061391254",reboot,True
4JTTC8OOWR,5782622971,QSEAL,Windows,False,LTE,2025-04-10 09:50:32.939266,"66.21743485742815,125.93290823051694",battery drain,False
1PBP4FU087,6819205003,GEYTC,Android,True,LTE,2025-04-08 09:50:32.939338,"-80.12050256785817,-102.55671250114233",SIM switch,True
3CIINSLC8B,3601307948,MOBNT,iOS,False,5G,2025-04-20 09:50:32.939355,"89.05761223897383,99.50037722333059",SIM switch,False
7PPV2APUXX,6666151630,DBDAS,iOS,False,5G,2025-04-13 09:50:32.939372,"-30.18864534827261,132.94242393414424",SIM switch,False
KZ52ZA9QFW,6463347065,NHVBU,iOS,True,WiFi,2025-03-31 09:50:32.939394,"-3.014867427776494,162.71613327971863",reboot,True
A55JP37D24,2724491464,ILBEN,Windows,True,WiFi,2025-04-04 09:50:32.939420,"62.93622038700016,105.44823227793262",reboot,False
48UIVX4XMG,3257001575,OZNMV,Android,False,WiFi,2025-04-08 09:50:32.939445,"53.322530143487256,-107.20193473336657",battery drain,True
T00POAIJ8A,0911329129,TESVR,Windows,True,WiFi,2025-04-01 09:50:32.939469,"62.04851282487894,14.98474071998578",battery drain,True
CEUKRFXHLG,9667501263,WNCCV,Android,True,WiFi,2025-03-31 09:50:32.939493,"62.6937006580296,55.47347343666786",reboot,True
RSK70LYG2A,2769448707,EKBLE,iOS,False,LTE,2025-04-13 09:50:32.939517,"75.28415141712185,-164.0133720893656",battery drain,True
IQFJZKXR31,7208949840,MNWPP,iOS,False,LTE,2025-04-11 09:50:32.939541,"80.02287106318485,-48.54908297306841",SIM switch,True
HY85K02YHD,9533548162,EBUBV,Windows,False,WiFi,2025-03-31 09:50:32.939564,"-27.28885521444895,87.07076897335088",battery drain,True
XCY72IVOG0,6284623463,JHXFQ,Windows,True,LTE,2025-04-10 09:50:32.939590,"66.11983187953112,-170.94285051163",reboot,False
VP9FLDYOVG,2172751122,UFYUC,Android,True,LTE,2025-04-05 09:50:32.939613,"-24.24341069013613,-8.201055024962955",reboot,True
FHKP84DPJ3,3340649794,LMAPS,iOS,False,LTE,2025-04-19 09:50:32.939635,"-67.36999668895523,-124.24482261450956",battery drain,True
5Z5Y0KU7SP,0969390198,AJWDF,iOS,True,WiFi,2025-04-20 09:50:32.939658,"-74.73668749293854,-77.4724767177668",reboot,False
H5TSLY3M5V,3378658021,PHWIY,iOS,True,LTE,2025-04-13 09:50:32.939681,"51.32535586702747,149.08717902602228",reboot,True
H2WXJMSBFB,2222014692,PUWOI,iOS,False,LTE,2025-03-25 09:50:32.939705,"13.171041817361385,94.9114723869717",SIM switch,False
94PFECJTB8,2742681445,ARRHA,Windows,True,WiFi,2025-04-20 09:50:32.939730,"49.13134560380553,31.51017964155136",battery drain,True
ZRBMNIXF0J,5221739141,BKVQB,iOS,True,5G,2025-04-23 09:50:32.939751,"4.977753690126946,179.9934419566917",battery drain,True
7YY1NGKZZS,3920594360,VINGI,Android,True,LTE,2025-04-13 09:50:32.939774,"-60.58254645947599,-119.42872917811775",reboot,True
DX7PL8SHMG,8050645434,WCPCS,iOS,False,5G,2025-04-15 09:50:32.939797,"19.217911131834896,89.10262255440614",battery drain,False
RNBG950UHP,9131890925,SOJYH,iOS,True,WiFi,2025-04-20 09:50:32.939818,"65.53715163326552,92.83730443866438",battery drain,True
YGY5NYVUXO,4221264610,HHCNG,Android,True,LTE,2025-04-04 09:50:32.939843,"-50.623061106888414,63.82714781574799",SIM switch,True
KJT0A8PA9A,5797666456,EAPQE,Windows,True,5G,2025-03-27 09:50:32.939866,"-9.525629238351229,-104.88438589947648",battery drain,False
916NW5TLAT,3915782952,XEVRI,iOS,True,5G,2025-04-08 09:50:32.939888,"-65.86931618465037,1.6859362092047263",battery drain,False
W20J49CAUC,8027310907,DUPXO,iOS,False,5G,2025-04-23 09:50:32.939910,"-71.4793748631911,70.28655198597193",SIM switch,True
NGPHPRZHAP,2246135772,ICAAY,Windows,False,5G,2025-03-31 09:50:32.939936,"16.041100468245418,5.784147019654057",SIM switch,True
WA3KOJBKR4,1989175797,RPPGE,iOS,False,5G,2025-04-06 09:50:32.939960,"12.280792627368967,6.135445593977778",reboot,True
Z5W8IQW49L,0300841487,VKYNI,Android,False,5G,2025-04-17 09:50:32.939982,"24.7814353434742,-110.24505064682934",SIM switch,True
W9SZBX9L9E,6023155594,XHZTQ,Windows,True,WiFi,2025-03-26 09:50:32.940006,"60.50146800895769,-79.9578219270788",SIM switch,True
0JQ24PGP2U,5163496671,SPMCI,iOS,True,WiFi,2025-04-10 09:50:32.940030,"1.3773619203106051,-142.3244457395523",battery drain,False
EA7AC8ANUY,5312476946,REYIF,Windows,False,LTE,2025-03-29 09:50:32.940054,"-7.28571817490311,-103.42895251249803",SIM switch,False
MZCB6ZP5GK,3866948894,CMOPK,iOS,True,LTE,2025-03-29 09:50:32.940079,"-39.84893640003743,-29.625683866814484",SIM switch,False
DR43VXQJCP,1850470442,JLMLG,Android,False,WiFi,2025-04-13 09:50:32.940103,"46.303766619597326,-89.84564402202713",SIM switch,False
54INBAJLHH,6257870131,ZGVZB,Windows,True,LTE,2025-04-01 09:50:32.940126,"34.071956581264786,-5.393082280828025",battery drain,False
9TYKDM4MA4,1005918632,WHXJD,iOS,True,WiFi,2025-04-23 09:50:32.940150,"78.2774738177294,147.25382591999085",SIM switch,True
1Z7O3X1B6N,5023469775,FSOIX,Windows,True,5G,2025-04-07 09:50:32.940194,"13.787109434085622,144.98987379447476",SIM switch,False
1QG7DYXG0V,8970720992,GPTKH,iOS,False,WiFi,2025-04-10 09:50:32.940220,"-78.27465420343772,87.46535324420404",reboot,True
R2XKMYSYN5,7707486435,LYBSK,Windows,False,LTE,2025-04-14 09:50:32.940243,"-20.166995158902324,-4.240164355553844",SIM switch,False
70AUL76B4F,4300442334,OPYWP,Android,True,WiFi,2025-03-30 09:50:32.940267,"-84.68278794208624,153.5165782226581",SIM switch,False
77LN5M88JS,2104065778,MVSPN,iOS,True,WiFi,2025-03-26 09:50:32.940291,"84.81796197481827,-157.44946837592326",battery drain,True
ZF0XP6J6HC,6876303215,DKZTZ,iOS,False,5G,2025-03-27 09:50:32.940316,"41.01581391554345,95.76172972055485",battery drain,True
3R2EREZX3P,7432426053,CKZFQ,Windows,True,LTE,2025-04-22 09:50:32.940337,"-12.770312982461277,-97.66106938934958",battery drain,False
O7LQBWF690,7869436508,IXYBV,Android,False,WiFi,2025-03-29 09:50:32.940362,"33.55007177238086,142.86454159611833",battery drain,False
ZBRRBNUJB1,8719285767,ZTHGR,iOS,False,WiFi,2025-03-29 09:50:32.940384,"-26.80566271096137,80.95310126580102",SIM switch,True
IN8COLFBNN,2517105518,QKCIC,Windows,True,LTE,2025-03-31 09:50:32.940413,"68.69025549893269,-128.66103283932074",SIM switch,False
1FLGPTTZ54,1824691695,VKCSR,Android,True,WiFi,2025-04-19 09:50:32.940437,"46.89077064391623,-142.2729863951555",reboot,False
6LNOF7GV4J,4719941374,NMHJW,iOS,False,WiFi,2025-04-19 09:50:32.940459,"-70.250337065738,-143.0029453106921",reboot,False
5XU2XBRJIJ,5754675486,NAYKX,Windows,True,LTE,2025-04-07 09:50:32.940480,"-79.54188587331842,157.7745192464808",battery drain,False
R602X3LDZ5,9456940240,EORNN,Android,False,5G,2025-04-03 09:50:32.940503,"-39.42569968263584,112.16286217550652",SIM switch,False
WGGCHBHE08,1954829674,YAZSF,iOS,False,5G,2025-03-27 09:50:32.940526,"4.142281740997305,70.54568976860139",SIM switch,False
78DA84KTOJ,6077515228,FROYU,Windows,False,WiFi,2025-03-28 09:50:32.940549,"-41.02240785085992,41.12612854643825",SIM switch,True
LW5XE0UB7S,4819913221,PKAUI,Android,True,WiFi,2025-04-08 09:50:32.940572,"3.0807143736404328,0.054185179343420486",battery drain,False
M2SVMLLM3C,0847123160,TRQZJ,Windows,False,WiFi,2025-04-06 09:50:32.940596,"-10.470134711302592,-176.16025605339428",reboot,True
Q0QPBGQ6LW,2980561389,WUZHL,iOS,True,LTE,2025-04-15 09:50:32.940618,"-37.863428860619884,-102.06343456912653",SIM switch,False
PBXNBDO65S,7408152873,OAWEL,iOS,True,5G,2025-04-09 09:50:32.940641,"-73.67824187869164,41.346046667966505",battery drain,False
H71QVZOM1V,2699070711,NFQWC,Windows,True,LTE,2025-03-26 09:50:32.940663,"61.30452464187755,120.29023241480542",SIM switch,True
GGKJ3LEN6L,1396940511,SNZKD,Windows,False,5G,2025-04-09 09:50:32.940688,"-66.56585325929643,98.16491118521918",reboot,False
954DWXPKR2,2456560674,WJEQC,Android,False,5G,2025-04-19 09:50:32.940711,"-55.33740895807816,-126.32470875496168",SIM switch,False
APVPJP60TE,0025814186,KUDNZ,iOS,True,WiFi,2025-04-03 09:50:32.940735,"16.894110766847376,-1.8169123427804266",SIM switch,False
EN936OAWD1,6205106636,UFHOZ,Android,False,5G,2025-04-15 09:50:32.940758,"2.3965819595109963,-130.20048699837645",SIM switch,True
R8HSZNX9FZ,4431795474,DKZGU,Android,True,5G,2025-04-11 09:50:32.940781,"-27.2331702564352,-49.8156214203768",battery drain,True
6GTXJCE3UG,1383744531,QRGVL,Windows,False,LTE,2025-04-14 09:50:32.940805,"8.459835348162557,151.73741311841502",battery drain,True
DE3LMXY4HU,6466735368,OPGDX,Android,True,5G,2025-04-18 09:50:32.940829,"-51.48326385465519,121.40323149551642",battery drain,True
3V9CXLMD2N,4060543430,OGREG,iOS,False,5G,2025-04-04 09:50:32.940853,"-52.60377219745341,150.81609253053227",reboot,False
E8VZ14DOST,4475626540,KNTVL,iOS,True,5G,2025-04-13 09:50:32.940876,"26.960914924940155,43.63006547272178",SIM switch,True
XDJFF50Y29,5902932743,QRVWE,Android,False,5G,2025-03-27 09:50:32.940897,"-41.00747072975334,53.02918143123179",battery drain,False
Z2XW471HSZ,6086870722,ECUEF,Android,True,LTE,2025-04-03 09:50:32.940918,"-68.24663012684596,-165.77918926004236",SIM switch,True
KNTAUCJV0L,5632828123,IWIVB,Android,False,WiFi,2025-03-28 09:50:32.940939,"-75.3543379171953,-67.3949872999105",SIM switch,True
MUFEBI7TH5,3185644864,RDQAJ,Android,True,LTE,2025-04-11 09:50:32.940959,"-41.98302607425569,72.06195223059072",battery drain,False
QLVW2CRTF0,2066469175,AFYMV,Windows,False,WiFi,2025-04-10 09:50:32.940981,"76.33251586763748,-1.8899955629666465",SIM switch,True
HT5S9HTWAT,3076369625,NBNLJ,iOS,True,5G,2025-04-04 09:50:32.941001,"66.3761938852644,23.5502656367255",reboot,True
JJRETBQZGE,2746624878,JXTAL,iOS,True,WiFi,2025-04-01 09:50:32.941022,"51.9446768967656,133.92778130764083",reboot,True
980XGINYMO,6465919707,RGPJW,iOS,True,5G,2025-04-09 09:50:32.941043,"-9.140019314154756,-57.5430058523538",SIM switch,False
WBRPII3QC1,4458112669,ZSJNA,Android,False,LTE,2025-04-16 09:50:32.941063,"37.748900503266384,78.62645885413161",reboot,True
RE129EYYRP,5231200867,TECDI,iOS,True,WiFi,2025-04-03 09:50:32.941087,"4.660576131539514,-1.3334922306763133",reboot,False
0A80PJP5XG,1631689294,JUVFA,Android,True,LTE,2025-03-29 09:50:32.941109,"13.603385862261845,-78.0439603354032",SIM switch,False
4GCMLDRPNR,8286568883,GCXUH,Android,False,5G,2025-04-23 09:50:32.941129,"-47.791704705232846,-92.48203505446233",reboot,False
KHXHU0PWYW,4664998793,QOUPY,iOS,True,WiFi,2025-03-30 09:50:32.941150,"-31.146169440116168,-58.96528157847047",SIM switch,True
QDLI9E4X0Y,7495273821,FAFAX,Android,False,WiFi,2025-04-06 09:50:32.941171,"-35.41060009195561,85.32713557852355",battery drain,False
RFIZE0NSIF,7192051741,QGBXV,Windows,False,5G,2025-03-29 09:50:32.941195,"64.16413616421869,68.45498410715115",SIM switch,False
93JV3XIK9U,3727230570,LPBFP,Windows,False,WiFi,2025-04-19 09:50:32.941216,"50.63839760673349,47.12300972647563",SIM switch,False
5510OB8IOJ,4627171410,DMTUZ,Windows,True,LTE,2025-04-03 09:50:32.941237,"66.7605813633244,-58.01049401314688",reboot,False
O3RY10LQE3,1613541361,EUDLW,iOS,True,LTE,2025-03-25 09:50:32.941258,"2.0494400645191604,53.18446504568249",reboot,False
N71MOAABEI,7761858596,COQPZ,iOS,False,LTE,2025-03-26 09:50:32.941279,"-88.01947737993432,165.15644218466974",SIM switch,True
X4CWS22EG0,2138952572,FEGKX,Android,False,5G,2025-04-04 09:50:32.941302,"60.232487426699066,74.90141280685538",reboot,False
1LX1TOC3TP,6526583842,PMTME,iOS,False,LTE,2025-04-09 09:50:32.941323,"54.478246230464094,35.84092439886007",SIM switch,False
FWN07453OK,3649840624,SYENL,Windows,False,LTE,2025-03-27 09:50:32.941344,"44.2442732155443,122.05152252064323",SIM switch,False
1HOI9G520E,7192945930,DZYOX,Android,True,WiFi,2025-03-30 09:50:32.941365,"61.007899510759046,45.366958545683275",reboot,True
TBL8JAXF5Q,0954884060,ERYBW,Android,True,5G,2025-03-31 09:50:32.941385,"-5.511553196297456,141.25027516725135",SIM switch,False
7R01F950X2,7181833580,NQYWJ,Android,False,WiFi,2025-04-06 09:50:32.941413,"-48.715013918990316,107.37108955942023",reboot,True
JXO9HP92AR,4174943426,IISWB,Android,False,5G,2025-04-17 09:50:32.941443,"28.832110178709286,126.8407311519041",battery drain,False
6WYCKIDXUI,7771964882,TWWFT,iOS,True,WiFi,2025-04-03 09:50:32.941464,"10.08507077553162,-89.81649378510923",reboot,False
WRMDYZA1BM,3946718360,ALCLT,iOS,False,5G,2025-04-12 09:50:32.941486,"-67.61144352093734,-156.91513900263848",battery drain,False
8SC2637FOR,0233923163,ZEQPG,iOS,False,5G,2025-04-11 09:50:32.941508,"-3.503824587280519,94.31085373942085",battery drain,False
38TLT1ZV5A,9146748911,YILLZ,Windows,True,WiFi,2025-04-04 09:50:32.941537,"-17.221820358391568,-70.8636921124472",SIM switch,False
62DJQLM03G,7172914540,JDCLU,Windows,True,WiFi,2025-03-30 09:50:32.941558,"40.89313506110116,-49.73032282487384",SIM switch,True
3L11YZZQU2,5249666041,NXVYP,Windows,False,LTE,2025-04-13 09:50:32.941579,"-25.448828519560294,88.66659074714806",reboot,False
XA63ISCYAB,7720369291,IGCKE,Windows,True,LTE,2025-03-27 09:50:32.941600,"-39.64124675365137,-15.182434378079762",battery drain,True
5MYX6ISH8I,9161313045,ISGCS,iOS,True,5G,2025-03-25 09:50:32.941623,"28.1613549339898,162.38283362595058",reboot,False
7CHK101680,6977041640,VWWUC,iOS,False,5G,2025-03-31 09:50:32.941646,"-82.9214452240428,145.07639541763984",battery drain,True
1AD15W9QFL,2152086640,MHWOZ,Android,True,5G,2025-04-21 09:50:32.941668,"-83.46224638274364,83.04329123799852",SIM switch,True
5DIFBNV10X,8336814890,EEETZ,Windows,False,5G,2025-03-27 09:50:32.941691,"-27.063448277386627,-103.27989255885792",battery drain,True
MWB7SIQNR3,0264722279,SSUDC,Windows,True,LTE,2025-04-03 09:50:32.941713,"-17.171941453926962,12.06517785443819",SIM switch,False
IS2TNY7D1J,4107872683,YLKWP,Android,True,5G,2025-03-31 09:50:32.941735,"34.86646447813395,-103.23456663149138",battery drain,True
BGLBZIHDDO,8797176225,OFLIG,Android,False,WiFi,2025-03-29 09:50:32.941758,"-6.182518585035339,157.81525057333403",SIM switch,True
41TC99B2E4,7542367180,UHZLH,Android,False,5G,2025-04-06 09:50:32.941780,"10.570632661053622,-138.93830555815111",battery drain,True
0QRN80C3ST,7618782393,IWUTH,iOS,False,LTE,2025-04-16 09:50:32.941803,"-3.6886152105033148,173.02856219317886",SIM switch,True
XTJ2AJCX65,9263398913,SEVUH,Windows,True,WiFi,2025-03-26 09:50:32.941826,"14.733073386425431,-82.19869758801563",reboot,False
GZV019RMWU,9024332706,WKUZT,iOS,False,LTE,2025-04-23 09:50:32.941848,"64.78840957531324,102.11677991584736",SIM switch,True
7UUZANUIL4,6922035321,BWBUL,Android,False,WiFi,2025-04-11 09:50:32.941871,"22.696243216546492,-13.011939556363131",reboot,True
35NQM1OTU6,1575833303,XEPDH,Windows,False,5G,2025-04-14 09:50:32.941893,"44.22249154516348,16.141915318516794",reboot,False
1CW15W2SOU,8919467704,WMRVJ,Windows,False,WiFi,2025-04-20 09:50:32.941914,"-41.383302376959314,-138.04222567514063",reboot,True
L1RL1T85KP,4917528693,ICGXD,Android,True,WiFi,2025-04-06 09:50:32.941936,"47.472249631924626,-15.381167711476195",SIM switch,False
ZDJCLC0ODP,3998582007,VTJJB,iOS,True,WiFi,2025-04-10 09:50:32.941959,"-58.31994322204965,-167.66971271724447",reboot,True
EAUHCOUCRE,9891882058,SMHWI,iOS,False,5G,2025-04-10 09:50:32.941982,"-79.60630878179107,-175.56851773389215",reboot,True
CR1QJCTQUV,6232148371,TGGGK,iOS,True,LTE,2025-03-29 09:50:32.942004,"88.5071038682978,-21.623163498300755",battery drain,False
QGA7228GS4,5669706532,DZCHI,Android,False,5G,2025-04-05 09:50:32.942026,"86.4319019595786,-174.7096033532403",SIM switch,True
VOZSJFD2KC,7530942709,HVYUM,Android,True,WiFi,2025-04-15 09:50:32.942047,"-71.23803930197722,-150.00174992140185",battery drain,False
49WECGRJAE,3719374472,KRTSE,Windows,False,5G,2025-03-30 09:50:32.942070,"50.04792198866741,-39.817191717698165",SIM switch,True
ZTFU3NCUUR,2259655325,LUZRK,Android,True,LTE,2025-04-06 09:50:32.942091,"-43.26979576884137,-147.1438511718273",battery drain,False
QJAA00CNNT,1816695879,VTOUC,iOS,False,5G,2025-04-14 09:50:32.942114,"-15.29036288676646,157.1355267995565",reboot,True
RVAVAGFHHC,9689166461,KQLBU,Android,False,5G,2025-03-27 09:50:32.942136,"-52.86654443700407,45.28042684176356",SIM switch,False
3V4QHM4KC8,2897495512,AYBBG,Windows,True,5G,2025-04-23 09:50:32.942159,"21.709903572428814,133.18620294960493",battery drain,True
NTUOLC6U7L,2194266495,YZFIJ,iOS,True,WiFi,2025-04-23 09:50:32.942182,"32.00894939520218,-167.5238410245028",SIM switch,False
6D5JD1QKAO,3665126550,TQMJX,Android,False,LTE,2025-04-02 09:50:32.942205,"-45.04021687006263,-137.06940552465915",SIM switch,True
YQSE0QDXLL,1032777901,YNVUS,Android,False,WiFi,2025-04-23 09:50:32.942230,"66.1702108568791,-157.96909340610148",SIM switch,True
XMF2EFH35M,1080604198,VKSLS,Windows,False,WiFi,2025-04-21 09:50:32.942252,"-89.81628120686784,-168.26998331728396",battery drain,True
2CT9VTQRH2,7302993483,ZWCOM,Android,True,5G,2025-04-07 09:50:32.942274,"29.147766853442093,5.450549355085343",reboot,True
Y4BLATOI03,2177552826,DXJFY,Windows,False,WiFi,2025-04-10 09:50:32.942296,"-79.41532370713077,179.61473024509468",reboot,False
W8A8PBB51R,8315045644,CCQLM,Windows,False,LTE,2025-04-07 09:50:32.942319,"45.98632700011274,120.44139593597083",SIM switch,True
YU9TDUJJYK,1212755027,MZBZT,Android,False,WiFi,2025-04-05 09:50:32.942340,"-30.04049265977715,29.68472494785192",battery drain,False
M70V5ZFC7J,6477704823,OGZCP,iOS,True,LTE,2025-04-22 09:50:32.942362,"-41.23363845145087,51.06700407002836",battery drain,False
LOOCRJGOWD,5969848974,SFULR,Windows,False,LTE,2025-04-22 09:50:32.942385,"36.38556861249185,127.78306900036449",SIM switch,False
H4OK8JD86B,8159273757,IXJWN,iOS,True,LTE,2025-04-12 09:50:32.942408,"0.8904931425436899,-163.10595927775174",reboot,False
QF3K6M028G,0840085412,HOSNJ,Android,True,5G,2025-04-14 09:50:32.942430,"33.51485087834186,27.89398018591379",battery drain,True
UGBCEWV8LO,2856964954,JWRYF,iOS,False,LTE,2025-04-10 09:50:32.942452,"60.07862274260958,23.513883135774165",battery drain,True
3ZEV5N7FBO,4218059796,UEAWV,Android,True,LTE,2025-04-17 09:50:32.942474,"-59.91751672256308,53.38447272333772",reboot,False
1AQS5D24YD,8033185045,WOFER,Android,True,5G,2025-04-18 09:50:32.942495,"-35.46478494469744,104.69609973484455",reboot,False
YNPUNH56WM,3759448562,PKWWJ,Windows,True,WiFi,2025-04-03 09:50:32.942518,"80.63290351349985,118.51898914665134",battery drain,False
MIYWOC8EBT,6553635467,AOUBO,Android,True,LTE,2025-03-28 09:50:32.942540,"-38.002055159626046,-130.86714583325318",battery drain,False
DJQ50JT17Q,3804949767,TDQYW,Windows,True,LTE,2025-04-17 09:50:32.942562,"55.58720531073186,-58.09457835687924",battery drain,True
XT03FHJBWY,8184919836,GDLZO,iOS,False,5G,2025-04-08 09:50:32.942584,"-34.43303694709902,62.85615621238449",battery drain,True
K9H12XUZLQ,4527500312,XHRKH,Windows,True,5G,2025-04-07 09:50:32.942607,"-4.736587022306352,-173.65453205253874",reboot,True
83V180GGH1,2674928654,NFABC,Android,False,LTE,2025-04-10 09:50:32.942630,"-83.41158663992422,75.62034170657432",battery drain,False
6BCCMW7XEB,3297121786,QJYAV,Android,True,WiFi,2025-04-13 09:50:32.942652,"30.39178202209709,140.60032346577884",SIM switch,True
D8X3NCOK80,5910983644,KIKEB,Windows,True,WiFi,2025-04-12 09:50:32.942673,"-18.067573879641557,108.34141752275781",reboot,True
IEFO2EDMRE,8938794978,ZJDIC,iOS,False,5G,2025-04-18 09:50:32.942694,"-60.1734822444422,-131.07547339743854",reboot,False
7BAOJINFDT,1090404304,FOUEG,Windows,False,LTE,2025-04-14 09:50:32.942715,"22.406973512413302,99.12682086123806",battery drain,True
1MC9GTKK4C,3683095963,GLMAN,Windows,True,5G,2025-03-31 09:50:32.942738,"-48.321023389105626,102.53252779913635",reboot,False
PA9QQ79GT0,7413024982,VVKDS,Windows,True,LTE,2025-03-30 09:50:32.942759,"76.55662494002141,-152.26538770403718",battery drain,True
8HSE2TPHKE,5909057290,WBKYA,Android,True,LTE,2025-04-09 09:50:32.942782,"-29.37117520219452,16.148920233235458",battery drain,True
SP35XBBBPR,3701928630,NHORZ,Android,True,LTE,2025-04-08 09:50:32.942803,"78.6563334654958,-163.11337323735248",reboot,True
BC4YCIS41S,7817016020,THUSA,iOS,False,5G,2025-03-29 09:50:32.942827,"75.14863256358998,-1.7575878767184747",battery drain,True
HJ9S9DZQ0C,5038423689,SYHPG,Windows,True,WiFi,2025-03-28 09:50:32.942850,"70.49915435821714,67.80907257612992",SIM switch,False
GU479OGJEB,5109928211,ZIHLP,iOS,True,WiFi,2025-04-04 09:50:32.942874,"17.900179592036963,-82.90858708090751",reboot,False
46TYTGPJZ4,7828927963,ITBRJ,iOS,True,LTE,2025-04-15 09:50:32.942897,"85.9020204020791,143.115637656459",battery drain,True
2SURP5C305,7352986521,WBFFQ,iOS,True,WiFi,2025-04-22 09:50:32.942919,"-9.012286243846347,0.10578455891507588",battery drain,True
EKFUBW1SGR,0302245734,AXOOA,iOS,False,5G,2025-04-10 09:50:32.942942,"-63.385322493417036,-107.50722013442628",reboot,False
XNJDX3PGBS,2366545166,BFJPV,Windows,False,5G,2025-04-01 09:50:32.942965,"-35.034588250902644,-79.64294525057807",battery drain,False
959XCXPJ92,1830865903,EYJWH,Android,True,WiFi,2025-04-07 09:50:32.942990,"-63.12888955124408,-63.73109398800882",battery drain,False
TB9VL2BBMS,7524033770,VTOAV,iOS,False,LTE,2025-04-05 09:50:32.943014,"-47.50268175040461,33.088064103625356",SIM switch,True
VT6KL878D6,1577619434,XJHQX,iOS,True,WiFi,2025-04-19 09:50:32.943039,"59.85874789794602,66.12680924412066",battery drain,False
BVVROOFETD,4585382828,HXZMG,Windows,True,LTE,2025-04-22 09:50:32.943063,"89.94227120753342,95.81769130700201",reboot,True
5DA213TU76,3624900346,VBBHL,Windows,True,5G,2025-03-25 09:50:32.943087,"67.35059509375736,21.012174573659138",battery drain,False
1LC6BZIGF6,8209015789,LHDLV,Android,True,5G,2025-04-23 09:50:32.943112,"-85.29267128719236,118.63803351782394",reboot,False
QZFX39V8XC,4228274223,JFDOU,iOS,False,5G,2025-04-06 09:50:32.943137,"-63.462505304320416,135.68482639236316",battery drain,False
L45SJNXLDJ,5455146793,LPGIT,Windows,False,5G,2025-04-01 09:50:32.943160,"86.10384874111239,54.82646947690401",battery drain,False
3FMVK1OAL3,5049990046,ERRMX,Windows,True,WiFi,2025-04-01 09:50:32.943183,"57.39096666423896,-57.02989637739381",reboot,False
DUCB4ZVZRB,0165294779,WEIFA,Windows,False,WiFi,2025-04-22 09:50:32.943207,"77.02518781291482,108.12721430280294",reboot,True
V3NGVMQXYZ,0492161115,DWDXV,Android,True,WiFi,2025-03-30 09:50:32.943232,"-65.74288959503744,16.405269262009057",battery drain,False
ML3LSYGJVT,4934427198,XKSSO,iOS,True,WiFi,2025-04-13 09:50:32.943256,"-15.311573000473075,105.70944518476739",reboot,True
Q4FKFNCLXT,2030277558,EWWCB,iOS,True,5G,2025-04-23 09:50:32.943271,"-0.49585211423817555,-66.81313572824234",battery drain,False
5N8UIHA5MJ,4800132730,IXHOC,Windows,False,WiFi,2025-04-20 09:50:32.943288,"16.935095471591666,90.15510217702462",reboot,True
L5NWT9UYIH,9802674979,XWRIU,Windows,True,WiFi,2025-03-31 09:50:32.943312,"-18.26361325355937,105.43640127316684",battery drain,True
L5GDXYCFF5,7160021661,AXVJT,Android,False,5G,2025-04-05 09:50:32.943336,"-84.37149927256465,-6.292169071755978",SIM switch,False
2OAFB32WCZ,6515599872,TJTLU,iOS,False,WiFi,2025-04-11 09:50:32.943359,"-38.4412110095429,60.68693345807401",reboot,True
1LFKWY7Y74,6433696415,WWOSO,iOS,True,WiFi,2025-04-10 09:50:32.943383,"48.028097733499806,18.072694889103786",battery drain,False
POZGS8PQ0E,7174812394,XCSLI,Windows,True,WiFi,2025-04-05 09:50:32.943408,"40.616478694182376,13.483562976612802",battery drain,True
7G8SUC3AHT,3796921113,RHSMO,Windows,False,WiFi,2025-03-30 09:50:32.943434,"-38.64259073834713,118.8884864542299",SIM switch,False
F5HGU6OS0R,3583054079,RKMAV,Windows,False,WiFi,2025-04-06 09:50:32.943458,"-75.9989179931636,-66.1254685381256",SIM switch,False
CB7JGTBNGZ,4696844251,KFOAI,Android,True,LTE,2025-04-22 09:50:32.943482,"11.500431507929505,81.14912587242549",battery drain,False
MKN8J0MLS1,5963484646,DUMDC,Windows,False,WiFi,2025-04-10 09:50:32.943505,"-1.1869171552173157,19.962169113671933",reboot,True
FTEWKRZOC0,4062771145,ESVBM,Windows,True,WiFi,2025-04-06 09:50:32.943530,"-24.112113782037227,166.64940283385465",SIM switch,True
21TTGAPJS5,9139802192,NTZBC,Windows,True,5G,2025-03-26 09:50:32.943555,"-35.36365233782298,176.1124878257396",reboot,True
LOMSN401J1,6019349649,TRAOJ,Android,True,5G,2025-04-04 09:50:32.943578,"-88.62104498996388,-157.78769895289236",SIM switch,False
SE2P3NP8H7,2399431984,XXRQD,Android,True,LTE,2025-04-16 09:50:32.943602,"-51.978336939279046,153.0664432224939",reboot,True
S9MLMRMRSK,2082011206,IJWKT,iOS,True,WiFi,2025-04-10 09:50:32.943621,"-23.662015486080136,-89.93222777672507",battery drain,False
7L6HFCAA7Y,8550690476,TVJQV,Windows,True,LTE,2025-04-06 09:50:32.943645,"67.65014754908108,-51.76171668552746",battery drain,False
ILIBE47LUZ,9794122525,ZRDAA,Android,True,LTE,2025-04-21 09:50:32.943660,"28.92997823547438,-19.245851996902275",SIM switch,True
QR5TIIFPJR,2376741730,ESMHN,Android,False,5G,2025-03-27 09:50:32.943674,"68.83475885661522,-50.08587650659604",SIM switch,True
ETVFBUNZQT,6311871962,LFSPM,Windows,False,LTE,2025-04-10 09:50:32.943689,"35.81256428280035,41.26696853295687",SIM switch,True
1UBVICJUCS,7280981258,TBHJR,Windows,False,WiFi,2025-03-28 09:50:32.943704,"-74.6102486057195,140.0042389241815",reboot,True
TBXGH2ABME,7592800128,SWYJA,Windows,False,LTE,2025-04-05 09:50:32.943718,"-67.2136422780826,-28.419433420326868",reboot,False
AL998F33PU,3009320696,EAUQH,Android,True,5G,2025-04-09 09:50:32.943733,"78.81162062765443,-38.18038773558209",reboot,True
1243CZAN4J,2354104751,QYRAJ,Windows,False,WiFi,2025-04-03 09:50:32.943747,"22.918079836936144,4.366739385129193",SIM switch,True
ENRPC2LK5L,7047397732,ACDPV,Android,False,5G,2025-04-01 09:50:32.943762,"7.382902019219372,-111.73829994054448",battery drain,True
ASXD1I03YB,0186153176,XWJEE,iOS,False,LTE,2025-04-02 09:50:32.943777,"33.8108923715089,-38.01777670000877",SIM switch,True
1S1OOHIEMD,7356969902,KHWPV,Windows,True,5G,2025-04-03 09:50:32.943793,"67.68942119196865,-34.26797099819129",SIM switch,False
SREMZGEVVL,6872405508,POQGP,Android,True,LTE,2025-04-04 09:50:32.943817,"-28.417620559693425,17.59727840177348",battery drain,False
PR19YMGHSE,9313426508,ITKCA,iOS,True,5G,2025-04-18 09:50:32.943832,"-53.797765123586224,11.930748840838703",SIM switch,False
UBD4R0DKMY,1962978875,GXFNT,Windows,False,WiFi,2025-04-03 09:50:32.943854,"-31.232940451269428,55.263389583159864",SIM switch,False
WR0QW79XK4,1583779929,KODHC,Windows,True,5G,2025-04-13 09:50:32.943873,"56.81034136452257,13.78883499165687",SIM switch,True
RJDFE10OYT,1309342403,UBWHP,Android,True,WiFi,2025-04-12 09:50:32.943897,"25.517868926777027,158.69289282479417",reboot,False
7O18BYZGUO,7945852403,ATONF,Android,True,5G,2025-03-31 09:50:32.943923,"57.74218258095186,147.19766352816634",battery drain,True
SNXIRYFE8R,1890126383,NUAFX,Android,True,LTE,2025-04-18 09:50:32.943946,"81.322871613919,-161.58960350147188",reboot,False
NM7Q0AEO4C,5744219399,VZWLD,iOS,True,WiFi,2025-03-27 09:50:32.943969,"-71.10348248431818,-121.92482719812854",battery drain,True
6GXJQZESDD,5033867344,HOVXT,Windows,True,WiFi,2025-04-08 09:50:32.943992,"33.39569823171084,-167.092447567095",battery drain,True
UCD8AL5T77,4573580583,AAAVG,iOS,False,LTE,2025-04-16 09:50:32.944017,"-81.00546808496787,-13.637827320764984",SIM switch,False
DL9ULXV87W,9407784445,ENBKS,Android,False,5G,2025-04-10 09:50:32.944041,"76.44180938432609,43.131981047080075",SIM switch,False
BF95DTQ12C,3859466679,KWBKR,Android,False,LTE,2025-04-02 09:50:32.944065,"89.41742456756404,-142.96309356059527",reboot,False
YTPG6G9R63,3864644940,XEMLZ,iOS,False,WiFi,2025-04-17 09:50:32.944090,"28.029188479816284,105.05623209461606",battery drain,False
JGQSY1D1YC,6489592434,JJTHI,iOS,False,5G,2025-04-09 09:50:32.944115,"56.65229877165743,-90.87144305899145",SIM switch,True
O1HBOY57VZ,0455629868,XKACU,Android,True,WiFi,2025-04-17 09:50:32.944138,"86.9831425153694,89.62650164146686",battery drain,True
K1BKE9HS4K,2100278266,WIZTX,Android,True,LTE,2025-04-18 09:50:32.944162,"75.09039533233329,158.645848601245",reboot,False
CG6UM27H8A,1226789376,IDZNK,Windows,True,LTE,2025-04-20 09:50:32.944204,"65.82953990624424,-152.3739954832543",reboot,False
5DTCJA3HRK,1283543493,YBTHP,iOS,False,5G,2025-04-15 09:50:32.944228,"67.36825957706048,81.45291192593885",battery drain,False
51OY8LC9YS,0642006235,DMSGI,Windows,True,LTE,2025-04-01 09:50:32.944252,"-57.25089686941567,-102.61216894794049",reboot,True
66690A3O1Q,4893471969,BXSHQ,iOS,False,5G,2025-03-25 09:50:32.944275,"29.34647570488741,174.2846440238588",SIM switch,False
1GNK278Z78,0290805360,WRTSV,Windows,False,LTE,2025-04-18 09:50:32.944301,"-2.278510259487817,118.34974136264276",battery drain,True
7LBK4UTFWA,2883372376,ZBCIC,Android,True,WiFi,2025-04-07 09:50:32.944326,"43.35464584778444,121.45045508311557",SIM switch,True
GOEUFIQPK2,5396797624,ARTDK,Windows,False,WiFi,2025-04-15 09:50:32.944350,"50.81428682821536,174.9678726869302",reboot,False
HUZ1QJMURX,7144884937,UTLLX,Windows,False,LTE,2025-04-01 09:50:32.944374,"22.496870893149577,152.6407678173709",SIM switch,False
3OXN7GTYHV,2121712521,YAGVZ,iOS,False,5G,2025-04-19 09:50:32.944393,"1.3016285382796298,43.761462319095756",battery drain,False
5WIQ22FFO7,9009504339,SOSMZ,Windows,True,WiFi,2025-03-25 09:50:32.944418,"-26.797521331652817,-143.96625463899352",reboot,False
2VLUYAM6C8,6570450375,EJHCY,Windows,True,WiFi,2025-04-05 09:50:32.944442,"66.91321233040023,10.309696146463466",reboot,True
XCA94UEZ9H,6258137456,FTOJF,Windows,True,WiFi,2025-04-05 09:50:32.944464,"-87.60284445325875,95.78285387994936",battery drain,False
GSURUCAFB3,4462316596,AWAIK,iOS,False,LTE,2025-03-30 09:50:32.944485,"7.555776046151948,-130.3805436496645",SIM switch,True
XYXL1QE3QW,8141772685,LZXCI,Windows,True,LTE,2025-04-22 09:50:32.944504,"59.764472135215755,-17.58447235309731",reboot,True
GZDUI0XX98,1349083328,IWHFH,Windows,True,WiFi,2025-04-11 09:50:32.944519,"71.44476798685673,121.49645310768148",SIM switch,True
RJOHH3KQD1,0778992761,XMGZF,Windows,False,5G,2025-04-11 09:50:32.944534,"66.87070917658713,-62.023795258564135",battery drain,True
VLNKOHM0R9,5516729362,IXZHS,Windows,True,WiFi,2025-03-28 09:50:32.944549,"-75.79758223943854,-104.16577975196435",battery drain,True
NGLFV5FH6E,6995672058,JLQNQ,Android,False,5G,2025-04-12 09:50:32.944563,"-8.624129501180107,113.67473526151696",battery drain,False
VESQWILZW0,5650894353,ZWLKF,iOS,True,WiFi,2025-04-17 09:50:32.944578,"7.018780089132221,60.13664612974759",battery drain,True
C6GZM2SPLA,0987486995,HTQZZ,iOS,False,LTE,2025-04-18 09:50:32.944593,"80.68527413516466,-123.8015202138837",battery drain,False
WDG77R1AK5,4539327080,FWZUY,Android,False,WiFi,2025-04-05 09:50:32.944609,"-78.74071486009949,-165.22991166514748",SIM switch,True
9XEG989Z2U,5794341348,OAWWG,Windows,False,LTE,2025-04-08 09:50:32.944633,"-85.32977155625606,-146.40732942065083",battery drain,True
G20H44ZL45,2857332670,ZDYIW,iOS,True,WiFi,2025-04-12 09:50:32.944653,"-86.1889748209806,-37.05432816853005",battery drain,False
JQW75Y9JP8,8415995431,KNVYF,Android,True,5G,2025-03-29 09:50:32.944669,"25.687617490666597,49.31600167777822",reboot,True
LQLPIO0IFD,8299161013,KWIHS,Android,False,5G,2025-04-18 09:50:32.944684,"-60.76502698363181,108.1603642118468",reboot,True
N9CS95H0XY,5893400709,RYTIF,iOS,False,WiFi,2025-04-01 09:50:32.944698,"-47.263861507668544,-115.36487763987759",reboot,True
VBFN0GAP5Y,0533301624,DLVNO,iOS,False,LTE,2025-04-20 09:50:32.944720,"-82.1955086793516,82.07817286249411",reboot,True
TO6Y4SA79C,8877460493,VONTX,iOS,False,5G,2025-04-18 09:50:32.944737,"-68.84840331760195,29.627612757627276",reboot,True
A8C7V1ITHS,6098250611,INAHU,Windows,True,5G,2025-04-07 09:50:32.944752,"-45.33841122229204,158.06071907597868",SIM switch,False
JL886K90WK,3129640042,BCLXT,Android,True,WiFi,2025-03-27 09:50:32.944766,"51.491554460340325,82.69351930209041",reboot,False
GVE52LSDJI,8471314163,OQZFA,Windows,False,WiFi,2025-04-09 09:50:32.944780,"-84.97582437898627,-11.573095137656793",battery drain,True
Z457DX2C54,8377619865,IOQSN,Windows,True,5G,2025-04-01 09:50:32.944795,"46.32293507359091,-47.283646403102324",SIM switch,False
ZAG5WHBBT6,9181292271,VKKJY,iOS,False,WiFi,2025-04-18 09:50:32.944809,"-5.378365375358243,-107.55724899907239",battery drain,False
WLGGSW3JZ5,2483848574,HVYYP,Android,True,5G,2025-03-30 09:50:32.944829,"-10.390798199150836,-35.275821913914996",battery drain,False
CPHZGUMQH5,6345085413,SBILN,Windows,False,LTE,2025-04-07 09:50:32.944848,"-19.237962311062347,-157.83660571193306",battery drain,False
FCW8ET8RCV,7289274274,YJXJF,Windows,False,5G,2025-04-12 09:50:32.944862,"-30.640804463530202,8.714038319395058",SIM switch,False
CGU11JKH1O,3421273034,SZFGX,iOS,True,LTE,2025-04-05 09:50:32.944877,"31.69170459530156,167.29159698731365",reboot,False
TA2ZPM3X1U,8406586725,GAFDR,Android,True,WiFi,2025-04-21 09:50:32.944893,"5.83922287813192,64.12054748541479",reboot,True
7RFUZEXOFQ,6247883012,FESBF,Windows,True,5G,2025-04-20 09:50:32.944917,"86.13877187333901,72.82191417802835",SIM switch,False
BMN3FAR3EB,2513925211,KTJHM,Windows,True,WiFi,2025-03-31 09:50:32.944934,"-69.43235647728686,148.2266089947767",battery drain,True
HHMBUUEVRH,8122280818,LNWZS,Android,True,5G,2025-03-30 09:50:32.944949,"26.476621001535307,62.722925077488924",reboot,True
159VJ3W29Q,3795640802,WUDQL,Android,True,WiFi,2025-04-09 09:50:32.944963,"88.67562593992412,-165.13154595855823",reboot,True
46ADI5Q1E5,9188707648,LKNYI,Windows,True,LTE,2025-04-03 09:50:32.944978,"-56.830499194733655,-31.394920073753894",battery drain,False
PIHG616W9O,0443545524,QCAEG,Windows,False,WiFi,2025-04-10 09:50:32.944998,"61.18579021530985,55.50699283267329",battery drain,True
PUD0PKOEMI,4057430268,YMDVE,Android,False,5G,2025-03-25 09:50:32.945015,"0.34160734275073423,-123.75140492087591",battery drain,True
05JL3RQC7X,8053443039,NUIIL,Android,False,WiFi,2025-03-31 09:50:32.945029,"-60.461256702440195,146.57287794122482",battery drain,False
21XESRP54M,9579652018,TZDNI,Android,True,WiFi,2025-04-01 09:50:32.945044,"37.36156513764659,110.93440582466314",reboot,False
RFBJET0T21,1799676022,FMYSI,iOS,False,WiFi,2025-04-01 09:50:32.945058,"29.11746522405403,-158.26717977781277",SIM switch,False
TSXR8OJ4GI,2360063305,LTZUH,Windows,True,WiFi,2025-04-20 09:50:32.945080,"-79.74921556391803,-40.47478408031108",reboot,True
L68NCE3EG6,6623452234,YNHDT,Android,False,WiFi,2025-04-02 09:50:32.945096,"-9.485254157587363,-149.65154487609823",battery drain,False
L890D6XOY0,2868383545,GNJVQ,iOS,True,WiFi,2025-03-29 09:50:32.945110,"49.810873422296,4.860833466789046",battery drain,True
VNE60QYWAA,7102190551,ORJTO,iOS,True,5G,2025-04-01 09:50:32.945127,"-19.47006856702349,6.590551139381461",SIM switch,True
TAZI2LMXR4,4972019593,ASTAG,Windows,False,WiFi,2025-04-14 09:50:32.945151,"54.54796954423958,-118.40471604217586",SIM switch,False
JW39WSUCY3,7570771142,EMEDR,Android,False,5G,2025-04-20 09:50:32.945175,"-70.11641545720029,-31.74561937958819",battery drain,True
RPF232Y9I4,7698589182,AKFVK,Windows,True,5G,2025-04-03 09:50:32.945192,"-36.20267377236146,-84.26997293357425",battery drain,False
PUK427FYNS,3415143381,PJZHT,iOS,False,LTE,2025-04-22 09:50:32.945206,"-65.2445062269073,-160.00735631935353",reboot,True
KL1OOG5B6U,3282816971,TQAIK,Android,False,WiFi,2025-03-29 09:50:32.945220,"25.725061174049472,-114.1336683099347",reboot,False
4QOWF81WQK,2139134068,HNIAW,Windows,False,5G,2025-04-01 09:50:32.945235,"-47.007190248809366,-172.09051360371353",reboot,False
WSHU859VGV,8338939172,IXENQ,iOS,False,5G,2025-04-13 09:50:32.945250,"-58.008818257624306,-38.90670161068624",reboot,True
V0DRHMXKC4,7005881196,DVETI,iOS,False,LTE,2025-03-28 09:50:32.945265,"-42.83824001745668,75.65309706685622",SIM switch,False
82GTGT9RCQ,4111553024,TTXBD,Windows,False,5G,2025-04-06 09:50:32.945279,"19.599518946202096,125.29209357385935",reboot,True
9HNTFFFVYX,7111507718,PLZVV,Windows,False,5G,2025-03-25 09:50:32.945293,"-20.86136991902731,176.71750549045646",SIM switch,False
YR7NJE0EZA,4731605114,VFPYD,Android,True,WiFi,2025-03-28 09:50:32.945308,"56.16453428658795,7.610477311111282",reboot,False
47ROAV0HP7,7049115350,FKPEX,Windows,True,5G,2025-03-25 09:50:32.945322,"33.13150332412374,-46.91974720891653",battery drain,True
DDFUXTLFX8,9442114259,ALJIU,Android,True,WiFi,2025-04-18 09:50:32.945337,"-83.0539606595987,107.04269869764198",reboot,True
YYHRHM5XAS,2989806718,UUGHK,Android,True,WiFi,2025-03-31 09:50:32.945355,"22.20820949014788,137.98354576344082",SIM switch,True
TM52EAYIN6,2876773381,PLCPW,iOS,True,LTE,2025-03-27 09:50:32.945378,"-22.357000582529082,-43.91239341559961",reboot,True
SUWTOMAPMH,7092241128,BHYEF,iOS,True,WiFi,2025-04-14 09:50:32.945397,"-11.690327997452599,138.21675276622307",battery drain,False
OQWNYITJ9N,7674067290,GQNDL,Windows,True,5G,2025-03-31 09:50:32.945422,"81.69923903032898,-24.90987325675036",reboot,True
H3LF1RTE71,8140928631,ZCTJM,Windows,True,LTE,2025-04-03 09:50:32.945446,"15.744676028456325,67.4205464456576",SIM switch,True
H8H0ND72IC,8495777295,QCZZH,Windows,False,5G,2025-04-10 09:50:32.945463,"25.35329394625319,159.4507296904627",battery drain,False
NGRFWVIWT8,0671084648,VFCBS,iOS,True,WiFi,2025-04-13 09:50:32.945477,"-81.06745820672238,-93.2160653624658",SIM switch,True
35H268ZRHU,7020047134,TIRXL,Android,True,LTE,2025-04-05 09:50:32.945492,"-62.02087742486104,52.11486047950953",battery drain,False
X89DJ4H2F3,7266652135,PILHX,iOS,False,5G,2025-03-27 09:50:32.945517,"-76.47555032868746,17.63444397242347",reboot,False
U4GWVN1XCV,0683681663,GQDBJ,Android,True,5G,2025-04-03 09:50:32.945537,"72.33955503723863,61.823165286031156",battery drain,False
WZUSBXVOFU,8513667482,MWMUH,iOS,False,WiFi,2025-03-28 09:50:32.945551,"61.10264286038361,-109.94059414325417",SIM switch,True
NPDGYVRKJN,4336324696,JNKJY,iOS,False,5G,2025-03-28 09:50:32.945566,"56.59725437126903,-81.69806753351467",SIM switch,True
4DIMY2SFFT,7022650165,KNHPY,iOS,False,WiFi,2025-04-22 09:50:32.945580,"85.79507567309517,-115.50314888428683",battery drain,True
I4KECFYBRE,8249694000,EFMUT,Windows,False,LTE,2025-03-31 09:50:32.945595,"-36.30204804998085,6.964707432111112",reboot,False
WIOR9YAJ3R,2649858839,BOEWW,Windows,True,5G,2025-04-20 09:50:32.945610,"-70.5945047077075,-60.07302937174079",reboot,True
2Y9AIL713R,9728569644,WRGBB,Windows,True,LTE,2025-04-06 09:50:32.945625,"-69.85666287691112,110.05884324673957",SIM switch,True
H2DD7WX7G5,0678839340,QFMNT,iOS,False,WiFi,2025-04-09 09:50:32.945639,"70.64321522272911,-128.59867541494356",reboot,False
8SJNUVUD8I,9025960465,NYHOC,Windows,False,5G,2025-04-15 09:50:32.945654,"-7.38394189128033,-146.93616391067167",reboot,True
W22Z3WB4YO,0168738431,MORGL,iOS,True,WiFi,2025-04-12 09:50:32.945668,"-83.2049439144257,83.67232463254697",reboot,False
OFYPVCVENI,7793294528,ZLNRZ,iOS,False,5G,2025-04-14 09:50:32.945684,"72.1730365623425,-145.47084396374882",reboot,False
1KGF8XITRB,0428421401,SHVHG,Android,True,5G,2025-04-22 09:50:32.945705,"-9.333207296177576,174.11860578246893",SIM switch,True
O0AN74OIQ7,8606889506,DIDJJ,iOS,False,WiFi,2025-03-27 09:50:32.945726,"-29.704048619162187,108.65950599271576",reboot,False
IQWV58POYN,4851476090,BWKIK,iOS,True,5G,2025-04-09 09:50:32.945741,"-37.4022079722836,-151.707384163016",battery drain,True
6CZ0PAITUM,3156839663,QIDNB,iOS,True,LTE,2025-04-05 09:50:32.945755,"-47.01123227589954,-170.25106960109144",SIM switch,True
YMFSF50O8W,7585482435,HWPHZ,Windows,True,LTE,2025-04-02 09:50:32.945769,"-89.52417945307296,-12.148973036514093",reboot,True
291T6E1SXU,7243169311,ZEWAO,iOS,False,WiFi,2025-04-06 09:50:32.945791,"10.170673491296753,133.06903111479534",reboot,True
B4SOGLBE99,7465850519,PDGCK,iOS,True,WiFi,2025-03-29 09:50:32.945808,"17.46286220498982,-52.61280448200915",SIM switch,False
ZF09Q22EQR,6056880628,VLKZX,iOS,False,LTE,2025-03-26 09:50:32.945822,"3.3630507089870747,132.8381094382537",battery drain,True
YA3KMXZNNQ,0765941847,WTPXE,iOS,False,WiFi,2025-03-30 09:50:32.945837,"22.4245703557133,-84.60517204067237",battery drain,True
1Q2WKAKKGA,5626476858,UHZBC,Android,False,LTE,2025-04-17 09:50:32.945851,"29.03728422804282,-87.02832224823266",battery drain,True
EZL6I0R2HE,9000778016,UPJTW,Android,True,WiFi,2025-03-25 09:50:32.945865,"56.386068534127475,74.6818082554407",reboot,False
2HDUOTWBGS,7422966636,GBAMY,Android,True,5G,2025-03-30 09:50:32.945879,"33.78935827212281,119.4527478853658",battery drain,True
24C07RHF95,5468549838,HWCME,iOS,False,LTE,2025-04-17 09:50:32.945902,"-67.78066781560958,-25.854886854058094",reboot,True
PW7NOGI3MD,3856087585,KHVAA,Windows,False,LTE,2025-04-13 09:50:32.945919,"19.4713835531725,146.85899381637148",reboot,False
JS5M1XC452,7336229656,QRSNK,Android,True,WiFi,2025-04-11 09:50:32.945933,"0.9685753209726329,88.83608934556133",reboot,True
DGZ4PVV2LV,1014167029,OGFRV,iOS,True,LTE,2025-03-30 09:50:32.945948,"-57.65053330495112,-43.71006570134682",reboot,True
YBUW4N6PPC,1858980479,GXNOF,Windows,False,WiFi,2025-03-29 09:50:32.945962,"-30.782516313943802,-177.62936844947862",battery drain,False
1D88Z51GT7,6170050511,JKJPM,iOS,False,LTE,2025-04-13 09:50:32.945985,"65.51805909210049,61.860245868568",SIM switch,True
AGEUEATU7F,6927771661,PTNEM,Android,True,5G,2025-04-12 09:50:32.946000,"62.73145141380522,20.18186599957704",reboot,False
NF3CRX5GMD,9090295099,MXKHP,Android,True,WiFi,2025-04-03 09:50:32.946014,"-52.08259728981276,-107.85902790809901",reboot,False
GJHIIISV6P,3241598166,ZUNFP,Windows,True,LTE,2025-04-01 09:50:32.946029,"20.504939144107595,37.20554967334874",reboot,True
OZGFA45E3S,5795134115,JSCBL,Windows,False,LTE,2025-03-29 09:50:32.946043,"-9.274745674696675,-56.313082279834035",SIM switch,True
O7HURAQKR0,0713522609,OLOXY,Windows,False,WiFi,2025-03-31 09:50:32.946066,"7.325470459680659,-126.8288430001069",SIM switch,False
3SG8I8WEAK,6974176055,MBLCY,iOS,True,WiFi,2025-03-26 09:50:32.946082,"19.347643016376438,81.58462106961929",battery drain,True
MCPFTXRX08,6696110188,UVGIJ,Windows,False,LTE,2025-04-06 09:50:32.946096,"-42.325820624974135,-81.53213229800112",reboot,False
IP04K8275D,6403413893,QIVOH,Android,True,WiFi,2025-03-28 09:50:32.946110,"61.044779940721526,-172.74216581787584",SIM switch,False
BOBCGSYSKR,6890845952,ADTEF,Android,True,LTE,2025-04-21 09:50:32.946124,"21.667736225792794,-97.22833941612716",reboot,False
MTRE8ACYSA,1611983180,BSKKE,Android,False,LTE,2025-04-09 09:50:32.946147,"-44.25264915530439,42.8193369535671",battery drain,False
BWQX4YPQCD,2336940324,HUHNO,Windows,True,LTE,2025-04-09 09:50:32.946161,"45.553032083245654,46.77000478149793",SIM switch,False
BC2BQW7M21,1345968959,UCMYT,iOS,True,LTE,2025-04-23 09:50:32.946175,"44.28650839396539,-49.57731893440888",battery drain,False
LT2TKRBALM,4195436094,BDBZT,Windows,False,5G,2025-03-31 09:50:32.946189,"56.19279972548952,-135.66382223950674",reboot,False
0ZZGL2LEEQ,8772089635,PKQGH,Windows,False,LTE,2025-04-19 09:50:32.946204,"49.34888185840097,111.56833111463578",SIM switch,True
CRMR311UPV,3776195826,AMOSE,Android,False,WiFi,2025-04-20 09:50:32.946225,"-34.554690311306786,35.658432536435214",reboot,False
DYAAQN4COV,7870966541,FXPGN,iOS,False,WiFi,2025-03-25 09:50:32.946250,"-2.4725274979514467,-5.934574901026053",battery drain,False
TSVZAPLIOH,9664622237,AHJUP,iOS,False,5G,2025-04-04 09:50:32.946273,"-14.190324480529696,99.95034893357223",reboot,False
HYJC0IYANM,6889451109,FDWHK,iOS,False,LTE,2025-04-02 09:50:32.946297,"-41.63792885493977,45.83062677179066",battery drain,True
7LNLYWL0OM,9262757145,DQHJJ,iOS,False,5G,2025-04-02 09:50:32.946321,"49.43334142799307,56.65500913371383",SIM switch,True
CNVH1RRTR0,3827451299,GWIFZ,Windows,False,5G,2025-04-01 09:50:32.946337,"31.895106363358295,43.55371439994451",battery drain,True
HA3UIP8BRG,0019218610,NONAB,iOS,True,LTE,2025-04-11 09:50:32.946352,"52.70534320139339,-158.16972622772235",battery drain,False
2GY81X10GS,4138203273,SXBWA,iOS,False,LTE,2025-03-26 09:50:32.946366,"-65.96347592377451,170.53320699559242",SIM switch,False
ALKTHN7BFC,1265383108,ODQGO,iOS,False,5G,2025-04-02 09:50:32.946380,"-59.47640757773246,-140.62545996618363",SIM switch,True
U9CEDPG07N,6131657634,QQPQE,Windows,True,WiFi,2025-04-08 09:50:32.946395,"-15.46937802406218,140.82615827355045",battery drain,True
RBCHIJW20L,4029068253,NDJRI,Android,True,5G,2025-04-17 09:50:32.946410,"63.13056721683475,52.998867397439625",SIM switch,False
8G8TTGH99C,4099046774,XOJDS,Android,False,WiFi,2025-03-28 09:50:32.946424,"5.953482060130142,-155.87136206126507",battery drain,False
XX1L080OJP,0733042774,QRKEG,Windows,True,5G,2025-04-08 09:50:32.946443,"-89.20362409865747,-45.24964096515052",reboot,False
BXRN5531IM,2200724394,ZNFEW,Android,True,LTE,2025-04-06 09:50:32.946467,"-77.27313608652862,-35.303966972797184",battery drain,True
L5M9PHP82V,6747657218,JASLS,Android,False,LTE,2025-04-14 09:50:32.946488,"80.6515245993674,25.41233247614042",reboot,False
F85MH2LYYY,0874760826,UISZR,Windows,True,WiFi,2025-03-29 09:50:32.946512,"-19.07329881028855,105.28233516428634",SIM switch,True
8GMHHRT2ZG,2147439437,KZVVG,Android,True,LTE,2025-03-27 09:50:32.946537,"-1.442902950313993,-163.4899676514514",reboot,True
4B0ICKOR46,5191664027,LNJMU,Windows,True,WiFi,2025-04-21 09:50:32.946553,"73.11370954868536,-150.5149545746317",battery drain,False
4689QA9API,7867530752,WYOQU,iOS,False,WiFi,2025-04-13 09:50:32.946568,"74.22566647243337,17.096436700517046",battery drain,True
EPYMH0Z7C4,1093416846,JLXUR,iOS,False,WiFi,2025-04-05 09:50:32.946588,"75.52245452203957,-133.67445323874855",reboot,False
KSDKPLSJIG,5101766592,FLLSZ,Android,True,5G,2025-03-28 09:50:32.946614,"-15.986443225154545,-36.68542619650637",battery drain,True
QSNIVC7DBX,7956816804,VIBFL,iOS,True,WiFi,2025-04-21 09:50:32.946636,"-76.50302649392236,-140.8912242959501",battery drain,True
3JV36YMB6H,1123195162,ASHLV,Windows,True,LTE,2025-04-05 09:50:32.946651,"-84.12488919963813,-94.7159818039845",battery drain,True
75SVUJK7HF,6286936399,MPVQL,iOS,True,LTE,2025-04-05 09:50:32.946666,"-77.67707401024164,-132.21048745596244",reboot,True
YIAVUNOA35,7142814631,KRGCU,iOS,True,WiFi,2025-04-16 09:50:32.946680,"32.54612299914348,-91.76519473872428",reboot,False
72CD77P44A,0310935683,NIIUG,Windows,False,LTE,2025-03-26 09:50:32.946694,"35.6819848055662,-177.78128679400345",reboot,True
7WEREXGXQO,1056072581,BYZEF,iOS,False,LTE,2025-04-21 09:50:32.946709,"56.23832483340425,-54.84196679148563",battery drain,False
WRNBTT4J7P,8944731265,MMRSH,iOS,True,5G,2025-04-22 09:50:32.946723,"-81.03117606389806,158.77753947365233",SIM switch,False
9AVQSX74D0,1001618705,TCYQQ,iOS,True,5G,2025-04-12 09:50:32.946737,"-85.98522804325044,145.70578607107257",battery drain,True
W4538QBZ7W,1891708978,CPJJA,iOS,False,LTE,2025-04-07 09:50:32.946752,"78.99210518147234,-35.03614714044119",SIM switch,False
5BND12N6NX,8944398168,TWKYI,Android,False,5G,2025-04-20 09:50:32.946770,"51.49131948627772,144.8673169766119",SIM switch,True
ZGD841PS26,7631648889,ZTCIO,Windows,False,LTE,2025-04-15 09:50:32.946794,"23.364277121912735,85.02157936277905",SIM switch,True
ZDD2BTR1LX,7035625652,SPPRR,Windows,True,5G,2025-04-11 09:50:32.946812,"-43.46553138295379,23.43706575109462",battery drain,True
GMYU5P9GCX,3338666613,YGHSD,iOS,True,LTE,2025-04-12 09:50:32.946826,"-35.146179829063634,149.3183542376549",reboot,False
JL06HRI8HE,8172633180,IVJLP,Android,False,WiFi,2025-04-08 09:50:32.946840,"55.782821579195314,-146.88140374194225",battery drain,False
1TE0U3VEXW,7925541888,CZQNU,Windows,False,WiFi,2025-04-14 09:50:32.946862,"-66.93052946517209,-23.63528042518348",reboot,False
T66L2ISZRF,4278406322,ZJEHK,iOS,True,5G,2025-03-30 09:50:32.946878,"76.1692465529826,-66.20187913937086",reboot,False
MUK2OPU5H0,0534265907,QZCVT,Windows,False,WiFi,2025-04-12 09:50:32.946893,"48.68695904711757,78.93281050801727",reboot,False
4Z93G4CM07,7612362777,NCUAK,Windows,True,5G,2025-03-28 09:50:32.946907,"-66.37086114577528,-144.89165460631926",SIM switch,False
15UOWMHC39,5757938468,CVLFF,Android,True,WiFi,2025-04-19 09:50:32.946921,"-60.08168454322474,-114.15119096152581",battery drain,True
4I2WZJKJQV,0126887375,HHFAZ,Windows,True,LTE,2025-04-05 09:50:32.946936,"52.55401513833303,139.20223521634443",reboot,True
MP5ZTSX41N,1021139151,RNQAV,iOS,False,5G,2025-03-28 09:50:32.946950,"46.7810033536023,31.8639828145034",SIM switch,True
Q48QJ42XEJ,1757710755,BSOLI,Windows,False,5G,2025-03-30 09:50:32.946972,"-36.77558936786281,154.02602707333244",battery drain,False
7DN280OR89,2719007306,EGESO,Windows,False,WiFi,2025-04-08 09:50:32.946990,"67.27789930831946,51.43913861064553",reboot,False
509RZAYMLH,8337016083,VQKQI,Android,False,LTE,2025-03-25 09:50:32.947004,"-53.31919881243654,-25.52449415960274",reboot,True
3Q65OJ9NO0,7751191568,FAYHX,Windows,True,WiFi,2025-04-17 09:50:32.947018,"-2.3039879702580635,-144.52974163826838",reboot,True
D8PTVBCI2R,1530322013,MLHCC,iOS,True,WiFi,2025-04-08 09:50:32.947032,"42.700581341074724,-114.80231882578838",SIM switch,True
HESMFHSM54,9781209052,AZAAZ,iOS,False,WiFi,2025-04-06 09:50:32.947055,"-16.296796546978584,177.57003403180482",reboot,True
DJM4FQDKI6,9864999940,OTIIA,Android,True,LTE,2025-04-19 09:50:32.947072,"-80.4815511241341,161.11938881862608",battery drain,False
NFV9ZJT9TS,4555663717,SACIY,Android,False,5G,2025-04-01 09:50:32.947086,"-52.80199565242315,169.58348900731744",reboot,False
P4JOR44MEV,7216553472,ZJHPP,iOS,True,WiFi,2025-04-15 09:50:32.947101,"-35.980613135620075,-116.88411214027401",reboot,True
6A0WJ2T5KL,4124493283,BTBNY,Windows,True,5G,2025-04-21 09:50:32.947115,"3.3260496099729124,70.45187623462633",SIM switch,False
MJAKIF3CDH,4380100892,XXXWL,Windows,False,WiFi,2025-04-08 09:50:32.947137,"-39.96427830245738,90.45011230339423",battery drain,False
0JE2QCMDTR,6216087721,TSVBW,iOS,True,WiFi,2025-04-06 09:50:32.947152,"-29.891860886663835,-24.127992878723234",battery drain,True
OW41YEY5ZV,7824500332,KBPZK,iOS,True,5G,2025-04-01 09:50:32.947166,"-37.741805846087864,69.62716987441456",reboot,False
O6270U9W2Y,7257340945,CFKWL,iOS,True,WiFi,2025-04-12 09:50:32.947180,"41.66050727116752,-142.4388203846063",SIM switch,False
2NBP1D74BT,3370221060,CVJRI,iOS,True,5G,2025-04-21 09:50:32.947194,"-12.750929128776008,-91.47743011621581",SIM switch,False
DB3ZU7IBSP,8047399681,CCOLY,Windows,True,LTE,2025-04-16 09:50:32.947215,"44.24642401458922,2.5214488187564825",reboot,False
WE2LAST1XN,5986774622,ZEFKS,Windows,True,LTE,2025-04-17 09:50:32.947231,"75.3399983159619,139.32819121261429",SIM switch,True
2SL2CN70RE,1564249151,JQDWJ,Windows,False,5G,2025-04-05 09:50:32.947245,"89.45146750053763,177.19550206791558",SIM switch,False
4E2ZV12ANW,5639840068,LDOAE,Windows,True,5G,2025-04-17 09:50:32.947260,"53.26031580312656,-41.82424545752053",battery drain,True
QXZRCQOCAA,3190717165,VJWHN,iOS,True,LTE,2025-04-01 09:50:32.947274,"47.48892856231686,-98.94808111679059",reboot,False
NA91HMHA9S,7614492189,LFDDT,Android,False,WiFi,2025-04-13 09:50:32.947295,"35.73320338190618,-3.3968144307483783",battery drain,False
18L4XWX09G,2433546097,TENTT,iOS,True,WiFi,2025-04-04 09:50:32.947316,"-19.973765374447567,124.46953444621346",reboot,True
O8Y5SW0M3A,4469509585,ATKHI,Android,False,5G,2025-03-27 09:50:32.947339,"-38.195611407524474,-105.84647986857749",reboot,True
E8F3A436R9,6154045843,DJDBL,iOS,False,5G,2025-04-03 09:50:32.947354,"-53.868258101261006,-78.60537454279263",SIM switch,False
04K2559V6D,9435926724,UKRIM,Windows,False,WiFi,2025-04-12 09:50:32.947374,"-10.894104975145183,175.36965098945427",battery drain,False
EBJKEWJ2QI,1349179036,FFYTG,Android,True,LTE,2025-03-31 09:50:32.947394,"44.653691074785115,-46.07370489187767",battery drain,False
2B1B8UMBIR,4269616432,VFGVI,Android,True,WiFi,2025-04-12 09:50:32.947409,"76.5869408636519,175.8121315376298",reboot,True
KUYP3JXAR9,8212010512,RMYRN,iOS,True,WiFi,2025-04-04 09:50:32.947423,"5.35274840217626,59.1022033358112",SIM switch,False
V3JAYZ8BQ6,0022006350,AWBTX,iOS,True,WiFi,2025-03-30 09:50:32.947438,"28.206627013147013,-62.66067515953662",battery drain,True
Z9AUZT8HUD,9375485353,BHZTG,Windows,True,WiFi,2025-04-16 09:50:32.947456,"-51.5086383791433,37.23753068032158",reboot,False
WK53LVQM04,2361130260,NLGEY,Android,False,LTE,2025-04-23 09:50:32.947475,"-41.8198751059593,-163.12101628925856",reboot,True
RZ5OTD4SNR,0254706911,NVBVN,Windows,False,WiFi,2025-03-26 09:50:32.947490,"1.8076650557060105,-96.57814294379897",reboot,False
5560BCWJSR,0047734528,TANFT,iOS,True,WiFi,2025-04-02 09:50:32.947514,"33.54301662740535,119.3979365246368",reboot,True
4EGCAWKT9U,6122042832,CSKJJ,Windows,False,WiFi,2025-04-06 09:50:32.947537,"58.33380107648267,132.8376988318247",reboot,True
ZFOBBY5MS8,7145691562,ZKHZV,Windows,True,5G,2025-04-02 09:50:32.947555,"-17.143005932143794,-17.634016997226354",battery drain,False
V64QHY42RX,3149011793,BHPLY,Android,True,WiFi,2025-04-10 09:50:32.947570,"-33.6968892143477,-69.64127153720928",SIM switch,True
3XWVTFMW9U,5563891411,NFQFU,iOS,True,WiFi,2025-04-22 09:50:32.947585,"32.95138131725619,100.25753327703711",reboot,False
DRBO1RDZ2F,0578415051,ISDHS,Windows,False,LTE,2025-04-01 09:50:32.947606,"-47.56139563816322,-49.77198595560267",battery drain,True
NJECEWWWNW,3342038874,OZEWW,iOS,True,WiFi,2025-04-04 09:50:32.947624,"-55.43133453235519,13.376161261491148",reboot,True
34SDAD9US6,2939389508,KHIZM,iOS,True,WiFi,2025-04-21 09:50:32.947639,"-53.07852715390459,-38.032600568133546",reboot,False
1I81V9ZBUX,4376728805,SDPGC,iOS,False,5G,2025-03-26 09:50:32.947653,"-3.892406310346587,146.40055984943672",battery drain,False
4VLN93Z844,7695424103,BJDSW,Windows,False,LTE,2025-03-31 09:50:32.947667,"-70.07993173572738,43.55144164898704",battery drain,False
ITKGJLZXI3,1196445940,YBEMY,iOS,False,5G,2025-04-05 09:50:32.947687,"-31.66479619679226,-33.72349560259403",battery drain,True
N3B6BXAEUU,1766155574,YJEDJ,Android,True,5G,2025-04-08 09:50:32.947710,"83.32097790297951,-168.62722746195516",reboot,False
MC3C1J7LMP,5599835491,VAKFG,iOS,False,WiFi,2025-04-01 09:50:32.947726,"-21.408956934874254,70.79225017934945",battery drain,False
7YTGUIF01N,1580993857,NMKDF,Windows,False,LTE,2025-04-18 09:50:32.947741,"-48.9691679354858,-5.054652214292901",SIM switch,True
ZEAWAM80F6,1876202870,MNGBS,iOS,True,5G,2025-03-29 09:50:32.947755,"-72.34698503611025,-108.55461287603241",reboot,False
7FZ38WERN1,6082654877,XAUPG,Android,False,5G,2025-04-23 09:50:32.947769,"-76.53660196074574,61.74991592084362",SIM switch,False
21PAJ04IUR,0439681233,GMEOJ,Windows,True,WiFi,2025-04-06 09:50:32.947784,"-56.31977241932819,-153.53646967612903",battery drain,True
UZ7CS9YGDG,1709714339,LDUXM,Android,False,5G,2025-04-08 09:50:32.947798,"53.897950141153075,173.48861518681895",reboot,False
H74F0S6KZR,1335009841,ZZQBC,Android,True,LTE,2025-04-01 09:50:32.947812,"-63.41430929731527,-48.18926738118398",battery drain,True
FBNAM1COGP,5746120017,CMMLR,iOS,True,WiFi,2025-04-18 09:50:32.947826,"53.002730771389594,-179.88976072337198",reboot,False
GGYZ8QS5XJ,7601842640,CWGCH,Android,False,WiFi,2025-04-18 09:50:32.947842,"-74.95780435272076,-22.93256881061353",battery drain,True
4R3Y34SVYM,3993238587,GVEIZ,Windows,True,5G,2025-04-03 09:50:32.947857,"31.281926788379238,10.755852074792728",SIM switch,False
VVZD9PKMQ0,4288680809,ZYUGI,Windows,False,WiFi,2025-04-10 09:50:32.947872,"8.824984012036055,-14.122983612587461",SIM switch,True
X1ZGDMERA4,2088845869,VMGWE,Windows,True,5G,2025-03-26 09:50:32.947890,"37.77224393534351,-73.13960418974749",battery drain,True
O7E72ZXQV8,0018843042,FKERC,iOS,False,WiFi,2025-04-22 09:50:32.947910,"-83.42507887197738,-36.07465634042569",reboot,False
JCOLAE8SNF,0744267579,IIZTH,iOS,True,WiFi,2025-03-31 09:50:32.947924,"66.85742068781221,-99.48056039569964",SIM switch,True
ISN1R254D2,6674183178,FLTEA,Windows,False,LTE,2025-03-28 09:50:32.947940,"-59.44012168743766,3.0915453352208146",reboot,True
5BPTLIV3QV,9321642893,PPRFC,Windows,True,5G,2025-04-04 09:50:32.947954,"-0.9610690982317749,156.94524571847535",SIM switch,True
FCE75JN0E8,3556556387,NPYCG,Android,False,LTE,2025-04-04 09:50:32.947969,"26.49792909817708,7.566361415070048",battery drain,False
DTJ0D9C9HD,6475633080,MWWFS,iOS,False,LTE,2025-04-23 09:50:32.947983,"-65.54803107747954,72.33788318908205",reboot,False
4NVS9JQRKY,6275284116,KVLSI,Windows,False,5G,2025-04-16 09:50:32.947997,"39.024325452613425,-9.831030248543954",reboot,True
QK5GFEA4VH,4476854093,FIPUE,Android,False,LTE,2025-04-20 09:50:32.948012,"57.63141443256865,-99.33944833695791",SIM switch,True
JJ8L7RI98Q,9419448903,VHGTB,Windows,False,WiFi,2025-04-18 09:50:32.948031,"-13.138941842543034,-133.30426335560608",battery drain,True
XCPJ0IS8LA,7936347490,PVHNP,Android,True,WiFi,2025-04-09 09:50:32.948049,"67.40026959384778,-11.290514580568413",SIM switch,True
MN9DMA0QZS,6398699702,XDAOS,Windows,False,5G,2025-04-04 09:50:32.948064,"-49.13542537237951,-92.65673836145359",battery drain,False
F0M01COKRS,9627845141,LZRSX,iOS,True,WiFi,2025-03-25 09:50:32.948077,"-71.6126473004447,146.78347885442355",reboot,False
20JRJRDUKM,1678513749,KWSWD,Windows,False,5G,2025-04-19 09:50:32.948092,"-41.38943253139099,138.19925026837382",reboot,False
IHZ1KO723V,1170984898,CEDAL,Windows,True,5G,2025-04-19 09:50:32.948113,"-36.00730188032947,-83.82623688377228",reboot,True
V761F9RCEQ,0044036652,FBMBS,iOS,False,LTE,2025-04-09 09:50:32.948130,"78.81743473598732,-146.45706252471933",battery drain,True
3IKN8UB7FK,1052941211,YQJPX,Windows,True,LTE,2025-04-15 09:50:32.948144,"-83.16203589018619,-124.11443735914753",SIM switch,False
PQC9XQ4CNN,7215398287,LIKFM,Windows,False,5G,2025-03-29 09:50:32.948158,"42.68506080659705,-76.47966760523636",battery drain,False
9THZ1032Y2,7234021746,LSLCG,iOS,True,5G,2025-04-22 09:50:32.948191,"-9.608087944462866,146.4659771893585",SIM switch,True
CKYW4TU0WB,7517674235,YSWBZ,Windows,False,WiFi,2025-04-10 09:50:32.948211,"72.39109054255937,70.56017243589736",reboot,False
CQC0CL4ZV6,1907469850,YSWWQ,Windows,False,LTE,2025-03-28 09:50:32.948225,"30.135199984899785,90.30769132018946",reboot,True
BLKARLFONY,6610943324,FKPPH,Android,False,5G,2025-04-18 09:50:32.948239,"20.441858413362212,67.13173170676467",SIM switch,True
GJER6YEL2B,7568370369,GINAX,iOS,False,WiFi,2025-04-17 09:50:32.948254,"-13.786665250115675,-101.7091130875146",SIM switch,False
EZ5CYTNYTV,8088804620,WRHFH,Android,True,WiFi,2025-04-23 09:50:32.948274,"75.59225534459287,85.49308621296734",SIM switch,True
1BH1EVLO3Q,0742260524,GLETG,Android,True,LTE,2025-04-01 09:50:32.948294,"27.840755397449186,-65.96502473420091",battery drain,True
34U3YBP14G,6624796045,GRDGK,Windows,False,LTE,2025-04-08 09:50:32.948309,"-80.08874552120406,-155.92282986657975",reboot,True
9TAVPU85AZ,4641154049,SMNXN,Android,True,WiFi,2025-04-14 09:50:32.948323,"-40.5834111382111,-91.61873023335063",reboot,True
VL1V0030QS,5556325455,ERNZD,Android,False,5G,2025-04-13 09:50:32.948337,"-86.27852538636074,127.5071400268572",battery drain,False
H93AAJ6SG0,8066714298,TLOJH,Android,False,5G,2025-04-18 09:50:32.948357,"-1.2849386200980035,-134.19032806492288",battery drain,False
2H21QIQAWA,5864706962,TXEUY,Windows,False,5G,2025-04-10 09:50:32.948375,"82.15267275512778,89.16880205259906",battery drain,True
KGW0NNKHNJ,8093575673,ZLQEJ,Windows,True,5G,2025-03-25 09:50:32.948390,"-70.76205021443138,-68.40932353253984",battery drain,False
2UAZYJ4HY0,0094066426,YFEHS,Windows,False,5G,2025-04-21 09:50:32.948405,"54.1011452665077,15.553557399505848",battery drain,True
VHE0SLZ56D,1304032675,JYGWD,iOS,True,LTE,2025-04-09 09:50:32.948420,"64.12739583508866,-129.04853672777145",SIM switch,True
53ZLBVTUC0,7100867190,CAAXH,iOS,False,LTE,2025-04-19 09:50:32.948440,"-48.2270860681555,129.4971243038393",SIM switch,True
8C6V61T45O,0307463627,WEALE,Android,True,WiFi,2025-04-01 09:50:32.948464,"9.171549653438177,-94.41490729378057",reboot,True
ONR6K1R5NY,5674585541,EUTKI,iOS,True,5G,2025-04-16 09:50:32.948487,"-85.64430909707072,178.9184116734013",battery drain,False
UEK2X58VR1,9159368293,QGCBC,Android,True,5G,2025-04-15 09:50:32.948502,"72.73641532565495,-164.1219041480594",SIM switch,False
EM4OW6LHLF,7744262204,TQSMV,Windows,False,LTE,2025-04-06 09:50:32.948521,"54.04314428471994,112.03647320377934",SIM switch,True
LPGQUJQDYZ,7239927211,MDVNG,Android,False,5G,2025-04-01 09:50:32.948540,"74.54746134304378,-55.988332758899276",SIM switch,True
4JUDLYD3SS,7971912505,SUFXO,Windows,True,LTE,2025-04-17 09:50:32.948555,"49.36708081746619,-5.577929747357075",reboot,False
Q8TDD814R5,4869586821,AIOVT,Windows,True,WiFi,2025-04-13 09:50:32.948569,"41.03730592814662,153.7329727179602",SIM switch,False
V0108OKTGK,4262433163,MIFWI,Android,False,LTE,2025-04-10 09:50:32.948584,"77.04435778027843,132.32730490397245",battery drain,True
K0YYI4IYM7,8307504537,FHBSC,Android,False,5G,2025-04-17 09:50:32.948603,"66.97738746257,-89.79008049326043",battery drain,False
91NORQSWLW,8175828213,DJRUP,iOS,False,5G,2025-04-13 09:50:32.948621,"18.489591554987797,22.151464144168983",SIM switch,True
K430UUIQ3D,2232567255,RWTMX,Android,True,WiFi,2025-04-17 09:50:32.948635,"56.62098166546244,-86.01881958430607",SIM switch,True
4PR57LETTE,3038404650,LTKCP,Windows,True,LTE,2025-04-01 09:50:32.948658,"26.378178214624796,54.327441548705025",SIM switch,False
OC0FLYHC9O,8384957852,FJSPT,Android,False,LTE,2025-04-01 09:50:32.948683,"59.47788092316415,30.426824727768576",SIM switch,True
VSK0DHP5AW,5565024098,YFTRJ,Windows,True,WiFi,2025-04-03 09:50:32.948705,"-16.8437563927081,39.174969025530544",SIM switch,False
DC4LYWE3SR,5222610160,EMQRK,iOS,False,5G,2025-04-15 09:50:32.948719,"68.67433195765099,134.16056007193026",SIM switch,False
I4GLIX8LRB,2384198240,YCDIN,iOS,True,LTE,2025-04-07 09:50:32.948734,"-87.46421207742935,-60.923708462565685",SIM switch,False
UTNTX6KLMT,5330837641,GDUWR,Windows,True,WiFi,2025-04-15 09:50:32.948748,"60.01947521183902,147.43269923515237",reboot,True
4Q93BM9J2F,3758408867,YRNFE,iOS,False,LTE,2025-04-17 09:50:32.948771,"54.733548763302224,15.324410340082153",SIM switch,False
0OONQCH1JR,9201311672,BPXIQ,Windows,True,5G,2025-03-27 09:50:32.948793,"69.95673740777576,126.80973764820976",battery drain,True
CWMGC4F325,5373152037,KFMEG,Windows,True,WiFi,2025-04-12 09:50:32.948807,"54.19958827612547,-16.93303625427768",reboot,False
3JS2UPEU1P,9760980842,YQASQ,Windows,True,LTE,2025-04-19 09:50:32.948821,"55.38161863909153,-131.646681292765",SIM switch,True
CI24BNEEPM,1042095387,CQYXN,Android,False,5G,2025-04-13 09:50:32.948835,"-41.21461650348254,143.3690294429755",reboot,False
N6LJXTJWSK,9686007548,YNWMU,iOS,False,5G,2025-03-26 09:50:32.948849,"49.32849693900522,-23.280160351160987",battery drain,False
ZAVI3NAAFF,5641531719,MDXMK,iOS,False,5G,2025-04-09 09:50:32.948864,"33.24492188200453,90.74721585169624",battery drain,False
WNX4AFTNZH,1110718988,PAMEB,Android,False,LTE,2025-04-06 09:50:32.948879,"-34.758357398333374,-84.95025066822339",SIM switch,False
0JI33CABYO,8818987055,YUEHU,Android,True,WiFi,2025-04-21 09:50:32.948893,"44.010501152174584,17.559235274797373",SIM switch,True
MFLOJTMUVP,0657254761,CCOUK,Windows,False,LTE,2025-04-16 09:50:32.948907,"-29.274919666733084,109.23238180927547",reboot,False
L7GLIF1PC2,0179461967,ITSKV,Android,True,5G,2025-03-28 09:50:32.948922,"-79.27707601234857,134.98084395261918",battery drain,False
OUK9AROZOD,4893686603,DWXKN,iOS,False,5G,2025-04-12 09:50:32.948943,"-78.06173844842121,-3.03287807143505",SIM switch,True
HBLZ9SQPIB,9182527741,NHXVR,Windows,False,LTE,2025-04-10 09:50:32.948966,"-64.86337430011048,147.7973212412005",battery drain,False
O2PA1PXWKN,8160626310,XNXLQ,Windows,True,5G,2025-04-21 09:50:32.948987,"-44.14697691374294,-176.47489666915757",SIM switch,True
FZDS881FUU,2614344864,WLLWR,Android,False,5G,2025-04-14 09:50:32.949008,"-71.54421964823416,49.71844098079154",reboot,True
0MC7T8VPEA,3503689829,JTEAY,iOS,False,LTE,2025-04-09 09:50:32.949023,"10.9257336644786,-167.08824422653964",SIM switch,False
D5STALP6ZS,3737648817,AXIUZ,Windows,True,5G,2025-04-08 09:50:32.949038,"-65.73564841059289,-132.2459570462817",SIM switch,True
6IKFQG3UWM,9090176505,BGQPA,Windows,True,WiFi,2025-04-16 09:50:32.949057,"-64.49061895902854,-139.6449467665999",SIM switch,True
ZBFYLAXWJI,7225445090,TLXZD,iOS,False,5G,2025-04-05 09:50:32.949076,"-4.781486015572938,158.4647532242053",reboot,False
JLUAJSKCAZ,6951421212,EUQJI,Android,False,5G,2025-04-18 09:50:32.949090,"20.470910151033337,-33.95008462196063",reboot,False
KFZTN18KSX,2010983852,UKKWB,Windows,True,LTE,2025-04-22 09:50:32.949104,"-47.290893588389096,82.47071299667135",battery drain,False
LP6R42DEMM,6953504317,UKKID,iOS,True,5G,2025-04-14 09:50:32.949119,"-89.22323289121704,-87.15469542027603",reboot,True
SAQEFPIUY8,7231031357,XCIEA,Windows,False,LTE,2025-04-22 09:50:32.949140,"-15.98160140994824,94.21815463005129",reboot,False
CIZFX1BEBC,7590078310,WYJOA,iOS,True,WiFi,2025-04-01 09:50:32.949157,"-39.42858475747285,9.940630077874914",reboot,True
TCY5MQSGN3,9978958109,CYYUA,Windows,True,5G,2025-04-07 09:50:32.949172,"77.0283776803121,58.31941508653108",battery drain,False
5PD23C8G8Q,7656931783,PIAIN,iOS,False,WiFi,2025-04-16 09:50:32.949186,"2.461987137607437,5.773767162239466",SIM switch,False
HB1KVWDLSL,6262758486,CGLSB,Windows,True,WiFi,2025-04-13 09:50:32.949200,"37.33833681535707,169.44472968955324",SIM switch,True
0SD3PLOVT6,2838106299,NOPBK,Windows,False,LTE,2025-04-01 09:50:32.949222,"-4.087421608432038,34.78282120900337",reboot,True
JL8VYFQUV4,4469223721,OHGZD,Windows,False,WiFi,2025-04-14 09:50:32.949238,"26.042760539290285,-78.29768061335938",reboot,True
EJT9QXRV0Y,4170417186,AZVRD,Android,True,LTE,2025-04-07 09:50:32.949262,"24.66551015414423,4.16309377584048",reboot,False
EXDAH7YCPX,9423730316,HIQUC,Windows,True,5G,2025-04-02 09:50:32.949278,"63.77784222495711,174.7388480242778",reboot,True
N4LF3AR9P7,9450706391,XDDCO,Windows,True,WiFi,2025-03-31 09:50:32.949297,"-5.020147148585636,67.03183831630673",battery drain,True
QULI72QU88,8935884053,HTDMY,Windows,False,WiFi,2025-04-23 09:50:32.949317,"-42.00949475246459,-99.26152018626554",battery drain,True
JWF9B0H210,0831773170,QPGWV,Windows,True,5G,2025-04-06 09:50:32.949332,"31.8312073007759,-135.7089604408636",SIM switch,False
OJBZGBSOMN,7067181552,UAVTN,Windows,True,5G,2025-03-31 09:50:32.949346,"-9.129319007559104,-175.50831649124945",battery drain,False
89OUO4P9K2,8556690515,OBIZS,iOS,False,LTE,2025-03-26 09:50:32.949360,"-25.608866525131944,-15.225855164323292",battery drain,False
4A1CLKF969,4694949606,ZKGII,Android,True,WiFi,2025-04-07 09:50:32.949376,"-22.046383865465103,43.59360583500862",battery drain,True
XA0O331W4F,1113306301,SJAMJ,Android,False,WiFi,2025-04-20 09:50:32.949397,"-32.41948844566007,-19.98237022114415",battery drain,False
JK51VS07PJ,0236752909,ANENY,iOS,False,LTE,2025-04-06 09:50:32.949411,"25.1472549478423,-107.37837636904399",battery drain,False
JJSCPSEU12,3471183518,ZTRHA,Windows,False,LTE,2025-04-04 09:50:32.949425,"-47.03755617276484,62.09044457752805",reboot,True
PPFAZ3K3HY,7557722861,LMDNB,Windows,True,LTE,2025-04-04 09:50:32.949439,"-46.28859457140799,-93.46594385105499",SIM switch,False
JVUTH8WH2N,6843118503,RIFUB,Android,True,LTE,2025-03-28 09:50:32.949454,"-89.40876678348815,96.81691001150512",battery drain,False
VTH2D6EMC5,0781489891,OGHRU,Android,False,WiFi,2025-04-12 09:50:32.949475,"-12.530866171830127,-47.434046935102515",SIM switch,False
72SFD9OZP2,0995969876,WMGPZ,Android,True,WiFi,2025-04-11 09:50:32.949491,"38.812731631523434,159.08853252095003",battery drain,True
0O05SEXE8R,3215009552,JSIJJ,iOS,False,LTE,2025-04-19 09:50:32.949505,"-52.501214090936756,-134.5172893002552",SIM switch,False
HHQ6P9MIGM,6389173923,QRDTL,Windows,False,LTE,2025-04-07 09:50:32.949519,"-17.909815497120604,36.24050834372639",SIM switch,False
TUAUN88GJP,4124130429,IEEBQ,iOS,False,WiFi,2025-03-26 09:50:32.949540,"-24.571984618130912,51.660092768971",SIM switch,False
J4RJM82KL7,5113928887,ZRNBH,Android,True,WiFi,2025-04-14 09:50:32.949564,"71.59613844362133,112.77020959075219",reboot,True
NTS2UBUR85,8658360172,FMWMH,Android,False,LTE,2025-04-22 09:50:32.949580,"70.0977993200637,-111.7605344308167",SIM switch,True
UHXDJC0B57,3807041655,OKMSV,iOS,False,5G,2025-04-12 09:50:32.949595,"60.80616769179693,134.91878877984374",SIM switch,True
2U6XSRQZRR,7572577920,JZYLU,iOS,True,WiFi,2025-04-09 09:50:32.949609,"-42.160629666469966,86.62340522526671",SIM switch,False
U9KBTTJID1,3327144758,LRHWY,Windows,False,5G,2025-03-27 09:50:32.949624,"39.04872481056256,35.837110637738846",SIM switch,False
0S8VC8BE1F,1076510160,BQTAC,iOS,True,5G,2025-04-01 09:50:32.949639,"88.25182931386047,-138.12392747455252",reboot,True
S9JK65XUHF,0497886572,XGSFZ,iOS,False,LTE,2025-03-25 09:50:32.949653,"-15.580350575509229,178.55160723474745",battery drain,True
U5XG32EZ6K,1930931547,QVREC,Windows,False,WiFi,2025-03-30 09:50:32.949668,"-2.1027081520338555,-70.17221595875927",battery drain,True
0YA9TM0PSZ,9638206335,LXDSR,iOS,False,LTE,2025-04-13 09:50:32.949683,"14.052914703916485,160.6271880405253",SIM switch,True
HXI2PKHDMK,6557858636,UUYHG,Windows,True,LTE,2025-03-25 09:50:32.949697,"-64.20170052932656,50.872425753785734",SIM switch,False
U7Q3L7SYSQ,0825683127,FGFEQ,Windows,True,5G,2025-04-10 09:50:32.949712,"22.21000095813956,-105.80599276235986",reboot,False
4LIZD3JEYL,8112366962,QLDIG,Windows,False,WiFi,2025-04-10 09:50:32.949736,"-50.780049506324,28.939072791874935",battery drain,False
KRMB5QONJK,4614519524,HNWRJ,iOS,True,WiFi,2025-04-05 09:50:32.949755,"-52.27102280027492,69.64189060341556",SIM switch,True
X5GLEIPS0M,9092788760,IWAWS,Android,True,LTE,2025-04-13 09:50:32.949780,"-19.080641821553527,145.34570859067242",reboot,False
FUAJWLT10I,3820369012,KFNJM,Android,True,5G,2025-04-07 09:50:32.949796,"-42.711819335131494,42.89606273185504",battery drain,True
NTREX1Y19T,6402981052,UIBAB,iOS,False,5G,2025-04-17 09:50:32.949810,"-13.497917885674738,-96.98643437596908",battery drain,False
Z9V7KXSIYJ,8461320844,AILXN,Android,False,5G,2025-03-28 09:50:32.949824,"-50.923453926436274,30.324293786717504",reboot,True
VHS91LSVME,8423902647,SPVXE,iOS,False,5G,2025-03-27 09:50:32.949847,"-34.69344109022535,25.4113705533654",reboot,False
HZOWIDA403,9618280750,SSYNQ,iOS,False,LTE,2025-04-01 09:50:32.949867,"-60.04819689242013,-101.42053205777695",reboot,True
MXSQQL6R5H,0713721587,AABHA,Windows,False,WiFi,2025-04-17 09:50:32.949883,"-11.269226120952766,-0.5165520042505989",battery drain,True
BSS4JBKEFE,2207298752,KYITH,Android,False,5G,2025-04-12 09:50:32.949898,"-44.82908814921704,179.2929055675724",reboot,False
KO7F2M1YEI,0772490308,FSOZC,Android,False,WiFi,2025-03-25 09:50:32.949912,"-11.50701257922644,-117.85573642404326",battery drain,False
C76KUPJ3F1,5708322190,EFRBP,Windows,True,LTE,2025-04-20 09:50:32.949926,"13.44116647687109,40.20858884680797",SIM switch,True
STJNU4RHE3,3132909547,WGPUQ,Android,False,WiFi,2025-04-16 09:50:32.949941,"56.53256992267501,-33.62646678528861",reboot,False
1YDZ766P8T,2072237287,RNEBA,Android,False,LTE,2025-04-16 09:50:32.949956,"-20.529187203872723,20.002224085447182",reboot,False
GVB81GLUQK,3287827623,PPUVJ,iOS,False,LTE,2025-04-09 09:50:32.949970,"-28.23578311466857,-72.74733988620207",reboot,True
WHAT23CCJM,2571872991,LUZVF,iOS,False,LTE,2025-04-12 09:50:32.949984,"8.089692615328403,121.31120208377428",battery drain,False
D3TG3UDN9J,8862167232,JESIY,Windows,False,5G,2025-04-21 09:50:32.949999,"-13.918244466701353,-59.536965386114474",SIM switch,True
CDPKDC6Q44,2575465121,DMPHH,Windows,False,5G,2025-04-12 09:50:32.950020,"-18.650755348718207,-112.66692007364844",SIM switch,False
UFZQIPGTJ7,0679209086,MXYPO,iOS,True,WiFi,2025-04-01 09:50:32.950042,"-73.18953056806772,8.03559157884294",battery drain,True
O873L0QOFR,4124211192,TLNMP,iOS,False,LTE,2025-04-03 09:50:32.950057,"-24.939758524123206,1.354296758631932",reboot,True
4TM9IA2F4Y,9434364272,BCMPY,Windows,False,WiFi,2025-04-13 09:50:32.950071,"85.48725766295803,-121.37203112643633",SIM switch,True
GBKQS3BRQ8,9939926477,GENAJ,Android,True,5G,2025-04-22 09:50:32.950085,"-58.40381433062629,14.118549889499064",SIM switch,False
0OW5LLENP5,7535707764,TNHNJ,iOS,True,5G,2025-04-01 09:50:32.950099,"47.130039184784295,-150.3570127215914",SIM switch,False
0DB5T4PB9R,4702323896,OTVWJ,Windows,False,5G,2025-04-13 09:50:32.950118,"78.55993750519215,-83.9050207682032",SIM switch,True
HZHCL5JQ90,4809211363,WZOQA,Windows,False,WiFi,2025-03-27 09:50:32.950141,"-67.89454141919916,-11.045709055357605",reboot,True
BGJFVI9MZE,3401508822,DKWJT,Windows,False,5G,2025-04-23 09:50:32.950159,"33.510156393735286,-116.40132033069243",reboot,True
8613I2Z9Z8,4213267512,ELYYU,Windows,False,5G,2025-04-14 09:50:32.950183,"0.9158833995399931,-166.7357055444304",SIM switch,True
SEMZR0LTEG,3691597269,TSDPA,Windows,True,LTE,2025-04-22 09:50:32.950198,"8.574258517785168,-66.76474022674547",reboot,True
606SJT3LUF,6372326218,UFKPA,iOS,True,WiFi,2025-04-02 09:50:32.950213,"-68.55135556270702,-18.028842814295786",SIM switch,True
6SVDVZQAFV,0488291321,DRDDO,iOS,True,5G,2025-04-09 09:50:32.950227,"34.43276931850964,35.32417619618815",reboot,True
CO65GHUCR3,5868253857,COEIQ,iOS,True,LTE,2025-04-22 09:50:32.950242,"-61.73827766710082,-95.21039707718997",battery drain,True
AGMFN8T3LP,9506760973,SUDJA,iOS,False,5G,2025-04-11 09:50:32.950256,"45.30643574583135,-169.9812114680629",battery drain,True
ZVRVXHGUW0,9351961595,GJMAM,iOS,True,5G,2025-03-26 09:50:32.950270,"-11.7862644184668,-10.611524925017676",reboot,False
2VXRD2JDV1,4218931892,GGSMR,Android,True,WiFi,2025-04-12 09:50:32.950286,"23.129503426349785,-75.6056668116408",SIM switch,True
B7E7RZZUAA,6548003317,VTRUO,iOS,True,5G,2025-03-27 09:50:32.950300,"-52.184437721976224,82.10446801542548",battery drain,False
DCEMERILM6,6397696771,ASRTT,Windows,False,5G,2025-03-26 09:50:32.950315,"-63.55626557338832,179.98061569344975",SIM switch,True
5FM1MYOVEM,4441279781,SESPJ,Android,False,WiFi,2025-04-23 09:50:32.950338,"-15.679288351041848,-15.891428210085621",battery drain,False
NSVFKDE2R6,0684994551,ZEMFT,Android,True,WiFi,2025-03-25 09:50:32.950353,"89.68434504834877,52.105034781850435",SIM switch,False
YJYHEJ3Y4F,6866387731,NGSEK,Android,False,5G,2025-03-27 09:50:32.950367,"29.308810111271583,-113.60279345667523",battery drain,False
MBBW6YVR5Y,0818761460,MVRFA,Windows,False,5G,2025-04-03 09:50:32.950382,"57.08968747343977,-161.43447854427404",battery drain,True
67VWT68WCY,9432758233,NUBZD,iOS,True,WiFi,2025-03-25 09:50:32.950396,"61.276494113977435,-133.43589000994857",SIM switch,True
ZDLXHW0T65,0201590289,DZCDO,Android,True,5G,2025-03-28 09:50:32.950410,"53.96471792168762,-7.20843033256503",SIM switch,True
CTKYOSB7F6,7122812440,AYARG,Android,True,5G,2025-03-28 09:50:32.950425,"-35.171655914584925,104.60946728909255",SIM switch,True
RSA21ED64M,7668080816,OAXYU,Windows,False,LTE,2025-04-20 09:50:32.950440,"-84.56287682851588,67.25397895985247",SIM switch,True
1LB55XSXKT,1621902449,KVEYW,Android,False,LTE,2025-04-16 09:50:32.950454,"9.712359748186259,-39.670749965173826",battery drain,False
L2Q6CD68NL,6700826218,FZNVV,iOS,True,LTE,2025-04-06 09:50:32.950468,"-59.38718339793731,3.9751369822710387",SIM switch,False
XU6KP5A60V,3168636374,VHDCK,Windows,True,LTE,2025-04-09 09:50:32.950487,"-89.26012077180074,112.1270645658156",reboot,True
8YGKPREPBJ,2962463150,EAVHJ,Android,False,5G,2025-04-20 09:50:32.950506,"28.004440478331603,-105.35085723983192",battery drain,False
G3XOACPWBZ,8279441712,IIPQJ,Windows,True,5G,2025-04-16 09:50:32.950520,"66.63626550734054,-57.15287544312946",reboot,False
1LL14II79G,6789305538,BFEMP,iOS,True,LTE,2025-04-15 09:50:32.950535,"-46.986458139944865,165.83125790570415",reboot,False
6YW1VIBZM1,2608423205,VKUSO,iOS,False,LTE,2025-04-02 09:50:32.950549,"16.050569307842323,-101.19465059612489",reboot,True
TJMOG7WYOK,6030638270,MDYNE,Android,False,5G,2025-03-26 09:50:32.950568,"-13.803196426871011,34.490786285457546",SIM switch,False
LYLJQJDCU5,6508089764,OCPFM,iOS,False,LTE,2025-04-05 09:50:32.950589,"-86.54805506801809,78.11720981609358",battery drain,False
84G5AQK0VP,8510129672,WHYSZ,iOS,False,LTE,2025-04-03 09:50:32.950604,"-13.11019656110824,32.035010164407396",SIM switch,True
279PR24HEK,9112755061,UDZAK,Android,True,5G,2025-04-18 09:50:32.950618,"-14.280774836434375,46.70949773102615",SIM switch,False
01ISMKO6JO,8820619727,QJDER,Windows,False,WiFi,2025-04-19 09:50:32.950633,"44.86179921419796,171.69256163798946",SIM switch,True
CE9729XUHO,0018315966,FRLWO,Android,True,LTE,2025-04-18 09:50:32.950650,"-61.158078386194916,169.07732399634028",reboot,True
FOVSN1G261,1850563437,XRVDC,Android,True,LTE,2025-03-27 09:50:32.950670,"3.5721025688407053,168.49585194436457",SIM switch,False
DT9N0W449Q,5312031979,XUDVK,Android,False,LTE,2025-04-20 09:50:32.950685,"-41.613835504565884,110.49144628592364",SIM switch,False
W8G4QI14S6,1737835198,WUEWY,iOS,True,LTE,2025-04-23 09:50:32.950699,"-55.89358049213482,60.177361896735135",SIM switch,True
89D3F7GJX7,2034840447,OWDKG,iOS,False,LTE,2025-04-09 09:50:32.950714,"-69.49630684978226,-44.93872871737659",SIM switch,True
X3NH6LOY7A,4944020084,QBEPH,Android,True,LTE,2025-04-14 09:50:32.950730,"-19.696411420404658,130.53840024904963",reboot,True
7LFX27F2EB,7357557610,JQCOA,Android,True,5G,2025-03-27 09:50:32.950751,"8.07769649735647,-87.0451900263193",SIM switch,False
3FA8RF9PBW,2793136959,NJKJX,Windows,False,WiFi,2025-04-21 09:50:32.950770,"-45.96091525792382,-18.085231842369268",reboot,True
910KX9P2XA,1354286170,FDSNE,Android,True,5G,2025-04-07 09:50:32.950793,"-12.502696480119411,66.54174122113673",SIM switch,False
VYNMF240X3,2666951079,CWSBU,iOS,False,5G,2025-04-22 09:50:32.950813,"-63.801783317362506,-122.57877043153704",reboot,False
0BRKL2CURP,9235955579,ZROMV,iOS,True,LTE,2025-03-31 09:50:32.950834,"-1.034688597848458,-152.94339128609496",battery drain,False
32R2NCL8II,1560158221,KIXEM,Windows,False,WiFi,2025-04-14 09:50:32.950849,"59.66168483248677,16.172615994017292",battery drain,False
312O90J67E,6301402420,MEZNU,Windows,True,WiFi,2025-03-26 09:50:32.950863,"-77.54498596993253,-103.3946370950761",battery drain,False
1VOH007O51,2474020936,RJAFJ,Android,True,LTE,2025-03-28 09:50:32.950877,"-69.8225782892943,170.6857952064605",SIM switch,False
3BGZ9163BS,6717424311,UMANX,iOS,True,5G,2025-04-22 09:50:32.950893,"-75.58037900816409,-72.68657196492535",battery drain,False
EEDHM09VPM,1658854723,LMLRO,iOS,True,LTE,2025-04-21 09:50:32.950915,"33.034092872883434,110.03432242805712",reboot,False
8H8Y4SWJCH,6723929216,FZBSV,iOS,True,WiFi,2025-04-03 09:50:32.950931,"75.50752496680175,-158.9884076679829",battery drain,False
O1BNZLCVDN,7172616372,OUSJF,iOS,True,LTE,2025-04-19 09:50:32.950945,"-84.63636343357632,152.62270505132187",SIM switch,True
7N795S82PB,2898994354,PFFJC,Windows,False,WiFi,2025-04-01 09:50:32.950959,"56.71948902853492,-157.03131490280055",SIM switch,False
5D3Q76JCSS,4793171795,ASGTO,Android,True,LTE,2025-03-25 09:50:32.950974,"-62.276138523076696,64.95507864095052",reboot,True
NGS4RYPAYN,5508166450,SKSGK,iOS,False,5G,2025-04-12 09:50:32.950988,"-64.29953989511459,-169.72839198516323",SIM switch,True
298BWRNRPJ,1929805676,WGWZP,Android,True,WiFi,2025-04-06 09:50:32.951002,"12.50984119007255,-15.14978914739703",reboot,True
SCRLWKEM0H,0255560871,RZNBU,iOS,True,LTE,2025-04-17 09:50:32.951016,"-6.324387552347844,61.32048699011975",battery drain,False
2D5DVD4MUK,6468451258,SMEUG,Windows,False,LTE,2025-04-10 09:50:32.951031,"-4.029861162610459,22.229788540393713",reboot,True
BQ03YFNU6Y,9612551340,RQGNR,Android,False,WiFi,2025-04-18 09:50:32.951045,"44.281112465355164,127.08013293448971",SIM switch,False
LK8R2W8A4B,3453190361,RSKAV,Windows,False,LTE,2025-04-15 09:50:32.951060,"24.27494394321269,100.48877263573752",SIM switch,True
C1COTPPWR7,8994691463,ZUBYE,Android,True,LTE,2025-04-21 09:50:32.951075,"-79.82040756513564,-120.26682258258481",reboot,True
QQ6XWNYCZR,9994732883,GUFXP,iOS,True,5G,2025-03-30 09:50:32.951097,"22.687371486942155,-90.73119005551332",reboot,True
MUZY7J3K7Z,6296000907,TQXUN,Windows,False,WiFi,2025-04-01 09:50:32.951118,"5.0034116899037855,135.80694615322028",reboot,False
TGF10YP2GW,2273028924,WBUZK,Windows,False,WiFi,2025-03-31 09:50:32.951133,"-0.1858059973895081,-120.16826013279095",reboot,False
CE91B3VEUT,0351305032,UPSNY,Windows,False,LTE,2025-04-06 09:50:32.951147,"-4.829918943178555,155.09149020513559",reboot,True
ZMJJW28UGW,6786734407,FWPQR,Windows,False,WiFi,2025-03-31 09:50:32.951162,"54.713617668167416,-81.77192633342894",SIM switch,True
KON1JP9U7X,3351237266,RKSIU,Android,False,LTE,2025-04-18 09:50:32.951178,"23.320994397536055,101.10665880201446",SIM switch,False
14G5IUELO8,5361680217,ICUIY,iOS,True,5G,2025-04-03 09:50:32.951192,"34.764688438279634,-142.44008611523955",reboot,False
TDMA3RVRV4,8804442893,LQHZA,Windows,False,LTE,2025-04-01 09:50:32.951207,"42.48746339950037,-47.69257402765916",SIM switch,False
XPW6F82FAD,2471629432,ZJLII,Windows,False,5G,2025-03-25 09:50:32.951221,"-27.18064059307077,-139.36170205888743",SIM switch,False
1GAKGGUGPF,7439050313,OPMYD,iOS,False,LTE,2025-03-26 09:50:32.951243,"-68.19187809305987,-44.04961646768035",battery drain,True
A9RGDSLBJ1,7813509296,KTBLG,Android,False,LTE,2025-04-18 09:50:32.951265,"-29.37815293476605,55.380448227675004",battery drain,True
OYO9RZ0Q3I,0956568548,YGOWG,Windows,False,WiFi,2025-04-17 09:50:32.951279,"0.466179801893972,-102.13937237418628",SIM switch,False
MZ0IEXVFVV,8232233660,KPKWM,Android,True,LTE,2025-04-01 09:50:32.951294,"35.09300244295714,-43.93451884944355",SIM switch,True
ZDGPSSNP8S,7964643700,YKITB,Android,True,5G,2025-04-04 09:50:32.951308,"40.458685615136574,152.74860854019295",reboot,False
O3Z8XH68ZA,7596289533,ITJWU,iOS,True,5G,2025-03-25 09:50:32.951324,"13.17035457696548,78.32750294562999",reboot,False
M5CTCIAUUU,1423198653,KECHW,Windows,False,LTE,2025-04-22 09:50:32.951348,"39.05174118459479,-15.517316370541351",SIM switch,True
0QBD6GQOVW,1051504470,ZKDZP,Windows,True,WiFi,2025-04-14 09:50:32.951363,"23.893222750918525,115.99680030817751",reboot,False
O16Q9XOEW0,4449376374,XUJPL,Windows,True,WiFi,2025-04-22 09:50:32.951377,"-78.4994592405284,-5.46767462250898",reboot,False
POEOATZC7D,2717493141,ETCRI,iOS,True,LTE,2025-03-26 09:50:32.951391,"-69.70324769300142,-179.9929750079365",SIM switch,False
7RZMEZSUAS,0744416470,TSJDO,Android,False,5G,2025-04-09 09:50:32.951417,"-7.715823590185394,52.71370400603348",reboot,True
1KPUW2CYKH,4050920935,YLHLZ,Android,True,LTE,2025-03-28 09:50:32.951437,"52.954963979680855,-39.10062846312445",reboot,False
UBX0R00EVT,6209510380,ZFOAF,Android,True,5G,2025-04-02 09:50:32.951452,"40.41618242960445,-171.63516296123797",SIM switch,True
5XS88K7SC1,3774598402,XYBNY,Windows,True,LTE,2025-04-03 09:50:32.951469,"55.63804193613862,-70.36807500727811",SIM switch,False
V4UZL76M7F,8845124212,RRRFJ,iOS,True,LTE,2025-03-28 09:50:32.951483,"50.89344992005877,124.40992329897199",battery drain,True
5SWBU5PT0F,4028965728,MXEDB,Windows,True,5G,2025-03-31 09:50:32.951497,"54.01162052255691,60.72045760205967",battery drain,True
BSR5BFCH23,9481764972,ILYDM,Windows,False,WiFi,2025-04-15 09:50:32.951511,"23.975294775165665,82.57837479192676",SIM switch,True
UJIFRRKWI4,7005211571,HRXKX,Windows,False,LTE,2025-04-05 09:50:32.951525,"51.7639315635964,-121.77336935975046",SIM switch,False
8OZDKB1DX2,3135809432,JVKIN,Windows,True,5G,2025-04-17 09:50:32.951540,"-0.01841054539012532,95.83817136873546",SIM switch,False
OGGPM3CNOJ,0141220845,UHMIR,Android,False,5G,2025-04-09 09:50:32.951555,"16.43653192331928,-65.71932328324793",battery drain,False
25X30CTCJ8,8173330924,NADUK,iOS,False,5G,2025-04-09 09:50:32.951569,"47.44784735615485,4.583070097943704",SIM switch,True
KR756E1TW1,5417082934,CZSHB,Android,True,5G,2025-04-01 09:50:32.951584,"65.64590287070754,-58.54171139245297",reboot,True
B1XHEUHHJH,1772308931,AOKGN,iOS,True,LTE,2025-03-30 09:50:32.951599,"47.46231661689987,89.4447279548483",reboot,False
SNYQGNMOH8,9404560319,MLMQD,iOS,False,LTE,2025-04-19 09:50:32.951614,"43.786057644501284,-146.28546264369032",reboot,False
IAO303V3I7,0601252868,XASHN,Windows,False,LTE,2025-04-02 09:50:32.951628,"-1.5552260716461177,-178.54218590056254",SIM switch,True
J2R16VH3DE,4110518061,ICAGS,iOS,False,5G,2025-03-30 09:50:32.951643,"42.577741082357704,-32.70417397173071",reboot,False
1SJQMBG1L6,2916217371,CWDWE,Android,False,LTE,2025-04-15 09:50:32.951657,"36.5630094504577,34.34193682685046",SIM switch,False
6MWH6IP6AP,0927908273,QMGLW,iOS,True,WiFi,2025-03-25 09:50:32.951671,"-18.964976618480705,-71.061383112399",SIM switch,True
ZL97KKHW22,5981807234,ICFIX,Android,True,LTE,2025-04-14 09:50:32.951686,"18.083578962590735,59.04037274632435",SIM switch,False
WTAYWFWRYB,5678813544,WYWYJ,Windows,True,5G,2025-04-18 09:50:32.951701,"-73.60826171797345,-63.835991080128935",SIM switch,True
UHEZJ6C3IN,3478041291,WCSKS,Android,False,LTE,2025-03-25 09:50:32.951715,"51.41015230276045,50.20627959659839",SIM switch,False
58NVE2068Z,8246256323,FBUFC,Windows,False,5G,2025-04-09 09:50:32.951729,"-42.465277696277596,40.55844356731092",SIM switch,False
2HVXHYZASU,1755766864,JEQZJ,iOS,False,LTE,2025-04-03 09:50:32.951743,"34.79914388642713,162.3557017251744",battery drain,False
6FLIRRFYY1,2820945271,WYQRD,iOS,False,WiFi,2025-03-30 09:50:32.951758,"-6.547300447927157,-80.72111599910353",reboot,True
WLLUNRFJ38,0885105045,DHTGH,Windows,True,LTE,2025-04-01 09:50:32.951772,"-19.630007038780263,25.34581206552312",reboot,True
OH8KX2UE5F,9641275042,MSUWW,Windows,False,WiFi,2025-04-02 09:50:32.951787,"-70.6517051661408,-147.00143270291113",battery drain,False
2OIYEA1BPO,9136339204,WQYWM,iOS,True,WiFi,2025-03-26 09:50:32.951801,"-61.301287382447676,-155.6880547362604",battery drain,False
09UQISYZJE,1694666315,ULWTN,iOS,True,LTE,2025-03-31 09:50:32.951816,"38.573671138721835,154.70549511799885",reboot,False
HZBBANZAXJ,2794931513,OTVKK,Android,False,WiFi,2025-04-21 09:50:32.951830,"5.391804734131142,-110.34626296427564",reboot,False
QKFQMJ4LVJ,2259867889,ZMPTU,Windows,False,LTE,2025-04-02 09:50:32.951854,"-65.05668960850434,111.09388301788624",battery drain,False
MK0UECWAUJ,4332006017,UTFPN,Windows,True,5G,2025-04-05 09:50:32.951875,"-36.49598320150701,-26.98456299691472",SIM switch,False
Z33OGO9Y35,6612617884,VLQZT,iOS,True,WiFi,2025-04-21 09:50:32.951890,"84.58039879285869,-100.1018283375627",reboot,True
C46E1O11PG,3178094977,HSBDE,Windows,True,5G,2025-04-10 09:50:32.951912,"74.5419694229785,43.487255868012824",SIM switch,False
TPFC8NX2WF,2561493538,ZXRMY,iOS,False,5G,2025-04-17 09:50:32.951927,"50.34265175433538,14.374970728892833",battery drain,False
NGMF8L4AOO,4338647315,QYFNR,Android,True,WiFi,2025-04-14 09:50:32.951941,"-20.014351842914664,78.81042755071257",reboot,False
WYFNBQO6NH,5745538255,BCOQM,Android,True,5G,2025-04-13 09:50:32.951956,"67.81659361760643,34.30810726670717",reboot,True
TA4KW6OKPU,3706038677,KJHZL,iOS,False,5G,2025-04-10 09:50:32.951970,"48.96847614624116,-23.73766822772646",battery drain,True
G4ZSP08UOP,8955514522,KXCEV,iOS,False,WiFi,2025-04-17 09:50:32.951984,"-72.10529431212854,126.84459527787118",SIM switch,True
PHUPV9VKFN,1159478064,AYDCQ,iOS,False,LTE,2025-04-18 09:50:32.951998,"40.43189050866812,12.944230530131364",battery drain,False
J73Y3FAWY7,7414155072,OSOKD,iOS,False,5G,2025-04-17 09:50:32.952014,"-45.02989589370767,-38.05989548853461",reboot,False
W8HDBIP8QP,9720204349,MUOTV,Windows,True,WiFi,2025-04-04 09:50:32.952030,"25.57529834115914,161.7892680951207",reboot,False
3OU70LQG32,6981814814,WZPQE,Android,False,LTE,2025-04-12 09:50:32.952044,"4.085972490968018,-97.30792754681075",reboot,False
90OHFHPVZM,1141558666,LYRNE,Android,True,WiFi,2025-04-17 09:50:32.952059,"-5.496854008401755,161.093689079042",battery drain,True
16EW3KG9MV,3592490817,TUTQO,iOS,False,5G,2025-04-03 09:50:32.952073,"45.2066123546864,-152.14432086626968",SIM switch,False
EFVS3BLUST,9726168579,JLBEB,Windows,True,LTE,2025-04-04 09:50:32.952088,"-10.16621558461263,-165.8140227947735",SIM switch,True
PMVQPARO76,3224095675,CZOGJ,iOS,False,LTE,2025-04-13 09:50:32.952103,"80.41528746955706,134.83051596143008",reboot,True
STITG7X1PT,8039349522,ZOEWW,Android,False,WiFi,2025-03-25 09:50:32.952117,"-59.516194910260424,-145.2778032846025",battery drain,True
N5T8T3D0XC,6052621793,ENQCO,Android,True,5G,2025-04-15 09:50:32.952131,"-78.07105765128071,18.23615239579601",SIM switch,True
X15SKJ40LM,2009915653,MXYRY,iOS,False,WiFi,2025-04-23 09:50:32.952146,"-11.099392742510076,-110.66990572907585",reboot,False
GS971I0Z53,1412199681,IKRNA,Android,True,WiFi,2025-04-13 09:50:32.952166,"-34.52531457522451,-103.93471682448609",battery drain,False
6G97CITYJS,8597428019,WLOFI,Windows,False,5G,2025-04-16 09:50:32.952210,"-74.16278510814917,19.903610163719037",reboot,False
CQ1KC9Q0PJ,0506124188,UOPHX,iOS,False,5G,2025-04-14 09:50:32.952289,"43.751928427974974,33.18969958436108",reboot,True
QO3K1O4DD7,9089645990,KAWKY,Windows,True,LTE,2025-04-13 09:50:32.952314,"-19.454859050092026,-162.88654932713638",battery drain,False
XZOBU6Y2FD,8710642791,EMVLJ,Windows,False,5G,2025-03-29 09:50:32.952329,"9.727003280339972,-50.24020375814743",SIM switch,True
J6BHFGCEIU,0322047269,JMTSN,iOS,False,5G,2025-04-20 09:50:32.952344,"-38.693827005997235,-77.29418629935572",SIM switch,True
O8QHVZENFK,3595136567,BRRCM,iOS,False,WiFi,2025-04-05 09:50:32.952359,"43.53685542624413,138.51636653090856",battery drain,False
MB81450T1Q,3462968670,GYWKS,Windows,False,LTE,2025-04-09 09:50:32.952373,"-59.43957819377526,-90.06405293697998",SIM switch,True
PCJTCQIPZS,9097077916,QVRZG,Windows,False,WiFi,2025-03-25 09:50:32.952387,"-57.0135875621959,116.62615726561745",battery drain,False
YLFRJ35IY6,4524266456,POITY,iOS,False,LTE,2025-03-29 09:50:32.952403,"-5.657378463643454,-69.74476942540622",SIM switch,True
OEUGHE9FYQ,3949623190,YPDZE,Android,True,LTE,2025-03-25 09:50:32.952426,"-58.90948046051403,-174.88986990422958",battery drain,True
JFZDL2U4AC,0964457397,PRDXJ,Windows,True,LTE,2025-04-03 09:50:32.952442,"-32.07123756693022,-13.25098211955077",SIM switch,False
GFXLOOQYWI,4638619419,XPDTR,Windows,True,WiFi,2025-04-17 09:50:32.952456,"-82.27657262770002,140.96657934480828",reboot,True
6MZAT895SD,2618445000,YQGWH,iOS,False,5G,2025-04-20 09:50:32.952470,"68.42230588224359,-160.21189203307742",battery drain,True
N0N4RR0JQG,0602446809,LIMBZ,Windows,True,5G,2025-04-06 09:50:32.952486,"81.26471809018699,3.938781801598168",reboot,False
LMLAKC8L98,4723228940,JMDSC,Windows,False,5G,2025-04-22 09:50:32.952508,"-72.59193070304107,35.43218604775922",SIM switch,False
EBCQUBVSEE,1854573031,UJVGG,iOS,True,5G,2025-04-16 09:50:32.952523,"49.65179675311816,-72.895868807585",battery drain,True
1A7JLOD2TL,2491672546,RGDWR,iOS,False,LTE,2025-04-04 09:50:32.952538,"24.107352001952208,39.04107435380092",SIM switch,False
K6U6S36ZAS,8277662716,GIBKQ,iOS,False,5G,2025-04-15 09:50:32.952552,"-47.17390556887389,-67.7525627843724",SIM switch,True
6RE0VQSDPR,0682219631,SNCEY,Windows,False,WiFi,2025-03-31 09:50:32.952567,"48.88348204988725,-5.01939521156973",battery drain,True
HYSMC82O6K,5043425773,FWDEB,iOS,False,WiFi,2025-04-19 09:50:32.952581,"87.66167792931066,138.3121125148761",reboot,True
NN3IDW4O82,5071288420,UFWHK,Android,False,WiFi,2025-04-07 09:50:32.952596,"-8.593212414872028,164.2649691821701",reboot,False
0DMJR94EOF,2743412322,UAFTU,iOS,True,LTE,2025-04-05 09:50:32.952614,"18.882744978822927,-115.65936779006543",reboot,False
F2A5J5N212,8943454435,YHEVE,iOS,False,LTE,2025-04-22 09:50:32.952637,"51.36411698030162,-144.8874823777093",battery drain,False
3ZXV46KY1E,8714507520,PQOPL,Windows,False,5G,2025-04-18 09:50:32.952654,"69.52229544733217,170.5128079233288",battery drain,True
JAOWC39DIN,3544277898,OJZYU,Windows,True,LTE,2025-04-13 09:50:32.952669,"-79.4655670361715,-136.71322094623167",battery drain,True
RZLO08EWIV,1774951548,ICJFQ,Android,False,LTE,2025-04-23 09:50:32.952684,"-59.117804726497035,-99.69330667573992",battery drain,False
5UL0DTAGW2,4270608605,SQUQO,Windows,False,WiFi,2025-04-09 09:50:32.952698,"-39.07130120762425,43.33156164845411",battery drain,False
J21RJTPCP4,2555353519,XPJKS,Android,False,LTE,2025-03-30 09:50:32.952713,"81.67658469958812,-10.889605240216014",reboot,False
STSUZ8NJ5K,0597768827,UYLYS,Windows,True,LTE,2025-04-07 09:50:32.952728,"-8.541971268853004,33.09902796287466",battery drain,True
K3M4AFZ8G0,2231186876,BTGMF,Android,True,LTE,2025-03-26 09:50:32.952742,"28.15828644130869,81.42049039155194",SIM switch,True
KXGL9PDFZ7,3307612655,TQARJ,Windows,False,5G,2025-04-14 09:50:32.952756,"-38.11955114017876,-109.18712075648006",reboot,False
B8XZ0YZIKF,6297792221,KMIQR,Android,True,5G,2025-03-30 09:50:32.952770,"-85.92492100943545,-121.9752973195906",SIM switch,True
2L69YEEQ55,7578527550,MMAXI,Android,True,WiFi,2025-04-08 09:50:32.952784,"-75.70102683038043,-92.43520904581926",battery drain,True
4D0M7NCLFN,8292104045,RSKLR,iOS,True,LTE,2025-03-27 09:50:32.952798,"27.76140777243087,-108.09620583108246",SIM switch,True
ZZFL7WI0SJ,1052874983,ZWSXU,iOS,False,WiFi,2025-04-04 09:50:32.952812,"54.31153071544958,-119.02472605137731",SIM switch,False
85HIJMUYWU,4606373772,XQMPH,Android,True,WiFi,2025-04-06 09:50:32.952826,"-15.471572996951622,1.1718273154002645",battery drain,False
2E28AZM5XX,6516626837,ERFSZ,Android,False,WiFi,2025-04-05 09:50:32.952841,"62.94566741838685,35.37164972952573",battery drain,True
AJ5V9RU6VF,8779587426,VZOGN,Android,True,WiFi,2025-04-21 09:50:32.952855,"-34.57914926326337,111.48070259545375",SIM switch,True
87XMGQ2K06,4447527404,RCUXA,iOS,False,WiFi,2025-04-05 09:50:32.952870,"2.918881114837802,-6.250575567899631",reboot,True
LBFKSH57J8,3381047082,OFVAP,Windows,True,LTE,2025-04-01 09:50:32.952885,"5.92553777898064,55.79040131493119",battery drain,False
GHURSRMMAY,8049951122,CXYGZ,Windows,True,WiFi,2025-04-05 09:50:32.952899,"64.82600848995014,68.62197127078048",SIM switch,False
M709XBM5WI,8217947388,QXFWE,iOS,True,WiFi,2025-03-26 09:50:32.952917,"65.16698125175688,-100.6207310416323",battery drain,True
T29JNQJWLR,0626372787,BQMFB,iOS,True,WiFi,2025-04-23 09:50:32.952941,"-22.09018251521387,87.65062161275137",reboot,False
BJDLFO9RNS,2403237708,PASAX,Windows,True,WiFi,2025-04-07 09:50:32.952958,"17.566997142532458,-15.1082440820324",battery drain,False
WDHZQT7B9L,8247984948,LTETO,iOS,False,LTE,2025-04-08 09:50:32.952972,"-26.43266581535817,-44.131451386277604",battery drain,False
3EJNQLNZED,8817995057,BVEPG,iOS,True,LTE,2025-04-23 09:50:32.952987,"-37.70669122393247,-39.76085619901045",battery drain,False
DPIJEPSKHJ,8469014761,SETSD,iOS,False,WiFi,2025-04-08 09:50:32.953001,"31.776807713748696,-114.94274785796588",reboot,True
RDH8UK12CS,7010411699,WZMTH,Windows,False,LTE,2025-04-02 09:50:32.953016,"9.628709363057993,71.3507654037085",reboot,True
LY486BCUF2,7025487902,PWYTL,Android,False,WiFi,2025-03-31 09:50:32.953031,"-13.271535171209692,44.075130572430595",battery drain,True
YX28ETZA1F,3772025518,RIOKT,iOS,True,5G,2025-04-19 09:50:32.953045,"-45.55998397112383,-27.232105526417683",battery drain,False
REXGLAKZV9,2155668850,HRFEQ,Windows,True,LTE,2025-03-29 09:50:32.953059,"32.06726257896908,-86.65088693860275",reboot,False
M3SILKVC14,8264772198,HRRYA,iOS,False,5G,2025-04-03 09:50:32.953073,"-80.64086256844865,-27.743539013607887",battery drain,True
JE515WSTXK,9481621982,RQHGU,Android,False,LTE,2025-04-03 09:50:32.953088,"68.66180053262761,144.64485540039038",battery drain,True
HHXLIYYH26,8847105037,AUAMF,Android,True,5G,2025-04-05 09:50:32.953102,"82.37176735641438,-53.25902816626734",reboot,False
PA7E2S8KBM,2339754400,WGOJJ,iOS,True,WiFi,2025-04-07 09:50:32.953125,"-83.70469531599484,-83.03365485827001",reboot,False
4ADTY90PU8,7015657929,PMHRA,Windows,True,LTE,2025-04-02 09:50:32.953140,"-66.57419045771016,32.612886670741204",reboot,True
CQ8D4EMEKY,8075722467,RSCYQ,Android,False,LTE,2025-04-10 09:50:32.953155,"-43.18070639859113,120.51177888119969",reboot,False
2UBPNK8HWU,7410793009,DOMSI,iOS,False,5G,2025-04-07 09:50:32.953170,"-37.93256906086183,142.67475438402272",reboot,False
12GVQ53HWX,5836290254,QBPCM,Android,False,LTE,2025-04-09 09:50:32.953185,"-16.976754777867782,-16.307107049569197",SIM switch,True
TV6IVPXQSZ,6069375869,WHVYB,Windows,True,LTE,2025-04-17 09:50:32.953200,"-12.622957959055356,-34.09711145951857",reboot,False
X2Y5RE9XVR,8234012284,GOSJG,iOS,False,LTE,2025-04-15 09:50:32.953214,"63.31761538171011,-166.5864280034555",battery drain,False
GXI94K47RN,8113357094,VLTKQ,Android,True,5G,2025-04-05 09:50:32.953228,"61.620577169666035,112.57601424888958",reboot,False
CPI8BXZ94K,5834628050,UKFBH,iOS,False,LTE,2025-04-10 09:50:32.953242,"-75.25324927639676,55.513510118952354",battery drain,False
95YNAYJHPU,3267124209,LBBGK,Android,True,5G,2025-04-17 09:50:32.953257,"-63.671226221366595,33.10695630510287",reboot,False
1RKFUJ891C,5461492568,WAYKZ,Android,True,WiFi,2025-04-01 09:50:32.953271,"2.966350693039132,-117.84820741552254",SIM switch,False
RP17KLX4I9,5844382443,NJYCU,iOS,False,LTE,2025-03-30 09:50:32.953285,"1.4535843374829085,125.19706368625458",SIM switch,True
JXIYUTHY8M,2768660248,ERSLS,iOS,False,5G,2025-04-19 09:50:32.953299,"67.18492014772534,154.7281855064362",SIM switch,False
5QC4UA3FV5,4628402406,RLRYD,iOS,False,5G,2025-04-12 09:50:32.953317,"33.798476652210795,-30.998842778912007",SIM switch,True
YL8G6WQPQU,5844148199,SZKBU,Windows,True,5G,2025-03-28 09:50:32.953342,"77.25239506245649,130.34861243085902",reboot,False
OS48V60ZZP,4021975603,KGIMR,iOS,True,5G,2025-04-11 09:50:32.953357,"-51.50635377727171,66.35020753977477",SIM switch,False
A1N4NSYX70,9847345621,HTLCL,Windows,True,WiFi,2025-04-14 09:50:32.953371,"-15.386743395022393,101.4209135879264",SIM switch,False
EN77TS91BV,6886604661,VJZHI,Android,False,5G,2025-04-09 09:50:32.953385,"49.38993166805733,-28.281495681065337",SIM switch,True
G1P6XYEFKN,9264948713,WHTYO,iOS,False,WiFi,2025-04-10 09:50:32.953400,"-61.776753756794136,138.12253716475527",battery drain,False
0IXPJVEA1R,6516434928,WOHIT,Windows,False,5G,2025-03-25 09:50:32.953414,"-58.43720259310339,108.29678100839288",SIM switch,False
AP2XQ4ZRC6,4389825036,HJNRA,iOS,True,5G,2025-04-02 09:50:32.953429,"23.681476393303043,68.86785405563359",battery drain,True
BEANOJLAI7,4451733659,ITHWG,Android,True,5G,2025-03-25 09:50:32.953443,"-74.11616327427774,-150.4260394136369",SIM switch,False
UWQJGSKP1T,9169680972,AUVZH,iOS,True,LTE,2025-04-15 09:50:32.953457,"-16.54306014966116,145.82891066156787",reboot,True
8P0V208415,6991192283,QNNDF,Android,False,LTE,2025-04-19 09:50:32.953472,"13.782365377803856,113.02523605679067",battery drain,False
XHN8HWK9LF,4204836955,DBWMP,Windows,True,LTE,2025-04-17 09:50:32.953490,"40.61362499914196,2.128041799187713",SIM switch,False
4RBZ9OY6PV,7392191113,HFUGK,Android,False,WiFi,2025-04-20 09:50:32.953510,"86.58082591577241,24.305228300788826",SIM switch,False
YJYLEDTABR,8025539379,WCTGN,iOS,True,LTE,2025-04-09 09:50:32.953524,"47.21448549528412,155.94475675694326",SIM switch,True
QBDC6590V1,2037867551,SBFTE,Android,True,5G,2025-04-01 09:50:32.953538,"21.048662038297564,23.5388637452277",SIM switch,False
PP9EMT90N5,0007357143,JJCGU,Windows,False,LTE,2025-04-10 09:50:32.953557,"-73.35344267836118,0.6093248855481761",battery drain,False
8168NS7F0I,1237204223,ZKNLL,Windows,False,5G,2025-04-07 09:50:32.953578,"-58.982718021715115,-17.68435034397669",reboot,True
99M09ALE93,4458187448,ZYKPS,iOS,True,LTE,2025-04-08 09:50:32.953592,"-36.14321884638434,127.76636959994852",battery drain,True
L1HG2DPQ08,9920372017,QLVTV,Windows,False,LTE,2025-04-14 09:50:32.953607,"63.76350983599772,0.376032866517221",reboot,True
BIOTC9WPX0,6071963683,SIVKR,Android,False,WiFi,2025-04-09 09:50:32.953622,"50.17388561573247,144.7565218261194",reboot,False
DJ6DK5O0ZH,4330052620,DMOMK,Android,False,LTE,2025-04-22 09:50:32.953636,"-51.298318788442096,157.71212572504686",reboot,True
NSPV97V8I1,4684446220,CYFPP,iOS,False,WiFi,2025-04-21 09:50:32.953651,"62.366528937985805,165.57464651293265",battery drain,True
0S0CBXFP73,0979608705,KTXOH,Windows,False,LTE,2025-04-13 09:50:32.953666,"68.90766847333592,5.890192881044783",SIM switch,False
6GKOZUG6OK,5305963282,BMMRT,Windows,True,LTE,2025-04-12 09:50:32.953682,"-40.03731017878356,-117.38581687867769",battery drain,False
7OORXJJSIQ,6819028445,EENQA,Windows,True,LTE,2025-04-23 09:50:32.953706,"-5.348363036860334,62.6744614380728",SIM switch,False
9KZ16IBIKY,4447552226,SQASS,Windows,False,LTE,2025-04-10 09:50:32.953725,"56.491390698010264,-26.67323489999768",battery drain,True
UGT2DG3Y19,3013860120,SVQXM,Windows,False,WiFi,2025-04-14 09:50:32.953739,"61.99930654886535,72.60425067603458",reboot,True
1ALVEX3LS1,9488010921,FRHPJ,iOS,False,WiFi,2025-03-26 09:50:32.953753,"-5.718748989829606,-28.34167635182513",reboot,False
6DQIZG89DM,8870797153,DUKKA,iOS,True,LTE,2025-04-18 09:50:32.953767,"0.02003025953041515,-98.1978564778091",reboot,False
VBF0YHF8LX,9200715029,VEDJS,iOS,True,WiFi,2025-04-07 09:50:32.953781,"14.974562323506618,-127.33397638803024",SIM switch,True
HCN3MH5CQ2,8687861311,GZGTG,Windows,False,LTE,2025-04-22 09:50:32.953796,"-41.81900360400248,-142.01158411202132",reboot,True
Q0K2NZZCOE,7513174776,KDTOJ,Windows,False,LTE,2025-04-17 09:50:32.953811,"-4.244836921336457,177.6406909494575",reboot,True
LIW3ML74DR,8472257195,YZANS,Android,True,LTE,2025-04-05 09:50:32.953825,"38.94009667093286,160.23766826698744",battery drain,True
MK0HWFCOIB,0925964237,UIUJA,Android,True,WiFi,2025-04-08 09:50:32.953856,"-32.010067026118506,-100.58090184563154",battery drain,True
PLPDD2HE1I,1947470923,QCUOF,iOS,False,LTE,2025-04-14 09:50:32.953880,"1.067475969303743,101.29840865762691",SIM switch,False
BGXI4S7M5P,0564885501,EYQSE,iOS,False,5G,2025-04-17 09:50:32.953895,"-30.459268684213562,-168.0070157006736",SIM switch,False
X6NV3QWFNC,5846166458,OIDIM,Android,False,5G,2025-04-21 09:50:32.953909,"80.4521757961266,89.38804779130533",reboot,False
TJ2QZ00RR2,0695621178,AOXBW,Windows,False,LTE,2025-04-22 09:50:32.953923,"-76.55699072094622,7.205600206310862",battery drain,True
ZPOIPNZKI4,0285010879,AMBVL,Android,True,5G,2025-04-09 09:50:32.953938,"-68.65742615299152,127.23169909043827",reboot,True
EATGRK8BZW,4021828055,NDOUM,Windows,True,5G,2025-04-02 09:50:32.953954,"56.987677484431515,-55.48447713418578",battery drain,False
2B17I7X82H,4434519448,KWMQP,Windows,False,WiFi,2025-03-27 09:50:32.953968,"54.045780130473645,-71.73233468186733",reboot,True
9W05RWGCLQ,7357969070,LSZFI,Windows,False,LTE,2025-04-03 09:50:32.953987,"-2.5809011611487733,15.117329214113482",SIM switch,False
B8HJT02PSN,0062255330,FHXKB,Android,True,LTE,2025-04-20 09:50:32.954010,"-49.08989287647023,104.40443721230702",SIM switch,False
QI1LGNGXTK,2278434123,TDABR,Android,True,LTE,2025-03-27 09:50:32.954027,"-13.562512351109817,-63.82892357718434",battery drain,True
1TTI6L1Z5P,1884073979,QGNUG,Windows,False,WiFi,2025-04-23 09:50:32.954042,"-29.938877560706366,-71.39071611759513",SIM switch,True
DCH8IARBVW,4762374654,TWKBY,Android,True,5G,2025-03-27 09:50:32.954056,"-53.38551491424072,-156.0395623939586",SIM switch,False
JH2RTFTE1H,4805312332,ARMSI,Windows,True,WiFi,2025-03-29 09:50:32.954071,"-10.326126920295536,19.318817915277293",battery drain,True
Y32A7XRT88,5010813942,IVTUP,iOS,True,LTE,2025-04-20 09:50:32.954085,"47.37045762945726,-4.689761802614981",battery drain,False
KVNB54MP4N,8059572350,ATHHV,iOS,False,WiFi,2025-04-08 09:50:32.954100,"69.95553168617352,94.8811982952044",SIM switch,False
EKLRHZUUR1,9632117113,HCATD,Android,True,WiFi,2025-03-29 09:50:32.954117,"-22.86247099848876,-179.76220236120494",reboot,True
SJ6JF3G7ZF,3112452317,UTTDD,Windows,True,5G,2025-04-02 09:50:32.954136,"-48.97033905761819,-68.1729735544575",battery drain,False
S9F1JTZPQL,2776646943,PEGOY,Android,True,WiFi,2025-03-30 09:50:32.954151,"10.588535380564977,-95.5641528212148",SIM switch,False
SHZ7EJBFOE,5168456850,STEND,Windows,False,LTE,2025-04-19 09:50:32.954165,"-25.13534431917479,-176.31919489215767",SIM switch,True
ITEP4KT7EI,6081972815,SQFHI,Android,True,5G,2025-04-04 09:50:32.954180,"-65.65523486741134,-122.6480562586057",battery drain,False
APYQBR0PDR,9306295792,EZSYK,iOS,True,WiFi,2025-03-28 09:50:32.954195,"-12.329751505497939,-2.4448270237292036",reboot,True
3QVDVPF939,1408543052,LOFBE,Android,False,WiFi,2025-04-12 09:50:32.954209,"1.5766595047318646,-136.021450762975",SIM switch,False
SDWSV438B0,3414254237,GSHQT,Android,False,5G,2025-04-14 09:50:32.954224,"-48.76215698382383,-169.8813127031835",battery drain,True
K4SS2L4YD5,0900220331,NMSTX,Android,False,5G,2025-04-05 09:50:32.954239,"-37.14438195329075,117.87068918878163",reboot,False
0H6EKXGEER,1928831514,OFUBP,iOS,False,LTE,2025-04-21 09:50:32.954253,"-49.71611402427018,97.02252895695364",battery drain,False
OBH71E43NH,5244669153,TURPA,Windows,False,5G,2025-04-08 09:50:32.954268,"-48.28106646800917,-7.917762800203178",battery drain,True
E7V5NXK1Y7,9307689127,JGVMB,Windows,False,WiFi,2025-04-02 09:50:32.954282,"21.386505662120157,118.00800454322444",reboot,True
S4TM90FU5U,2340353174,OKQZW,Android,False,LTE,2025-04-11 09:50:32.954298,"51.123963010281074,-2.975924179005432",reboot,False
IMDCWRV7VK,0377044143,KAYES,Android,True,LTE,2025-04-19 09:50:32.954313,"-10.700407506313894,-100.09440550592622",SIM switch,False
1NKFHQQ4D6,7108823646,SKRFF,iOS,True,5G,2025-03-27 09:50:32.954327,"-85.155252839635,156.61946082625468",battery drain,True
BFHSLGQ333,9992413335,KCLHZ,iOS,False,WiFi,2025-04-23 09:50:32.954341,"72.56932310154443,-60.52615010890223",SIM switch,True
X4IJP598TC,3269270880,MXBHO,Android,False,LTE,2025-04-08 09:50:32.954356,"-64.17937620903984,-112.8581421247147",reboot,True
QV51ALQPOF,7600197712,KWCTO,iOS,True,WiFi,2025-04-14 09:50:32.954370,"-32.716200149425596,-76.05614468336074",SIM switch,False
135MHV1JZ5,0959013100,HQMZI,Android,True,LTE,2025-04-06 09:50:32.954386,"0.5521913465833705,109.05473710504032",SIM switch,True
I6V5ZMMLUY,7611501359,XYSVE,iOS,False,5G,2025-04-04 09:50:32.954409,"38.56105197782168,107.37565901045122",reboot,False
NW4R09QC1M,8562226073,QGHIQ,Windows,True,5G,2025-04-18 09:50:32.954429,"-59.767211465151945,-122.98342710855059",battery drain,False
F13ED0CGC6,1232087634,ZEBUU,iOS,False,LTE,2025-03-28 09:50:32.954445,"-65.1852883187156,24.225449649942306",battery drain,False
K0FHCLWADY,0117284664,RTTTI,Android,False,WiFi,2025-04-07 09:50:32.954459,"81.68695404215012,-79.93145594923236",reboot,False
GT5JPJNZW2,1291923284,CMUDF,iOS,False,LTE,2025-04-11 09:50:32.954473,"-45.37436271386298,-130.05624331625086",SIM switch,True
W4R21VMS3O,8575134426,MGOYA,Android,False,5G,2025-04-08 09:50:32.954487,"-5.938146233621424,171.22299955643325",reboot,True
ZOPRSUB8K7,1701163112,QUCTZ,Android,True,5G,2025-04-09 09:50:32.954502,"-81.16183853745216,57.31681362277931",battery drain,False
8D17MPKOZ4,6324989552,XBRGF,Android,True,WiFi,2025-04-01 09:50:32.954516,"-56.61030858714658,150.62816636387896",SIM switch,False
XSS2B5ATFU,5969298798,OIVSH,iOS,True,5G,2025-04-05 09:50:32.954531,"63.509086218913126,-121.97739014320871",SIM switch,True
JFKGJ8ETAL,3480291310,NWPBZ,Android,True,WiFi,2025-04-15 09:50:32.954545,"-17.199942890620207,-118.94502800327436",reboot,True
HEQXJKTCQ3,3618249131,IJNWG,Android,False,LTE,2025-04-15 09:50:32.954559,"-73.46438750206937,-50.5699144914953",reboot,False
9KHKUONN9J,0168026883,HBGWG,Android,False,WiFi,2025-04-19 09:50:32.954573,"34.548554520333525,-60.84107978405051",reboot,False
Q95OIWLZ54,9283716980,NLLZY,Android,False,LTE,2025-04-10 09:50:32.954589,"-51.5142310235993,-135.54626640258581",SIM switch,True
Y577VIQ0MC,9913066049,MBXTQ,iOS,False,LTE,2025-03-31 09:50:32.954603,"65.51591409093066,53.7320573759325",battery drain,False
MUOHT949CH,5772472739,YUVHU,Windows,True,LTE,2025-04-08 09:50:32.954617,"81.84577886219566,-176.84091801092688",battery drain,False
BUQZWHNS9O,6074741426,CEEQP,iOS,True,5G,2025-04-09 09:50:32.954631,"29.62947721320542,51.4289652000237",battery drain,False
438UTOFY4A,1863298118,VDEHI,iOS,True,WiFi,2025-04-01 09:50:32.954645,"-51.14517075392931,-3.177026944173889",battery drain,True
09UGB00753,6854748139,LMSWI,iOS,True,LTE,2025-04-06 09:50:32.954659,"83.68009217599877,-10.774614439306788",SIM switch,True
XSGLSL49LH,1331356317,LBESD,Windows,True,WiFi,2025-04-12 09:50:32.954674,"-43.998144336718944,130.64127889297976",battery drain,True
NK6AO18OWD,0336491421,MTHLF,iOS,True,LTE,2025-04-13 09:50:32.954688,"-82.00698845605632,164.56162364815276",battery drain,True
Q61CZ9DQQ4,8258691646,SDKYT,iOS,True,5G,2025-04-06 09:50:32.954702,"-1.7863898602297041,-115.62194077629717",reboot,False
0DDOU161I6,4833062685,WRBQK,Windows,False,WiFi,2025-04-15 09:50:32.954717,"76.5984023909703,-32.80849883897483",reboot,False
RASSDDJKAL,5803457689,EAJHW,Android,False,5G,2025-04-13 09:50:32.954732,"21.31458831796931,-118.99922941114232",SIM switch,True
5HJUMASI1V,0329788429,ZQMAW,Android,True,LTE,2025-04-05 09:50:32.954746,"-52.58236356567709,-80.26058386484961",battery drain,False
93X0EUOB7N,7267144433,ZBFFS,Windows,True,WiFi,2025-04-02 09:50:32.954763,"-60.538287803884714,-71.61526976577717",SIM switch,True
UVEDSUGXIA,3366471874,HTPYH,Windows,True,WiFi,2025-04-22 09:50:32.954787,"80.29099435648354,175.12307648225595",battery drain,False
4IFEQHF6LJ,5186014229,WKPBJ,iOS,True,LTE,2025-03-29 09:50:32.954803,"-29.343428461283636,51.268956397858204",reboot,True
7CB6J1XL8K,4436710170,MIBIF,Windows,True,LTE,2025-03-27 09:50:32.954817,"14.138322539237834,56.057105900632195",SIM switch,False
T8F4GFJPC9,3494655287,FJABN,iOS,True,WiFi,2025-03-28 09:50:32.954836,"38.85827969656904,154.87863147983944",reboot,True
7GTQ5AU1GF,0385128865,AUDTM,iOS,True,WiFi,2025-04-08 09:50:32.954857,"-3.581461532542903,172.12809605236515",battery drain,True
05JK8RV1JW,1850967693,JTUXL,Android,True,5G,2025-04-01 09:50:32.954871,"-24.908705494893553,23.425193821006957",SIM switch,False
FVRUVBHEQA,9614826379,GMRCH,Android,True,5G,2025-04-15 09:50:32.954886,"-66.86330199720183,27.84389505192101",reboot,False
KJ02EIY268,6132840708,PQWZH,iOS,True,LTE,2025-04-21 09:50:32.954901,"58.208696417866406,-45.815762521663885",reboot,True
9IUA61CUZH,3452551661,CPKUV,Windows,True,WiFi,2025-03-31 09:50:32.954916,"53.85337497434162,-88.62434882544068",SIM switch,False
4C94XPXZJD,5657295788,DYGGE,Windows,False,5G,2025-04-18 09:50:32.954941,"-85.48701315019025,10.178733033002601",reboot,True
9X4Q3OWGSS,5458575697,DOYBM,Windows,False,5G,2025-03-27 09:50:32.954960,"82.10324832828076,84.10852558522595",battery drain,True
8ULZTR1IEV,5123457546,UZDAV,Windows,False,WiFi,2025-04-19 09:50:32.954975,"87.5111729312581,-87.79038467419885",SIM switch,True
NIOURSKA5A,5342451556,WWBHA,Windows,True,WiFi,2025-04-20 09:50:32.954990,"-22.16598379069208,-51.39360658611082",SIM switch,False
SKS23G3F7T,6205738691,SXDEI,Android,False,5G,2025-03-31 09:50:32.955004,"29.5440232810067,-53.95973881073661",battery drain,True
EAC1QFS9HW,4682012967,YNUVH,iOS,True,LTE,2025-04-03 09:50:32.955027,"51.23783166604315,-54.16992155031262",SIM switch,True
6F4R97LOS7,3095584086,NXGJS,Windows,False,WiFi,2025-03-28 09:50:32.955041,"-76.32094725440028,-59.31978718709259",reboot,True
RP0WYDPS05,0207974432,IWOXZ,iOS,False,5G,2025-04-12 09:50:32.955055,"4.92970283779087,-26.895709387553183",battery drain,True
Q303O61VRU,6032060598,FPFPT,Android,True,LTE,2025-04-09 09:50:32.955070,"19.552496846458908,155.5666035211708",reboot,True
443R7VKYZE,6417230142,ANDKQ,Android,False,LTE,2025-04-07 09:50:32.955085,"1.9369978919838218,172.67436947654846",reboot,True
3ZBLY99ZDB,7482947355,UQLON,iOS,True,LTE,2025-04-10 09:50:32.955099,"44.03969059592751,-41.01465654199944",battery drain,True
R7LI5AC4ZB,2753964902,LTGGC,iOS,False,WiFi,2025-04-04 09:50:32.955114,"1.0663972226354872,65.80073897448005",SIM switch,True
D6JR0V20CH,6901406559,BGSBI,Windows,False,LTE,2025-04-07 09:50:32.955128,"70.56832468485587,2.217698519235995",reboot,False
WGBS2QS9FB,1276839847,SENMD,Android,False,LTE,2025-04-22 09:50:32.955142,"-39.49591020234788,-98.85495389546878",battery drain,False
9OD5KI041Z,1565000531,KOQYA,Android,True,WiFi,2025-04-01 09:50:32.955157,"-0.3701917146829743,-176.47214991685001",SIM switch,True
S2LN909YW8,1632190283,CNGFG,Android,True,5G,2025-04-02 09:50:32.955172,"88.10730688109138,-19.438217623774477",battery drain,False
2VJLI6IR70,8538082109,WKMLK,Android,True,LTE,2025-04-09 09:50:32.955187,"-75.09517107733669,-138.98690330380487",SIM switch,False
SW79EL55EV,5541048833,XYXJV,iOS,False,WiFi,2025-04-13 09:50:32.955201,"-69.36407524514871,-130.8752610072143",SIM switch,True
FTTCB1Z8M2,7362052555,ZYZFW,Windows,False,WiFi,2025-04-19 09:50:32.955216,"23.3506389890302,-144.37994140328254",SIM switch,True
DH68TOF4BF,4889019031,UZNWD,iOS,True,5G,2025-04-21 09:50:32.955233,"17.861262695674853,112.83610562214415",SIM switch,True
6CH6WV4WW3,9758555855,KHMEK,Android,False,LTE,2025-04-03 09:50:32.955257,"57.35924475659277,-62.99595021169027",SIM switch,True
C2ZQSYSN46,7394492304,DMZWS,Android,False,5G,2025-03-25 09:50:32.955274,"-85.9398162740256,-62.24695510351279",reboot,True
AF0JSR04MR,9414864936,NOMAC,Windows,False,WiFi,2025-04-12 09:50:32.955289,"41.94684319565269,-97.72768551752377",SIM switch,True
WSALHS93B4,4353862068,HNBWS,Android,True,LTE,2025-04-06 09:50:32.955303,"51.95253338462203,142.832039204536",reboot,True
A620K16OD0,6626833178,PROXB,iOS,True,5G,2025-04-20 09:50:32.955317,"-47.9169010594147,139.2796634970383",SIM switch,True
DUO3V66SPS,2034308714,KJLXN,Windows,True,5G,2025-03-28 09:50:32.955331,"-46.46934388976683,9.203440409508175",SIM switch,True
0V8HKHJU67,4696972162,KBVQT,iOS,False,5G,2025-04-21 09:50:32.955345,"38.26578418763842,-101.39379800566476",SIM switch,True
5X6OCJQWED,0661340615,OCUZZ,Windows,True,WiFi,2025-04-22 09:50:32.955359,"52.61538033694154,168.75128466499126",battery drain,False
R420USJASO,7286062122,VXBUR,Android,True,LTE,2025-04-07 09:50:32.955374,"73.29447916274916,134.56898542226298",battery drain,False
FJUMPBOHYO,6577741463,PAPEY,Android,True,LTE,2025-03-28 09:50:32.955388,"-54.270499997198,-15.039791253824859",reboot,True
0Z83JGPJ2Y,4223844381,BHAWN,iOS,True,WiFi,2025-04-13 09:50:32.955402,"-63.479206852436775,-116.12915038960908",battery drain,True
ZXMYJYDCQV,2148077549,UIIUA,Windows,True,LTE,2025-04-13 09:50:32.955417,"-15.552708274592078,158.7390923928417",reboot,False
20IAJDWNGO,9692076924,DOUYG,iOS,True,WiFi,2025-03-30 09:50:32.955431,"57.631976828457084,-2.735119197271615",battery drain,False
6NBZTFSD4W,6933619705,TOIUD,Windows,True,5G,2025-03-30 09:50:32.955446,"19.10922390668162,-166.62724947393212",reboot,False
4MKG5276YK,8507467279,RRIMY,iOS,False,LTE,2025-04-03 09:50:32.955462,"19.595487732398382,135.26812182015527",reboot,False
90NEQL3MLX,4262859769,CLKSN,Android,False,LTE,2025-04-23 09:50:32.955485,"15.550960554684622,10.186367769976727",SIM switch,True
CIKWQHQFO4,6728540991,TPTLJ,Windows,True,WiFi,2025-03-25 09:50:32.955502,"-87.37445514509558,95.13493564421219",SIM switch,True
WJ0BTWGR1H,3640689067,IDNUO,Android,False,LTE,2025-04-05 09:50:32.955516,"-27.943738488263868,-169.33912394236268",battery drain,False
4109QHHOAA,4975315901,QZQLX,Android,False,5G,2025-04-01 09:50:32.955531,"-4.034102824364254,-5.066579087712569",SIM switch,True
QXFBE7Q92D,1846617825,ADPUL,iOS,False,WiFi,2025-04-22 09:50:32.955545,"-32.72773467658158,-111.14012674659634",SIM switch,True
L4PKT22EXH,6237115216,ZCCSZ,iOS,True,LTE,2025-03-28 09:50:32.955559,"73.5053432410719,146.83732668821523",reboot,False
3YOMVWESAY,6096108553,YSSLX,iOS,False,LTE,2025-03-25 09:50:32.955573,"52.74267237449121,125.0418169815913",reboot,False
FZP0OLN7Z5,7001906435,PHHDS,Windows,False,5G,2025-03-29 09:50:32.955587,"-12.319543491477987,-117.09895947010494",reboot,True
B0HJQH9C80,2860943828,ZCWBD,iOS,True,WiFi,2025-03-31 09:50:32.955602,"-89.57152183009924,-87.64764487050445",battery drain,False
T9W83EVAHX,7499055076,KZZND,Android,False,WiFi,2025-03-25 09:50:32.955617,"-34.438550605586215,-161.80907665528977",SIM switch,True
IZVDF8C1ZL,5823050838,DMNHV,iOS,True,LTE,2025-04-15 09:50:32.955631,"26.94294364442149,83.16042825441878",battery drain,True
1DK2THVDUM,4634543992,YYHOP,Android,False,LTE,2025-04-21 09:50:32.955646,"-12.182240881992499,119.19082671634419",reboot,False
ED8NE3DWUM,7266004194,KSOZA,Windows,True,5G,2025-04-04 09:50:32.955660,"54.46205636817274,177.25330935639187",SIM switch,False
MFAMPD8OOX,3568781248,XDVGW,iOS,True,5G,2025-04-16 09:50:32.955676,"-15.579991837602947,11.258927547996024",battery drain,False
W6Z178DH26,6612428658,UVXBM,Windows,True,5G,2025-04-15 09:50:32.955690,"47.40279840346258,-131.12777111605482",SIM switch,True
4XMJ124748,4292020519,RIKBW,Android,False,WiFi,2025-04-23 09:50:32.955705,"-15.688109758672624,91.8697002743366",reboot,False
5462RVWQAP,3977236418,PZJBY,Windows,True,WiFi,2025-04-23 09:50:32.955719,"53.269687239874884,-27.098681615176332",battery drain,False
DVC2IQXRIY,8878340518,DXIVC,Windows,True,LTE,2025-04-07 09:50:32.955733,"36.483848188085105,-147.79128023142403",SIM switch,False
T69EN4DU31,3734657906,DLCQD,Android,True,LTE,2025-04-10 09:50:32.955748,"43.82409001607164,60.667837247995266",battery drain,False
RTQAWEUTUE,5439236110,NDDTB,Android,True,LTE,2025-03-31 09:50:32.955762,"-71.75387451619119,-161.64170949898175",SIM switch,False
4XH3RJQES3,3750457988,VTODW,Android,True,LTE,2025-04-08 09:50:32.955776,"-74.94739969428113,-87.7853161324136",battery drain,False
WG7E938HQ9,0990516505,QLXEN,Windows,True,WiFi,2025-04-08 09:50:32.955790,"-51.83218053436825,-93.83668033190544",battery drain,True
5H8OXWMB55,8061255147,ADEHH,Android,False,WiFi,2025-04-15 09:50:32.955805,"-78.08521689811698,-121.2531080041867",SIM switch,False
J9WHYS1VYU,7096964752,RSWOU,iOS,True,LTE,2025-04-04 09:50:32.955819,"4.761524172530201,117.7175363193345",battery drain,True
VYQ00BA7BX,9711437990,JWBSS,iOS,True,WiFi,2025-04-19 09:50:32.955836,"-88.15102807608693,63.001945825922604",SIM switch,False
UUO2XWQ1XE,6875345870,XLUSO,iOS,False,5G,2025-04-10 09:50:32.955860,"-49.69848003958285,-9.39241666619688",battery drain,True
UL8G4RHJ61,6849644333,JXTRW,Android,True,WiFi,2025-03-27 09:50:32.955875,"0.197596331386805,-54.980420662930726",reboot,False
QZN4DQ5YY9,2755976616,VBXLB,Windows,False,LTE,2025-04-05 09:50:32.955889,"80.77238517333785,0.05572301735230667",SIM switch,True
1VL0FXAJIZ,5189629699,HTDFD,Android,True,5G,2025-04-19 09:50:32.955903,"-8.87449186297978,113.00028589560134",reboot,False
UEJW5JFHZE,8273888299,MDXCL,Android,True,LTE,2025-04-13 09:50:32.955919,"25.30202425909431,-25.176763084974",reboot,True
P1GGFIGNH5,2420384426,HNPAW,Android,True,LTE,2025-04-01 09:50:32.955933,"88.06001909175487,-43.96853070928023",SIM switch,False
ID4RW1RKAS,7453241193,MWBLB,Windows,False,WiFi,2025-04-09 09:50:32.955947,"25.48764545908297,69.36675930139987",SIM switch,False
PXYI53DODC,2613943171,RQPDI,iOS,False,WiFi,2025-04-06 09:50:32.955962,"-2.677640563948202,75.27080186303976",SIM switch,True
2IF8YFQ417,1484252102,MRZRI,Android,False,WiFi,2025-04-17 09:50:32.955977,"84.98045131669878,154.20481704966994",SIM switch,False
K32L2ZKJMS,9756105107,JGBNY,iOS,False,LTE,2025-04-08 09:50:32.955992,"-18.718256652723383,-67.34394456398304",reboot,False
IJRT4KTVPS,7210233247,CRASI,iOS,False,LTE,2025-04-14 09:50:32.956015,"75.48755700095336,155.78750220889953",battery drain,True
WR9W1PEDJU,6406205895,HKEIS,Windows,True,5G,2025-04-03 09:50:32.956034,"-84.48086436093428,-157.28732113610346",reboot,True
XXM9H3TU2Z,6923950836,MYSYE,iOS,True,5G,2025-04-03 09:50:32.956049,"33.097451485341594,-23.771367418118075",reboot,True
HWMR23U543,9201059133,JDXOT,Android,True,5G,2025-03-28 09:50:32.956063,"-43.30641663880745,61.08489187553829",reboot,False
RMRDFN5H1M,2081902028,LSTEB,Windows,False,WiFi,2025-04-01 09:50:32.956077,"23.816693392628807,-149.67338669341117",battery drain,True
EXLTRQ12JH,5324746059,GGVJP,Windows,False,WiFi,2025-04-13 09:50:32.956092,"1.7578165594226363,-84.53499365817527",SIM switch,False
OCFQ90YFWM,2678473152,VAKFC,Windows,False,5G,2025-03-25 09:50:32.956106,"-27.485568921815762,-134.52890584379708",SIM switch,True
0XVPY3AQSO,9648639196,IAPLN,Android,False,LTE,2025-04-13 09:50:32.956120,"74.49849309262828,-41.164004201848684",reboot,False
2OXUT2PQPX,9251014709,XSJYX,Windows,True,LTE,2025-03-26 09:50:32.956135,"57.70825936372589,-138.1647310272452",reboot,False
T11EFN830L,5146795675,CFJFB,iOS,True,WiFi,2025-03-31 09:50:32.956149,"62.51097422241989,-90.28863051389166",SIM switch,True
6LROUYNIVG,1385838291,BHEIV,Windows,True,5G,2025-04-17 09:50:32.956164,"77.4518730648744,-45.49812302455834",battery drain,False
61IP92WD2S,1024375761,LCEFF,Android,False,LTE,2025-04-14 09:50:32.956198,"-45.378051621607604,8.183308344639585",battery drain,False
MNFWFVEI0M,2948032569,SXXIG,Android,True,5G,2025-03-25 09:50:32.956225,"-31.25993802300478,38.41787157220699",reboot,False
KDS07H5Z7W,9767843169,JMIHA,iOS,False,5G,2025-04-17 09:50:32.956243,"42.65001172285076,161.48898046773786",battery drain,True
OQP61P0NPI,3273984243,HMDSF,iOS,True,5G,2025-04-21 09:50:32.956258,"-13.306974601158302,-85.81912161563855",reboot,False
TXK2E7LED1,9330102364,LPXHS,Android,True,WiFi,2025-04-01 09:50:32.956273,"21.47575685762955,63.55817628665531",reboot,True
DGA94FFB5C,5981160122,UZXRV,Android,False,LTE,2025-04-06 09:50:32.956296,"34.07832121858888,-86.21472949890135",SIM switch,True
5V7RSDIURV,9527843041,QNMGY,Android,True,5G,2025-04-13 09:50:32.956320,"43.205385865453394,122.68018395112625",battery drain,True
MYJH77X5QT,9478080447,VVCEN,Android,True,WiFi,2025-04-08 09:50:32.956341,"-34.901187589382076,71.33127484533915",reboot,False
BIM5YXKG70,5472510760,LDUJN,iOS,False,WiFi,2025-04-16 09:50:32.956356,"28.49967304481541,28.937184117769363",battery drain,False
POSHK9EO8K,9354658079,YFTYA,iOS,False,LTE,2025-04-12 09:50:32.956370,"-56.637521444162665,65.10478137607916",SIM switch,True
7RH3GY5LAL,6611360655,CDZSI,Windows,True,WiFi,2025-04-08 09:50:32.956384,"-5.374228421393838,-59.10253651904438",battery drain,False
6NDN2524KK,0430750286,SHMGH,Windows,False,5G,2025-04-11 09:50:32.956399,"73.38911108099242,82.39280385477332",reboot,False
SPOT6P3NTW,9565316821,WFNDD,Android,False,LTE,2025-04-23 09:50:32.956413,"-60.35232721844733,16.587842161070085",battery drain,True
CGZY5D8I6Z,4772880312,OIUZY,Android,False,5G,2025-04-04 09:50:32.956430,"-84.2869582680252,-40.4481018029181",SIM switch,True
CZHISSUE4N,9165808647,GGKHN,iOS,True,5G,2025-04-22 09:50:32.956444,"-43.664844233444114,-88.01259958814553",battery drain,True
D4VB1FATW3,3532013931,USILM,Windows,False,WiFi,2025-04-18 09:50:32.956459,"-25.875773471681057,25.38555931177882",reboot,False
X6O7SBVDAJ,4230466999,GPDJP,iOS,True,5G,2025-03-26 09:50:32.956474,"52.52775644018237,78.49311628101299",reboot,False
LFCWC5VDRF,2905405337,PDSPR,Windows,True,WiFi,2025-04-12 09:50:32.956489,"-8.901854415733922,58.36833892095018",battery drain,False
SOKFAH6Z15,5643027946,OORPX,iOS,False,LTE,2025-04-07 09:50:32.956503,"-21.381206724589106,7.523529035336139",battery drain,True
72X02C9N61,0530348879,LGXMN,iOS,True,5G,2025-04-23 09:50:32.956518,"27.730954435823918,59.38661716893648",reboot,False
UR27DNEXHJ,1828154554,YCTCG,Windows,False,LTE,2025-04-06 09:50:32.956532,"71.47676821267038,-14.080943407017628",reboot,True
81FNQCBR1I,5533873140,QOQQJ,Android,True,WiFi,2025-04-05 09:50:32.956555,"-31.161485671239774,101.52657275725517",reboot,False
6XYXAVUSKV,3499310078,ZCRXH,iOS,False,5G,2025-04-08 09:50:32.956574,"-18.68592221077232,2.015094328553971",battery drain,True
KDSIA64KON,9797039350,EEEAC,iOS,True,5G,2025-04-11 09:50:32.956589,"-15.571512145375479,-170.418492647007",reboot,True
PMRA0Z8159,4693617207,IYCYK,iOS,False,LTE,2025-04-23 09:50:32.956604,"-50.21069099152663,43.577681357069025",SIM switch,False
XTBRRI3FKP,7034133795,ZNOXV,Android,True,5G,2025-04-12 09:50:32.956618,"46.5161592823365,58.80711410291761",battery drain,False
1XPPBGBYXU,7263763380,PFZPG,Windows,False,5G,2025-04-15 09:50:32.956633,"-34.220901020955324,91.33579778647106",battery drain,True
KD90BAWEYA,0388063822,UVKVT,iOS,True,5G,2025-03-31 09:50:32.956648,"-67.05849366780089,-114.79084528947942",reboot,False
I5WPL1LIUX,7192971681,QMTUD,Android,True,LTE,2025-04-22 09:50:32.956662,"25.678873514561246,134.47753077653476",battery drain,True
VEUP7O2C8X,5527818013,JIOQD,Windows,True,5G,2025-03-28 09:50:32.956676,"-27.80866512965995,-111.85959170378976",SIM switch,True
IXF7LA4K66,0193657015,FVXNJ,Android,False,5G,2025-03-31 09:50:32.956691,"64.51908619564301,49.413063754677665",battery drain,True
F5RWREMLBK,0103312337,JRCQO,Windows,False,5G,2025-04-12 09:50:32.956706,"53.412255019436515,103.44907860442902",SIM switch,True
CLY4HB9FJH,7472130919,VZWST,Android,True,LTE,2025-04-15 09:50:32.956720,"55.58711186664806,-160.14558868820313",battery drain,False
V0RI5A883X,6273481404,IVGSA,Android,False,WiFi,2025-03-25 09:50:32.956735,"-75.74533886445106,-152.7080979367202",reboot,False
K7QGU2WO4V,0699461526,CCZQW,Android,True,LTE,2025-04-18 09:50:32.956750,"22.119515899307416,175.9273618810255",reboot,False
WVFSQYBOQY,3071593265,EYFUX,iOS,True,LTE,2025-04-10 09:50:32.956764,"73.17394141323555,115.66439579274805",SIM switch,False
JVS5KXJP6O,5436889147,XOBEH,Android,True,5G,2025-03-30 09:50:32.956779,"52.24573772952749,112.33584331634364",battery drain,False
4QR7SMNAA8,3859416346,CNNVB,Windows,False,5G,2025-04-16 09:50:32.956793,"-33.66474743625033,59.00512772780053",battery drain,True
QAT7SZI2NG,9556972506,UCAPF,iOS,False,LTE,2025-04-16 09:50:32.956808,"73.10676284222771,-117.05177316055094",battery drain,False
YJEVYMLDLP,9521073800,VXXCE,Windows,True,5G,2025-04-20 09:50:32.956822,"-3.2756948079672696,38.51982403252029",SIM switch,True
IQQ1GYNADL,9029252928,GGMKJ,Windows,False,5G,2025-03-31 09:50:32.956837,"24.922839147081376,-51.655328376801776",SIM switch,True
M3F3GWODD3,7221700078,KGSDB,Windows,False,LTE,2025-04-15 09:50:32.956858,"-52.695266873156484,53.19514807550863",battery drain,False
47V11044X2,8910718640,DIYJD,Android,False,LTE,2025-04-20 09:50:32.956877,"-85.68153061319379,-135.5031893990444",reboot,False
TS2EYEQQG5,6592491795,QATAI,Android,True,LTE,2025-03-30 09:50:32.956892,"48.494331960695575,-138.6379177484239",SIM switch,True
3A45RW3O38,4880287531,JRQTG,Android,False,LTE,2025-04-10 09:50:32.956909,"73.44030722532781,8.820139041228344",battery drain,False
1I8Z7BYTXB,6118935115,OEYSI,iOS,True,WiFi,2025-04-08 09:50:32.956933,"81.11623502413084,-125.11650181768876",reboot,False
6CE6R5D0TF,4740140824,UFEJG,Android,True,WiFi,2025-04-18 09:50:32.956950,"-23.405578135628303,-102.33309449938146",battery drain,True
TWPPIKB5VB,0836547571,YHSIN,Android,False,LTE,2025-04-20 09:50:32.956966,"-84.50551901984907,85.36079131848163",SIM switch,False
AC0N2488M1,2810148739,COTCE,iOS,False,LTE,2025-04-16 09:50:32.956980,"87.73691528618616,-108.88611555207797",SIM switch,False
9DB1ETVWU1,6412231591,ECPME,Windows,False,LTE,2025-04-22 09:50:32.956994,"66.10847094603798,-113.62128121041965",SIM switch,False
31X2LFGIZQ,6149233196,OWVMK,Windows,True,5G,2025-04-13 09:50:32.957008,"-13.3813568077492,-107.68099885908696",reboot,False
7VTZAHOJQ8,9467227310,QVMTA,iOS,False,LTE,2025-03-29 09:50:32.957022,"-33.91931400015766,146.90594117106707",battery drain,True
JN11HLVIV1,0562110280,WEFZP,iOS,False,WiFi,2025-03-31 09:50:32.957037,"-20.289977457497343,61.698126586498205",reboot,False
94UJO8ASK8,9847914425,ANBLB,Android,False,5G,2025-03-29 09:50:32.957051,"-12.137690476893951,-24.284336046777952",SIM switch,True
O7KDI46198,3825750347,OKFNX,Android,False,WiFi,2025-04-20 09:50:32.957066,"-9.781760105515673,-170.59392238444275",SIM switch,False
ZPW5YJDXHY,3518064699,DHRJJ,Windows,False,LTE,2025-03-28 09:50:32.957089,"-27.44282945541881,175.9640587334871",reboot,False
ZTGWZ1KNY3,8225101298,MAQXU,Android,True,5G,2025-04-05 09:50:32.957109,"82.84285422471217,-113.26676462453999",reboot,True
T2QMRJ6QZ2,8331097868,PEKJJ,Android,True,WiFi,2025-04-13 09:50:32.957123,"14.018086009900927,169.68480349211154",battery drain,False
XGGKUHB63S,5052722667,KDOGT,Android,True,5G,2025-03-29 09:50:32.957138,"25.884739585252646,34.769917307591044",SIM switch,True
JXW2A9SAE0,8385722404,QLJFA,Android,True,WiFi,2025-03-27 09:50:32.957152,"2.988502388352316,46.630181905067246",battery drain,True
S9XUQP2NVE,5200322633,CVPEH,Android,False,LTE,2025-04-07 09:50:32.957167,"61.97989445811555,9.431431789637514",SIM switch,True
NJVCDM8J7O,7210470350,RXCYS,Android,True,5G,2025-04-13 09:50:32.957182,"-55.7410323254771,177.811830462385",battery drain,True
IU0EPC1UUF,1129479821,DYYES,iOS,False,LTE,2025-04-21 09:50:32.957196,"22.63285498874191,140.74143595632614",reboot,False
2RAY5AUUK8,1540112952,OLNAH,iOS,False,5G,2025-04-18 09:50:32.957211,"73.88678248695808,-119.83597521537075",battery drain,False
W7LUVTCL3K,1282459759,EBONK,Windows,True,WiFi,2025-04-19 09:50:32.957225,"78.4022573145235,-32.1943345195001",reboot,False
XAKBKBOVDL,7241165997,FLZBG,iOS,False,5G,2025-04-10 09:50:32.957239,"-15.484314308778337,-5.684077604414483",battery drain,False
1DHR0AAM2P,9196677590,IFXWZ,iOS,False,WiFi,2025-03-29 09:50:32.957254,"85.36488278206207,-52.06478438190358",battery drain,True
JWT6A0TEF8,3829718904,NATJN,Android,False,LTE,2025-04-21 09:50:32.957269,"-70.22725136923324,-2.8191641127626212",reboot,True
E3WL6OG594,2160388382,IACQN,Windows,False,LTE,2025-04-17 09:50:32.957283,"49.804769650948856,105.15749457438864",reboot,False
VFFTD5GIZY,2705972072,MEDWP,iOS,False,LTE,2025-03-27 09:50:32.957298,"-55.803504416783234,-139.68620368209432",battery drain,False
FJF0VJWNAP,1661602232,LKMWC,Windows,False,5G,2025-04-02 09:50:32.957314,"-85.34896010091924,167.2474267009216",battery drain,True
0766TJYKUH,6425688547,MKEYN,Windows,True,5G,2025-03-28 09:50:32.957337,"-40.43061722890774,68.41762033215846",battery drain,False
CADYK0NC01,4129463855,LRLRR,Windows,False,5G,2025-04-06 09:50:32.957357,"60.52723928079766,-109.63184732055811",battery drain,True
UE4PEEJ7Y4,2385388339,RUOVN,Android,False,LTE,2025-04-16 09:50:32.957381,"27.681221779096617,161.59505905823113",battery drain,True
PW2VRWYLER,4241668802,ATYHX,Android,True,WiFi,2025-04-13 09:50:32.957405,"-4.3438127517440535,84.76392773490295",SIM switch,False
0JP78EPZ4C,9874993135,DWHQN,Android,True,5G,2025-04-13 09:50:32.957424,"-13.347448496015033,-34.34736297690597",SIM switch,True
U8CBQMAIHH,4427067822,YSNOT,Android,True,WiFi,2025-04-23 09:50:32.957439,"-41.59360616731896,-103.38247872881597",SIM switch,False
ZD6Q8Z50DK,3651605430,GXXOV,iOS,True,LTE,2025-04-03 09:50:32.957454,"-31.00876624900215,16.14746380863008",reboot,True
5TPXPF5A9H,3478324150,KOLDS,iOS,True,5G,2025-03-28 09:50:32.957477,"5.951906518925597,-113.9759786875868",reboot,True
SSARJ1ZWSA,6350730897,XOGLV,Windows,False,LTE,2025-04-22 09:50:32.957493,"60.61617664637657,-36.0533976688738",battery drain,False
NPA4JO1OUP,5181558700,GGUUU,Windows,True,LTE,2025-04-09 09:50:32.957507,"-35.47066486289466,148.83430955017457",battery drain,False
94KWJQY9T1,4260103487,JOTWO,iOS,False,5G,2025-04-16 09:50:32.957522,"55.12718018031674,-163.5586498833558",battery drain,False
5EU0I8ZWLA,7033292868,YVQZR,Android,True,WiFi,2025-03-26 09:50:32.957537,"0.5369553468598554,-168.86926437910128",SIM switch,False
VF8QYK329M,1841700872,BXHIY,Android,True,5G,2025-03-28 09:50:32.957551,"64.74241842889808,-136.78903390657592",SIM switch,False
Z24HRMSNTL,4727816196,SRFYG,Windows,True,5G,2025-04-08 09:50:32.957565,"-43.66325811767359,-126.26077512067458",battery drain,True
Y5KYEZF5UZ,5722191067,CTFVZ,Windows,True,5G,2025-04-03 09:50:32.957581,"-23.44000680749876,131.8136232622232",battery drain,False
L4T3VZIVUI,1405382516,KDJTE,iOS,False,WiFi,2025-04-08 09:50:32.957597,"60.89640960121096,-50.183612073164426",SIM switch,False
GU7SCH769Q,9601559287,TODSI,Android,False,WiFi,2025-04-10 09:50:32.957615,"1.104890937807781,2.6385499152567604",SIM switch,False
HZEAHEYZYR,0618254573,JAYOU,iOS,False,LTE,2025-04-06 09:50:32.957639,"-59.25422497230398,-151.95768520800036",reboot,False
Q36B742E2B,3623612007,LHGMT,Android,True,LTE,2025-04-17 09:50:32.957654,"-20.9618386465131,-97.56101379724164",reboot,True
0TF6UT29MG,6276569658,XWGHA,Android,False,WiFi,2025-04-20 09:50:32.957689,"16.458776382304208,61.27101059815209",SIM switch,True
ZR113YZ933,5692195498,ASDPE,Windows,True,LTE,2025-03-31 09:50:32.957709,"45.354295920823574,-75.14870149978368",SIM switch,True
YK8EMVC9HW,2719524673,MCXHC,iOS,True,LTE,2025-04-05 09:50:32.957724,"40.41237011067895,65.47788394464553",battery drain,False
GN9ZP2T94Y,2955110934,JGEYG,Android,False,5G,2025-03-30 09:50:32.957738,"0.5817785096340486,-91.08532281219549",SIM switch,True
SKR3HKEVVX,1727603194,JHGTL,Android,False,WiFi,2025-04-03 09:50:32.957753,"79.11936954744334,-134.76939446555235",SIM switch,True
2SB5JHXY4R,2880112383,FPSLP,iOS,True,LTE,2025-04-04 09:50:32.957769,"36.62644885069429,61.695083265074004",SIM switch,False
JDL9QZ0CBG,2657600053,FGIOV,Windows,True,5G,2025-03-30 09:50:32.957783,"32.837386341585,-5.654571899069651",reboot,True
HW0ZTXOZOC,8379004187,NVBIX,Android,False,WiFi,2025-04-22 09:50:32.957797,"-3.9337106741758703,-68.2286362050865",reboot,False
8BFDXJSJWL,1694782706,UCCYX,Android,False,5G,2025-03-26 09:50:32.957812,"10.684275596730828,98.72201074592618",battery drain,False
UFHCZFZELV,7536716110,WKOAW,iOS,True,5G,2025-03-26 09:50:32.957826,"-48.77221265392268,-174.55978649934198",battery drain,False
TC475O1EWB,6245051001,FZZHH,Android,True,5G,2025-04-23 09:50:32.957840,"-6.316228981649388,-42.46864393784591",battery drain,True
4QVBLAZY63,4170454023,CKGXP,Android,True,WiFi,2025-04-03 09:50:32.957854,"-43.539875729626075,131.34875717395715",SIM switch,False
Y1W68C7UR6,9006999833,WESTR,Android,True,WiFi,2025-03-29 09:50:32.957868,"-68.52078320716814,12.59814663581082",battery drain,False
PZLM5N92UO,6758335967,GMQFZ,Windows,True,WiFi,2025-04-13 09:50:32.957883,"65.40642856906928,106.93798384678087",SIM switch,True
HXQKMOTCC4,0025664508,NAKRL,Windows,True,5G,2025-04-14 09:50:32.957897,"-61.5142757601073,106.48082934216382",reboot,False
TX3REQWXEL,4052804573,FWEEC,Android,True,WiFi,2025-04-16 09:50:32.957912,"-26.45594118856176,-139.0814001331703",reboot,True
H0KW1PYX83,2932625476,NIHKJ,iOS,False,WiFi,2025-04-10 09:50:32.957926,"-68.09574245395567,156.7232212475082",reboot,False
QVZPOAC8Q7,7121750674,HONIR,Android,False,5G,2025-04-17 09:50:32.957940,"87.177588421802,4.120454241416127",reboot,True
0NME2H89G4,5125069910,FPVON,Android,True,5G,2025-04-06 09:50:32.957955,"82.08579805426538,38.219322395155274",battery drain,True
7DYBKWO6HQ,8448382924,YDZIN,Android,False,5G,2025-04-14 09:50:32.957969,"-52.076539959526905,134.40595832614457",SIM switch,False
XBXP75JZMN,9657394643,LBLPA,Windows,True,LTE,2025-03-26 09:50:32.957988,"24.45593408322752,-173.2319867434158",battery drain,True
I3PFV1RIX6,7211879828,PHERF,iOS,False,5G,2025-04-09 09:50:32.958012,"-82.91420306621087,-122.55201865329293",reboot,False
8P4GWCE9QF,9976426028,BLPPY,Windows,False,5G,2025-04-14 09:50:32.958028,"70.92842917130167,-46.84492361438555",SIM switch,False
GZFRIM104X,2916067741,WJIQH,iOS,False,LTE,2025-04-17 09:50:32.958043,"5.943726522556602,35.94452230476409",battery drain,True
YIUW1K3ANY,1185225389,KJTFD,Android,False,WiFi,2025-04-12 09:50:32.958057,"-14.877654952355812,173.67925725133767",SIM switch,True
PJNWW4F6YV,7193582809,COATB,iOS,True,WiFi,2025-04-20 09:50:32.958072,"-30.366613395705265,135.09084377872807",SIM switch,False
Q6TQLYY2UE,6392077075,TSJDG,Windows,False,LTE,2025-04-15 09:50:32.958086,"-71.93418940679041,-142.81385400058724",battery drain,False
7A7GF2JPY3,8675514033,XAGWA,Android,True,WiFi,2025-03-28 09:50:32.958101,"-51.032024760677196,-159.36783219556287",battery drain,True
2SXTHGE0IC,9701319935,WYRUG,Windows,True,WiFi,2025-03-25 09:50:32.958116,"1.4912393481733375,-6.693272400663233",battery drain,True
Q39P3080HD,1269169375,XLVLD,Windows,True,5G,2025-04-17 09:50:32.958130,"42.78406805905584,85.12896097648354",reboot,True
V92J00BBDH,6710095352,SLBYD,Windows,True,WiFi,2025-04-21 09:50:32.958147,"-44.045445219453526,134.90384900460015",SIM switch,False
LQKG1E6H88,1452340281,KVILI,iOS,False,5G,2025-04-19 09:50:32.958171,"77.71524360393718,168.48757880388956",reboot,True
IEIX85HX8R,0874319332,CWFTM,iOS,True,5G,2025-03-29 09:50:32.958187,"74.2507575998844,-85.43479068841904",battery drain,False
NV5R187SCW,8520927422,PVCWO,Windows,True,LTE,2025-04-06 09:50:32.958201,"13.603904301309683,-19.6630005078855",SIM switch,True
WXZKF59JYL,2614997669,ETGMR,iOS,True,LTE,2025-04-06 09:50:32.958217,"-81.32120490252382,-80.32292234876635",SIM switch,True
KK0YEJKIG5,6984714615,UFBEF,iOS,True,LTE,2025-04-09 09:50:32.958231,"-69.03634456693126,-163.03234978923598",reboot,False
FCZ9L8JLHT,6221266307,ZNBMO,iOS,True,5G,2025-04-14 09:50:32.958245,"51.45723913626733,-176.06934602029",reboot,False
HDW37II17O,2022649180,HDLTK,iOS,False,LTE,2025-04-08 09:50:32.958260,"-18.422148131646352,112.3044535486411",SIM switch,True
J46VO0H16H,2024629417,OPEYN,Android,True,WiFi,2025-04-23 09:50:32.958274,"41.28224989753181,46.28015415278068",reboot,False
49VC276DCD,9757085181,XGSAL,iOS,False,5G,2025-04-20 09:50:32.958289,"-30.652314553547974,-79.00309482052884",battery drain,False
NLT9AECVO8,9744491267,KCHHC,Windows,False,WiFi,2025-04-01 09:50:32.958303,"-88.30916769501428,74.76581334407811",battery drain,False
4C1ESKT42F,9280856268,HAXHT,Windows,False,WiFi,2025-04-01 09:50:32.958317,"7.373928132776342,-156.2638395117182",battery drain,False
W6RN04C8K7,7954054903,EJWPL,Windows,True,LTE,2025-04-01 09:50:32.958331,"16.811918024918768,-131.31653009424002",reboot,True
YWWS8PFV8C,2030264423,DRYQV,Android,True,WiFi,2025-04-11 09:50:32.958346,"-15.016754836760043,150.4270961604766",SIM switch,True
BX8VISQI9V,0011525003,EFIHW,Windows,False,WiFi,2025-03-26 09:50:32.958361,"18.088755661316753,8.094087535258723",battery drain,False
UW30HJ1QFR,7187211857,YURBJ,iOS,False,5G,2025-04-14 09:50:32.958382,"-20.157339003021335,-160.0920739001237",SIM switch,False
KBG4S1MO0T,2087757129,ROSCM,Android,True,LTE,2025-04-14 09:50:32.958404,"61.747112299199785,148.822708492432",reboot,True
5B7741MA8G,2857040140,GERIS,iOS,False,WiFi,2025-04-08 09:50:32.958426,"30.305322701696056,-19.503711611094673",reboot,True
EVLPPZ85WR,0069275991,LMMDU,Windows,True,5G,2025-04-01 09:50:32.958441,"5.4977340573305185,89.84479238700891",battery drain,True
T4EIZEQU1U,8379003943,MWELI,Android,False,5G,2025-04-01 09:50:32.958458,"-89.49499011182763,-63.65495569329693",reboot,False
012VBAN62K,9520704615,TJKLF,Android,False,LTE,2025-04-02 09:50:32.958482,"82.08185551976294,77.99710798792745",reboot,False
IBGQ73NWU1,1092822319,VIIXG,Windows,True,LTE,2025-04-21 09:50:32.958500,"-25.24551402391228,-155.82189594576715",SIM switch,True
LB3HGVKSV5,0395201328,XQHDX,iOS,False,WiFi,2025-04-11 09:50:32.958515,"83.36981339803114,79.1910210491315",SIM switch,False
ZRN7FQ39D0,1969550821,ZAKBU,Android,False,5G,2025-04-01 09:50:32.958530,"66.08266912461343,173.5510671194408",SIM switch,False
V8I6AHVN3P,6803812701,BEDFH,Windows,True,WiFi,2025-04-21 09:50:32.958546,"-59.63315753162976,-154.10970880645425",SIM switch,True
T5BULOZ70X,9217347997,CMSIH,Android,False,WiFi,2025-04-08 09:50:32.958560,"-8.910713067200618,93.83395107463252",SIM switch,True
ZX85K76XFV,9758288942,BBNOZ,iOS,False,LTE,2025-04-04 09:50:32.958575,"-31.969753559658898,31.08320690799738",battery drain,True
UDHA2GPH67,3325947012,OPPIC,Windows,True,WiFi,2025-04-23 09:50:32.958589,"-83.5245934862694,163.91264849416046",reboot,False
MQVSL2RIN2,0430996432,YAEWP,iOS,True,WiFi,2025-04-19 09:50:32.958604,"-22.30766385316835,144.88545093518513",SIM switch,True
FJN8YPNKPS,6990620741,EFKJK,Windows,False,WiFi,2025-04-15 09:50:32.958618,"-79.90499866800334,-102.90562826005699",reboot,True
LYL5E1G2W4,3541652545,WCBZT,iOS,False,5G,2025-04-05 09:50:32.958638,"45.02775580566646,-158.2665446901913",SIM switch,True
OSLZD5I9AW,1866020689,WFAIC,Android,False,5G,2025-04-17 09:50:32.958652,"-31.733224038153665,-99.06809683469615",battery drain,False
4W3ALSMOA3,4818819086,KCOWK,Windows,False,WiFi,2025-03-30 09:50:32.958667,"23.00624480580551,21.70543562774634",SIM switch,False
G55L6J2AFF,4595744215,DCAQJ,Android,False,LTE,2025-04-09 09:50:32.958693,"-5.349224201076495,-121.79587234993687",battery drain,False
YPPR7YXX7E,1634394378,KDMDW,iOS,False,WiFi,2025-04-15 09:50:32.958718,"23.30208562288111,-170.1082256035361",battery drain,False
0EF4D8IT31,5338981780,MLSEC,iOS,False,WiFi,2025-04-15 09:50:32.958733,"-28.314033465805046,84.55053959875346",reboot,True
MQGKM787QU,5577672542,DQFFH,Windows,True,5G,2025-03-26 09:50:32.958750,"-7.6947105731948255,-84.43230790611219",SIM switch,False
FTAOZ40IL3,1135877223,SFCIX,Android,True,LTE,2025-04-14 09:50:32.958773,"21.14730299857986,-34.59204707170949",reboot,True
UF0TNPVYB7,9877695491,JSJTU,Android,False,WiFi,2025-04-02 09:50:32.958794,"-74.96203697198516,164.08254505742974",battery drain,False
9N91N3ABK9,3204097535,VSWSJ,iOS,False,LTE,2025-04-12 09:50:32.958821,"-6.532013373329349,158.9378591546095",reboot,False
X5NM6DDC1V,7228970500,RCFCM,Android,True,LTE,2025-03-27 09:50:32.958836,"8.225052787144946,-34.39551668003054",battery drain,False
33T35GZ6N4,0066639043,CVILJ,Android,True,5G,2025-04-22 09:50:32.958851,"28.465436884708026,-106.67055234735084",battery drain,True
2XVXXRRCYN,7900039263,CFHQF,Windows,False,5G,2025-04-13 09:50:32.958865,"80.89715293415026,63.66906231174397",reboot,True
50H5U17QTZ,1243978752,XOSME,Windows,False,WiFi,2025-04-18 09:50:32.958879,"-30.662640238149827,-160.88817702623192",battery drain,True
ZN5949ZVQU,9165552346,TMHRA,iOS,True,5G,2025-03-27 09:50:32.958905,"-13.119476642793671,-20.505681564664258",battery drain,True
NQYYV1STFY,9160386257,UROAP,iOS,False,WiFi,2025-04-18 09:50:32.958927,"-36.399929311440985,65.90660629382856",reboot,True
Q1X5BDEUCR,2850220649,OUEPX,iOS,True,LTE,2025-03-31 09:50:32.958952,"-32.29676592688446,151.9449646856827",SIM switch,False
34CMWTQL4J,3868311288,XKHAS,Windows,True,5G,2025-03-26 09:50:32.958970,"70.8631568138255,-37.24377415881767",SIM switch,True
I6EQFGRWQY,2844925697,XLDIJ,Android,False,5G,2025-03-26 09:50:32.958984,"-83.23528198824596,173.6851006327944",battery drain,False
5N7NAUUF2J,9276493096,YLTZD,Windows,True,LTE,2025-04-09 09:50:32.958998,"-8.3383600722985,-34.73472368762475",battery drain,True
220JB6KSBT,9988286193,XZRIF,Windows,False,WiFi,2025-03-31 09:50:32.959012,"-13.985673091263692,61.81528462180441",SIM switch,True
J2OI5IY9K3,9309493671,RLBLJ,iOS,False,WiFi,2025-04-16 09:50:32.959034,"17.5703434037993,-102.34728023574552",battery drain,False
F564Y884RE,0090493855,ZBCTI,Windows,False,5G,2025-03-31 09:50:32.959049,"84.66156774488974,152.6951747196875",SIM switch,False
21JUY8OHJ0,0743644640,BITYC,iOS,True,WiFi,2025-04-12 09:50:32.959071,"-12.852836454493712,31.25256517117009",battery drain,False
GXDQOGBOS7,0835553998,EUQWU,iOS,True,5G,2025-04-02 09:50:32.959093,"-80.44023252200256,-140.78161483556454",battery drain,False
MP3DO72YAI,5341147306,BZLDZ,Windows,False,5G,2025-03-29 09:50:32.959116,"-9.122077968645243,-11.340026459201425",SIM switch,False
9UXEHHK6AS,0755072510,SIEZC,Android,True,LTE,2025-04-22 09:50:32.959131,"-52.099713400564106,-168.33883937273401",SIM switch,False
ZS5DMDOK4S,1141048485,WJSDZ,Android,False,5G,2025-04-06 09:50:32.959145,"16.424807684930954,-100.84535249993947",SIM switch,False
J2XSCD89L8,4934292178,TWIKC,Android,False,5G,2025-04-10 09:50:32.959160,"-2.117795732870036,41.35519636246215",battery drain,False
QVMDRQAH6G,7657746535,BFESF,Windows,True,5G,2025-04-13 09:50:32.959175,"64.80437165146003,173.84522242164888",reboot,False
6RZI36VJG0,4301420178,QFUHK,Android,False,LTE,2025-04-17 09:50:32.959189,"36.71290436623907,169.85036702875846",SIM switch,False
QS2G4YZBEE,6350793206,IOQLU,Android,True,WiFi,2025-04-14 09:50:32.959203,"82.1106947835421,-135.4255771175066",battery drain,True
1RNBMT62ZY,1987109734,BCGJO,Windows,False,WiFi,2025-04-21 09:50:32.959219,"22.791694652408708,-137.2984613470788",battery drain,True
5JFC0REAYE,7957451066,QTEDI,Windows,False,LTE,2025-04-13 09:50:32.959241,"-66.06809849341565,83.20726376483566",reboot,True
07LXO0L1US,0867582197,YBTFE,Android,False,5G,2025-03-29 09:50:32.959260,"-58.985792353709336,-65.40011452463548",battery drain,True
99NBDDK2T8,6676613550,GQDID,iOS,True,WiFi,2025-04-05 09:50:32.959275,"76.66599258878313,-94.31126203789849",battery drain,False
1VJCGNTYRI,7426382392,KOAYL,Android,False,WiFi,2025-04-10 09:50:32.959291,"36.98609280037033,-55.67680947680074",reboot,False
B5ZRP63F56,1805937930,CJWYQ,Android,False,5G,2025-04-02 09:50:32.959306,"29.771704032800287,-29.292700259732214",SIM switch,True
WSR71RZQTV,2581618008,OMJLD,Windows,True,5G,2025-03-28 09:50:32.959321,"-32.773038307510596,-85.17249760530622",reboot,True
ZF7QDILU4Y,6513648784,GUCZB,Android,False,LTE,2025-03-31 09:50:32.959340,"-17.368991220272633,84.6629353473611",SIM switch,True
QWMLXOR0DT,1522712243,CAZAM,Windows,False,5G,2025-04-13 09:50:32.959355,"-54.00370199036998,-11.861762053952901",SIM switch,False
3RXVFYM9Z4,9950236931,YQFUQ,iOS,True,5G,2025-04-20 09:50:32.959370,"44.92984860377743,138.9833170372171",SIM switch,True
DRKODNMPNP,7945007343,UFUTB,Android,True,WiFi,2025-04-20 09:50:32.959389,"-67.14010426252372,165.71122442398826",battery drain,False
TD6T7CG2UK,2113135002,XDOTF,Windows,False,WiFi,2025-04-19 09:50:32.959404,"12.341239817396811,146.544328570713",battery drain,False
7H73TKREYY,3819112228,ATYFL,Android,True,5G,2025-03-28 09:50:32.959419,"38.97643125327315,-131.7036019743806",reboot,True
IWBHDUUF15,8337453175,ADTBD,Android,True,LTE,2025-04-17 09:50:32.959432,"-53.454799253110565,-113.71054207785741",SIM switch,True
YCF1AOL60B,2887904184,MIIBQ,iOS,False,WiFi,2025-03-27 09:50:32.959447,"-37.39876268279112,145.14716909376932",battery drain,False
OBW5ANWI0T,6496552021,KSKWQ,Windows,False,WiFi,2025-04-09 09:50:32.959461,"-57.75083624798979,-59.17838372319534",reboot,True
LLIHQWNDMN,1858698025,BFFFE,Windows,True,LTE,2025-04-03 09:50:32.959483,"-60.487074483816414,25.97215520069605",SIM switch,True
WNE4N0NDYC,1929190887,NZETC,iOS,False,LTE,2025-03-25 09:50:32.959506,"-18.80541349899613,-139.76198948233366",reboot,False
YE11P0T03G,5324230134,FZMQK,iOS,False,WiFi,2025-04-05 09:50:32.959521,"46.178877078322216,73.44345658083103",SIM switch,True
ZK7LNXWQTB,8808222270,KRQAU,Windows,True,LTE,2025-04-18 09:50:32.959535,"-21.509753558269452,-147.33916727737676",reboot,True
9JF5N410PS,0043482678,CCKCR,Android,False,LTE,2025-04-07 09:50:32.959553,"23.57943717402196,170.60227639709342",battery drain,True
E41BSCO9JR,9123670010,JPMAS,Android,False,LTE,2025-04-12 09:50:32.959577,"-44.66757463275468,88.18876844234842",SIM switch,True
917UCSPXIJ,6980101521,PZSVO,Windows,False,LTE,2025-03-31 09:50:32.959597,"-31.219063646896238,-6.988071392721281",battery drain,True
WNFX6L2VVC,7965139677,EYFTX,Windows,True,LTE,2025-04-22 09:50:32.959612,"-41.570189168651495,45.91346297927814",battery drain,False
PEX2RU6465,4810389441,HXIHL,iOS,True,5G,2025-04-01 09:50:32.959627,"25.347064358737427,81.69528833260216",SIM switch,True
7FYBNR1UMF,6486992930,GDCHH,iOS,True,WiFi,2025-04-18 09:50:32.959642,"-89.11915188190807,78.72218611436153",reboot,True
M7ZXRB5JCG,0719987827,GWFRJ,iOS,False,WiFi,2025-04-07 09:50:32.959662,"-80.57746741812453,-125.63280368859138",SIM switch,False
DHKOJTTD4C,9595134631,IDBAJ,Windows,True,WiFi,2025-04-12 09:50:32.959676,"63.36096630723034,-156.93579918746929",battery drain,False
KIUB404Q0Z,1949045431,VLIDC,Android,False,LTE,2025-03-25 09:50:32.959691,"-82.6827568583165,-70.27246715079366",battery drain,False
4D3I4HLMF7,6517753645,BWEHO,iOS,True,5G,2025-04-20 09:50:32.959705,"-60.043957953050075,109.0043368281037",reboot,True
5QJ6LVX5YD,4190704141,THHBL,iOS,True,WiFi,2025-04-12 09:50:32.959719,"-77.67295178095382,129.8237009062525",SIM switch,False
R1CKOQ06TC,6621663257,ZKMRG,iOS,False,5G,2025-04-01 09:50:32.959734,"76.82045322483816,-14.44539833271753",reboot,False
BZURCMLOES,2857373296,OSAAQ,Windows,True,5G,2025-03-28 09:50:32.959748,"36.01213729045584,-85.0460864424173",reboot,False
PNH33IFGMF,5517151096,ZTUNG,Android,False,5G,2025-04-09 09:50:32.959767,"22.207154603555537,-171.30109719383634",reboot,True
71WG4VLAIU,2074979077,KZKDZ,Windows,True,WiFi,2025-04-18 09:50:32.959792,"86.20458717811366,-36.12588354694833",reboot,False
VQYOYRVJ6U,5200154564,YNMBW,Windows,False,LTE,2025-03-31 09:50:32.959807,"-48.203172504996346,-175.4919418135505",reboot,False
CLDP0UFRPP,0387122639,VKXLW,Android,False,5G,2025-04-07 09:50:32.959822,"-62.21195814918238,-140.3751360426524",SIM switch,True
R213V31G52,4665022326,AWCID,iOS,True,LTE,2025-04-22 09:50:32.959836,"32.25839101477962,177.17932077867653",battery drain,True
ZJFDE1HOOD,5969074223,IKLKE,Android,True,LTE,2025-04-18 09:50:32.959851,"66.90243495870914,109.76904038207937",reboot,True
C81DO0D3PO,2362520572,FZHQH,Android,True,5G,2025-04-20 09:50:32.959865,"27.490572648738663,-25.90028393097475",SIM switch,True
KM4X1M08EV,1356021920,DQJNN,Android,True,LTE,2025-04-12 09:50:32.959882,"-81.16738007044245,176.45203459655426",SIM switch,False
AEIYTGK08N,3444328467,VFHCS,iOS,False,WiFi,2025-03-30 09:50:32.959905,"-81.47069887253656,56.14948156571177",reboot,False
NLDAGDT0N2,3936616306,CQNQQ,Android,False,LTE,2025-04-23 09:50:32.959920,"-45.448497868791534,-38.95719399285463",reboot,False
KNYG68MJ3N,5232982160,GPIZG,iOS,False,LTE,2025-04-12 09:50:32.959934,"-64.34075111649008,26.411402397365066",reboot,True
4RNQ85WLE4,6351188047,JOXJA,Windows,False,LTE,2025-04-21 09:50:32.959953,"-36.260562688102446,78.45159868297856",SIM switch,True
VGFJ7G6TXD,1419324729,FQCCG,Android,False,5G,2025-03-29 09:50:32.959968,"53.27853466754851,157.28202093049646",reboot,True
2PLRZMEG0H,9229790651,XPOZD,iOS,False,WiFi,2025-04-11 09:50:32.959982,"89.4188665801741,73.94726749235829",reboot,False
WH76YQDYKP,5131555222,XKOSQ,Windows,True,LTE,2025-04-21 09:50:32.959996,"44.97005920839092,-126.295436218903",reboot,True
3REPPAVPB0,5200587444,AZUDU,Android,True,WiFi,2025-03-28 09:50:32.960010,"13.469426026915698,8.295808989411768",SIM switch,True
XPBDP52KX9,4493265662,CIPPX,iOS,False,WiFi,2025-03-25 09:50:32.960024,"23.55243123174114,21.47901550788751",SIM switch,False
OZ4XDI5EJ2,1881224227,ZQZRA,Android,False,LTE,2025-03-28 09:50:32.960039,"-39.026623567566155,-172.81181332698517",battery drain,False
5LYKKRAOB9,2741658297,IBNTH,Android,False,LTE,2025-03-31 09:50:32.960055,"-85.9550593598158,-165.72239591690712",battery drain,False
KOEMXG6AVW,3395861182,VQIAR,Windows,True,LTE,2025-04-01 09:50:32.960069,"-55.984891554807994,132.92360412620002",reboot,False
AF0RLNI08M,3850109134,OOGNJ,Windows,False,LTE,2025-04-02 09:50:32.960087,"59.70197365533653,85.06255659455786",SIM switch,False
UIUZ323ZLU,3021300473,OBJLS,Windows,False,5G,2025-04-19 09:50:32.960101,"-23.804006740210497,-131.77092213158656",SIM switch,True
I95K2198IE,3133912597,KLUPP,Windows,True,5G,2025-04-10 09:50:32.960116,"-83.3620834011135,90.32951204185247",reboot,True
MGY4ZL9YTL,3111256663,JDPPP,Android,True,5G,2025-04-09 09:50:32.960131,"75.12924389434082,74.8024025966323",SIM switch,False
CHXH0GC0HB,4236525891,QVIRB,Windows,False,LTE,2025-04-14 09:50:32.960155,"42.67495854646103,-146.81468176756613",reboot,True
MCEXT1B1SV,4258791812,ASDUF,iOS,True,WiFi,2025-03-30 09:50:32.960318,"21.338531383949643,14.832743945721859",SIM switch,False
I0QRXKJ8C6,4907422371,AJFVB,Windows,False,WiFi,2025-03-27 09:50:32.960347,"15.890674210488925,-85.57485365184128",SIM switch,True
JGCKEP2KCG,8640828878,SUOYD,iOS,True,5G,2025-03-26 09:50:32.960362,"-24.140118022119367,-103.8084936420618",battery drain,True
TJ4VJ3O2WS,2408985367,ZAAXD,Android,False,WiFi,2025-04-16 09:50:32.960377,"-26.596569507454113,-118.34854506974652",SIM switch,False
OSR40DKZMM,8231867842,RQXMB,iOS,True,LTE,2025-03-25 09:50:32.960400,"-65.1778239172591,124.2732575185056",reboot,False
24KZX4FZ5J,8040917960,DSPNQ,iOS,True,5G,2025-04-16 09:50:32.960414,"17.522930896049544,-74.9857589397438",battery drain,True
WFX68BDY6J,7183203757,ZUFLI,iOS,True,WiFi,2025-04-22 09:50:32.960429,"15.753705684903878,-163.42101173971446",reboot,True
ZNKS2TFR2H,5576168664,XPVQU,Android,True,5G,2025-03-26 09:50:32.960443,"-68.10780365852713,44.57854205719829",SIM switch,False
2R4QW23YT9,1258198209,PXBDT,Windows,True,LTE,2025-04-12 09:50:32.960458,"49.76581402894928,-23.519469550290125",reboot,True
WIPUUBXX8H,0695270724,QEZMN,Windows,True,5G,2025-04-02 09:50:32.960472,"25.831473962998885,157.9020467134648",SIM switch,True
3V2U84RL1P,8131698333,XDGWE,iOS,True,LTE,2025-04-07 09:50:32.960486,"80.09828454894202,-114.14775829185794",battery drain,True
ATIORM9ZVL,3966653926,TIQEZ,iOS,True,LTE,2025-04-15 09:50:32.960500,"52.401822344593114,-122.22909986111532",battery drain,True
54EHJG7Q63,3188469147,YRCIS,Android,False,LTE,2025-04-13 09:50:32.960514,"84.9588125392859,-72.47359790950547",reboot,False
RCASLTUD6I,7205394093,VYDDI,Windows,True,5G,2025-03-29 09:50:32.960529,"48.37157207021332,136.4273040356029",reboot,True
44EO997WXX,3193940569,KFUYP,Windows,False,WiFi,2025-04-21 09:50:32.960545,"38.65877900826186,-166.25263942499245",battery drain,False
ATTJWDMZGO,6186752480,HMSZR,Windows,False,5G,2025-04-08 09:50:32.960571,"32.210393695019974,-12.785297140326975",SIM switch,True
JEF0LNUIOH,8176268158,VZEAD,Windows,False,LTE,2025-04-10 09:50:32.960592,"86.7358292744963,48.20803808440107",SIM switch,True
NBWF8WJBLX,5231286303,IUAJM,Android,False,LTE,2025-03-25 09:50:32.960615,"70.46481707370509,-68.82191949308141",battery drain,False
L2M982BXND,3037936409,WIEXW,Windows,True,WiFi,2025-04-16 09:50:32.960636,"68.33490770870293,-97.72723327290642",SIM switch,False
P2DRD2N3AZ,6857300131,YPWNQ,Android,False,5G,2025-03-28 09:50:32.960650,"54.50534667195035,8.439704360009927",reboot,False
2JE4LVKPPP,4996096374,HVMEW,iOS,True,WiFi,2025-04-09 09:50:32.960679,"-18.20483483369695,-34.66682216265903",SIM switch,True
QG3IEF5TYS,3352932568,YIZCS,Windows,True,LTE,2025-03-29 09:50:32.960694,"-67.70300313431612,25.20106102212523",battery drain,True
IQ8K27IMNG,9330835186,EONJU,Windows,False,LTE,2025-04-20 09:50:32.960710,"-27.980262596969318,72.3572793712288",reboot,True
JVFN4THG61,6001153627,CFGYN,Android,False,LTE,2025-03-30 09:50:32.960729,"-20.553991102734813,-165.47668543215394",battery drain,True
7K6CB8A72I,4306370909,CYAXV,Windows,True,5G,2025-04-19 09:50:32.960743,"-73.59556588960041,152.89784502796272",SIM switch,False
PWI48KL1PG,3229803444,DXTHH,iOS,False,WiFi,2025-03-30 09:50:32.960757,"-68.57076231366128,-117.47144546819817",battery drain,False
S23S5ETPO2,6896373460,YVHXC,Windows,True,LTE,2025-04-09 09:50:32.960771,"-4.23806389168773,108.89398878751325",battery drain,False
VI3CUC5X1B,6438593051,FMXYH,Android,False,5G,2025-04-06 09:50:32.960785,"-39.03692324049937,124.60672685467227",battery drain,True
LWYF3SHE6N,1844551526,NDNES,iOS,True,WiFi,2025-04-15 09:50:32.960800,"41.67567781851548,137.30647871012968",battery drain,False
87WJTWA6HJ,5614620914,LRZAD,Windows,False,5G,2025-03-29 09:50:32.960814,"21.909966335418403,-168.38149716529142",SIM switch,False
DC7H687KSR,8701187025,IANQK,iOS,False,WiFi,2025-04-23 09:50:32.960828,"31.07947308769687,85.71073983035473",SIM switch,False
B82TYTO1J5,5822766478,SJBWI,Windows,False,5G,2025-03-27 09:50:32.960851,"1.1885459342401674,44.428371329144284",SIM switch,True
EOHW0AW945,9911985984,FEOSQ,Windows,True,LTE,2025-04-11 09:50:32.960874,"89.33054307704299,-84.79811319833092",battery drain,False
J4Y2DOR138,4722411453,AXAEG,iOS,False,LTE,2025-04-23 09:50:32.960890,"34.69394889340181,-172.50849213741378",reboot,True
RW8ZHJCG3J,8304044835,WTOYL,iOS,True,LTE,2025-03-31 09:50:32.960904,"-45.385875223727936,41.06957085114513",reboot,False
1YD9BWL01S,5843328110,GOOZX,iOS,True,LTE,2025-03-25 09:50:32.960919,"54.37073891998358,-171.8357540916504",reboot,True
KAZF14GSNA,1662625078,WXVYH,Windows,True,5G,2025-04-21 09:50:32.960933,"-34.03153948263155,2.028271128820222",reboot,True
MS4AFIBCOG,7678171465,XWSNA,Android,False,WiFi,2025-04-10 09:50:32.960948,"81.6149341380285,158.61112532089226",battery drain,True
XYJ83YYRTE,7322187065,YLBXN,Windows,True,WiFi,2025-04-14 09:50:32.960969,"-0.4009960187275965,162.74238148480237",battery drain,False
2R6OCO6AOZ,6601399242,VKJZR,Windows,False,LTE,2025-04-09 09:50:32.960991,"86.60564878495427,-97.51378458500542",battery drain,True
3VDWDN9RU3,4484943327,BMQYY,Android,True,LTE,2025-04-01 09:50:32.961005,"-7.457751582638679,4.620078903794621",reboot,False
FDDW2DQJWT,6330023668,TRNXE,Windows,True,LTE,2025-03-29 09:50:32.961024,"55.466210331585614,-133.5125067256532",reboot,True
M6OJITLZF1,8383254450,JITSW,Android,True,WiFi,2025-03-26 09:50:32.961040,"34.432362227663134,-101.94469816521703",battery drain,True
OLH5OAR3RM,6011368531,ONOCT,Windows,True,WiFi,2025-04-11 09:50:32.961054,"42.036345763173074,-157.89750194648138",battery drain,False
8HUT96LBOP,0253477855,AOWIC,iOS,True,WiFi,2025-03-26 09:50:32.961068,"-25.44214871626707,-111.58625188527353",battery drain,True
JSN4QTVSNQ,8860592466,KSVKC,Windows,True,WiFi,2025-04-01 09:50:32.961083,"-24.965358484668798,-111.93907288795643",reboot,True
U9U5GWUSCD,5250193873,OGBSL,Android,True,LTE,2025-03-27 09:50:32.961098,"40.0713251805758,-83.50480324240397",reboot,False
D42V7NC4J2,6771710038,DBENZ,iOS,True,LTE,2025-03-30 09:50:32.961112,"78.29276566256735,-8.340926641215788",reboot,False
LO5CHKIU95,4945325238,IXITP,iOS,False,WiFi,2025-03-30 09:50:32.961167,"78.43394588526428,66.2405108206641",SIM switch,True
YJ5MXFGWW2,4896321217,YAZUD,iOS,True,5G,2025-04-02 09:50:32.961182,"12.93900847558821,133.1356462633804",battery drain,False
CPGF7BYF5R,5317551599,YPNOQ,Android,True,5G,2025-04-21 09:50:32.961196,"56.44507395983021,45.1527226626518",SIM switch,False
XVNTJ1T2P8,6668153738,RTCAO,Windows,False,WiFi,2025-04-19 09:50:32.961214,"-72.14064611264655,130.4418092446707",SIM switch,False
89S2Q05W7B,4598179531,QQCLC,iOS,True,5G,2025-04-03 09:50:32.961238,"46.99132533231119,16.25696969878021",battery drain,True
AQMR48OSSQ,4494344500,ONGDC,Windows,True,WiFi,2025-04-23 09:50:32.961255,"7.38692632371891,-126.738458921695",battery drain,True
QLL81A2790,5132681334,UFNHP,Windows,True,5G,2025-04-14 09:50:32.961270,"30.443541743439084,144.48181983504423",reboot,True
3592BJH3SC,8840383713,KFAWV,Android,True,LTE,2025-04-12 09:50:32.961284,"68.75600633227293,88.71213856374521",reboot,True
PXYKQNPOVU,4958486156,TFUBD,Windows,False,LTE,2025-04-21 09:50:32.961298,"-23.21398112139063,97.08137630199934",SIM switch,True
IR0HUVFNG8,3383613106,IZOYJ,Android,False,5G,2025-04-21 09:50:32.961312,"-76.99556908150693,-133.78494700484256",battery drain,True
X86VXHG4IT,2603119439,NRHXV,iOS,False,WiFi,2025-04-17 09:50:32.961326,"21.774487837156414,151.653497653636",battery drain,True
YV17NXCAVN,9004441386,VXENV,iOS,True,5G,2025-04-18 09:50:32.961346,"-66.36244766044885,90.25876140751723",battery drain,False
4XDT7TU69V,4118201148,TFTQF,Windows,False,LTE,2025-04-14 09:50:32.961360,"32.89306759946311,-18.69813256486688",reboot,True
2FO01T7WR1,1200910530,QAFDS,Windows,False,5G,2025-04-10 09:50:32.961377,"-33.15351641170302,4.215946401205315",SIM switch,False
FDFA35BNP0,3991233049,NGWQM,iOS,True,5G,2025-04-02 09:50:32.961402,"72.82499805082949,-121.41115375806503",reboot,False
69OK7T1YYP,6642766427,KYHLI,Android,False,LTE,2025-04-17 09:50:32.961422,"25.757180211794463,149.34870369421702",reboot,False
PGDLQAW5XG,7705820360,NFZEA,Windows,True,WiFi,2025-03-30 09:50:32.961437,"16.887131540163637,133.42406108791556",SIM switch,True
21NSYN98OH,9048917298,NKOVQ,Windows,False,WiFi,2025-03-28 09:50:32.961451,"32.986044933528476,-117.40220811579317",reboot,True
UWVMW4J4K7,0050035852,QBOPM,Android,True,WiFi,2025-03-27 09:50:32.961470,"35.30269477658585,1.556595054243246",SIM switch,False
IHOIN8V1LV,4409104010,IMIUQ,Android,False,WiFi,2025-04-07 09:50:32.961484,"61.699137680751306,-152.40428177347897",battery drain,True
XX2RT6KX2I,6486448751,TTMLM,iOS,True,WiFi,2025-04-23 09:50:32.961499,"-73.79848566100148,162.6448916649278",battery drain,False
387AMX5PNS,6122195603,KLBKR,Windows,True,LTE,2025-03-29 09:50:32.961513,"-44.33986393076893,171.9119954675827",SIM switch,True
V1B8R0P8XW,8065279959,IPYYM,iOS,False,5G,2025-04-03 09:50:32.961527,"13.25899663745821,54.06548772860086",battery drain,True
CTJFH03FGG,6017456912,IKZHU,Android,False,5G,2025-04-02 09:50:32.961541,"-73.1970663664004,78.18108502942692",battery drain,False
HPOZAS1CK0,2738138644,CQEWF,Android,True,WiFi,2025-04-01 09:50:32.961556,"-43.753807644887914,48.39347985163943",battery drain,True
0523G3UJKA,2595802778,AOZDK,iOS,True,5G,2025-04-06 09:50:32.961572,"-72.96362819652546,49.56807769758987",reboot,False
5EOJRQIGH4,5462506609,YFAQA,iOS,True,5G,2025-04-01 09:50:32.961586,"21.409493323233406,86.5939792165957",reboot,False
BUIPKJVH0F,4483883463,SWHQH,iOS,True,LTE,2025-03-30 09:50:32.961600,"10.247276616617938,139.84921764047346",battery drain,True
3BGX0UBLZY,2893162459,EHZJD,Android,True,5G,2025-04-17 09:50:32.961615,"26.481093400082685,-30.46439679802674",reboot,True
FIA2TOQXU5,0215556112,XPWPS,Windows,False,5G,2025-04-02 09:50:32.961641,"-66.69341608183541,59.41414314959519",reboot,True
DCV0OTED1O,8162143085,WBCVO,Android,False,LTE,2025-04-09 09:50:32.961663,"70.8860223848555,8.06391428780492",battery drain,False
GUH7A35BSO,1987298730,PTNAP,Android,True,5G,2025-04-08 09:50:32.961681,"-75.71009159966138,-67.04409705442882",battery drain,False
KVY7EYYZS9,0171944647,FSJUD,Android,False,5G,2025-03-27 09:50:32.961709,"-84.19187626069579,-162.6157625770279",reboot,True
TKA9YOZPRU,1844651976,FQYTH,Android,True,5G,2025-04-14 09:50:32.961731,"-49.1297398203959,-87.86879187001865",battery drain,False
5JCL7BDDAM,0131964054,KGWTL,iOS,False,LTE,2025-04-12 09:50:32.961747,"-28.88572543398992,-31.294773074141887",SIM switch,False
LFAL5KBUUH,6896737177,SDXCW,Android,True,LTE,2025-04-14 09:50:32.961767,"-55.31236501210327,99.87256156895313",reboot,True
V5P62HAINB,6492939250,OENSE,Windows,False,LTE,2025-04-05 09:50:32.961785,"5.943916939975395,-92.28380579928623",SIM switch,False
GIZLY9BGUX,3495921834,IPQQB,Windows,False,WiFi,2025-04-20 09:50:32.961799,"81.65789604390324,-132.66024742915954",reboot,False
MBJOM1DD85,8857292618,WAPJH,Android,True,WiFi,2025-03-26 09:50:32.961813,"-53.82285232428945,-64.89605378541597",SIM switch,True
WECHXSU652,9477329365,EOOWH,iOS,False,5G,2025-04-08 09:50:32.961827,"-6.043339318788227,158.93792771824116",battery drain,False
ZDQSQVLAT1,0320594319,OEVJD,Android,True,LTE,2025-03-28 09:50:32.961841,"-77.44264896794238,149.46955241534562",reboot,False
I2RPRR68V5,3828242726,OOBAE,iOS,True,5G,2025-04-02 09:50:32.961855,"-69.1727065116225,35.12607436055916",battery drain,True
OZTJRQEJ4A,7130889939,CONOB,Android,True,WiFi,2025-03-26 09:50:32.961869,"32.86573736325252,18.443999587498325",SIM switch,False
Q2R87PHLQG,0839832508,SXIGQ,Android,True,LTE,2025-04-04 09:50:32.961883,"14.499707408935294,-68.58266658262487",battery drain,False
VNWQZPEJDQ,4672200103,REACD,Android,True,LTE,2025-04-20 09:50:32.961898,"44.78985254454594,-141.35330795638959",reboot,True
98MUP85JXC,8960218196,FOYSQ,Windows,False,5G,2025-04-19 09:50:32.961913,"-29.619435359348387,43.64886913606145",SIM switch,True
3APPWIKIUH,7160796033,JQOZV,iOS,True,LTE,2025-04-11 09:50:32.961936,"73.56410415448045,-105.96053137854832",reboot,False
A5RTELMCJ0,2282794535,WPCSM,Android,True,LTE,2025-04-09 09:50:32.961957,"61.908909610624136,76.74566066530696",battery drain,True
GZL1P975FG,3149002537,YDWHT,Android,False,WiFi,2025-04-16 09:50:32.961977,"-6.276230120487909,19.33550923355122",battery drain,False
8C4UKAMGFM,7643963815,RBRQU,iOS,False,LTE,2025-04-12 09:50:32.961992,"79.45282720891424,76.09447288939947",SIM switch,True
DB3FAJYMT2,7160861994,CLMTG,Windows,True,WiFi,2025-04-03 09:50:32.962006,"4.710384537045712,-152.75469788510867",SIM switch,False
8H12E1LKST,5854736362,UEBLX,Windows,False,5G,2025-03-27 09:50:32.962020,"65.44882356485851,110.33173100045929",reboot,False
8TDY4GOUW0,6212553903,YSYSR,iOS,False,WiFi,2025-04-20 09:50:32.962036,"-67.2055546790967,64.62648049066746",SIM switch,False
KH3BSX1IFR,2172282318,ORXUF,iOS,True,WiFi,2025-04-10 09:50:32.962051,"14.015485406514571,71.95407628558195",battery drain,False
VGKT10RCM3,5570530631,CWVXK,Android,False,5G,2025-03-26 09:50:32.962075,"-29.37703307144961,-24.41073615662475",SIM switch,False
NICL11N4F2,0654159348,PUSYZ,iOS,False,5G,2025-04-10 09:50:32.962090,"84.09181517160846,15.556093435774585",reboot,True
UDDJBFYJH9,5785465609,STQGN,Android,True,WiFi,2025-04-23 09:50:32.962105,"87.15193201627338,-68.71316992202584",reboot,True
QI0ZV23UIC,5213520598,WGCQN,Windows,False,WiFi,2025-04-13 09:50:32.962119,"87.99206392550406,-36.98050317121948",SIM switch,False
2XVF03XE82,2992167669,TYEGE,Android,True,WiFi,2025-04-03 09:50:32.962133,"39.70131151731624,168.31232550375717",battery drain,True
QBW138K175,6849103538,KTNKH,Windows,True,LTE,2025-04-18 09:50:32.962148,"70.9185509358023,11.726021771652455",battery drain,True
EMGLSR6X01,4853672414,JIKKT,Windows,False,5G,2025-04-07 09:50:32.962161,"54.28050486363415,41.84698697329304",SIM switch,False
7O1LZJC8ES,6581853326,OJSUQ,iOS,True,WiFi,2025-04-14 09:50:32.962176,"-24.795131738772994,-124.10957435761179",reboot,True
XW1S3UOSW0,1028857425,QOIBW,iOS,False,5G,2025-04-08 09:50:32.962190,"-29.951626978868255,-144.52139052769473",SIM switch,True
P6ON0VO78T,2320520571,MEGGL,iOS,True,LTE,2025-04-19 09:50:32.962205,"74.24919253303486,-115.46211741978216",battery drain,True
WSUYGT60O2,9587323550,OJMZE,Android,False,LTE,2025-04-22 09:50:32.962220,"69.92037644474851,115.01883619176613",SIM switch,False
MRPMPFYGM4,1123799722,AKYXL,Windows,False,LTE,2025-04-08 09:50:32.962234,"-23.867026566897565,-131.08854169907372",SIM switch,True
Q2SEWUWCLX,8287043674,XQGBJ,iOS,True,5G,2025-03-25 09:50:32.962254,"-32.88664237259859,-48.14271798521875",SIM switch,True
YE3DW82R9K,2608089481,PHKZB,iOS,True,WiFi,2025-04-14 09:50:32.962268,"-60.207138589475264,-172.11861114672138",battery drain,True
7BI5OW2F8F,3998503236,WWBWZ,iOS,True,LTE,2025-04-06 09:50:32.962283,"25.92844606447545,-140.72054199151103",battery drain,False
XFD27EL2QE,0173417325,TFRJE,Windows,True,WiFi,2025-04-07 09:50:32.962307,"-24.79344753978586,91.38399843639326",SIM switch,True
CO5RSX0HAK,6639208787,MOLLQ,Windows,True,LTE,2025-03-29 09:50:32.962326,"16.66586769194832,-61.44075251402596",battery drain,True
12HMHXIHIP,7643572541,CGPUG,Android,True,LTE,2025-04-05 09:50:32.962340,"51.87433541354076,-47.418054505833624",battery drain,True
VY0M3P66EJ,9445194677,MTEGT,iOS,True,5G,2025-04-18 09:50:32.962355,"-55.45178366791658,-30.122268660456086",battery drain,True
IQEYWQUA4T,1590577599,CSATY,Windows,False,LTE,2025-03-26 09:50:32.962370,"-66.23015990801576,51.70452263475971",battery drain,False
54CWA88NSQ,1474450448,MRUGA,Windows,True,5G,2025-03-28 09:50:32.962384,"34.065365490871415,113.20811455633952",SIM switch,False
8AH8OBJ0JH,8631746673,IWKWS,Android,False,LTE,2025-03-29 09:50:32.962404,"-53.68615632004128,34.116677589490564",battery drain,False
T7UMTPNTR2,6445753589,SKJRG,Windows,False,WiFi,2025-04-12 09:50:32.962418,"80.60811720998714,-111.79715976826888",SIM switch,True
C3QO3BRZPH,0781429724,OABAR,iOS,False,LTE,2025-04-02 09:50:32.962437,"-12.317174436472229,64.11111563234303",battery drain,False
MOHDVTA7K9,5833198761,VBBWC,iOS,True,WiFi,2025-03-31 09:50:32.962459,"49.900468402545556,39.57610507557291",reboot,True
9EHI6AKA5B,4280084072,LCYYP,Android,False,LTE,2025-04-03 09:50:32.962483,"-0.2302125840003697,54.24301593005151",battery drain,True
5FTUWFKRXI,9601617482,JOZMA,Windows,False,LTE,2025-03-30 09:50:32.962504,"19.45904587971036,-150.9131709049945",reboot,True
72UO27V5DR,1946907823,PBIFL,Android,False,WiFi,2025-04-15 09:50:32.962519,"-65.71261858933966,92.6569395887181",battery drain,False
WDQ2ENXTSU,7319359310,KFIFT,iOS,False,WiFi,2025-04-16 09:50:32.962540,"-17.90854317683778,160.92111897601717",SIM switch,True
XT4B9YWVJS,7613765018,FEKEG,iOS,False,LTE,2025-04-21 09:50:32.962560,"16.38834701794697,42.83565556202075",reboot,True
1ZNWAI9APK,7709616843,UTEBN,iOS,True,WiFi,2025-03-30 09:50:32.962580,"18.436884311501302,-35.91469501134094",battery drain,True
EE08KD15DH,5038585478,LICUP,iOS,False,5G,2025-04-06 09:50:32.962595,"22.880691129476915,53.1771699992745",SIM switch,False
PD61XKOCU2,4101083277,ZAVRW,Windows,False,WiFi,2025-04-23 09:50:32.962610,"-88.37702447419818,-163.63352372333796",SIM switch,False
9UL5J6MCDJ,3285012355,YJQAC,Windows,False,5G,2025-04-13 09:50:32.962624,"44.37161418781187,-114.39080221887372",battery drain,False
DDZQT4WFI6,1864677760,FQXPN,Windows,False,LTE,2025-04-17 09:50:32.962639,"31.88272394406944,48.68869836770088",reboot,True
ISJRAMH95W,4026088973,WXVFG,Android,True,LTE,2025-04-22 09:50:32.962661,"48.63706866357168,-168.73208591063045",reboot,True
4GARCKV2L8,5400606185,AZKDK,Android,True,5G,2025-04-19 09:50:32.962678,"51.25075647369539,0.6474631366920107",SIM switch,True
COK7GWJ9M8,7989172086,MXZXM,iOS,False,LTE,2025-04-07 09:50:32.962692,"2.3151466269357144,167.31169823085992",battery drain,True
0ECRFX57FR,5567489828,OHXNC,iOS,False,5G,2025-04-03 09:50:32.962709,"71.53137351616738,-155.7417667013945",reboot,False
YCAA4MD794,6296873799,VODRQ,iOS,True,5G,2025-04-09 09:50:32.962733,"-66.18627841344814,135.2485011384528",reboot,False
WSTYKE36HP,8250334070,BYYWV,Android,False,5G,2025-04-18 09:50:32.962750,"66.71582370647852,62.45600191355885",reboot,True
CSY2UZKIDR,0445163065,SQCAN,iOS,False,WiFi,2025-04-12 09:50:32.962773,"-29.724541528774367,-75.85143463566257",reboot,True
BGU6V5UTMN,1436337078,MNXJB,Windows,False,LTE,2025-04-17 09:50:32.962793,"71.52052812291194,-95.54388199678675",battery drain,True
BPV1KABLA4,6303938223,ARFPK,iOS,False,WiFi,2025-04-19 09:50:32.962814,"-65.85013869258744,-153.67254068110927",SIM switch,False
GYJ0FEV2IH,5885666457,XKWZS,Android,True,5G,2025-04-01 09:50:32.962840,"-73.26190475683578,51.05389145321169",SIM switch,False
631IAVDHRL,3387587430,UPRUI,iOS,False,5G,2025-03-27 09:50:32.962864,"64.8784782297997,-174.72532335690838",reboot,False
94C11RM77K,9874613877,KKQAZ,Windows,True,LTE,2025-04-14 09:50:32.962879,"-12.456047411244256,93.75791392298657",SIM switch,False
CV7VBI7J0O,2014794988,QQWGM,Windows,False,LTE,2025-04-18 09:50:32.962893,"-80.6747239282081,-164.57276877235313",SIM switch,False
E8YY00S6WE,7649833080,MYUEF,Android,False,5G,2025-04-18 09:50:32.962907,"24.304766354420437,81.47361309025911",reboot,False
3ODDO57EQX,7356127259,GLNIK,Windows,False,WiFi,2025-03-30 09:50:32.962927,"-20.205537402070263,-149.9538182148278",reboot,False
KYQWVUXLSW,2964478846,CCRIL,iOS,True,LTE,2025-04-22 09:50:32.962942,"-32.94786053258581,153.7078242479775",battery drain,False
VWXX0P7O6B,8742684447,JJCHG,Android,True,5G,2025-04-14 09:50:32.962955,"60.04363020795708,17.612755020302785",reboot,True
IP5BK3T2JT,2183118280,OVHLB,Windows,True,5G,2025-04-11 09:50:32.962969,"-16.020287171683393,170.93163574029808",battery drain,False
Y1WKLT44QB,7156827210,QOCBF,Android,True,5G,2025-03-25 09:50:32.962984,"-87.83255851192565,-10.75491724522277",battery drain,False
T0A7IDW9JT,3133266743,KZOFM,Windows,False,WiFi,2025-03-29 09:50:32.963004,"-32.77249024675044,-137.9957267581657",SIM switch,True
BCWJ1Q4Q1W,3779368304,UIYSA,Android,False,5G,2025-03-27 09:50:32.963027,"-9.129971157926988,-141.38616288472173",reboot,False
FPSXZWAYF2,1105584134,RHXSC,iOS,False,WiFi,2025-04-17 09:50:32.963042,"-33.15522452338185,-3.787597678192725",reboot,False
SVIQAK84UX,4053250507,YJTIR,Windows,False,WiFi,2025-04-06 09:50:32.963058,"-51.68379621951484,17.563573754978904",SIM switch,False
V1YCWSBHAG,0451497983,OPYMA,Windows,False,WiFi,2025-04-05 09:50:32.963072,"86.72059699541643,-168.3849694919528",reboot,False
5LNZYIPKH3,8918657519,IFMRM,iOS,True,LTE,2025-04-16 09:50:32.963087,"20.31084907935754,94.78677968644621",SIM switch,False
1Z2QCTOVZ2,0644564721,YTSQK,Android,False,WiFi,2025-04-05 09:50:32.963102,"30.61574372391678,98.12684480004253",reboot,False
KTM6WC8W7O,2199590822,ROBGJ,Android,True,WiFi,2025-04-08 09:50:32.963116,"63.90289983227515,-61.36901557382815",SIM switch,True
PYHZPOU6XI,1406016070,FSXIK,Windows,True,LTE,2025-04-09 09:50:32.963131,"-18.310892445898673,173.24050945507327",reboot,True
44DPQGN195,8080354575,JTYYX,iOS,True,5G,2025-04-04 09:50:32.963153,"66.54674407207912,125.27068372697528",battery drain,False
W6DSVT1HMB,8208904639,DLBWH,iOS,False,WiFi,2025-04-04 09:50:32.963168,"54.84993308963877,105.96280618462498",reboot,True
I0ACPZPX1P,4902387652,WVSXO,iOS,False,WiFi,2025-04-17 09:50:32.963182,"-13.627151939094006,-74.26345283844977",SIM switch,False
V526YAVS58,0200015004,OFXEL,Windows,True,WiFi,2025-04-11 09:50:32.963196,"83.43175676086918,176.36167863721056",reboot,False
F1BBGG1A40,5237140105,GLXPR,iOS,True,LTE,2025-04-16 09:50:32.963218,"-46.9693030044786,-13.539957232070378",reboot,True
CWSCMP13IA,4965867977,BLYSO,Android,True,5G,2025-04-23 09:50:32.963233,"84.22533362108075,-9.469185393341206",battery drain,False
JV67EEYSV0,5609497613,YAHGX,Android,False,WiFi,2025-03-26 09:50:32.963248,"-10.108534988646042,-49.28799738635405",reboot,True
XEHKSH8Y8P,0972975061,MIFQR,Android,True,WiFi,2025-04-21 09:50:32.963263,"-35.873574276311885,178.6071363085",SIM switch,True
A3HMZQXQZ2,3850260837,CBGBG,Windows,True,WiFi,2025-04-21 09:50:32.963278,"0.11168195709299766,-70.77487077250629",battery drain,True
SDHZ8Q812Z,4358048442,MVZMY,iOS,True,5G,2025-04-14 09:50:32.963296,"-22.807269608346857,41.92214523000891",reboot,True
CR36W6BK8G,5603298666,CGQTH,iOS,True,WiFi,2025-04-04 09:50:32.963318,"65.9572476855158,89.425728042169",battery drain,False
5ZDW3WR3QU,3767587090,LPDKK,iOS,True,LTE,2025-04-19 09:50:32.963338,"8.362395619042104,-170.469072306093",reboot,False
EZ825FWGDF,0133136926,HQWFA,Windows,True,WiFi,2025-04-22 09:50:32.963354,"-53.998112475521054,-147.59814789130783",SIM switch,False
8OU336H4O0,0197766653,VITDI,Android,False,5G,2025-04-10 09:50:32.963377,"53.48291181850476,89.85707771487165",reboot,False
NXSVTEP9EO,4241930017,SECPK,Android,False,LTE,2025-04-08 09:50:32.963398,"-5.484685145604061,-161.96833852004468",reboot,True
BPN47435IK,6485702467,JKWSJ,iOS,True,WiFi,2025-03-27 09:50:32.963413,"-18.89378647757394,85.74457058811959",SIM switch,True
AHX3HN0VZS,6461745681,HHMVC,Windows,False,5G,2025-04-22 09:50:32.963428,"66.78994905006172,151.62605939102707",reboot,True
Y69DSIHIP7,9775019227,EQBLO,iOS,False,WiFi,2025-04-19 09:50:32.963443,"-75.53024672345471,-158.47461135826467",reboot,False
XD3EMVU6WN,0723027779,EAZDQ,Windows,True,WiFi,2025-03-25 09:50:32.963457,"-5.616494312025608,-139.97657381214387",reboot,False
9BGJNS6SCV,6576334898,MZLIR,Android,True,LTE,2025-04-20 09:50:32.963471,"33.981660683976656,-66.3176776241103",reboot,True
OITHKEIE96,3800524213,AFSBO,iOS,False,LTE,2025-04-06 09:50:32.963486,"81.02465163970345,122.21850451155103",battery drain,True
Y4J83JJI6P,5621670877,USAYG,Windows,False,5G,2025-04-06 09:50:32.963500,"-25.95225219007399,-42.785180850262805",reboot,True
FYLF3YP4TU,7293249442,YCNJM,iOS,False,WiFi,2025-04-01 09:50:32.963521,"0.24296031508107774,136.13756983591736",battery drain,True
4IZQ96CHIR,3314479323,LKGLO,Android,False,LTE,2025-04-22 09:50:32.963536,"66.13592128768673,-110.66500797691546",battery drain,True
TPBX70BPRY,8969465768,SNHBN,Android,True,5G,2025-04-04 09:50:32.963549,"80.26771465876226,-127.86976424130884",reboot,True
UCT2SSENIX,8470798048,HUPUM,Windows,True,5G,2025-04-23 09:50:32.963565,"48.89396200564826,-22.552081136518723",SIM switch,True
YP4BXGM3QO,7107660068,ZOEER,iOS,False,LTE,2025-04-22 09:50:32.963580,"56.1137862037279,-4.814732927047828",reboot,False
33NW0JFJFO,2802229686,HGAQK,Android,True,LTE,2025-04-11 09:50:32.963594,"-54.835550084783925,-96.0530698809336",battery drain,False
I8HXVZP8HM,4531905410,IZXJP,iOS,True,LTE,2025-04-01 09:50:32.963616,"16.885897603511523,17.57641973045358",reboot,True
VBD026O1P7,8337821343,PDJQB,Android,True,WiFi,2025-03-28 09:50:32.963640,"-89.984942194062,77.8049539944347",battery drain,False
D6FA2OKCPG,0349311182,FPGSS,iOS,True,5G,2025-04-07 09:50:32.963658,"-18.549431901548957,-13.854205883569819",reboot,False
YY1XF28MKY,9239529738,TWJMV,Windows,True,LTE,2025-03-30 09:50:32.963672,"-56.86888706364667,-32.00706200518056",reboot,False
O0KAZQMO90,1418794114,UOMUS,iOS,False,5G,2025-03-25 09:50:32.963686,"-58.29730189766994,69.16368194466719",reboot,False
FONIEAVDO7,3418668704,PLRFA,Windows,True,5G,2025-04-21 09:50:32.963701,"-57.38014336681989,-168.4890156911265",reboot,True
T1LLQPYOHZ,3675811943,GFHPQ,Android,True,LTE,2025-03-27 09:50:32.963715,"45.29408871258951,167.28261882909305",reboot,False
84HAMD8IR9,4738491603,XNTZI,Windows,True,LTE,2025-03-31 09:50:32.963732,"70.1826678204892,-101.96015978893658",battery drain,True
X7THLAK8PA,5702344649,LDWQF,iOS,False,LTE,2025-04-20 09:50:32.963746,"65.2405535505332,111.28703452791308",reboot,True
KFMTBYGP53,5165240397,YBJGA,Android,False,LTE,2025-03-26 09:50:32.963814,"-32.946852713215186,86.86202917959668",reboot,True
1IYD9AFWD1,9806360961,OLVKF,Windows,False,5G,2025-04-14 09:50:32.963833,"-54.02305518629619,154.02243464771487",SIM switch,False
D6GWZIQAP9,4288753415,ZJCPN,Windows,True,5G,2025-04-20 09:50:32.963853,"-82.9081305745089,-109.79826491438335",SIM switch,True
A3FXFEYBPX,9004843078,PUBSJ,Windows,True,WiFi,2025-03-29 09:50:32.963880,"63.58039707862497,-132.27886501107304",reboot,False
PSNRKZYUOX,2771223762,RAOWQ,Android,True,LTE,2025-04-17 09:50:32.963895,"-16.18143773882086,172.33337944804458",reboot,True
4G6QMVE3SC,7138096584,DGPQA,Windows,True,LTE,2025-03-25 09:50:32.963911,"66.73795383626339,47.23585173421378",reboot,True
PEQPX04Q5S,7076726844,BURXR,Android,True,LTE,2025-04-01 09:50:32.963925,"64.77727269718062,-163.65631553885268",SIM switch,True
8CLL1CKJ1E,1641108209,WQVAM,Android,False,LTE,2025-04-20 09:50:32.963948,"69.95804969374237,-123.07153814172405",SIM switch,True
FCSOJT4UMV,6290094043,RMFSV,Windows,False,5G,2025-04-06 09:50:32.963972,"-86.59755708331389,-21.866646235870945",battery drain,False
DN0920X8AN,6264686518,XOLYV,Windows,True,5G,2025-04-10 09:50:32.963987,"10.855479815092153,161.5501694520819",reboot,False
4GNJTDMCYP,7993111358,KNMEH,Android,False,LTE,2025-04-11 09:50:32.964002,"38.53688079458104,63.77133748658136",battery drain,True
HEW9CMEMKT,6926074951,JOKRA,Windows,True,5G,2025-04-16 09:50:32.964017,"35.907166394130755,82.60472253516309",battery drain,False
OCV16R0G7E,5358570027,BFQQD,Android,True,WiFi,2025-04-02 09:50:32.964031,"-70.46621555389419,-75.85249482044554",SIM switch,False
PVJB2PGCMP,8406223654,CAXAL,Android,False,LTE,2025-04-23 09:50:32.964045,"-50.48385405594759,108.87980598464185",reboot,True
5JLVHSF92N,2667179066,IOZJE,Android,False,WiFi,2025-03-28 09:50:32.964059,"58.81572626418267,62.92937069854662",reboot,True
HZH7E2LS0Z,1152611638,VQDIK,iOS,False,WiFi,2025-03-25 09:50:32.964077,"20.343666915029857,-149.8966073264907",reboot,True
G07T02G581,0322329873,JGWQL,Windows,False,5G,2025-04-12 09:50:32.964100,"60.63944867546175,-171.2874592580987",battery drain,False
G4M9EZRZQQ,0187938309,GXAPK,iOS,False,LTE,2025-04-06 09:50:32.964119,"-9.672548301690568,104.58354310435527",battery drain,True
DXAAIQDAKC,7995317545,WXQWH,Windows,True,WiFi,2025-04-14 09:50:32.964134,"65.22779850022673,165.42891929945648",SIM switch,False
Q9MFRGJYTC,3079701376,HGKOQ,iOS,False,5G,2025-04-23 09:50:32.964149,"60.59649048766866,-128.34214892220714",battery drain,True
OETJUCPF6A,5959377480,XZRCM,Android,False,WiFi,2025-04-18 09:50:32.964163,"-6.8781720913963085,128.07140174949382",reboot,False
R93SKYO1PV,8686226849,VVSFK,Android,False,WiFi,2025-04-08 09:50:32.964201,"27.68819505251909,-31.53718656459779",reboot,False
FI0E7KNUZZ,5697190574,EEPIQ,Windows,True,5G,2025-04-21 09:50:32.964236,"34.223179381206364,-38.526870229372804",reboot,False
ZYKB920372,6142462426,IYDFB,Windows,False,LTE,2025-04-21 09:50:32.964260,"-26.622499572923132,-120.14734910677886",reboot,False
C3OQ0BVLH6,9997257793,HSRBK,iOS,True,WiFi,2025-04-08 09:50:32.964278,"87.74475105602193,-14.026630364710996",battery drain,True
BSG5I5WFOJ,9932130350,WTVJD,Android,False,5G,2025-04-16 09:50:32.964299,"-42.12195493660923,-118.21262800841689",SIM switch,False
LT2ZRJCQUD,6881583310,KXKOD,Windows,True,WiFi,2025-03-25 09:50:32.964317,"2.920792079177673,-19.57605871441484",battery drain,False
JMSU5Z0I01,6193145741,GAINE,Android,True,5G,2025-04-22 09:50:32.964332,"4.334157440038666,-35.09658384315745",battery drain,True
PS12Y6TZP2,3160900594,FGCDD,Android,False,WiFi,2025-04-11 09:50:32.964347,"42.18699626207086,37.4496103201528",SIM switch,True
TFWDSTGUIH,4137756528,NPPKM,Android,True,5G,2025-03-29 09:50:32.964362,"-83.93183118643233,-45.279849902631184",reboot,True
6LZTMI0NUD,9525889356,NFXPZ,Windows,True,LTE,2025-04-10 09:50:32.964385,"70.2749256219875,138.9757810759824",SIM switch,True
049C6HH7KJ,0986731277,EGEYL,Android,False,WiFi,2025-04-10 09:50:32.964400,"-41.503200345609834,106.81559817650776",SIM switch,True
JQLHAX5QJS,5842554275,QLJWD,iOS,False,5G,2025-04-09 09:50:32.964414,"85.47356664521888,-170.4167141287072",battery drain,True
1FJ758W8M3,4538330263,SNMUI,Windows,True,LTE,2025-04-09 09:50:32.964429,"74.02036944069016,96.87223842300318",battery drain,True
BCYMLX0K8C,2783336683,MPHJG,iOS,True,WiFi,2025-03-31 09:50:32.964449,"-61.49037896460855,-107.61827691243126",reboot,False
Y2S5HFVX9G,5423643173,XXNFW,iOS,False,WiFi,2025-04-02 09:50:32.964472,"0.2227949467472996,23.01183251564578",battery drain,False
9RHB6QFRTQ,8643130033,MJBPN,iOS,True,WiFi,2025-04-17 09:50:32.964487,"73.23876205618339,-149.93623889841726",reboot,False
4B0XOWGWU9,0878221777,TBYOV,Windows,True,LTE,2025-04-21 09:50:32.964503,"67.30908029759789,137.4961371723453",reboot,True
3AXX2RCCLC,7574529846,ZPOVZ,Windows,False,WiFi,2025-04-20 09:50:32.964517,"-67.16102388325305,-114.13426657555175",reboot,False
4GMD3BWVEH,6373662881,ZQOPV,Windows,False,LTE,2025-04-12 09:50:32.964532,"-24.581315554566515,133.17905306031452",SIM switch,False
9TQVJYRDUQ,7522312392,RKXTG,Android,False,5G,2025-04-17 09:50:32.964553,"25.02106422260438,77.67231833777265",reboot,True
WQJKSC5YKG,0734196333,ILXJO,Android,False,5G,2025-04-18 09:50:32.964568,"31.585476309521127,-23.780196640927585",battery drain,True
Y8LLAYBRQT,6726090121,PIOAH,Android,True,LTE,2025-04-23 09:50:32.964583,"79.49882031986459,116.73096145921073",SIM switch,True
5WZYNIVD5U,5725655738,MPRCU,iOS,True,5G,2025-04-23 09:50:32.964597,"-43.04532883742115,106.28662864947182",reboot,False
AV8IZVU5D9,3294534765,QOCIO,Android,True,WiFi,2025-04-08 09:50:32.964614,"8.667630555631717,-173.51836975450956",reboot,True
JJDJUMAN31,6453057822,MTSEG,Windows,True,LTE,2025-04-07 09:50:32.964629,"-45.315259105703056,-9.080644766008788",SIM switch,False
I8JOUMU1KC,7877745875,BECOQ,iOS,True,5G,2025-04-22 09:50:32.964644,"-77.8385787804997,143.83800231761182",SIM switch,True
N7AV06V8OA,2429622100,JNGUD,iOS,True,5G,2025-04-19 09:50:32.964658,"-78.46879723369995,-5.500656712760872",battery drain,False
TORDAX13JV,6147425119,PTIVT,Android,True,5G,2025-04-06 09:50:32.964674,"-69.99627669087734,17.452436872172825",reboot,True
MOCKYGDPS4,3337228718,LSDXP,Android,False,LTE,2025-03-27 09:50:32.964695,"88.97945893145717,93.12397513855473",SIM switch,False
TQEYGK5QID,6936289084,CGOWF,iOS,True,WiFi,2025-04-14 09:50:32.964713,"37.21858377760523,95.92018392290015",SIM switch,False
RL5AD73TQO,1736130378,GUPKZ,Windows,False,WiFi,2025-03-27 09:50:32.964728,"1.561712853237438,-47.67111693127481",reboot,True
5298RLCOCI,4985409708,RXPAT,iOS,True,WiFi,2025-03-31 09:50:32.964742,"39.972781907820035,90.51748506779762",SIM switch,False
UAMUXW7QFZ,7998359731,BXFPJ,Android,True,5G,2025-04-06 09:50:32.964757,"-17.501610339791156,50.85768306445311",reboot,False
RKUCPLMAFL,3863444279,QVDQM,iOS,False,LTE,2025-04-03 09:50:32.964772,"-79.49779882251381,46.200514961261376",reboot,False
P0O8BLC7VM,0318647381,PFSLL,Windows,False,LTE,2025-03-29 09:50:32.964786,"-59.640941804824415,131.88597335585303",battery drain,False
AFNHD176JX,3928719211,MWLQX,Android,False,5G,2025-04-05 09:50:32.964801,"-44.98286578996378,17.313338651733005",reboot,True
HHG1OS24G8,6846135374,MWIKV,Android,True,LTE,2025-03-31 09:50:32.964815,"-22.439844380513932,51.15370394740708",SIM switch,True
SUELY8NCJM,3123768358,UCDVD,Windows,False,5G,2025-03-27 09:50:32.964835,"81.90630784351424,-139.27275281865911",battery drain,False
3PJ15T4CQ5,7917707072,HZTMI,Android,False,LTE,2025-04-14 09:50:32.964850,"5.436228180865129,103.40950047901703",battery drain,True
Y6OULR99N8,0176613634,LJZAY,iOS,True,WiFi,2025-03-30 09:50:32.964869,"-18.173219169187774,172.00134448706336",SIM switch,False
TC7EMB1M3H,6287536232,SRHCV,Windows,False,LTE,2025-03-27 09:50:32.964893,"-16.058283657081432,-29.833215185557094",battery drain,True
I1LKF3N43T,1658297929,RWEBH,Windows,False,WiFi,2025-04-17 09:50:32.964909,"-35.06405961372589,-37.41322824891546",reboot,True
3S3D428I8W,3445327066,TLNTS,Android,True,LTE,2025-04-11 09:50:32.964924,"63.71648689016027,-177.71219602868717",SIM switch,False
ZJMA83P06P,0865254514,CQRYM,Windows,False,LTE,2025-04-06 09:50:32.964938,"-37.67787435989128,161.82515525298692",reboot,False
JR8SI383E3,6663619428,FJRBH,iOS,False,WiFi,2025-03-25 09:50:32.964961,"14.072485507277221,92.56254647974913",battery drain,True
LFXFGVL66R,6917947007,UJUJM,Windows,False,5G,2025-04-05 09:50:32.964976,"-63.84186547464756,-177.65544401132894",battery drain,True
LGR558W6HN,6980650565,DMMJF,Android,False,5G,2025-03-25 09:50:32.964992,"32.91618700114624,-168.3106267344637",SIM switch,False
LNMJ3SAG2H,0405458666,IJZAG,Windows,True,5G,2025-04-06 09:50:32.965006,"42.835669408833496,60.49082829241391",battery drain,True
7E4SDLA8OO,5132275941,XPLBR,Android,True,5G,2025-04-18 09:50:32.965031,"25.451616047228015,172.59402716174935",battery drain,True
FGEMW8OF40,5985460345,DTJXR,Android,False,WiFi,2025-03-29 09:50:32.965055,"-40.81913614394605,-63.73682196231037",SIM switch,False
XT7SR8VIJ5,3301966906,GRUEC,iOS,False,WiFi,2025-03-26 09:50:32.965072,"-18.546862305799266,12.824836443251627",reboot,True
K1JHUJOZ8M,1293303545,VQIZR,Windows,False,5G,2025-03-25 09:50:32.965087,"-23.230396568542645,-114.88169553707954",battery drain,True
66QC49DOXC,6520067339,GFBKL,Android,True,WiFi,2025-04-07 09:50:32.965102,"44.00776894471733,-53.2695440382318",reboot,False
F77ZSHLS97,8293237757,YVUVB,Android,False,5G,2025-04-22 09:50:32.965116,"38.483028482680425,75.98724673298685",reboot,False
1Y61KQSQMF,5466602838,CCABG,Android,True,LTE,2025-04-23 09:50:32.965130,"39.92770202802882,-98.93223322736958",battery drain,True
JJNTMEQTF3,8430889417,ULAZY,Windows,True,WiFi,2025-04-20 09:50:32.965144,"-8.982130376446051,-132.2609949612927",SIM switch,False
L257W280DR,8774643906,UZUZC,Android,False,WiFi,2025-04-07 09:50:32.965173,"-64.01340304458978,-59.09754153508747",SIM switch,False
AY7EQJS3MQ,5220045998,GQQOX,Android,True,5G,2025-03-30 09:50:32.965193,"36.21488035741204,-5.175291922953647",SIM switch,True
C4LA16CANO,7113932252,QBKFP,iOS,False,5G,2025-04-20 09:50:32.965207,"-75.10964464587003,-35.177422882679195",battery drain,False
1QNIAPTGM9,2120483356,YLUCZ,iOS,True,5G,2025-04-15 09:50:32.965221,"42.176281565759695,26.25333503612086",reboot,False
VVHRDQB0VY,3630160661,GLPXM,Windows,True,5G,2025-03-26 09:50:32.965235,"-47.689739279330226,-106.40142558092808",reboot,True
GTBS7ECLEK,6396790654,WRSJQ,Windows,False,5G,2025-04-06 09:50:32.965250,"14.340203462555166,-172.41486062587458",reboot,False
D2PJK778CK,7473646357,YFYXY,Windows,False,WiFi,2025-04-04 09:50:32.965264,"60.339797407045126,75.19249782640452",SIM switch,False
AS4Q41LVDN,4290196383,JKHZB,Android,False,LTE,2025-03-29 09:50:32.965279,"45.59407429344503,-85.4743111289082",SIM switch,False
OAVX28OEXI,5929995465,LNXSS,Android,False,LTE,2025-04-16 09:50:32.965294,"45.516498328538404,-108.23158535351494",SIM switch,False
3XBSDDP6WE,1689443472,TXVYA,Windows,False,WiFi,2025-04-12 09:50:32.965308,"-2.1801507594085336,-148.1414159284334",SIM switch,True
J04BP58ZS7,3975311235,XSLXI,Windows,False,WiFi,2025-04-13 09:50:32.965323,"64.0502628267183,61.95619456665125",SIM switch,False
JQCZ5UHUEN,1543262959,RNPOA,Android,False,WiFi,2025-04-05 09:50:32.965338,"-87.29454254330982,115.49358223728251",battery drain,False
XCL8FQEG2P,3213336632,DUGNM,Android,False,LTE,2025-04-21 09:50:32.965352,"0.8223690762412446,-155.82229162421277",reboot,False
4PRB9X2BP7,2037364001,PVCCH,iOS,False,LTE,2025-04-05 09:50:32.965366,"23.87386643859294,-65.96430274499448",battery drain,True
EHV1NEP6FD,1741526962,WXQHU,Android,True,5G,2025-04-07 09:50:32.965389,"12.366396605785056,14.751722176351905",SIM switch,False
DSY2G685T8,5499256591,XTOXN,iOS,True,WiFi,2025-04-11 09:50:32.965410,"73.701245948046,-7.749114642929669",reboot,True
FYEQ7PDNGW,7345486427,UAQDA,Windows,False,5G,2025-04-05 09:50:32.965424,"-89.91667759478679,-49.26769182430996",battery drain,True
3OR5U105TV,2057900934,GARAK,iOS,True,5G,2025-04-11 09:50:32.965439,"-35.29090551832214,-70.74874112329847",battery drain,True
O0I7FV7PPA,8441958177,YSZRF,Android,True,LTE,2025-03-25 09:50:32.965472,"78.52144096840553,175.1494809061724",reboot,True
XYWTPVNIZR,8681445761,NRCZM,Android,False,5G,2025-04-11 09:50:32.965488,"82.07230113036044,152.71453943882204",reboot,False
69ST0CSQI2,5167552490,EPMKM,Windows,True,5G,2025-04-13 09:50:32.965503,"23.539730239281454,14.559826742135556",reboot,False
UF3TTIL8HG,5089610388,GVAMH,Windows,True,5G,2025-03-28 09:50:32.965521,"-46.99329886905082,158.2597219374431",SIM switch,False
JGLE62S9DV,5175830318,SHGAG,iOS,False,LTE,2025-04-15 09:50:32.965545,"-89.84620599042415,109.3627199417324",reboot,True
GBBVLXDJYW,9469771845,WFEFS,Android,True,LTE,2025-04-19 09:50:32.965561,"12.394325990342836,179.7052145628149",battery drain,False
T3EPGXOUK3,5481873367,BMXIP,iOS,True,LTE,2025-03-26 09:50:32.965576,"88.64183374522631,-81.23316889695974",battery drain,True
H6MWAKCMIP,0889284639,VROCS,iOS,True,5G,2025-03-29 09:50:32.965590,"-73.91862234165335,143.25396169579818",battery drain,False
2WFTI7FA9T,6770643874,KILVQ,Android,True,WiFi,2025-03-27 09:50:32.965605,"39.33894513775397,54.79522106890889",SIM switch,True
IBXQMYD2NN,7790200597,TWDGH,Windows,True,LTE,2025-04-18 09:50:32.965619,"-44.792132221886156,-72.45757390335346",reboot,True
BUVN1WAWVS,5445268912,LHCZI,Android,False,WiFi,2025-04-03 09:50:32.965633,"25.39956803821927,-51.56654960961379",battery drain,True
66SINDGMT3,5888943288,QUIUW,Windows,False,LTE,2025-04-21 09:50:32.965647,"43.23563059232134,76.52711820052889",SIM switch,False
HG310HCY7Z,5985837656,IFPIA,Android,True,LTE,2025-04-19 09:50:32.965662,"58.62184284084637,50.868618035324914",SIM switch,False
5LI521Z5D9,2321296790,RQSXX,Windows,True,WiFi,2025-04-07 09:50:32.965676,"19.789475953100435,143.6355641936873",battery drain,True
Y6JP09DGS0,7277929199,DRBZO,iOS,True,LTE,2025-03-25 09:50:32.965690,"21.429875765510005,-10.150538930742414",reboot,True
UCV6HN07OX,8692079100,OZYMY,Android,False,WiFi,2025-04-04 09:50:32.965705,"-80.40043098957005,-55.042249224589284",battery drain,False
BO8NT7GHW4,3615060389,IRIOJ,Windows,True,LTE,2025-04-19 09:50:32.965719,"-28.12178392228644,177.38097098112297",reboot,False
W1KH62V40I,9984306574,QOXFC,Windows,False,WiFi,2025-04-01 09:50:32.965740,"-41.33611906053832,20.709186107962097",reboot,True
RQGMR8SRNK,1758654039,EICVT,iOS,True,WiFi,2025-03-28 09:50:32.965764,"-0.21487535398991042,-150.42383167217326",battery drain,False
MMO2HP7FM9,1412151449,UVHEH,Windows,True,5G,2025-04-13 09:50:32.965778,"-49.60740208718345,-115.11555632266747",reboot,False
F3Q0DCP4OC,2810726400,FHKRQ,Android,False,WiFi,2025-04-01 09:50:32.965792,"-30.81476002092836,-175.04600121743067",reboot,True
JZJSUB46N0,8286381531,MIPRU,Windows,True,WiFi,2025-04-14 09:50:32.965806,"-75.35539813983195,57.74639127827248",SIM switch,True
S84NCWB0XC,8228874536,VNFYO,iOS,False,LTE,2025-03-26 09:50:32.965822,"40.931362055323746,117.45798923291534",reboot,True
7PJFYM29V4,8790510706,QHJGU,Android,False,5G,2025-04-18 09:50:32.965836,"72.10500297665487,-19.73258173953053",reboot,False
GPQ2HXPCQC,0790473096,ZOBVD,iOS,False,5G,2025-03-30 09:50:32.965850,"20.525408554184438,61.896146523463415",reboot,False
9J1YBYPQ3Y,1886628595,EMYWU,Android,True,5G,2025-03-31 09:50:32.965864,"-54.73852770022405,24.06394729358354",battery drain,False
TLGADH6O8U,2158176478,ZFGPA,iOS,True,WiFi,2025-03-29 09:50:32.965878,"61.96388032799638,-64.5950281687753",SIM switch,True
ZF54KRMU82,0663815147,TRDUL,Android,True,WiFi,2025-03-31 09:50:32.965892,"13.708291037252152,-34.6763081689773",reboot,True
EDQADFNXLE,9109880727,LTIAE,iOS,False,5G,2025-04-02 09:50:32.965906,"48.731733557564326,166.2605830645458",reboot,True
5TXK9JG3ZT,0534245001,VGOEX,Android,True,5G,2025-04-05 09:50:32.965921,"40.551813193093295,90.13442945812602",battery drain,False
TW3ULOKXUF,4534444848,FIDYQ,iOS,False,LTE,2025-04-05 09:50:32.965935,"-12.478211861953454,114.6918733298902",reboot,True
TPKSVL0G1F,4761732466,GEMPS,Android,False,5G,2025-03-27 09:50:32.965958,"-25.89507187178306,-141.93100399071332",SIM switch,True
QXX1PG6HJ9,0510459467,SAAED,iOS,True,WiFi,2025-04-14 09:50:32.965980,"87.63141290734663,150.8258292680673",battery drain,False
IXNOVZSDGF,4672135034,TKDOM,Android,True,5G,2025-04-19 09:50:32.965994,"-56.513975954849144,-110.63677493589475",battery drain,False
XIZ6X4UFYG,3965260533,XBKJW,Android,False,WiFi,2025-04-02 09:50:32.966009,"34.119247629270575,-59.616348611901614",reboot,True
THH7URROEC,2120937221,RXZKM,Windows,False,WiFi,2025-04-04 09:50:32.966023,"-8.431360444743802,40.079964956340405",battery drain,True
8WM1WC4Y4F,1808974449,EBIMC,Windows,False,LTE,2025-03-31 09:50:32.966042,"43.40037453546421,91.58347670438218",SIM switch,False
M348IKTVX8,6914386070,SGWLN,Windows,True,5G,2025-04-18 09:50:32.966058,"-51.641848928589724,125.01040018027953",reboot,False
Q5NR4ZAXJM,6850450934,DROQK,iOS,False,LTE,2025-04-21 09:50:32.966082,"40.680121136795464,56.08156059702233",SIM switch,True
0AW9MNLT3Q,5032133489,SRVAY,iOS,True,LTE,2025-04-05 09:50:32.966108,"8.224415565344515,43.3932869458981",battery drain,False
MT9G3RRF32,7965573849,LEJKT,Windows,True,WiFi,2025-04-10 09:50:32.966126,"9.703387183726718,-86.438070355785",reboot,False
O7L3E2QBDY,5343133787,MPTWA,Android,True,WiFi,2025-03-27 09:50:32.966149,"69.5483548865663,-154.2476907158546",battery drain,True
N73EW9Q0EB,6247154814,WDRSM,Android,False,5G,2025-04-05 09:50:32.966165,"28.977517937340068,-75.97700902156379",battery drain,False
53JMSWUEAI,2781327035,CQGUO,Android,False,5G,2025-04-02 09:50:32.966179,"83.18796985142583,53.33209099958725",battery drain,False
LRTAZNPQ1H,5345064519,SWEDF,Windows,False,5G,2025-04-11 09:50:32.966193,"-33.7807924635445,44.88325415397401",SIM switch,False
61ISA7KXFC,2855926916,BQCMD,Windows,True,WiFi,2025-04-09 09:50:32.966207,"-69.30049840500828,120.1269479803421",reboot,False
3148514TMW,7939795517,GTWJJ,Android,True,5G,2025-04-03 09:50:32.966221,"23.351225924617992,135.37142366003332",battery drain,True
GY0ZIEPIQP,5538664935,HTCWA,iOS,False,LTE,2025-04-01 09:50:32.966241,"-20.780644884756782,-145.3739571952713",battery drain,False
DKPNS2EBWV,2039012725,FKMLP,Windows,False,5G,2025-04-12 09:50:32.966264,"54.987587785439814,163.14982228725813",SIM switch,False
J4I7RVSHAN,7959942865,MDPNV,Windows,False,LTE,2025-04-12 09:50:32.966281,"12.087256390075225,131.03240840965026",reboot,True
WM1A9K48WB,2060390051,HVDSB,Windows,True,5G,2025-04-11 09:50:32.966295,"33.064087449424605,-89.01814235187025",battery drain,True
53A7K7U4O1,4219747250,UUELN,iOS,True,LTE,2025-04-02 09:50:32.966310,"31.422896141613137,152.96338037849705",SIM switch,False
Q5X818YJT1,4962307204,RTZTC,iOS,True,WiFi,2025-03-30 09:50:32.966325,"69.53801758854658,20.59980911202996",reboot,True
5V3CDV0QVF,4182186958,COJVG,Android,True,5G,2025-04-05 09:50:32.966339,"-17.03010138549452,-133.89183477498415",reboot,False
7LOA1HN2LO,2136796773,MDCOZ,Windows,False,WiFi,2025-04-18 09:50:32.966353,"86.37446154233734,55.0455856149201",battery drain,False
2I5OX3OE2K,5757635768,TNSQJ,Windows,False,LTE,2025-03-30 09:50:32.966373,"21.594274620511413,158.05918019157286",reboot,True
68UD45HPPS,4355079353,IYQCL,Windows,True,WiFi,2025-04-18 09:50:32.966388,"36.604772986911215,102.64792518504987",SIM switch,True
LUK0T3VUU6,6125470657,FXOOF,Windows,True,LTE,2025-04-18 09:50:32.966402,"43.84677239517231,100.69924876140954",SIM switch,False
E6UXVYLL3W,2816678570,UQHWV,Windows,False,WiFi,2025-04-22 09:50:32.966416,"5.272485845159508,-43.62114240304075",reboot,False
YZ3BNLILN8,0363201990,MGGTR,Windows,False,5G,2025-04-03 09:50:32.966430,"-10.750598441010126,25.802798998682505",battery drain,False
WGE9A0HTYB,0054253885,LTXOJ,Android,True,WiFi,2025-04-11 09:50:32.966445,"-38.18067018601181,8.456098900456936",battery drain,True
E73QSMNAE8,6162764557,RLKCM,Android,True,5G,2025-04-06 09:50:32.966468,"-78.64064194467943,69.10545298613064",reboot,False
663RRAWJS0,6342412763,TOIGF,Windows,True,WiFi,2025-03-25 09:50:32.966484,"-25.69145180895805,-112.91567139782094",SIM switch,False
UJAKJGSXDZ,0215053150,LGFIA,Android,False,WiFi,2025-04-16 09:50:32.966498,"10.24163152366991,-174.99518452453555",reboot,False
NLG8U89F0W,7356470945,ROHCT,Android,True,WiFi,2025-04-19 09:50:32.966512,"45.05111474542838,179.48356764971027",reboot,True
QRGRHP1KK9,1864909040,JDLLW,iOS,True,LTE,2025-04-13 09:50:32.966537,"-3.6067688517975967,157.1363094814135",reboot,True
9ETEJWQSKZ,3784344164,IWZEM,iOS,True,5G,2025-04-23 09:50:32.966554,"0.22039490097469638,-45.01426106609648",SIM switch,True
3OOQKNBBHV,5410771309,CBMEF,Windows,True,5G,2025-03-31 09:50:32.966568,"64.90362433594734,69.12493870942166",battery drain,True
USAMPDWPTI,9634333152,SDWYE,iOS,False,WiFi,2025-04-19 09:50:32.966582,"8.534764434230183,26.46493743910918",SIM switch,True
EQASNOL7OS,7801189363,BTULA,Windows,True,5G,2025-04-23 09:50:32.966602,"31.349545375361956,-86.43187629525136",reboot,True
BEFKL08WPR,4003322485,QLYLD,Windows,False,LTE,2025-04-18 09:50:32.966625,"48.48053467840208,-44.30215245495154",reboot,True
G66J7TFPIN,6595786725,EWEDX,Android,False,LTE,2025-03-26 09:50:32.966640,"36.70759618949498,117.60010601475705",reboot,False
0RKRS5AW87,0293030119,OXVIA,Android,False,5G,2025-04-23 09:50:32.966656,"79.95144998869318,-3.68326432275407",reboot,False
IOK5EQA7AD,5570897026,HNZCZ,Windows,True,LTE,2025-03-31 09:50:32.966676,"65.90367416519786,-70.94534960276097",SIM switch,False
4JVHF0SUMR,9561716056,LOSYI,Windows,False,WiFi,2025-04-11 09:50:32.966691,"21.1465902031958,8.471756854401406",SIM switch,True
N53KPK5KAU,6946242988,WXFQX,Android,True,5G,2025-03-31 09:50:32.966705,"-62.441089068652325,-105.72358389681854",SIM switch,True
E80HO9DPRJ,3834871895,OYHPA,Android,True,5G,2025-04-11 09:50:32.966720,"-44.94569237813962,142.76423957811295",battery drain,False
FWRLRH5R91,0886303505,GFFNX,iOS,True,LTE,2025-04-17 09:50:32.966734,"-87.87058786062873,-72.17162481164328",battery drain,False
HIFJG12Z4Q,8517596478,VGNCW,Windows,False,WiFi,2025-04-11 09:50:32.966749,"54.281291985892096,18.406441905533256",battery drain,True
UO193NVTK0,6788781913,QITPC,iOS,True,5G,2025-04-16 09:50:32.966763,"5.558486908351298,-175.66152552673245",reboot,False
DFVPJCVI9V,3283709414,NIIVZ,Android,False,LTE,2025-04-12 09:50:32.966777,"85.39713322288631,-176.10497078270308",battery drain,False
3AA87EQ4I9,1956624970,NOHPR,Windows,True,5G,2025-04-16 09:50:32.966792,"-2.3142698731189455,89.88224176295864",battery drain,False
5RD8Z6AN6B,1762738191,JFCEU,Windows,True,LTE,2025-04-17 09:50:32.966814,"-20.027511425189985,-8.514559107844434",SIM switch,True
FFIVS8J6TY,5703673827,IGYOE,Android,True,LTE,2025-04-23 09:50:32.966837,"-85.64200802637353,136.1828867761065",SIM switch,False
O91C90PB9Z,4044106277,PMJQS,iOS,False,LTE,2025-04-21 09:50:32.966852,"83.77339621824257,-148.3758464996365",reboot,True
VKCNQTA6T5,4891691828,QYROO,Android,True,LTE,2025-04-07 09:50:32.966866,"66.63494150647182,-39.784964543715745",battery drain,False
9I71XBI2TL,2473237949,JAYAI,iOS,False,LTE,2025-04-02 09:50:32.966881,"27.068044614173687,21.25465307062396",battery drain,True
D1BS5I21VU,1671497985,CVHFJ,iOS,False,LTE,2025-04-08 09:50:32.966896,"-13.35047378129397,-146.7717226004799",battery drain,False
GOZQ0D4706,6028539701,IUWRR,Windows,False,WiFi,2025-04-03 09:50:32.966910,"75.81125943755066,66.31763845007981",battery drain,True
8VPIB1VCB4,5214822466,BJTIO,Android,True,WiFi,2025-04-01 09:50:32.966931,"-3.707319606507923,-53.78764122060211",battery drain,False
YIMHJUTWIU,1502777412,HHOGZ,Windows,False,LTE,2025-04-12 09:50:32.966951,"-30.372907752569205,32.80777795286426",reboot,True
4JUXEMPFDY,1100781826,OGBGJ,iOS,True,5G,2025-04-22 09:50:32.966971,"-62.18604223046884,127.75645246508361",battery drain,False
OD33FX2RYF,2916777863,KWXPE,Windows,True,WiFi,2025-03-26 09:50:32.966986,"-2.668817099963917,85.0353589224622",SIM switch,False
2YUXCQDFIA,8580244799,TUSML,iOS,False,WiFi,2025-04-15 09:50:32.967001,"9.931897606074699,145.17663428427124",battery drain,False
GS3PL2YXA0,3187717747,MZCSJ,Android,False,5G,2025-04-22 09:50:32.967017,"-62.27682570919103,119.21232845933395",battery drain,True
LCNQ3ESS8G,0093889193,TYXPT,Windows,False,LTE,2025-04-23 09:50:32.967040,"75.73070360436256,162.92738474505558",battery drain,False
TUG7U6QSUT,6853170718,OFCYW,Windows,False,5G,2025-04-11 09:50:32.967058,"18.34298121336886,-48.60592536625106",SIM switch,False
J8SPXZ7I3A,3532552061,VNOPR,Windows,False,5G,2025-04-23 09:50:32.967072,"42.64652187603306,-149.47853482485164",reboot,True
TEJAVK56NX,0964141430,RAZJC,Android,False,5G,2025-04-16 09:50:32.967086,"28.960985882327677,53.50242337009246",battery drain,False
D7YJDQVAK4,3441931220,XTXCX,Android,False,LTE,2025-03-30 09:50:32.967101,"67.063328152185,113.35373769437535",battery drain,True
UL4ZE8I447,6465342449,JQHEM,Windows,True,5G,2025-04-20 09:50:32.967115,"-77.54952959041343,-7.882552297308251",SIM switch,False
GFTEA6C1KV,2922281748,MSOOB,Android,False,WiFi,2025-04-02 09:50:32.967129,"-44.351482470466166,-125.87420470430538",reboot,True
S9ZKRTTV81,4437645992,OMORV,Android,True,5G,2025-04-02 09:50:32.967147,"85.60391396602083,118.84303022093093",battery drain,False
90KOAQR9NJ,4658014769,HSVMZ,Android,True,WiFi,2025-04-23 09:50:32.967172,"86.22858474955461,100.99697440942026",SIM switch,True
ENZTYUOMQR,4474094916,WLQWH,iOS,True,WiFi,2025-04-18 09:50:32.967193,"42.95196920083734,-61.061502724115044",reboot,True
RA0NN07N0B,2646312700,BEJDT,Windows,True,WiFi,2025-04-12 09:50:32.967207,"61.33355464050399,48.63316354370431",SIM switch,True
5RWMHLSU48,6885073194,TOFAC,iOS,True,WiFi,2025-03-27 09:50:32.967224,"57.34022357678728,-22.41753391198867",battery drain,True
2AQ2DKWDVK,4101789388,XKMCR,Windows,False,5G,2025-04-12 09:50:32.967247,"3.4499350007088765,-143.42989406866064",SIM switch,True
59RK1421ZQ,4730216212,KXMIH,iOS,True,WiFi,2025-04-23 09:50:32.967264,"-38.0962801782241,106.75295626301408",reboot,True
YMPPOMHRZA,4668815254,SWYIV,iOS,False,WiFi,2025-04-22 09:50:32.967279,"84.50992234340589,22.950125285054952",reboot,False
I8A766URC8,9226340190,MTSEK,Windows,False,WiFi,2025-04-19 09:50:32.967300,"55.24348616668826,-33.69364284145385",battery drain,True
63GTECAAAF,4588299958,ABROZ,iOS,True,5G,2025-04-16 09:50:32.967324,"77.91945219549183,-164.48351426890676",SIM switch,False
CTTQ61VZDS,8738998210,RWOCH,Windows,True,5G,2025-03-28 09:50:32.967343,"72.79943427317187,-16.69117555303717",reboot,False
0NZDWX5DPB,4943665196,TKPTX,Windows,False,WiFi,2025-04-17 09:50:32.967359,"59.3874743465266,50.86599018482272",SIM switch,True
RY2N9F3PTR,2871573197,BICOV,Windows,True,WiFi,2025-03-28 09:50:32.967372,"-15.582170778873902,21.13727038669731",SIM switch,False
KU1UW20NLT,5999263422,TDKCO,iOS,True,5G,2025-04-21 09:50:32.967386,"54.55052488353266,159.93949445953928",battery drain,False
GBV1NO2MPA,0076282350,JUDZO,Android,True,LTE,2025-04-02 09:50:32.967401,"27.440718746759785,-104.76967081368959",battery drain,True
QSD6OC10OD,2528009687,UTGNW,Windows,False,LTE,2025-04-21 09:50:32.967415,"84.98866279187575,-60.42437591114346",battery drain,False
CSNZTODQ29,6740825295,QLBBZ,Android,True,LTE,2025-04-22 09:50:32.967431,"82.9940508408713,-67.16124812066727",reboot,False
QL0OTB31NR,4602652718,JHZOS,Android,False,5G,2025-04-17 09:50:32.967445,"44.41400954457282,105.79980992964647",reboot,True
QJ15ECA6PK,1930246407,RUXAB,Android,False,5G,2025-04-09 09:50:32.967460,"-17.543363610384276,-170.91865341354733",battery drain,True
VC31I32PQN,4453519097,IVDQT,Android,False,5G,2025-04-22 09:50:32.967475,"79.6762325430739,3.8944413408490846",reboot,False
O1MEUF934Q,3847874181,KGIYF,iOS,False,WiFi,2025-04-20 09:50:32.967489,"-67.30509513822997,-160.89200646154245",SIM switch,False
HALXVEHC1Q,4764900678,AKQUK,Android,True,LTE,2025-04-20 09:50:32.967503,"-16.68942191586838,-91.25563070311156",battery drain,True
CK3SIVGY93,7115455762,ZPOKU,Android,False,5G,2025-04-15 09:50:32.967519,"15.827756367405641,-96.207355318398",reboot,True
61VVE2RCSB,4115650645,LBRJE,iOS,False,WiFi,2025-03-26 09:50:32.967544,"34.34146592618988,86.45749513671763",SIM switch,True
QHMDNXVZEZ,4560696053,XHROY,Windows,False,WiFi,2025-04-02 09:50:32.967559,"-20.849172207142118,52.81692597664545",battery drain,True
45G3BHV0L8,9208642990,ZVOLT,Android,False,LTE,2025-04-15 09:50:32.967573,"26.976078983813835,-0.009876061088618826",SIM switch,True
1N9N6OD5ZZ,9875213612,UWGYG,iOS,False,LTE,2025-04-09 09:50:32.967594,"61.94657322158068,-111.04191524069442",battery drain,False
HLGXZJIGGX,1297694278,ZAPQJ,Windows,False,LTE,2025-04-17 09:50:32.967616,"-71.2984884856769,-156.01474848929715",reboot,False
Z6I4ZDOEMB,1083069358,BTFHD,Windows,False,5G,2025-04-18 09:50:32.967630,"47.570415715869586,136.18395894811198",SIM switch,True
OJLPSBWI0E,0226214324,RGONJ,Windows,True,WiFi,2025-04-10 09:50:32.967646,"-14.44666347004204,-60.50182103954586",battery drain,False
X6GKGWXJZ5,5818263224,ZHCVT,Windows,True,LTE,2025-04-14 09:50:32.967661,"-21.23048987728167,-34.73479762714106",SIM switch,True
J9RAOWB6CX,6122498644,TDXVA,iOS,True,5G,2025-04-03 09:50:32.967683,"-10.620439274509963,-167.50325702900318",reboot,False
HMPLQN1IYK,8195054900,VJDYZ,iOS,False,WiFi,2025-04-12 09:50:32.967705,"-66.82877217758013,-38.291817780720436",SIM switch,False
KZNO61UNSH,7116718963,NUYSH,Windows,True,5G,2025-04-08 09:50:32.967720,"-70.17716788059597,163.583735719885",battery drain,False
LO6HUB6TAE,1707582913,CGQVL,Android,False,LTE,2025-04-13 09:50:32.967734,"-15.733896410865455,67.43765951743197",SIM switch,True
G8AFGRUKAH,2852231738,USZJP,iOS,True,WiFi,2025-04-18 09:50:32.967748,"54.10877451418054,160.2935483313634",SIM switch,False
BOCZR3KBX6,5818807471,NWRKI,Windows,True,LTE,2025-04-06 09:50:32.967762,"24.38310643041393,40.28815416852484",battery drain,True
LG76ECBHDQ,0870466223,IJEIN,iOS,True,WiFi,2025-04-21 09:50:32.967776,"-52.193856744954005,-168.5930220485065",battery drain,False
J0LER7UU9W,0998079557,ZFSBH,Windows,True,LTE,2025-04-23 09:50:32.967790,"-81.36163781962136,-50.17871242389896",battery drain,False
XBZO6Z5F8O,9189293364,UEQBT,Windows,True,LTE,2025-03-25 09:50:32.967805,"14.04300861037396,101.85179706862738",SIM switch,True
5SSJMHDBOP,9363069405,UNDDK,iOS,False,5G,2025-04-21 09:50:32.967820,"-24.72248471796337,-162.50073039750515",SIM switch,True
9U6KONU2JV,8033205941,IUEJY,iOS,True,LTE,2025-04-08 09:50:32.967834,"0.19982633293118113,105.07630820882991",SIM switch,True
EO9EKNXW24,0767995760,GBCHV,iOS,True,WiFi,2025-03-30 09:50:32.967848,"82.66558322721144,42.444030170468324",SIM switch,False
ATC8OWT94M,4883370750,QDUUI,Android,True,LTE,2025-04-18 09:50:32.967862,"68.612207308341,-46.915981567432254",SIM switch,False
5Z4V39ID8H,9122634031,WRQSR,iOS,False,LTE,2025-04-23 09:50:32.967881,"25.211569090718783,-144.37162902492867",SIM switch,True
JQ88QGZVCE,7643172921,UIDDB,Android,False,WiFi,2025-04-12 09:50:32.967899,"3.265482040296831,-88.42707376387469",reboot,True
EG7VXY0FPP,8351044328,EJSLJ,Android,True,WiFi,2025-04-17 09:50:32.967920,"63.09831485468217,-70.87297276548739",battery drain,True
2M0FJVSJU0,6308374012,HCVGO,Windows,False,WiFi,2025-04-18 09:50:32.967935,"-34.57582867319327,165.9000051305419",SIM switch,False
UWBYMF8OLK,2754321184,UDNJE,iOS,True,WiFi,2025-03-26 09:50:32.967954,"-85.85940094169763,72.50307929676268",SIM switch,True
URGQTOZ6U7,4953157956,URRWY,Windows,True,LTE,2025-04-04 09:50:32.967970,"-0.9141829383749069,-136.0470322262367",SIM switch,False
LP4DUWQWI0,7723819666,MBVTP,Windows,False,WiFi,2025-03-28 09:50:32.967984,"-79.47659723000415,46.792289279302906",battery drain,True
VK5GQSN728,1629174008,SCGZV,iOS,True,5G,2025-03-27 09:50:32.967999,"66.05716203734369,17.37685983863227",battery drain,True
KOIPM0LTA0,3098499845,BWULD,Android,True,5G,2025-03-26 09:50:32.968014,"-42.50203656032909,155.82278976539345",SIM switch,True
RBS0UPNA4S,1393124162,BYDDK,iOS,False,LTE,2025-03-27 09:50:32.968029,"-65.87052311264998,-19.518840733504817",SIM switch,True
STR82OYRGX,0313087105,LYHLW,iOS,True,LTE,2025-03-27 09:50:32.968043,"14.235408944616424,-170.83608618827324",SIM switch,False
6AYSR2SBGQ,6225323312,IOOTA,Windows,True,WiFi,2025-04-07 09:50:32.968057,"21.342181861272607,-108.94877804462551",reboot,False
9YY4DAOQNQ,9511807353,LVVTP,Windows,False,LTE,2025-03-25 09:50:32.968072,"85.87330696058496,-120.2691076643305",reboot,True
0MKGP38AVN,8133965754,ZLWUN,Android,True,5G,2025-03-26 09:50:32.968086,"-65.50566930254317,-41.292350396725396",SIM switch,True
IASN9KOF8L,0915143543,OFBSD,Windows,True,LTE,2025-04-11 09:50:32.968107,"-24.820410769556062,125.99855792547754",SIM switch,True
GMPJJFPEON,3565386967,KISKB,iOS,False,LTE,2025-03-27 09:50:32.968130,"69.43513398144165,-144.35859365908433",reboot,False
A1SKSZKEX5,9879742997,QUZJJ,iOS,False,LTE,2025-04-11 09:50:32.968144,"23.503721737535713,11.83588722140189",SIM switch,False
M854SIFAZH,5069074597,SFSJD,Windows,False,WiFi,2025-04-22 09:50:32.968245,"77.21648759552428,5.3700276131004046",battery drain,False
MQZ78HG84B,5192628578,VMSTP,iOS,True,5G,2025-04-12 09:50:32.968282,"-30.064444822501486,90.0975864423005",SIM switch,True
SDTPP3T4Z6,9044340065,RKXXM,Windows,False,LTE,2025-04-17 09:50:32.968300,"-18.364987977684848,148.2073106944962",reboot,True
79IT4KETI7,6274808756,ATUTY,iOS,False,5G,2025-03-26 09:50:32.968321,"44.86953078734376,76.09522569159884",battery drain,False
NX8IL79LUT,8576480065,HPANZ,Windows,True,WiFi,2025-04-02 09:50:32.968351,"-80.01957319355603,-55.78716422859233",battery drain,False
I7IPCXWHDD,1874732626,LSYIP,iOS,False,WiFi,2025-03-30 09:50:32.968369,"39.20905395183405,116.35571517833353",reboot,False
ZMQQ7GDPX2,6128571660,FLDAC,iOS,True,LTE,2025-04-01 09:50:32.968387,"-38.302631899284606,131.38543598967146",reboot,False
01HG4R1TO1,6257050454,BSPAV,Android,True,5G,2025-04-16 09:50:32.968410,"-16.155507817373717,-140.79254210320062",battery drain,False
HOWXXDPJXM,0750507851,QLXNX,Windows,True,5G,2025-04-01 09:50:32.968428,"-16.067313244618546,-99.65869231398038",reboot,False
Z4SGXSXBTM,6526326000,MUHZW,Android,False,WiFi,2025-03-31 09:50:32.968442,"-60.94214888162205,-101.3194864069112",SIM switch,True
QYSGYZ4YTR,1231025752,GEVAU,Android,True,LTE,2025-03-28 09:50:32.968456,"-76.03117327548358,29.191265886207844",reboot,False
TAKMV0FI05,5067102712,BBLLV,iOS,False,LTE,2025-04-10 09:50:32.968470,"74.47968074627116,52.77886882247216",battery drain,True
DXR5WULPNC,0020589026,YHVTJ,iOS,False,WiFi,2025-04-09 09:50:32.968484,"-7.224177984159198,58.00127184738665",SIM switch,True
2ODUL0V5NE,3044361559,SAVMA,Android,True,LTE,2025-04-23 09:50:32.968499,"-37.45528402037253,-55.541879003584825",reboot,True
S7QCX859VR,8366310427,JDEAB,Android,False,5G,2025-04-08 09:50:32.968517,"-3.795615846124818,-108.81949792581045",battery drain,False
OD1XCYBN8N,4706101357,VPMDS,iOS,False,5G,2025-03-26 09:50:32.968537,"54.178387296870795,-45.95001842253902",SIM switch,False
BUHQVEUNV3,0398576988,METLQ,Windows,False,LTE,2025-04-21 09:50:32.968552,"-7.377138815937826,26.30692432968624",reboot,False
H1RAUL7NZE,0534256301,GJVZC,Android,True,WiFi,2025-04-18 09:50:32.968565,"47.740356593963355,-44.625662736305856",reboot,True
Y2QQTXR1SJ,6520155243,GVWFV,iOS,False,5G,2025-03-30 09:50:32.968580,"27.55570130098141,-132.6029561384103",reboot,True
7HZ4UW7PO0,2439213783,CMCAE,Android,True,LTE,2025-03-30 09:50:32.968599,"34.04894698205902,-38.43216714749482",SIM switch,True
GBQB0ZI1PZ,2885220741,VJHFI,Android,False,LTE,2025-04-02 09:50:32.968624,"-54.86625187186633,-142.65703150097679",SIM switch,True
IXZ4IQK1LO,3564211815,OIGMM,iOS,False,5G,2025-04-08 09:50:32.968639,"18.069360481190984,-35.95316594189532",reboot,False
O05AX5Y7P0,8239378946,LNIHC,iOS,False,5G,2025-04-07 09:50:32.968653,"-10.056119287470295,-20.99852807791359",SIM switch,True
17RFH01Q43,6705016906,FODKJ,iOS,False,5G,2025-04-06 09:50:32.968672,"-58.62030575743013,123.92804118508985",SIM switch,True
CW97BTC1SJ,2673294251,OJLXS,Windows,False,LTE,2025-04-05 09:50:32.968691,"-23.777434690964512,12.952990049405855",reboot,False
4PTX5DZFD3,4950782289,LJWGP,Windows,False,WiFi,2025-04-19 09:50:32.968705,"-82.60819404990714,36.53943542665141",battery drain,False
JYHWXRR1X7,3304254963,ZXDMK,iOS,False,LTE,2025-04-02 09:50:32.968720,"-80.23672190301197,-68.30929719187273",SIM switch,False
SGYHHE1NS9,5086873209,JULSE,Windows,False,LTE,2025-03-28 09:50:32.968733,"61.43389891502207,-172.72006611195965",reboot,False
4D4YFXVLD2,1630559765,FTZKA,iOS,False,LTE,2025-04-01 09:50:32.968756,"6.092953284112227,91.04849936197746",SIM switch,False
E4355MJPMJ,2406536187,NUFGP,Android,True,5G,2025-04-10 09:50:32.968778,"86.95429019273789,-76.60541341813455",battery drain,True
QOOLNP2HO1,2932966466,TRMRT,Android,False,WiFi,2025-04-02 09:50:32.968793,"-49.41711036696537,-164.94150442945767",battery drain,False
1S798DF93U,7943875366,LZKLS,iOS,False,WiFi,2025-04-06 09:50:32.968807,"50.8192048048995,-140.98543998730798",SIM switch,True
DVG0SYZZSB,7666616627,BBOCN,iOS,False,LTE,2025-04-20 09:50:32.968821,"39.67486045652288,-29.47681747465691",SIM switch,True
4V10CK1LT5,4976691302,SIBUT,iOS,True,WiFi,2025-04-18 09:50:32.968834,"89.8760515826807,-86.22650221984793",reboot,True
MDSE33146A,5044406700,SXBGP,Android,True,5G,2025-04-19 09:50:32.968848,"-59.222300219368336,-40.6851325413578",SIM switch,True
41ED9AJTO8,3609311334,NYYDW,Android,False,5G,2025-04-09 09:50:32.968865,"-62.227880055315126,145.5410782156336",SIM switch,False
Z7RSZT95R8,9286283465,IPJLR,Android,True,LTE,2025-03-30 09:50:32.968879,"-84.60196456936501,156.16038745027805",battery drain,False
2VU5KSIO8E,9909494565,PELRM,iOS,False,WiFi,2025-03-27 09:50:32.968893,"-52.87245774448585,-87.23767612835123",SIM switch,True
P5MV0B3R9V,9713015979,CTFGM,Windows,True,5G,2025-03-30 09:50:32.968914,"-61.37412557563211,176.24772501029366",reboot,True
YAPURJXHNT,5542113967,KCVGY,Windows,False,LTE,2025-04-15 09:50:32.968928,"50.22718429763577,-148.73989649527826",reboot,False
07GCWWRX6F,1859755472,MCJFP,iOS,True,WiFi,2025-04-21 09:50:32.968945,"28.37741418805045,-114.72455430850133",reboot,True
HVROW3WE9H,1512450177,FMVBG,Android,False,WiFi,2025-04-01 09:50:32.968959,"-26.007780824696255,-117.29408560222782",SIM switch,False
U2WI4ZHMNB,2541687063,BQYFO,Android,True,LTE,2025-04-02 09:50:32.968978,"21.259159904091433,-144.70250584158595",battery drain,False
1V1YDQRQ61,7290312441,LCCDL,Windows,True,WiFi,2025-04-12 09:50:32.968998,"89.28324253077261,119.27060990583101",SIM switch,True
C7AIUJACP6,7605955399,CEALH,iOS,False,WiFi,2025-04-22 09:50:32.969013,"89.9266775002605,-67.16653145501289",SIM switch,False
XJGTLCMHY3,9387960197,LKZSB,Android,False,WiFi,2025-04-15 09:50:32.969027,"61.896228892588795,-116.15994492527874",battery drain,True
3O7PSWCTFQ,7280531221,BMNSW,iOS,False,5G,2025-04-16 09:50:32.969041,"8.948589034299289,-119.00651100175381",battery drain,True
P3RCG4YHCN,2366394293,JVUPK,Windows,True,WiFi,2025-04-09 09:50:32.969060,"57.19163233048414,170.01764286773988",battery drain,True
HIW5IHH4PF,1820220709,FTIOT,Windows,True,5G,2025-04-10 09:50:32.969081,"84.9461340578332,-150.99162571590134",reboot,False
6VFBJATQIZ,6300811317,GPMUI,iOS,False,WiFi,2025-04-14 09:50:32.969105,"42.44943908928306,-31.59351559734327",battery drain,True
HVJ5MDVWJP,1212992596,OHGZC,Windows,False,WiFi,2025-04-03 09:50:32.969126,"-40.86815591580266,-53.876534745005316",battery drain,True
5RZSLYZM8X,5950530348,FPFVB,Windows,False,WiFi,2025-04-23 09:50:32.969148,"29.660600362197997,5.38253587777379",reboot,False
JDU7V59P5A,8565613395,OTLYU,Android,True,LTE,2025-04-14 09:50:32.969163,"-86.11010517324652,-37.006525326202194",SIM switch,True
C8ZQS2QGB9,2976155071,HHNOQ,Android,True,WiFi,2025-03-26 09:50:32.969183,"-31.6192106217632,15.08883834465729",reboot,True
G5GWBSBMUD,3258544776,RFWBT,Windows,True,5G,2025-04-05 09:50:32.969206,"57.06616464326436,165.4080945705971",reboot,False
BG1WE4I2YI,6903021120,NOMRU,iOS,True,WiFi,2025-03-30 09:50:32.969221,"50.45871657005188,173.83275643590002",battery drain,True
KIVMFDR84A,5594526546,HOEED,iOS,False,WiFi,2025-03-25 09:50:32.969242,"69.19704280846449,20.93542153545988",reboot,True
QM0NTE7UYF,9933466099,CNXZH,Windows,True,LTE,2025-04-13 09:50:32.969257,"-54.76353521667505,25.56492315749901",battery drain,True
RTF3YJQUAN,6707074577,LABXK,Android,True,5G,2025-03-25 09:50:32.969271,"33.885843461221015,170.14746331287597",SIM switch,True
5YOF5J6YD1,5955824644,HNWWI,Windows,True,5G,2025-04-03 09:50:32.969285,"83.4668125296676,142.2567234083038",SIM switch,False
L4JG9TREJT,5670861804,MZEOU,Android,False,WiFi,2025-04-01 09:50:32.969299,"60.61784904322519,-37.156814422770424",battery drain,True
7P4WFTJFSY,9254175983,WXQHL,Windows,False,WiFi,2025-04-15 09:50:32.969313,"-58.588561909930256,-54.202476375944784",reboot,True
O5E0MKQJUM,3176604299,PEPKS,Android,True,WiFi,2025-04-02 09:50:32.969327,"-10.670177090992809,115.78444476468803",battery drain,True
V84TTY3CE8,9720140614,OHFJK,Windows,True,WiFi,2025-04-11 09:50:32.969341,"65.07579905959744,-60.160613477345834",SIM switch,False
675OSG98VB,3434650151,GYBPF,iOS,False,5G,2025-04-16 09:50:32.969355,"-20.890922884114673,51.92950435234269",SIM switch,False
RL5NP1ZVC2,4333485050,XOOIS,Android,True,5G,2025-04-10 09:50:32.969370,"18.818854474111262,-59.48271284630886",SIM switch,False
WMFCD0PG7G,8494781266,EXVQW,iOS,False,5G,2025-04-21 09:50:32.969384,"-38.62888120589724,-133.40813917576475",SIM switch,False
0DAZY0PR9A,3049869286,KMVYJ,Android,False,LTE,2025-04-19 09:50:32.969406,"-0.12450353552608817,-4.743104457700838",reboot,False
4NJTYG3KD6,2799235365,DUFGO,iOS,True,WiFi,2025-04-22 09:50:32.969427,"17.193724561925777,-4.712639407720616",battery drain,False
5AAGO4OHFO,9898770729,MVYHI,Android,False,WiFi,2025-04-09 09:50:32.969442,"-57.464739457541995,9.535025739942085",SIM switch,False
HBAKN7FNMH,5473887570,XQURH,Windows,True,5G,2025-04-15 09:50:32.969458,"56.43845033709482,167.19392519465526",battery drain,True
ZLS8L1NMDU,0049106063,DEREC,Windows,True,LTE,2025-03-30 09:50:32.969481,"66.7377609629489,-174.0955306025868",SIM switch,False
X19S7RND1O,0420513603,NYIXH,Windows,True,WiFi,2025-04-20 09:50:32.969506,"30.867516901553472,-44.784807194254824",battery drain,True
1SIR3W4447,8212993868,AUFNC,Android,True,LTE,2025-03-28 09:50:32.969520,"68.75896181372752,132.29482225630755",reboot,True
2BFNBWRPIT,2699919125,UUNCD,Android,True,5G,2025-04-05 09:50:32.969535,"-22.566652398858466,-160.8461819848011",battery drain,False
QULI7ZAUH9,7853725086,BMQVG,Windows,True,LTE,2025-04-11 09:50:32.969549,"-31.972837477693076,69.6842355829165",SIM switch,True
SK7MBH00Z1,0218945684,GKULE,iOS,True,WiFi,2025-03-30 09:50:32.969563,"-15.967907829875543,86.50123994983164",SIM switch,True
TGPFZKAS5O,2457072340,ZCIZQ,Windows,False,5G,2025-04-06 09:50:32.969578,"-69.65963519296503,-113.98388939972344",reboot,False
8E2QZ2UARK,9899645197,QULOC,iOS,True,5G,2025-04-03 09:50:32.969592,"-15.030189229760268,-146.02571912095158",reboot,False
RMW378Z1MH,4664842473,VBICT,Windows,False,LTE,2025-04-03 09:50:32.969615,"-44.294760230043806,3.927331219852647",SIM switch,False
3I68QD5XLM,8684751311,IVSJQ,Windows,False,5G,2025-04-15 09:50:32.969631,"34.43462764062524,-103.40604719146951",reboot,True
5ZBSX9VLEX,5051491320,HUGCZ,iOS,True,5G,2025-03-28 09:50:32.969645,"66.58609165789855,-102.38849277027073",reboot,True
G5CYQTA85I,5521328784,LNURB,Android,True,5G,2025-03-25 09:50:32.969659,"-4.87750097748625,177.73840816580258",SIM switch,False
TMGDCY3NU8,0926198538,ZVRSD,Android,True,5G,2025-04-21 09:50:32.969676,"-37.815693113188516,35.20626568699666",reboot,False
BN1DZ5ATVQ,9791942640,QFNPM,iOS,False,5G,2025-04-09 09:50:32.969698,"-4.631544466469208,30.88909830733047",SIM switch,False
OUMKWSBCJD,9840440024,KSZHS,iOS,False,LTE,2025-04-13 09:50:32.969713,"-56.553157370924396,108.30711474718748",reboot,True
B0W60BLWSU,1970885654,PNUXA,Windows,True,WiFi,2025-03-25 09:50:32.969729,"-72.06709024925085,-99.31069684497069",reboot,True
M1SGHP2ZLR,9287994239,PRRCT,iOS,True,WiFi,2025-04-17 09:50:32.969746,"-11.87108800179206,-155.53941513550353",battery drain,True
MOU0WROHW1,7126880575,QRWIV,Android,True,5G,2025-03-31 09:50:32.969767,"75.31619284072863,60.797381125978916",battery drain,True
MNZWBCQ6DF,2605364639,HUKPH,Windows,False,LTE,2025-04-16 09:50:32.969782,"-77.51019621064064,-168.24307990880752",SIM switch,False
UA6AA2M3R4,5687932402,JDKEX,iOS,True,5G,2025-04-21 09:50:32.969801,"82.31838176480369,170.93802779844754",battery drain,True
TUTU2VLXRW,1202109975,EEGXD,Android,True,WiFi,2025-04-20 09:50:32.969817,"-4.460407436794398,-172.64515109147095",battery drain,True
65G19XXKDZ,2144755627,HPGER,Android,False,LTE,2025-04-20 09:50:32.969840,"31.276297012501928,-121.53341789985538",battery drain,False
G8KHX6TWUK,5811120672,FQDPA,Android,False,5G,2025-03-27 09:50:32.969859,"43.34167171483074,-164.7954062820899",reboot,True
64RFS1HR2M,1439138300,HTHUB,Android,False,LTE,2025-04-05 09:50:32.969873,"62.24818538266308,-19.39506211643223",reboot,True
P8PRW5AT2P,8840170852,LBQCO,Windows,True,5G,2025-04-03 09:50:32.969887,"-71.10232065066465,-162.70911933730147",reboot,False
07FBHRGS2N,6333319170,WRJPN,iOS,False,WiFi,2025-03-27 09:50:32.969901,"0.9154229671806746,-166.56547889583982",battery drain,False
5F3TN8NSN9,2624893185,ZMBXL,iOS,True,WiFi,2025-04-23 09:50:32.969917,"-34.048241046906746,127.12681688376222",reboot,True
YODUXSSJNP,3853481918,RWZXO,Android,True,5G,2025-04-08 09:50:32.969931,"-81.30494675882234,-40.93293556846123",battery drain,False
THO9XKWEKT,6498582189,TOWQS,Android,False,LTE,2025-04-14 09:50:32.969946,"55.129376560296095,59.376530283106234",reboot,False
7DNGRF3XA3,7922268761,QUGRT,Android,True,LTE,2025-04-21 09:50:32.969961,"31.243126968754055,58.78242384309925",battery drain,True
8E6VTTM3P9,4470666926,DVMXJ,iOS,True,WiFi,2025-04-07 09:50:32.969975,"-65.3207146129999,-85.55489877772098",SIM switch,True
ZOME328DNU,9225268584,YDEQP,Android,True,LTE,2025-04-01 09:50:32.969989,"-48.77215521171643,-80.9041650734215",battery drain,True
MPMFZD6IIV,4484459767,VEIIB,Android,True,5G,2025-03-30 09:50:32.970003,"-24.856329931355504,-1.7819573031648588",battery drain,False
8IXBIYTJFS,2775528289,KLKUO,iOS,False,LTE,2025-03-29 09:50:32.970017,"21.929395887438133,-74.00201584165274",SIM switch,True
7GN35Z05PW,7052904310,HRQYW,Android,False,5G,2025-04-01 09:50:32.970040,"27.78402361102316,78.03184905012887",battery drain,True
9O4MB73GK9,6945991585,ORGHD,Android,False,LTE,2025-04-05 09:50:32.970056,"-82.87721762322774,-12.622233520454358",SIM switch,False
EE0HKDB95J,9635149195,CFSPT,Android,True,LTE,2025-04-22 09:50:32.970071,"-4.127201400571536,139.30779998895144",reboot,True
0PO17KYWTY,5886193939,FLSHG,Android,False,WiFi,2025-03-28 09:50:32.970085,"-37.71538100750802,-139.79833920938069",SIM switch,False
RM0ZGY12HE,2657583775,FSRYD,Windows,False,5G,2025-04-04 09:50:32.970099,"-39.28194657545562,-39.86394620623142",battery drain,True
KDC37C8WF8,3312282396,KJWPG,Windows,True,LTE,2025-04-20 09:50:32.970113,"75.40836095687456,-146.1686411615079",battery drain,True
VMX8MMYFZD,3916591096,MTVBR,iOS,False,5G,2025-03-26 09:50:32.970128,"-89.54055298477857,45.66673010493133",reboot,False
0PP5E316XW,3848024790,WFCVY,Windows,False,5G,2025-03-30 09:50:32.970142,"45.358092799538525,-120.64816470271457",battery drain,False
3CFKYTQJOP,5633068725,XJLTM,Windows,True,WiFi,2025-04-16 09:50:32.970158,"-52.16967766429738,-169.23991903573852",reboot,True
PLZVHGYEEU,2836889096,BMLIA,iOS,False,LTE,2025-04-08 09:50:32.970172,"79.17846442590476,-45.58336181266216",battery drain,False
NKUV8RL9R1,0320116715,OKFBR,Android,False,WiFi,2025-03-28 09:50:32.970187,"-43.87394087815536,-88.52384451412847",SIM switch,True
DNTFK6FU1M,7721907179,WXTHB,Android,False,WiFi,2025-04-18 09:50:32.970201,"-67.15322217494109,-102.10414738520612",reboot,True
CTQ3OLZGDZ,0076827537,MMXKS,iOS,False,WiFi,2025-04-22 09:50:32.970216,"82.94963722064679,22.56362560514657",battery drain,False
7LB9E0U85Z,8536581694,WPYXP,iOS,True,LTE,2025-03-25 09:50:32.970237,"22.379980849597388,102.17845841836788",battery drain,False
CTO7I7I2LH,9815502470,HOGNV,Windows,True,WiFi,2025-04-15 09:50:32.970261,"-52.736178647288945,66.95898437054572",reboot,True
036NEGM7J3,2347538975,JRAEI,iOS,True,5G,2025-04-04 09:50:32.970276,"-56.61562780916881,-80.24265757469712",SIM switch,False
OSB3CRJOST,0953762828,MKNBE,Android,True,LTE,2025-03-29 09:50:32.970291,"-42.57972225478301,-23.523954941828237",reboot,False
6RQURA9ID8,0908153395,IVAXI,Windows,True,WiFi,2025-04-16 09:50:32.970305,"-20.179951728687087,-171.10517798447208",reboot,False
7KDE445GXS,4628953394,RXCJH,Windows,True,LTE,2025-04-12 09:50:32.970319,"-26.265750305068202,-47.15219364054175",SIM switch,True
LL2A4IEGMT,3132974989,OFVIW,Android,True,WiFi,2025-03-25 09:50:32.970333,"38.57715055679026,-93.61294534963682",reboot,False
QL1E8GD9BF,1164903632,CKJRC,iOS,False,LTE,2025-04-02 09:50:32.970348,"-80.98816832374962,-59.348284967099985",battery drain,False
3X16N1A172,4491959211,FTLZB,Windows,False,WiFi,2025-04-18 09:50:32.970363,"86.80900292758955,-68.4070614605341",reboot,True
4QE46AZDUW,9245151587,ARTHD,Windows,True,LTE,2025-04-16 09:50:32.970386,"-68.69904178498122,-64.08403436944106",SIM switch,True
EUPRNFSULV,7052853604,PZUFT,Android,True,LTE,2025-04-17 09:50:32.970405,"49.57671247551062,20.95445942849392",reboot,True
UKKQTJB8NG,1980723059,NCLEC,iOS,True,LTE,2025-04-09 09:50:32.970419,"81.20957738697376,178.3668164904377",battery drain,False
NIA7PGD1EB,4116582989,XWZIY,Windows,False,WiFi,2025-04-10 09:50:32.970435,"-80.33641583247339,12.611085889483093",reboot,True
7G94TN93ID,2245944313,VBEEB,Windows,False,WiFi,2025-04-15 09:50:32.970458,"75.71483439130643,37.180759581568026",SIM switch,False
CKK06Y5RDE,5897568212,YZUAR,Android,False,WiFi,2025-04-17 09:50:32.970486,"-73.69199762193695,149.90884879354178",SIM switch,False
TH27C83LT7,0603490947,HSPMT,Windows,False,5G,2025-04-10 09:50:32.970509,"52.0797361492142,-20.458697278613812",reboot,True
TQTG2XHH9S,3383616459,FJCOQ,iOS,True,5G,2025-03-26 09:50:32.970523,"-39.620856281404066,139.49623353763786",reboot,False
Q1LKOE2UGY,2798648307,PHZCD,Windows,True,LTE,2025-03-31 09:50:32.970540,"-54.24322932846148,153.53382861660634",SIM switch,True
80B099VFTX,3736222758,MREJI,Windows,True,5G,2025-03-25 09:50:32.970564,"57.43074621199864,152.37404635637398",SIM switch,True
H4TG1PJCAL,8173708728,MOZHU,iOS,True,LTE,2025-04-04 09:50:32.970582,"-47.29126102371652,-114.33650212105965",reboot,True
TYT8POSKLR,0218013910,CAULE,Android,True,LTE,2025-04-07 09:50:32.970596,"47.82967709855882,137.82718369908537",SIM switch,False
ADJSDHCGM8,5453947612,XTQND,Android,False,5G,2025-04-16 09:50:32.970610,"-58.91871923122821,-23.18326166497755",reboot,False
9PFOW4AHZE,8541144895,WSLDA,Windows,True,WiFi,2025-04-13 09:50:32.970627,"-50.18818202298118,76.89459244491763",reboot,False
5316XDHFBO,6806848089,JVFGJ,iOS,False,LTE,2025-04-15 09:50:32.970641,"57.84413084922042,-50.76159947098071",battery drain,True
HWEIM65RFX,1563254054,CXTCS,Android,False,LTE,2025-04-12 09:50:32.970665,"-57.61175250322122,-30.01484820828938",SIM switch,False
3902LHLDRO,1051774352,WYVAU,Windows,True,5G,2025-04-01 09:50:32.970680,"34.8148361981703,-72.83291630187418",battery drain,False
EEPX5JPS5X,6775681314,CGJZB,iOS,False,5G,2025-04-11 09:50:32.970694,"34.91295322599632,-93.67248010115755",SIM switch,False
6FC8RW3BH3,0494707171,NDIRJ,iOS,False,WiFi,2025-03-28 09:50:32.970708,"25.463293398372443,98.15030400845194",reboot,True
7JVRXLE4VH,3228689389,DAXYK,Android,False,LTE,2025-04-19 09:50:32.970723,"12.21349558152194,-115.26240691082171",SIM switch,True
RMSWSMAOQ9,2351942372,JRCNB,Android,False,LTE,2025-04-05 09:50:32.970738,"28.56661065785127,-99.44392991218632",reboot,False
GL866767OZ,4892286204,OLDNR,iOS,False,WiFi,2025-03-26 09:50:32.970752,"-22.954348218646416,154.85694100410598",reboot,True
F74H6QTFFV,1999100815,SCYPQ,Windows,False,5G,2025-04-21 09:50:32.970770,"-7.774018780060743,20.577125447084114",reboot,False
WVS7L4WBOU,0776268582,RYODK,Windows,True,WiFi,2025-03-26 09:50:32.970791,"67.38265645191365,-106.14383324345872",reboot,True
LW6CBYI3UY,9407325935,HVYRB,Android,True,LTE,2025-04-19 09:50:32.970805,"-23.85744155110794,75.0252483445818",SIM switch,True
E4EAL9TA7G,3920256256,YFWVF,Android,True,5G,2025-03-27 09:50:32.970821,"7.02329067865,-155.60695022799717",SIM switch,False
TACDIOXGZI,9069281159,UQZTH,Android,True,LTE,2025-03-29 09:50:32.970843,"14.148704875000448,115.21792815560093",SIM switch,True
XYHOR9TI4C,8807530960,KUIUC,Windows,False,WiFi,2025-04-09 09:50:32.970858,"-0.0006386602111803086,-22.259207334220605",battery drain,False
13TU69ISYA,9907470296,LEKII,Windows,True,5G,2025-04-22 09:50:32.970874,"55.390351459098156,152.70296593149152",SIM switch,True
6BBHUTHK3E,4735576033,SPPJZ,Windows,False,5G,2025-04-10 09:50:32.970889,"-21.708607377784773,-100.6856400274682",reboot,True
U0AY5UDMW3,5278929002,DAXTF,iOS,True,WiFi,2025-04-13 09:50:32.970911,"17.022115491072967,15.04089847784033",SIM switch,True
UUVTFOMI5Q,5172183382,YXRZW,Android,False,LTE,2025-04-17 09:50:32.970937,"-13.699763105877238,145.22939548655563",SIM switch,True
UA9RMWGVP6,7737474719,RKGBG,Android,False,WiFi,2025-03-27 09:50:32.970952,"24.148040603584917,-141.25127845767787",battery drain,True
0AE7S7SWEY,5640640075,PVJIJ,Android,True,LTE,2025-03-29 09:50:32.970966,"-15.478038389863713,15.04861039613175",SIM switch,False
F2G5KNF7UM,0635775934,KAXGG,Android,False,LTE,2025-04-03 09:50:32.970981,"23.77222904979,-28.576530419792363",reboot,True
20Q3PUDOSH,9618274840,XLDGP,Windows,True,5G,2025-04-17 09:50:32.970995,"28.900325614175003,115.83723320594675",battery drain,True
62NGEBQ03U,8720468759,OAPQK,Android,True,LTE,2025-04-09 09:50:32.971011,"16.80768467087742,-100.9848256797378",battery drain,True
N45I9JAQ0Y,5652832575,GRCMX,Android,False,LTE,2025-04-21 09:50:32.971025,"-39.08555086576922,40.16780194645844",battery drain,True
KK50OZH3TK,1752569549,PYDUF,Windows,True,5G,2025-04-07 09:50:32.971039,"30.660909299467008,123.67451080558283",reboot,False
VLFLJ0ZJM8,0995002278,RGHGH,Android,True,LTE,2025-04-06 09:50:32.971055,"76.8162075591978,50.15643602916953",reboot,True
YJAKI8B5K6,3619383559,VFVEC,iOS,True,WiFi,2025-04-16 09:50:32.971071,"55.113498830870526,-47.149083283036845",battery drain,True
70ITWXW3EZ,5359223445,CBWMF,Android,True,WiFi,2025-04-15 09:50:32.971093,"-1.8471008383781964,104.46036084791882",battery drain,True
4Y02YWVEER,5063411313,NYIFM,iOS,False,LTE,2025-04-17 09:50:32.971108,"29.400818764042867,35.46195080525638",SIM switch,True
8GHQ40FVUQ,8898732647,PIOJZ,Windows,False,5G,2025-04-12 09:50:32.971122,"-71.98195703764023,-35.61037071298426",reboot,True
X166BPZO9O,2896262174,OIZUD,iOS,False,WiFi,2025-04-01 09:50:32.971136,"-72.13498236349461,-124.91601635778105",SIM switch,False
65LSU2MGH7,5092533100,BFLWN,Android,True,LTE,2025-04-16 09:50:32.971150,"-25.353987938413965,67.29695848454875",reboot,False
QLQMDHND85,4460594294,WNUOW,iOS,True,LTE,2025-04-17 09:50:32.971164,"81.77680732112668,51.91998933848117",reboot,True
CETPF9PVLF,9253936902,TYNPZ,Android,False,LTE,2025-04-11 09:50:32.971179,"87.0697786894454,89.06703782063977",reboot,False
XBICVC7R8R,8058095333,SCDCX,Windows,True,WiFi,2025-04-13 09:50:32.971198,"-22.887770931894337,20.214000328414784",SIM switch,True
YZQBRVMFKW,1579117306,VZURF,Android,False,5G,2025-03-29 09:50:32.971213,"-50.510527584338384,-178.38711977289742",battery drain,True
JYOTZKY2RG,1302677945,GRLXN,Android,False,LTE,2025-04-22 09:50:32.971227,"55.42847397308074,-85.05720593893966",battery drain,False
DCKJSL6B6C,4095805736,ITCNA,Windows,False,WiFi,2025-04-11 09:50:32.971241,"-18.012083938953438,-57.957489347913665",reboot,False
BPGA555NUT,3372518288,YMAIR,Android,True,5G,2025-03-29 09:50:32.971257,"-62.39675639426408,156.66014221265522",battery drain,True
YKKIL61MKG,3607494042,OUJSY,Android,False,WiFi,2025-04-21 09:50:32.971272,"78.8642847719349,-84.2561134781905",SIM switch,True
F9DQ5YXK2Y,4920124522,NPXWT,Windows,False,WiFi,2025-04-19 09:50:32.971286,"50.227960250937656,-32.25443849951088",SIM switch,False
ELGN3JB7H3,9252120655,HNTRK,Windows,True,5G,2025-04-12 09:50:32.971300,"-27.138047555192394,114.5651414963491",battery drain,False
L59QRTFBQP,2548940795,JIHUA,iOS,True,WiFi,2025-04-18 09:50:32.971321,"16.212374335439435,7.401864175551992",battery drain,True
YBM51YRZE4,2297531329,TKXPM,Windows,False,LTE,2025-04-10 09:50:32.971343,"-29.917601822608738,151.7605432533225",SIM switch,True
CWZ4ZVGLNA,7527567480,ZFLHQ,Android,False,5G,2025-04-19 09:50:32.971359,"17.810052446352486,152.80442993286357",reboot,True
NPJCXO8RS9,9707648717,WOQVH,Windows,False,LTE,2025-04-14 09:50:32.971375,"36.12493945914018,-6.870790171217834",SIM switch,False
E7PBW8Z6KP,0982833241,CZYMF,Windows,False,LTE,2025-04-09 09:50:32.971389,"-63.70458549759606,-129.66652820494357",battery drain,False
7FMLTW5EGR,3141411880,JQYUC,Windows,True,LTE,2025-03-29 09:50:32.971403,"81.96471486190765,-150.88287109161746",SIM switch,True
7NA7KZO7G4,5946936890,POXGY,iOS,False,WiFi,2025-04-07 09:50:32.971418,"-24.08786144996813,159.32537091629865",battery drain,True
GYZARU8AQ6,8834390604,UWLFP,Windows,True,LTE,2025-04-15 09:50:32.971432,"-21.925973338102906,151.71250477593338",SIM switch,False
65RO43XTG9,1229464643,YLHBN,Windows,True,WiFi,2025-03-29 09:50:32.971446,"-78.422467812806,-156.92031348315186",SIM switch,True
KZ97V8INCD,8515636634,GUEFR,iOS,True,5G,2025-04-20 09:50:32.971460,"19.91514355069934,46.11635008402365",reboot,True
Y3IONIF0AO,6627517319,JQBVU,Windows,False,LTE,2025-04-12 09:50:32.971479,"80.60435276077155,82.04255012143909",battery drain,True
BJFSHQ456F,0529033775,CGDXW,iOS,True,5G,2025-04-19 09:50:32.971494,"-71.86080377195509,-96.48819489158956",battery drain,True
IEWU690CCI,4500018437,BFZIY,Android,False,LTE,2025-04-03 09:50:32.971510,"13.982712165607325,-51.12775954227152",reboot,False
TEBPGSQJSK,7131626056,IBHDT,iOS,True,WiFi,2025-03-25 09:50:32.971525,"33.511987969699646,8.881613539471147",SIM switch,True
A2JP165BLA,0646374194,CUXEU,Android,False,WiFi,2025-04-04 09:50:32.971539,"49.7367070363062,0.8390954100119075",SIM switch,True
S0PD3940B4,0664896713,SCATL,iOS,True,5G,2025-04-18 09:50:32.971554,"-45.07684823876303,-128.3152797146829",SIM switch,False
JR33OVDV9X,9626831907,BEJSZ,iOS,True,LTE,2025-04-16 09:50:32.971568,"-34.90173567023662,-20.3466738833813",SIM switch,False
JYA37OLI1H,6987875359,OTNXC,Android,False,LTE,2025-03-30 09:50:32.971582,"-74.78141599048645,54.752180366110906",battery drain,True
G3J2L8AR4Z,2233462433,QPLLO,iOS,False,LTE,2025-04-07 09:50:32.971602,"27.725235936018677,-124.66920153678872",battery drain,False
9IV9O480XM,1078405203,GQQOB,Windows,True,LTE,2025-04-05 09:50:32.971626,"34.088229370918,32.478034257323685",battery drain,True
457XOVY7Y6,0000597672,TGDNE,iOS,False,WiFi,2025-04-11 09:50:32.971654,"68.76875514497269,98.90719418876415",SIM switch,False
WHGU6EEHGQ,6418669028,UZMQT,Windows,True,WiFi,2025-04-03 09:50:32.971670,"-30.143987164041384,17.643250595375918",reboot,True
S0XXA0YEV8,7226561038,DTSII,Windows,True,5G,2025-04-01 09:50:32.971685,"86.63142718380877,141.11160000842006",battery drain,False
BYP786K9NH,0396402423,LCKYZ,Android,False,LTE,2025-03-27 09:50:32.971699,"83.279636220172,53.84948414831658",SIM switch,True
Z6U5ETLSDU,1826964517,JFQZV,iOS,False,5G,2025-04-07 09:50:32.971713,"83.84775503108204,94.7834968419678",battery drain,False
TQN5GMQQKK,0186144224,FFYGJ,Windows,False,5G,2025-04-23 09:50:32.971729,"-67.15452718568233,157.70043502733353",reboot,False
7VIVVTJKDJ,0029804753,LLSAQ,Android,True,5G,2025-04-21 09:50:32.971752,"-63.9272260001826,93.90332858549635",reboot,True
KSKVKPHB0B,3578281702,FVWBY,iOS,False,LTE,2025-03-25 09:50:32.971766,"31.11279937653397,77.86699537864752",battery drain,False
IZ2P8H8BBV,7772110415,GEQOY,Android,True,LTE,2025-03-29 09:50:32.971782,"65.66966992818325,-75.12294183346019",SIM switch,True
V57YJX9KHK,9142385339,FOMGL,Android,True,5G,2025-04-06 09:50:32.971796,"40.21390177585354,-60.9439714802628",SIM switch,True
WNUC7156GG,1607155818,HZFHD,Windows,False,5G,2025-04-22 09:50:32.971811,"70.80841893964316,-17.619700316444323",reboot,False
3HC0G8KKNS,0375322556,VKMBX,Windows,True,WiFi,2025-04-09 09:50:32.971826,"-26.320632795736657,-169.34826433941572",battery drain,False
2D3NCD0E81,0283129005,KYDUI,Android,False,WiFi,2025-04-01 09:50:32.971846,"-40.42558678080359,51.62279645177347",SIM switch,True
0BAM8DW6RQ,9408286347,IZQLK,iOS,True,5G,2025-04-04 09:50:32.971864,"-23.295351578557998,-169.53043092074117",battery drain,True
94CD6TFFOV,0159128301,TOWCV,Windows,False,LTE,2025-03-25 09:50:32.971879,"69.46064330668548,-4.20057758131307",SIM switch,False
536V7WR988,5532244319,ZJUNK,iOS,False,WiFi,2025-04-04 09:50:32.971901,"-42.79346589068466,-125.47926378608163",SIM switch,True
H1NZHGQEYN,6246630625,LUXYH,iOS,False,WiFi,2025-04-13 09:50:32.971921,"-58.626322809004485,27.334439425550556",SIM switch,False
MF64MS5V7V,3446449918,XFHQG,Windows,True,LTE,2025-04-10 09:50:32.971936,"-22.73637103365371,88.64982749315624",reboot,False
JB1YLQNF4F,6796650929,XAEQR,iOS,True,LTE,2025-03-28 09:50:32.971957,"87.4697181339366,127.30394381952681",battery drain,True
DR1Y3EX6TR,0546624040,ENMQW,iOS,False,WiFi,2025-04-02 09:50:32.971976,"72.54064405438274,-10.204061334652891",reboot,False
LWLEXW06FB,5756477380,XGQJP,Android,True,LTE,2025-04-01 09:50:32.972000,"61.23161101344465,-125.91946948840334",reboot,True
LEBO35FCFZ,8224803601,HGDSW,Android,True,WiFi,2025-03-25 09:50:32.972016,"-47.70039117988497,57.87538543618453",battery drain,False
BRVENPY3BS,8046487633,ZDSFX,iOS,True,WiFi,2025-04-03 09:50:32.972030,"71.83046211467999,-40.045296977956184",battery drain,True
A9ZV0D7OFJ,5276798694,SEBNF,iOS,False,5G,2025-03-29 09:50:32.972045,"-3.7890740005351375,61.636554508456385",reboot,True
RUZQET48F9,1747110831,MQWIV,Windows,True,LTE,2025-03-29 09:50:32.972060,"4.499586271748299,-149.25716956099217",SIM switch,True
UZQ8R85V61,8262837535,OIPTX,iOS,True,5G,2025-04-07 09:50:32.972074,"-65.14979242194772,60.606847170760375",reboot,False
VKSHT6RMRL,1787373663,GVDGM,Windows,False,WiFi,2025-04-03 09:50:32.972089,"-24.157119286468784,-175.8641749001089",battery drain,True
4QBONAJP0Z,2405148694,IAENI,iOS,False,5G,2025-03-28 09:50:32.972103,"2.2461009028504435,-30.59899192909421",reboot,False
758MDP67O9,8623850159,UWLQN,Android,True,LTE,2025-04-07 09:50:32.972117,"38.644091359737786,-75.747737629381",SIM switch,True
8RLRB9KCI9,5447201986,SPPPO,iOS,True,WiFi,2025-04-01 09:50:32.972132,"-60.18496671277295,-157.09691180467422",reboot,False
ILGW47YW1V,3829822181,UMYFM,iOS,False,LTE,2025-03-30 09:50:32.972146,"72.6099718565282,152.59254969745268",reboot,False
CWKY545LZX,0841244655,JNKCN,iOS,True,5G,2025-04-21 09:50:32.972164,"-79.6167654076394,52.79661262773618",reboot,True
GJYRTIO044,0196154357,XURYU,Android,False,WiFi,2025-04-19 09:50:32.972203,"-50.55223981578915,-179.76533528739682",reboot,True
P75AHODG37,0434082142,TOJYK,Android,False,5G,2025-03-26 09:50:32.972227,"35.77125387210732,-13.851026952213601",reboot,False
2A96EPLL15,4888114584,EVQNX,Android,False,LTE,2025-04-05 09:50:32.972250,"69.61954856194274,-27.61393623296385",SIM switch,False
0LLOQT4Y73,5930866608,VEXEO,Android,False,5G,2025-03-26 09:50:32.972264,"-51.15136538947059,-141.65289127167395",reboot,False
AGQN2R5UV2,2777063501,IAUCE,Windows,False,5G,2025-04-19 09:50:32.972293,"-88.44047151030449,-60.38449519515474",battery drain,True
GBRIDAEDZ3,2620829117,MRVFN,iOS,False,LTE,2025-04-06 09:50:32.972318,"-21.58125926210228,103.01174199763472",battery drain,True
80E8JC3QUY,2681429531,GMRKR,Android,True,LTE,2025-04-19 09:50:32.972336,"50.29438050094183,68.68003147984308",battery drain,True
YEFBZYTG1J,5655554618,WEZCH,Windows,True,5G,2025-04-19 09:50:32.972350,"-47.30607864636164,-115.18021993148064",battery drain,True
U5X53ORNFY,7888722885,DWOYU,Windows,False,WiFi,2025-04-17 09:50:32.972370,"32.82427291047924,-118.08973749556091",reboot,True
9MACIMJ081,2838539719,MLJAW,Android,True,5G,2025-03-31 09:50:32.972390,"-65.54377766307437,116.27192903985747",SIM switch,True
9NANFTUI41,1510108913,HBFIC,Android,True,WiFi,2025-04-02 09:50:32.972413,"43.362208197817125,-72.2237648674624",battery drain,True
AZ9Y7ZPD4D,4047624448,YGGNS,iOS,False,WiFi,2025-04-19 09:50:32.972430,"22.041468430558908,-169.38627848704309",SIM switch,False
RD2LQCJFVN,3438750864,YMYQN,iOS,False,5G,2025-04-23 09:50:32.972444,"-73.96126940815059,-28.287917615229418",SIM switch,False
J0BV9TCN6Z,0741512237,SPQTE,iOS,True,WiFi,2025-04-05 09:50:32.972458,"-71.84480372679391,-22.918318587097644",SIM switch,True
VDTIGMS0QF,3865498276,UVNTX,Windows,False,WiFi,2025-04-02 09:50:32.972472,"72.43910798989404,143.93676955332222",SIM switch,True
A3IQNKP2R3,4270194366,SQZNT,Windows,False,LTE,2025-04-21 09:50:32.972487,"-21.277452001993495,79.6916705490845",SIM switch,False
7JP4Z12LBS,5624778302,FIJWP,Windows,True,LTE,2025-04-23 09:50:32.972501,"-1.874435495897231,67.98009170224239",SIM switch,True
YO6916PTI4,4400422132,JMQBM,iOS,False,WiFi,2025-04-21 09:50:32.972515,"-21.29746645213777,-11.000603630689398",battery drain,True
2ZCAW7NLYN,1292797383,DCLIP,Windows,True,LTE,2025-04-11 09:50:32.972530,"-65.94679082573279,0.5540239191634555",battery drain,False
6JJBLW9C86,9660757114,NBFWM,Windows,True,WiFi,2025-04-15 09:50:32.972545,"-2.0626395405122224,-137.95176040321374",SIM switch,True
U1KXJSICFA,0457660831,SZTEL,Android,True,WiFi,2025-04-04 09:50:32.972559,"0.7987338153126302,20.379020161691102",reboot,False
R5SQMTVDJW,0162146719,FQICL,iOS,False,WiFi,2025-04-07 09:50:32.972573,"-26.276075326640424,-144.93781119497714",reboot,False
CW2BFS8J75,9367960429,DGAVZ,Android,False,5G,2025-04-09 09:50:32.972593,"-36.080825541906634,77.63906842994334",SIM switch,True
RPRNRG0BF9,5136367180,WHBNT,Windows,True,LTE,2025-04-13 09:50:32.972607,"64.76803273913438,-155.98065111047566",reboot,False
9O19M1QGAL,9766830958,EIOQH,Windows,False,LTE,2025-03-30 09:50:32.972623,"35.002240179495146,-168.45542512463715",battery drain,True
01BPHWK113,3309536948,HVTSS,Windows,True,LTE,2025-04-19 09:50:32.972643,"-42.92800737962644,153.68540402185994",battery drain,False
828LE3NEB4,4587409631,WRKNL,Android,False,5G,2025-04-18 09:50:32.972666,"42.49131218019022,-117.28536217137895",SIM switch,True
PDO484Q9XZ,5536009369,MRPWJ,Windows,True,WiFi,2025-04-19 09:50:32.972683,"-80.69181933789491,-62.503671073628865",SIM switch,True
CLIKX34GAT,3677209485,FHJSI,Android,False,LTE,2025-04-21 09:50:32.972704,"50.004920445443105,20.10242300690973",reboot,False
MJYMDT3ULH,4791790158,UMRQK,Windows,True,LTE,2025-03-29 09:50:32.972728,"71.08670175999347,116.60515165326728",SIM switch,False
JXHFME0Y46,1629960923,OJWZS,iOS,False,WiFi,2025-04-04 09:50:32.972743,"-78.95687444227816,161.70436617304256",battery drain,False
YEYY0TFWPF,7044160751,ETUKH,Android,True,WiFi,2025-03-30 09:50:32.972758,"-1.093590237720619,-98.31768547315005",battery drain,False
87UU6DMXC4,7831165690,HOMAP,Windows,True,WiFi,2025-04-20 09:50:32.972772,"-32.845972043859014,-163.900292755259",reboot,True
HD1G5O8OXO,9700745367,QSEJO,Android,False,5G,2025-04-12 09:50:32.972786,"34.573201643302866,1.8810829327330225",battery drain,False
1YSELPHGVT,3446495530,OERVL,iOS,False,WiFi,2025-04-08 09:50:32.972800,"17.267746931254663,-129.7544182804094",reboot,True
7XXF9XO0QU,7089637996,ZETSQ,iOS,True,LTE,2025-04-12 09:50:32.972818,"29.734242503305026,-61.50079070696333",reboot,True
FQEJFY5K2J,2386534959,ITBRD,Windows,False,5G,2025-04-16 09:50:32.972839,"41.63817028289188,-58.94427837370287",battery drain,False
TCNREWOXKC,1383626138,WUEMK,Windows,False,LTE,2025-04-23 09:50:32.972854,"-37.4306903732131,45.75524881953061",reboot,True
16T4UX0BQ3,3837467605,AIFFD,Android,False,LTE,2025-04-09 09:50:32.972868,"-33.215230161572855,-63.6736825096898",battery drain,True
W6KSFJH3O0,4662092428,HHNUY,iOS,False,5G,2025-04-22 09:50:32.972883,"16.943404820823744,54.218428267182986",battery drain,True
7XLDVF2P82,4704958652,ICNZY,Android,True,5G,2025-04-20 09:50:32.972898,"25.84680710330035,3.563783113752038",SIM switch,True
CGUDAOJYSA,4903821012,XFFTG,Android,False,LTE,2025-04-05 09:50:32.972923,"-69.88899648867623,142.63239986677507",battery drain,True
H1DGZR06EL,9422764952,EJQKD,Android,False,WiFi,2025-04-17 09:50:32.972941,"31.865881631507733,-151.25049567248968",SIM switch,True
AS3YV6X0ED,1945812313,QBPZW,Windows,True,LTE,2025-04-18 09:50:32.972956,"-37.80939128547389,174.79960614181147",SIM switch,False
Z80OUVBX94,8573161212,OOTBE,Android,True,LTE,2025-04-10 09:50:32.972971,"-15.327065498307007,-151.0266328015353",battery drain,False
KIMTN8RJYX,3316629376,OWAPD,Windows,False,5G,2025-04-23 09:50:32.972993,"34.136610477380145,-169.57270605110912",SIM switch,True
W28HWDK41K,9563702944,XNOKL,iOS,False,WiFi,2025-04-22 09:50:32.973008,"65.61069959957578,-86.00217056491566",SIM switch,False
Z8X1ATIZC6,3158989165,QDJAB,Windows,True,LTE,2025-03-28 09:50:32.973023,"-34.54415704196164,-99.25039985275312",reboot,False
8ABCDC168T,7101784680,HQSMR,Windows,True,WiFi,2025-04-13 09:50:32.973037,"56.22038844453232,30.85151040362092",battery drain,True
5LRS7NPI8S,7925924534,XGCAK,iOS,True,WiFi,2025-03-28 09:50:32.973058,"-24.04603361726754,155.8055123574904",reboot,True
QGVJWUFL4K,8579533270,NWWKW,Windows,False,WiFi,2025-04-03 09:50:32.973080,"64.9738775524686,-166.4557280805344",SIM switch,True
KYMWHNMA0T,3005269288,RIKVA,Android,False,WiFi,2025-03-30 09:50:32.973098,"-34.19423767421334,-74.7076248302424",SIM switch,True
XXSC4F9EWJ,8398429438,OHVFO,Windows,False,5G,2025-04-23 09:50:32.973112,"-57.55386026025955,177.17928650369248",battery drain,False
BO0QLQCTWA,3138877093,CDOPT,Windows,True,WiFi,2025-04-15 09:50:32.973126,"75.59475195189435,-129.82508403398663",SIM switch,False
076XX5D2BD,5081381596,FTPTC,Android,False,WiFi,2025-03-25 09:50:32.973141,"61.606844479850224,-158.67000061565224",SIM switch,True
6F925ZNN3T,8155110111,EEKIU,Windows,True,5G,2025-03-25 09:50:32.973156,"20.739455306987992,-121.40766438033751",battery drain,False
K9YM4T4JD4,6468735540,ICEVQ,Windows,True,LTE,2025-04-23 09:50:32.973171,"27.653043545601847,148.55922219786663",battery drain,True
BI5DC8OR4T,5779329822,DLSYX,Windows,False,LTE,2025-04-01 09:50:32.973186,"-43.954922756066935,-1.812216640716656",battery drain,True
6591Y69OS3,3907173084,GZSLW,Android,False,LTE,2025-04-17 09:50:32.973202,"40.68494136744354,84.53326152120451",reboot,False
XJCC14O4RN,8491733153,HZLOV,iOS,False,5G,2025-04-05 09:50:32.973223,"2.808790840524196,149.26591177472335",reboot,False
SGCL33ZDKO,5573017369,LMHQQ,iOS,False,LTE,2025-04-16 09:50:32.973237,"85.37682742731073,-26.79664395110001",SIM switch,False
TXGQ4E9EGD,7500860516,HZDTW,Windows,False,LTE,2025-04-03 09:50:32.973258,"81.39882042492553,106.3785722566148",battery drain,False
O8IZAAO2WI,8112746194,QQJMT,iOS,False,WiFi,2025-04-20 09:50:32.973276,"89.50709811322682,-158.6987341762637",reboot,True
HGECG46UP1,5269742965,UYVZQ,Windows,True,5G,2025-04-18 09:50:32.973290,"-18.405547796846776,-102.03920049955018",reboot,False
R1OZJA165F,5151504170,GXJRJ,Android,False,WiFi,2025-04-18 09:50:32.973304,"73.06215870750333,-142.58549319288167",SIM switch,True
J5KUJQFC75,5051587673,LEXKH,iOS,True,5G,2025-04-13 09:50:32.973318,"21.89316436446022,159.44272358968942",battery drain,False
WIFIWIE0DB,2940976059,AQFXI,Android,False,LTE,2025-04-06 09:50:32.973333,"-57.77811522004025,19.45365056225424",reboot,True
JPHUO5ORSN,0240339925,FPXLL,Windows,True,5G,2025-03-26 09:50:32.973347,"74.72174610672101,-80.53837774068006",SIM switch,True
CPOYP6J353,0590772578,ZTQZN,Android,True,WiFi,2025-04-18 09:50:32.973366,"39.605594270541815,57.08684330714618",reboot,True
5C04CNRY5Z,7618669378,NTTWQ,Windows,False,LTE,2025-04-02 09:50:32.973381,"-55.46578297178808,-162.80878711847225",reboot,False
N7P2DC2SYD,6460690593,NAQDL,Android,True,WiFi,2025-04-03 09:50:32.973400,"-61.331107225309246,90.57121856985498",reboot,True
P0QGFCK872,5853345953,OQAXW,Windows,False,LTE,2025-04-07 09:50:32.973429,"10.594560812418848,-16.930196838279983",reboot,False
317FJUJB7G,6546147423,RMGER,Windows,True,LTE,2025-03-29 09:50:32.973455,"85.91899871554725,56.614888415027735",battery drain,True
TNCBY4L6UX,9484663183,KVMPI,Windows,True,WiFi,2025-04-04 09:50:32.973481,"58.594178599988595,160.16070562680721",reboot,False
T1Z1S5FP2R,1372224710,OZYEO,Android,True,WiFi,2025-04-12 09:50:32.973505,"-2.444118968812859,-169.6083326820528",reboot,True
WHOZKVVA4D,6681157800,PDUPQ,Windows,True,5G,2025-04-23 09:50:32.973529,"-9.744828231249045,-58.50595693184175",battery drain,True
WA72Y7NBA7,9361379455,HBNIZ,Android,False,LTE,2025-03-29 09:50:32.973552,"-39.91979471169326,43.74067863792263",SIM switch,True
LD5HABP8GD,9164783009,QHJWQ,Windows,True,LTE,2025-04-10 09:50:32.973584,"-5.4358076358064835,53.11411625727118",SIM switch,False
DQJA2J14WC,3212495315,KWOVO,iOS,False,5G,2025-04-02 09:50:32.973610,"-56.52990201654319,101.80429950913526",SIM switch,False
ZKXVXB4QL4,1669590581,TFVWD,Android,False,WiFi,2025-04-13 09:50:32.973634,"-1.7282623768492584,-33.24911611974781",battery drain,False
3Y73HBSBBG,9337473401,IKBXY,Windows,False,5G,2025-04-11 09:50:32.973659,"62.44984959000459,35.0142388894771",reboot,True
RJCKH3WB4V,1475353930,VMUVY,iOS,False,WiFi,2025-04-09 09:50:32.973683,"10.324971860885753,-175.97511346191203",battery drain,True
AZ5PHIBOIS,9862463293,IWXAO,Android,False,WiFi,2025-04-21 09:50:32.973707,"-17.615407876967737,151.86653823838498",reboot,True
SZQDWF1OHH,3351207144,TAKJW,Android,False,5G,2025-03-29 09:50:32.973731,"6.048853649125036,23.823205753986485",reboot,True
TLM5TUFRB5,6367327728,KYDXS,Windows,True,WiFi,2025-04-01 09:50:32.973754,"20.4566694033128,88.30602076228348",battery drain,False
JTSC3ICZBM,9776280919,WPOVO,Android,False,LTE,2025-04-17 09:50:32.973777,"-63.48725462975707,-130.69931973729257",battery drain,False
9NN83GAKF5,0153052838,RQUML,Android,False,5G,2025-03-27 09:50:32.973802,"6.808689796518905,-45.41097219978036",SIM switch,True
3Q17809048,8367504949,ZKKNT,Windows,False,LTE,2025-04-15 09:50:32.973826,"24.74644957382631,-9.122632817713395",SIM switch,True
97QCD9CMOI,8942365291,OLLYD,iOS,False,LTE,2025-04-09 09:50:32.973856,"31.11974560663137,-81.62522009090051",battery drain,True
6M5VPIKTKN,8930751670,VYOLY,Android,False,WiFi,2025-03-28 09:50:32.973881,"72.47215837073901,-9.324714579976728",reboot,True
X47861XL5F,8960084204,XYWGM,Windows,False,WiFi,2025-04-09 09:50:32.973906,"-63.00393857544316,114.26968857779588",reboot,False
AA7XVYVLCF,0635395607,FFSKL,Android,True,LTE,2025-03-30 09:50:32.973930,"-63.23369575983433,-34.979306087551976",battery drain,False
9IZ0VJ07EK,0264156967,UBETU,Android,True,LTE,2025-03-31 09:50:32.973955,"86.48747720371398,77.36405830226994",reboot,True
2Q47DUQ0KL,9590520000,VFAQH,iOS,True,WiFi,2025-04-07 09:50:32.973988,"-62.88728707114751,-149.44897016969702",SIM switch,False
XBNBMIOWOY,5769197882,PSWQI,Windows,True,WiFi,2025-04-10 09:50:32.974014,"66.20703500423994,77.21975306487803",SIM switch,True
X5G64AS644,4445960708,TWSQC,Android,False,5G,2025-04-15 09:50:32.974037,"-65.63207305128324,-37.2827153309548",battery drain,False
GFIHQFAH06,3923785155,PKXMF,Windows,True,LTE,2025-04-10 09:50:32.974068,"-38.193252187219755,141.12956137161535",SIM switch,True
5Q8OFXUSQX,4360195339,PBHMX,Windows,True,WiFi,2025-04-06 09:50:32.974094,"74.013220158353,-5.479016081284101",battery drain,False
JU6KPWYWVH,4182403622,IYJTK,iOS,True,5G,2025-04-17 09:50:32.974119,"47.60775859905473,-8.173988628786788",battery drain,True
KC3SO3B86G,6962251156,GYNHH,Windows,True,5G,2025-04-19 09:50:32.974145,"83.706199613389,-46.20733704693862",SIM switch,False
MEK5HX922V,2202479053,YYDSL,iOS,True,LTE,2025-04-04 09:50:32.974170,"-43.8323112670196,108.43641505300167",SIM switch,True
7HWWVDJLAL,7983035618,YYBVV,Android,False,LTE,2025-03-29 09:50:32.974194,"65.1516431612408,51.68206030991476",SIM switch,False
LB4RXPERNF,9254101238,INECS,Windows,False,5G,2025-04-15 09:50:32.974216,"-46.78580639428201,34.06608693750874",SIM switch,False
CSTXAAR82E,2739555584,ZSBHJ,iOS,True,LTE,2025-04-10 09:50:32.974240,"-34.151115841910276,39.135361215507146",reboot,False
YOYIL5PTE5,8527059783,PPUTP,iOS,True,LTE,2025-03-29 09:50:32.974268,"-73.51727641585559,146.5913694217034",battery drain,True
FYT4XKIP64,3874023705,NGJME,Windows,False,WiFi,2025-04-02 09:50:32.974294,"-75.06625341986785,90.75263108503748",battery drain,True
DRMPQM28J3,5377727686,QTPSA,iOS,False,LTE,2025-04-04 09:50:32.974317,"25.350417650627392,-69.18509228121671",battery drain,False
D5RNK8WO4F,2275489233,VFUVW,Windows,True,LTE,2025-04-10 09:50:32.974341,"-26.38999656048953,-35.250377894443744",battery drain,False
0I1LXH70SF,3901216380,MHEAL,Android,True,LTE,2025-04-20 09:50:32.974367,"23.789966478291774,-174.05128984568762",reboot,False
5G03EY39OV,0513535059,MLJWA,iOS,True,LTE,2025-04-10 09:50:32.974392,"-43.227734189111004,32.31274018593439",battery drain,False
H0UDQAYCDR,4057273485,RDEQG,Windows,False,5G,2025-04-11 09:50:32.974416,"-88.21048041926005,-121.78819619985703",reboot,False
TWX5EGRVIN,9529720129,ZAEED,iOS,False,5G,2025-04-22 09:50:32.974448,"3.153534571524773,-7.4928233122395795",battery drain,True
MQACHEJVQ6,3621406040,RAIGX,Android,True,LTE,2025-04-06 09:50:32.974473,"-27.001718126528992,34.85735072473767",reboot,False
F97PSBL7YI,4567412606,CSXBF,Android,True,5G,2025-04-12 09:50:32.974498,"42.980585206157855,15.558668969362998",reboot,False
BCESPJ7SXE,6671137467,SRUSV,iOS,False,WiFi,2025-04-17 09:50:32.974530,"31.075421865032453,-138.44372694892638",battery drain,False
WJ7RQYSCK5,3971073833,GIKTN,iOS,False,5G,2025-04-03 09:50:32.974555,"-78.77079596372236,137.18831582349458",reboot,True
0B4EYKBDJY,7626307522,JQNDX,iOS,True,WiFi,2025-04-22 09:50:32.974580,"-34.913934864266324,-13.816035746804772",reboot,True
7E4HB9FDX3,0552597389,SRKYG,iOS,True,LTE,2025-04-12 09:50:32.974604,"-30.068722129152633,-152.3003170259127",battery drain,True
3PKSSQUPP6,4205234974,XCXWD,iOS,True,LTE,2025-03-30 09:50:32.974630,"-0.6834917220138408,153.13882794371506",battery drain,True
Y54Q6S6XBY,9494202780,UWGWC,Android,False,5G,2025-04-16 09:50:32.974655,"13.521773602204803,151.29079336953794",reboot,False
BUCFLNPUC2,5051244253,SUOIC,iOS,False,WiFi,2025-04-06 09:50:32.974683,"-19.10414240240563,137.35870986479767",SIM switch,False
HYEUD49JFJ,1430047526,VSEGJ,Android,True,LTE,2025-04-07 09:50:32.974707,"31.38260512905231,-118.29624450259288",battery drain,False
DQPOIPJK5A,9455685165,VQUZX,iOS,False,WiFi,2025-03-29 09:50:32.974732,"36.32934569322208,172.43731792019014",battery drain,True
2ZUCJR13Q7,8766132493,HHJVB,Android,False,5G,2025-04-04 09:50:32.974757,"77.55286537087696,-92.26337829780448",battery drain,True
N9NL0P2TAP,1658087114,YRSJE,Android,True,LTE,2025-04-14 09:50:32.974780,"11.105159966170575,-21.92606457871642",battery drain,True
IA0JQYWNLV,5590424017,AHHOC,Windows,True,LTE,2025-04-14 09:50:32.974806,"-21.417388170757903,-169.43689795312628",battery drain,False
DX88JMR8LZ,8080889874,EFRJH,iOS,True,LTE,2025-03-25 09:50:32.974829,"76.39183409080056,-13.490156087133755",SIM switch,False
9OYI605ZBJ,8356377976,YLPMX,Windows,True,WiFi,2025-04-01 09:50:32.974845,"68.58746639587136,117.14690731556124",SIM switch,True
IQUHHS6Q9N,7871311731,GUJKT,Windows,False,WiFi,2025-03-29 09:50:32.974860,"57.55972990827527,-14.993432636491775",battery drain,False
R8KQXN5BDV,4259123765,DVQTQ,Android,False,WiFi,2025-04-09 09:50:32.974874,"-24.424129908039106,-177.03573276289495",battery drain,False
AK9FWUF016,0781303778,AGXZG,iOS,False,WiFi,2025-04-19 09:50:32.974888,"76.52019157921109,-31.40475063620366",reboot,False
9JEOEY7BLZ,0124157530,MJQKA,Windows,False,LTE,2025-04-22 09:50:32.974903,"-70.59547434461379,92.64909587245575",battery drain,True
SZ4U3NF70E,9831357300,WQJRP,Windows,True,LTE,2025-04-22 09:50:32.974924,"6.702487882430873,-39.40258029539365",battery drain,False
ZY7J0CZDUZ,3266998912,WSSAZ,Windows,True,LTE,2025-04-01 09:50:32.974938,"-68.13620386454092,-91.8615709709305",SIM switch,True
O06T9PK70Z,7718689404,QBRHN,Windows,False,LTE,2025-04-19 09:50:32.974953,"27.474875878123967,37.80355406550797",battery drain,True
37YFH0HJ6O,5793982521,DDLFC,Windows,False,5G,2025-03-28 09:50:32.974967,"64.1422511195839,131.2824083886701",battery drain,True
ODTECHCD3V,1105940059,ETRVP,Windows,True,5G,2025-04-13 09:50:32.974983,"56.32894117921734,-145.55831238132848",battery drain,True
EKRPSPA8YJ,1332590710,HABKO,Android,False,LTE,2025-04-09 09:50:32.974997,"-32.84815460300288,-133.61438016930222",battery drain,False
BSRE8I6JO4,5752979815,TVFNP,iOS,True,LTE,2025-03-28 09:50:32.975012,"80.66889670715761,-101.70297319572721",SIM switch,True
QMG39BX88K,8043435241,CSQSC,Windows,False,WiFi,2025-03-26 09:50:32.975027,"5.162181232091697,-96.41224823488021",reboot,True
W6Z5JYRJ7X,4263611533,WXRKJ,Android,True,5G,2025-04-12 09:50:32.975047,"-30.57657640988495,-146.4261419826079",SIM switch,True
8T72TGORMK,0164264480,QEYTA,Windows,False,5G,2025-04-16 09:50:32.975068,"-31.27772448286165,-58.211287403620645",reboot,False
Y47BWG2IWJ,3444548488,ACQGW,Android,False,WiFi,2025-04-13 09:50:32.975083,"7.012084280780968,13.17550196444651",reboot,False
FLLHJNTF1J,9245510485,OJTEV,iOS,False,WiFi,2025-04-07 09:50:32.975097,"10.660267782161014,162.75486981934517",battery drain,False
I89MEL9JU8,2324649390,BSLJE,Android,True,LTE,2025-03-29 09:50:32.975111,"3.55972529017221,-60.47818775692808",SIM switch,True
7MFVL70YNV,7283947308,UWLHU,Windows,False,LTE,2025-04-15 09:50:32.975126,"4.317043309221475,162.71842137990768",reboot,False
LAR0AZSM0C,4172765609,GNWDL,iOS,True,5G,2025-03-27 09:50:32.975144,"-17.44326414992885,57.166378075081326",reboot,False
Z7S8HU21FT,7476714281,GOZDB,Windows,True,WiFi,2025-04-15 09:50:32.975165,"47.23218877369496,-57.89647828492011",battery drain,True
362XYZ2XDS,8545876723,BCAZM,Android,True,5G,2025-04-16 09:50:32.975181,"49.80178475378426,28.004849822748383",reboot,False
FRWRJZ789R,4632579821,KDDIC,iOS,False,5G,2025-03-26 09:50:32.975195,"72.96412341551726,-4.879053211019823",reboot,False
PSVGL1J8PF,0325545162,OJGNH,iOS,True,WiFi,2025-04-03 09:50:32.975215,"18.184581406891837,-22.72160399166748",battery drain,False
ZW8GUO5W68,9872349461,EZSYQ,Windows,True,5G,2025-04-02 09:50:32.975233,"45.338455438736645,80.52671636574638",reboot,True
U2218FWIHT,2399059595,DCWSV,iOS,False,5G,2025-03-30 09:50:32.975248,"-44.08364220383662,-101.96546374703958",battery drain,False
PWC8BC1S6C,6295606024,BYTQV,Windows,False,WiFi,2025-04-08 09:50:32.975269,"2.796827932140019,130.4266216123001",battery drain,False
GXS7AZJCVY,2743343226,LPZAJ,Windows,False,WiFi,2025-03-29 09:50:32.975284,"-27.220862853023718,-108.31447349655392",battery drain,False
3UBCWDACVZ,5268998544,KJFMM,iOS,True,WiFi,2025-04-18 09:50:32.975299,"-48.11799426192417,-21.69331298603157",reboot,False
G6QKDSJCWL,9654270351,PBVXQ,iOS,False,WiFi,2025-04-11 09:50:32.975313,"-2.1715037697142776,104.2725369752701",SIM switch,False
GFDM1ZUN03,9750188819,QRAFX,Windows,False,5G,2025-04-01 09:50:32.975327,"-17.62572367951107,39.2533234548911",battery drain,False
1EHGTMW51N,8870867374,BDWNG,Windows,True,WiFi,2025-04-02 09:50:32.975342,"89.49643012173365,137.5894229371454",battery drain,False
1L7Z5PWCKZ,9843593320,ZENQX,Android,True,WiFi,2025-04-01 09:50:32.975356,"42.54545919513015,45.13311836788955",SIM switch,False
PKXBI0UK8R,1894795101,SOGQX,iOS,True,WiFi,2025-04-04 09:50:32.975376,"25.135433716830192,163.7954210796401",reboot,False
XG6N095451,4718056686,NXQAI,Windows,True,WiFi,2025-03-31 09:50:32.975395,"79.38634876921535,17.28497317497306",SIM switch,True
DIW7ISK0JX,1755878834,YUBJL,Windows,True,WiFi,2025-04-14 09:50:32.975409,"72.6935159659528,-150.7363624816789",reboot,True
J52R14DWTR,7876998027,YSXHH,iOS,True,LTE,2025-04-01 09:50:32.975423,"24.083446311422165,-51.31138072029691",battery drain,True
3P6R7ZZHZE,4791098731,NNSDT,Android,True,5G,2025-04-13 09:50:32.975437,"82.92427936915595,67.80330937185889",battery drain,True
G5WR9RSM11,0400389501,BULJY,Android,False,5G,2025-04-04 09:50:32.975451,"35.13693549918756,40.32031053097904",reboot,False
1YX6ROHYQH,9425903552,UWFHH,Windows,True,WiFi,2025-03-28 09:50:32.975465,"-37.38198535028873,-151.90541178092235",reboot,True
RVD74E8DOL,5010561036,YTCRJ,iOS,True,5G,2025-04-02 09:50:32.975479,"79.47115784736724,131.85228455018648",SIM switch,False
RG2OJIHRIJ,2413562224,QQLXO,iOS,True,WiFi,2025-04-05 09:50:32.975495,"8.900888618435289,29.488149413318695",battery drain,True
W1VH9UKBO6,9344932065,NBFZY,Android,False,WiFi,2025-04-01 09:50:32.975515,"-78.12114315181644,40.02829187669789",SIM switch,True
86RWXCVNRQ,6026533666,NEMUH,iOS,False,5G,2025-04-06 09:50:32.975530,"64.26653701714284,-7.832829007011668",SIM switch,False
89FG7ZMJ9I,8791113863,JUQTF,iOS,True,LTE,2025-04-18 09:50:32.975544,"-79.08140467325035,-45.25171491917547",battery drain,True
U0W8TOJ5CY,2410891443,OEIVG,iOS,False,LTE,2025-04-13 09:50:32.975558,"23.2745578303864,149.28098074696356",battery drain,False
IB9223MLM2,1953451433,GXXFU,Windows,True,LTE,2025-04-23 09:50:32.975573,"55.71511309224442,-81.12244907162072",SIM switch,False
PYIB2Z4HM6,6970230282,WFQEE,Android,False,5G,2025-03-25 09:50:32.975587,"73.02451330285356,115.03424848130948",battery drain,True
FP2XGWEAKU,7135700676,YAXPJ,iOS,True,5G,2025-04-20 09:50:32.975601,"68.69197616447252,-171.85547032940661",battery drain,True
45CV1YNWA5,0828470061,KXRKF,iOS,True,LTE,2025-04-01 09:50:32.975616,"-30.712907467919933,54.844900111361255",SIM switch,False
CU6NIAZIOP,3791962524,ITPHQ,iOS,True,LTE,2025-04-14 09:50:32.975630,"9.269678275415998,-161.27749437511162",SIM switch,False
5367YW5PK1,5883913814,TEPZZ,iOS,True,WiFi,2025-04-07 09:50:32.975656,"47.21920224710118,-113.59434511101153",SIM switch,False
5ZL8Z365RP,4666619374,CZKRA,iOS,False,WiFi,2025-03-25 09:50:32.975682,"-54.093347531550975,162.5285489912235",battery drain,False
X0GBPCM8LP,5627022016,CEISW,iOS,False,LTE,2025-03-29 09:50:32.975696,"60.78507541778154,59.487074919944405",battery drain,True
ZAPSXI0A4W,4048688383,AOSEA,Windows,True,WiFi,2025-04-13 09:50:32.975711,"-14.4484067463154,86.12730574397227",reboot,True
JHXP1PXNG8,5334818413,VURRO,Android,False,5G,2025-04-20 09:50:32.975724,"42.04574053793553,-80.26627390464706",reboot,True
756E3CHVCY,1843474012,DJTXU,Android,True,LTE,2025-04-14 09:50:32.975739,"-38.07917532520148,166.49330145725224",battery drain,True
XU2EB41KEI,3560733245,QPWMN,Windows,True,LTE,2025-04-08 09:50:32.975754,"-36.98485325811241,118.07840171468291",battery drain,False
KXHAQZOFBK,2710307852,ZFENX,Windows,False,5G,2025-03-28 09:50:32.975768,"5.341561036541577,25.38385663162242",SIM switch,True
W7ZY5SW870,8317761775,QQMBC,Windows,True,5G,2025-04-14 09:50:32.975783,"0.03813135166171833,45.82702140141353",SIM switch,True
QTOOAMYRBD,1884831663,DELOB,iOS,True,LTE,2025-04-10 09:50:32.975801,"52.05871660285183,12.991423788515618",reboot,False
8L24SEXOAR,8092771100,AOTQM,Android,True,LTE,2025-03-27 09:50:32.975816,"-39.56023963559582,-102.67708132287754",reboot,True
P7MTUVWU8M,0193947674,ARVIO,Windows,True,5G,2025-04-16 09:50:32.975830,"1.423904612055054,-61.463212888970105",battery drain,False
SWDMRRBTB0,5576977878,PVCRL,iOS,False,WiFi,2025-03-26 09:50:32.975849,"86.44216071944481,149.38808175959997",reboot,True
EWA9X3SDY1,2998179568,NOKYN,Windows,False,LTE,2025-04-17 09:50:32.975869,"-84.5033158323544,11.227003874832036",SIM switch,True
CS3RJ7KC90,5975918172,JAOUZ,iOS,False,WiFi,2025-04-17 09:50:32.975884,"29.292426171237565,113.0755997021314",battery drain,True
3TTYDFKLA6,9320882087,AZSYN,Windows,False,LTE,2025-04-06 09:50:32.975899,"-65.44553433731804,-0.2743524027349622",reboot,False
GP6L580324,5031745962,JUPRD,Android,True,WiFi,2025-03-29 09:50:32.975923,"-70.16926920058583,5.315769512912112",reboot,True
2WSXMJABDB,7274840217,CPART,Android,True,5G,2025-03-29 09:50:32.975942,"66.22672493486783,112.21352853009694",battery drain,True
AEYTGY9AII,5028839024,UBXFM,Android,False,LTE,2025-04-23 09:50:32.975961,"43.360668114742595,38.507892061300566",reboot,False
9CXND21LWH,1554025997,ZYHTY,Windows,True,LTE,2025-04-11 09:50:32.975976,"-68.10268203748006,160.37569814881124",reboot,False
36Z97G15BZ,9567552874,TKMCF,Android,True,WiFi,2025-03-25 09:50:32.976037,"46.11208619016068,125.31992878264145",reboot,True
VNRIRASJKX,0312807454,BFIQW,iOS,True,WiFi,2025-04-04 09:50:32.976052,"-1.2839613367297318,129.3301622981519",SIM switch,False
08RFU1P7BT,7403437416,GVRBZ,Android,False,5G,2025-04-22 09:50:32.976075,"6.3190059463306625,159.12595257349142",battery drain,True
6RB8WUEMWY,5694001992,TKPKH,Windows,False,5G,2025-04-18 09:50:32.976094,"53.23927624092207,-15.8404324230236",battery drain,False
RRFTAJ4SLS,6898364809,XMGSR,iOS,True,5G,2025-04-16 09:50:32.976110,"-66.44128219598657,-87.42072693185919",battery drain,False
E4NQOW7QJP,7818790205,ZNBUF,Android,False,5G,2025-04-16 09:50:32.976132,"-34.70236216893378,147.95210134282593",reboot,False
3V3XUMXYOS,8456235313,QLNTV,iOS,True,WiFi,2025-04-02 09:50:32.976147,"-10.149863598606842,-51.52934390338527",battery drain,False
E72UZT2K26,2564149833,HUJNR,Windows,False,LTE,2025-04-02 09:50:32.976168,"-45.22605394096026,18.339827857389366",SIM switch,False
6ZLH86Z3O7,4453804878,YJJZK,Android,False,LTE,2025-04-06 09:50:32.976210,"53.80843082889061,-89.83136382102691",SIM switch,False
0895G9LRX7,8494892043,AOWLM,Android,True,LTE,2025-04-21 09:50:32.976234,"-5.52461225147178,80.40304578449968",reboot,True
2NVIFTCGWT,3271440529,EKBED,Windows,True,WiFi,2025-04-01 09:50:32.976253,"25.129738636767982,64.17482890254016",SIM switch,False
M5FVV2MI2A,5672556836,DCZFX,Android,False,5G,2025-04-05 09:50:32.976268,"36.671076219002344,-58.07351794582286",SIM switch,False
IWKBJACWFH,5552418803,MFMXW,iOS,False,WiFi,2025-03-30 09:50:32.976284,"-20.90118585102485,-104.7544978822237",reboot,True
8BUV6TY15O,8759214621,MJZNQ,iOS,False,5G,2025-04-07 09:50:32.976307,"-69.54650747159502,-9.917285978788243",SIM switch,True
54PDJX85RV,1329909779,OOPKR,Android,True,LTE,2025-04-14 09:50:32.976326,"29.279035866126236,146.9556595151622",SIM switch,False
LLEKYJO8AV,5815466640,PLMTP,Windows,True,5G,2025-04-06 09:50:32.976340,"81.95822096314808,-141.52861924898858",SIM switch,True
77O6VYBINE,5717225670,CDGPP,Windows,False,5G,2025-04-11 09:50:32.976354,"-30.020055941355515,147.9736400437901",SIM switch,False
HG0C0RUP5B,8149366243,CRGUP,iOS,False,5G,2025-04-03 09:50:32.976368,"2.4640789058548904,-3.858156787959871",battery drain,False
O57NJRYCF2,4626200848,EELSB,Windows,False,LTE,2025-04-09 09:50:32.976384,"-33.46129548023728,-13.28595413905606",battery drain,True
AD5SGQ81FB,6029066493,WNVYI,Android,False,5G,2025-04-08 09:50:32.976399,"-6.895515930113021,-29.94411174303923",reboot,False
P7JTKSMR81,3648603091,FGCMU,Windows,False,WiFi,2025-04-16 09:50:32.976414,"15.20853176362401,36.89296348273723",battery drain,True
609XC1OXJF,4332706329,UDMNO,Android,False,LTE,2025-04-19 09:50:32.976428,"-1.9978041158402249,-34.627128233866074",reboot,False
AO2OQ8ZGL0,2720566575,UMXON,Windows,True,5G,2025-04-19 09:50:32.976443,"13.240114987985322,-103.44910291593007",battery drain,False
RKDSFZ5S4P,4718143046,ELAKL,iOS,False,5G,2025-04-12 09:50:32.976467,"-61.12919969522734,-40.59963819752696",reboot,True
BGHJ2SR09E,5979603839,DYNKW,iOS,True,LTE,2025-04-16 09:50:32.976481,"-11.277300715072258,-142.59775530862774",reboot,False
7EPCR63CMS,6687065572,QSIBF,Android,True,LTE,2025-04-04 09:50:32.976495,"18.428984868329906,-64.82530115934944",SIM switch,False
VDG39SYNSG,4606353770,RMXXJ,iOS,False,WiFi,2025-04-21 09:50:32.976518,"-30.43905669769859,179.09127492124475",reboot,True
W9GSDYU9PW,1951293375,ZLAUX,Windows,False,WiFi,2025-04-08 09:50:32.976532,"6.37576238678129,-28.209579752530146",SIM switch,False
35MB9GE6VF,6567421840,RNDRL,Android,False,LTE,2025-04-03 09:50:32.976546,"17.96061811042246,-57.716090057446436",battery drain,False
XV718QEV0J,6513857999,TXMUZ,Android,True,5G,2025-03-31 09:50:32.976561,"70.2993273886459,-138.57500029475494",reboot,True
0E55U3QVSD,5506270255,DTGNH,iOS,True,LTE,2025-04-14 09:50:32.976575,"-52.457798005723674,-79.8488517071841",battery drain,False
0GWTZBG6ED,6177184799,NMPAZ,Android,False,5G,2025-04-08 09:50:32.976590,"45.70495720611825,38.4958101871195",SIM switch,False
TACPCP97UC,6493225259,PWCDO,iOS,True,LTE,2025-04-09 09:50:32.976604,"-59.2587844308228,-141.46163230153547",reboot,False
N1VVNXE1BU,8390083497,ZITAU,iOS,True,5G,2025-04-03 09:50:32.976619,"8.693169666759616,-1.731081251922859",SIM switch,False
ZXPECFB071,3818051593,BAGVM,Windows,False,5G,2025-04-12 09:50:32.976634,"67.14571198696848,-111.9342155763752",reboot,False
X3H7MXAVFF,7044346277,MDHLA,iOS,False,5G,2025-04-11 09:50:32.976648,"-65.00923099262258,-42.157242804910936",battery drain,False
23IZYYI7RL,0562860742,HSGPX,Windows,True,5G,2025-04-20 09:50:32.976663,"2.289548310616297,28.807890860451607",battery drain,False
VTT1MCM6VH,4010738915,SDFFX,Android,False,LTE,2025-04-16 09:50:32.976678,"55.3459630378228,168.22814827758367",battery drain,True
C1IGWW8ZPD,7815029864,VOPTF,Android,True,5G,2025-04-12 09:50:32.976692,"-7.819749633052993,169.1601979288439",reboot,False
19785BYN1N,6217210756,KOKLU,Windows,False,5G,2025-03-31 09:50:32.976707,"11.97566044852411,-69.09238147951494",battery drain,False
5QSGDEZYEM,1593796469,JPUYE,iOS,False,WiFi,2025-04-11 09:50:32.976727,"26.075329154118137,-159.61156856543826",SIM switch,False
245562FFJ5,4413006374,VFVGB,Windows,False,5G,2025-04-09 09:50:32.976755,"-56.54035595958625,68.6817096827476",SIM switch,False
4P2YXRQ0YP,2801297482,DHKTP,Android,True,WiFi,2025-04-08 09:50:32.976770,"10.802639197888965,-137.73032901083755",battery drain,True
SQ228ZP7SM,6083355790,YHHYV,Android,False,LTE,2025-04-15 09:50:32.976785,"-4.6921296104246295,176.04071366750628",battery drain,False
ZP98NZCTC0,3382167267,VGCWT,iOS,False,5G,2025-04-07 09:50:32.976804,"66.0138341104203,105.9259100755653",battery drain,True
NLPVQACH2O,4727157772,OSOAJ,Windows,False,5G,2025-04-08 09:50:32.976823,"42.68644020197996,120.99489306159944",reboot,True
OR8AD4KESX,3301729543,WEUJQ,Windows,True,5G,2025-04-14 09:50:32.976855,"-78.69934830637017,-153.86163075788116",SIM switch,True
FNQD7IKCRE,1750532237,ULJKT,iOS,True,WiFi,2025-04-08 09:50:32.976871,"-30.350056755843113,32.62092532524491",reboot,False
5XSBUM6D5M,9222419719,LFNPQ,Android,True,WiFi,2025-04-04 09:50:32.976885,"36.389418636265034,-46.54789236223681",battery drain,False
JPLYGYR9JM,9282299403,STEQY,Windows,False,5G,2025-04-16 09:50:32.976901,"-3.635296155228531,162.9222071487428",reboot,False
1Q827DNBDO,3711692793,OUDAZ,Windows,False,LTE,2025-04-03 09:50:32.976925,"11.018227087943586,-121.04098286321741",battery drain,False
VSLWPFI5OS,8575358570,MDRKV,Windows,False,5G,2025-03-25 09:50:32.976945,"24.193240682366977,167.02765501638993",reboot,False
2L6JJ7G6IZ,2946294987,PPBMO,Windows,False,LTE,2025-03-27 09:50:32.976960,"63.63953342184223,26.939191720132044",battery drain,True
94CZI0DRC1,2006134459,HCNFH,iOS,False,WiFi,2025-03-27 09:50:32.976976,"33.73322311383593,-174.18123567584013",reboot,True
69Z5E285VV,0046003197,JWJIX,iOS,False,5G,2025-03-31 09:50:32.976999,"18.988131623669332,-114.31128962422063",SIM switch,False
HP6D0PMVYJ,0579557901,VBRYZ,iOS,False,5G,2025-04-19 09:50:32.977020,"-76.014511372973,12.410417460687228",reboot,True
4ADEGRKCWA,5378713832,JVTPX,iOS,False,5G,2025-04-19 09:50:32.977034,"-43.84954937227688,-34.293507288629826",reboot,False
FV9O6I3BNO,5518244477,WAJTI,iOS,False,WiFi,2025-03-29 09:50:32.977048,"43.57053119427178,18.905803527670628",reboot,True
0RB14RRB32,9791045930,RJEJD,iOS,True,LTE,2025-04-06 09:50:32.977062,"-55.14399965738267,4.354916463573346",battery drain,True
PBH40EAZHT,6052019996,DYFBH,Windows,False,5G,2025-03-31 09:50:32.977080,"48.32795020488618,-131.44893355148227",SIM switch,False
KYBTJ4M5R0,6504853684,EHNPU,Android,False,WiFi,2025-03-29 09:50:32.977103,"45.2830038491625,-77.05766293607542",battery drain,True
IYXEJGD743,6954097074,AEKIB,Windows,False,LTE,2025-04-17 09:50:32.977125,"58.31847265558332,-165.5883545306368",SIM switch,False
5372UFWXYR,2152384757,IUKTY,Windows,False,5G,2025-04-09 09:50:32.977159,"76.2805674141575,25.31294017131998",battery drain,False
JBKLCVXUM2,6251267382,TCNOJ,iOS,True,WiFi,2025-04-22 09:50:32.977182,"-60.595009254651075,-52.2431140459166",reboot,False
GOKMPMYPOP,7922565703,RUBBG,iOS,False,5G,2025-03-29 09:50:32.977197,"25.21870173606642,-51.23747549664327",battery drain,False
35NIMZ6UC3,4706612015,TXAIT,iOS,False,5G,2025-04-06 09:50:32.977211,"13.759126693660008,-136.1532282043949",reboot,False
F2TA5EVDSY,3995988225,SWXAU,iOS,True,WiFi,2025-04-12 09:50:32.977239,"64.82361473291519,134.0483771603574",reboot,True
A1FQ7A49M0,4600730594,NNZRG,Android,True,5G,2025-04-22 09:50:32.977254,"26.251560679969046,37.61128066358094",SIM switch,True
UOXY10RAMO,4230542079,WUIVW,Windows,True,5G,2025-04-17 09:50:32.977268,"88.3061938890302,-169.0853338517611",battery drain,True
OJWMXDZPOK,2590245058,HPCRJ,Windows,True,LTE,2025-03-30 09:50:32.977288,"-19.140012731366596,136.9466590182542",reboot,True
REKU0UOTUE,2816078129,ZNNHZ,Android,True,WiFi,2025-03-27 09:50:32.977309,"-33.01018067646793,161.73221369555517",reboot,True
B75FC0FY7W,2123991993,DSPPQ,iOS,False,WiFi,2025-04-01 09:50:32.977326,"-51.63420836218962,-22.28964880106878",battery drain,False
UYF09192EL,4177510265,KTGHZ,iOS,False,LTE,2025-04-12 09:50:32.977347,"-55.989588637416176,8.188983137602463",SIM switch,True
439IQAB77I,6674016142,QEMUW,Windows,False,LTE,2025-03-25 09:50:32.977365,"-39.05582608110614,24.873628965582412",reboot,False
3TOVWSYD7C,7495210435,QXVIA,Android,False,5G,2025-04-10 09:50:32.977388,"1.5079951766929298,-86.19580251670166",battery drain,True
7SLYTM5LQ2,1916178979,QCAXW,Android,True,WiFi,2025-04-04 09:50:32.977405,"-76.6274029654035,82.50367885419229",reboot,False
17M2WS26MO,1318530402,FSYQF,Windows,False,WiFi,2025-04-05 09:50:32.977420,"3.6623092709181293,-17.64654248168111",battery drain,False
G30B8KGV65,7719423087,KZKBV,Windows,True,LTE,2025-03-29 09:50:32.977434,"71.24218699219571,-16.41416899474325",battery drain,True
I71F4Z4B1T,1964718712,IKYGL,Windows,False,WiFi,2025-04-11 09:50:32.977448,"-58.577262672002526,-123.16686989870811",battery drain,False
Z1DZHABEG9,9356776174,JXHUF,iOS,False,5G,2025-03-28 09:50:32.977464,"-58.92610120352427,21.813885985046625",battery drain,False
VL0DXX528D,3628742861,VIPLT,Android,True,WiFi,2025-04-21 09:50:32.977485,"25.18112016243832,137.65599439364445",reboot,True
QIGIJL21IK,6012560273,BEBUE,Windows,True,LTE,2025-03-26 09:50:32.977500,"-29.76990398251766,2.9274897418164585",reboot,False
FYTCNNJAZF,0741860814,KIUCO,Android,False,LTE,2025-04-01 09:50:32.977517,"25.33735915474388,58.430535005313516",reboot,True
IKBH445HKD,6005883415,JPUNA,Android,True,5G,2025-04-08 09:50:32.977544,"8.911177547920929,-101.3635969791941",SIM switch,False
QSJ0B5LZ2O,2053413663,CPNGH,iOS,False,LTE,2025-04-09 09:50:32.977559,"48.85639532216521,-103.98796313794347",SIM switch,True
XIB9A43S5U,4980917408,NBLJD,Windows,True,WiFi,2025-04-02 09:50:32.977573,"-58.37174019679412,132.8717094469933",SIM switch,True
5B6MCHCLLB,0703599919,STEMU,Windows,True,LTE,2025-04-19 09:50:32.977595,"-87.07977307349621,94.20921082497853",reboot,True
559GPY6OXR,2648015833,LVTSO,Android,False,LTE,2025-04-14 09:50:32.977612,"54.1468199393594,-136.02686119548494",battery drain,False
MSFPQIS8DI,0338610434,IOWOR,Android,True,WiFi,2025-04-23 09:50:32.977627,"86.3629788998858,-14.364828458864537",battery drain,True
O5XURANBAP,4163338940,MLPIQ,Android,False,LTE,2025-04-04 09:50:32.977641,"61.36089007545664,108.01663087697386",battery drain,False
PP832H7V0V,2436404807,PMXWZ,Windows,False,5G,2025-04-19 09:50:32.977655,"4.983213215018409,-33.871586022555675",reboot,False
S969ETBZJA,2034861238,YBVIZ,Windows,False,LTE,2025-04-12 09:50:32.977670,"-77.60555823315282,-148.8236534173771",SIM switch,False
1KW1FIS8JL,1428292710,DAHAG,Windows,False,WiFi,2025-04-06 09:50:32.977684,"13.936382122861517,-112.87397552476581",reboot,False
JYA6MGO8OG,8660035325,DLJGK,iOS,True,WiFi,2025-04-05 09:50:32.977698,"20.18550442577839,-100.45649368254732",battery drain,True
MH5DAG0QNV,3232671707,REESN,iOS,False,5G,2025-04-21 09:50:32.977712,"-39.993053047410314,-59.63946209458713",battery drain,False
7L5Z4A4BWR,7791211521,ZSPDS,Windows,False,WiFi,2025-04-08 09:50:32.977727,"-3.425497587395043,63.68073053371424",battery drain,False
A4YAIU6PFY,8724739033,EHXIY,iOS,True,LTE,2025-04-14 09:50:32.977741,"-21.527150417134933,17.87241257748596",battery drain,False
5GQWG6ZDYU,5638545508,OUEAH,Windows,True,LTE,2025-03-29 09:50:32.977754,"-7.123747934179505,116.32986280043491",SIM switch,False
ESPJ7RRLYF,8939718353,CTQJP,Android,False,WiFi,2025-04-23 09:50:32.977769,"46.544368897462334,70.79810098351129",reboot,False
97MLDMTH1H,6595203827,VLXAW,iOS,False,5G,2025-04-14 09:50:32.977789,"-77.19012677268618,-38.82924057545617",battery drain,False
5EQTCFJXE3,5952035465,JDCSA,Windows,True,LTE,2025-04-10 09:50:32.977812,"63.84388593186287,-150.09366418176666",battery drain,False
GI7SJT75J7,0736944471,IHMJY,Android,False,5G,2025-04-22 09:50:32.977833,"29.28125485748747,-149.19166599826002",battery drain,True
6HZ7V3XOLY,4326968378,XOTGF,Windows,True,5G,2025-03-27 09:50:32.977847,"59.56088958391777,-172.40068913837737",SIM switch,True
RV7WW92EEQ,5695635751,NIOKC,Android,True,LTE,2025-04-04 09:50:32.977864,"41.21733417680099,-143.8130239781064",SIM switch,True
72TVC0FPAP,6215950451,BJCQW,Windows,True,5G,2025-03-25 09:50:32.977885,"18.47258375446502,120.73862760400488",battery drain,True
QMIHF832VE,7914148942,MFONZ,Windows,False,WiFi,2025-04-12 09:50:32.977900,"-22.32057673521544,145.44731598831999",SIM switch,True
NU4PCQ5W8G,7672619994,ZEMOF,iOS,True,WiFi,2025-04-03 09:50:32.977913,"-73.86142000840269,70.08133004028002",battery drain,True
GQ1E37JNAE,2095020318,LWTJH,Android,True,LTE,2025-04-04 09:50:32.977930,"50.245190530738085,-131.75139577303128",battery drain,False
2S7JGWR30D,7419952470,QOBJV,Windows,False,LTE,2025-04-20 09:50:32.977944,"-86.8714666652105,-25.54974178139051",reboot,False
3MCEAKHBRQ,7563528723,AKWLR,iOS,True,WiFi,2025-04-17 09:50:32.977959,"-43.710366403538494,-144.52495651640976",reboot,True
BGHUJBUNZE,7139728895,USCVD,Android,True,WiFi,2025-04-22 09:50:32.977974,"-74.97702563224976,131.75250553020584",reboot,False
RYXZS8W2WY,8312667552,UYDQE,Windows,False,5G,2025-04-16 09:50:32.977990,"-69.26782005940512,-177.282999816712",battery drain,False
DWGRGK9UIW,1940891327,AVMSX,Windows,True,5G,2025-04-03 09:50:32.978012,"-44.58729048232241,8.682031860820416",reboot,True
Z1MU7MA3EM,7542064841,CKZSG,Android,True,LTE,2025-03-29 09:50:32.978026,"-81.40125722099388,163.00287338981343",SIM switch,True
15MPU1K9S3,9106419240,XERPY,Windows,True,LTE,2025-03-27 09:50:32.978042,"85.86244113873767,165.45793989098138",battery drain,False
AE77PCZVP7,0311406817,MUCBW,iOS,False,5G,2025-04-03 09:50:32.978063,"57.400605236641155,-1.4718064273324103",battery drain,True
KYMA40BB96,2687283673,SDYHL,Android,False,LTE,2025-03-29 09:50:32.978087,"-62.795971521103915,66.0097215585923",battery drain,False
CDOMGOT0P6,0467283051,AKJZT,Android,True,5G,2025-03-29 09:50:32.978111,"-73.50957453444161,99.13441763414681",SIM switch,True
1AZG1R343B,2785852966,WYPNF,Android,True,LTE,2025-03-28 09:50:32.978125,"85.64788531907845,-83.48104649042565",reboot,True
TT9YZB4W7A,0383387870,LFFUG,iOS,False,5G,2025-04-23 09:50:32.978140,"-6.532291680909054,90.20638069222372",reboot,True
PH4MLTNEOH,0299492382,HEVUN,iOS,True,WiFi,2025-03-26 09:50:32.978155,"-34.2826582439485,0.131410396882643",SIM switch,False
72RYCTKSXT,8461754984,HHQBW,Android,False,WiFi,2025-04-09 09:50:32.978169,"3.514404842255999,-176.46689379653213",battery drain,True
JP0I7H6V36,8223934273,SZTSL,Windows,True,LTE,2025-04-04 09:50:32.978183,"-9.428246579769322,-133.88602102764418",reboot,False
B1DL2X6BHT,1529836690,YECNJ,Android,False,LTE,2025-04-10 09:50:32.978197,"-11.364381393756048,92.45483595504732",SIM switch,False
B5DKI0NNUV,0345532964,XQXNO,Android,True,5G,2025-04-01 09:50:32.978211,"-72.27766811004291,-79.78760224789855",reboot,False
E5LMBEAQBL,8087092869,WQWBL,Android,True,5G,2025-04-18 09:50:32.978225,"22.83423372272982,88.30322037472348",SIM switch,False
0YE7ZRPQBT,2006905088,ZSXOI,iOS,False,LTE,2025-04-12 09:50:32.978243,"72.21682887137911,-122.75270555870503",SIM switch,False
JUTNY2L1NT,1530844866,YDSKU,iOS,False,WiFi,2025-04-07 09:50:32.978258,"-64.67737807245231,116.98755259399445",reboot,False
A5H5DK14I0,0405545442,RVJLK,iOS,True,5G,2025-04-06 09:50:32.978272,"85.12300624623742,-62.09633604093696",SIM switch,True
JMK0S7WYUH,7484177697,MIJJE,iOS,False,WiFi,2025-04-07 09:50:32.978287,"-43.556955064501196,159.15465842138195",reboot,True
A14D7O0KDN,8653994619,FAVMT,Windows,False,LTE,2025-03-27 09:50:32.978303,"-19.591592859138643,-154.41083488139424",reboot,True
ZQXZ16GKDZ,6987818810,IUCJI,iOS,True,WiFi,2025-03-26 09:50:32.978318,"-23.992730823658036,-68.38187159854475",reboot,False
BA6ZJHD4H1,8552106375,GNAXB,iOS,False,WiFi,2025-04-02 09:50:32.978332,"51.27666674557233,159.07665462405555",battery drain,True
ODCO8W3U6N,4012296745,RRHGH,Android,True,LTE,2025-04-23 09:50:32.978346,"-41.576613308578615,-138.86172179987625",battery drain,True
JJIMVJZXZM,4428790435,OBXVN,Windows,True,5G,2025-03-29 09:50:32.978361,"2.740315364641532,100.04813851823445",reboot,True
QI0Y61BWL0,5145714522,CJYJR,Windows,False,LTE,2025-04-21 09:50:32.978379,"-75.23794526341986,-93.30644081492292",reboot,True
WJYYC5UWSJ,3176906015,NMBPJ,iOS,False,LTE,2025-03-31 09:50:32.978393,"-62.472430965421104,-136.68485601231328",SIM switch,True
A4MUUQH578,3836823656,LPCCL,Android,False,LTE,2025-04-15 09:50:32.978408,"87.45421405514952,-18.50001025463183",battery drain,False
SHUWZ8PHL3,0772421676,MIDPK,Android,False,5G,2025-04-10 09:50:32.978423,"89.72369193374689,-177.09984005612804",SIM switch,True
J2MKW9NSA3,7304516652,WVFIF,Windows,True,5G,2025-04-08 09:50:32.978439,"21.621616110020824,52.64533349284113",SIM switch,True
E494F9Z0B4,8107371053,GXFZP,iOS,True,WiFi,2025-04-06 09:50:32.978462,"23.425635804784093,128.845350571658",battery drain,False
QOK4X0EB5F,7970594111,KIMGE,iOS,True,5G,2025-03-29 09:50:32.978480,"74.61021386997666,-110.44204924803819",SIM switch,True
G1KZAWF8RU,2329261504,QIQVP,Windows,False,5G,2025-04-19 09:50:32.978494,"-82.12418282423027,46.789553402005225",battery drain,True
SZ75MRTOZT,1440557565,SNZPW,Windows,True,WiFi,2025-04-02 09:50:32.978508,"6.712979136035841,116.63196497030572",reboot,False
VNGF44Y807,5384250118,QANIA,Android,True,LTE,2025-04-13 09:50:32.978522,"22.549607785153142,-77.96617501654279",SIM switch,True
BWVWARTSLV,1403492693,EKBLR,iOS,False,LTE,2025-04-04 09:50:32.978536,"-54.963434842446276,80.01793778803733",battery drain,True
36QGIR98JK,1301028927,NFVNN,Android,True,WiFi,2025-03-25 09:50:32.978553,"-65.53250606232999,162.3148799698351",reboot,True
VDJ1E7EBF1,2273147025,CXPYA,iOS,False,WiFi,2025-04-03 09:50:32.978574,"-67.8780494837475,97.66495884470663",SIM switch,True
AGD29D03RH,3168840700,PJMNB,Windows,True,5G,2025-04-10 09:50:32.978597,"40.29485133109142,-103.53224197461127",SIM switch,False
AT6NEUJJPW,5341865933,MWNEI,iOS,True,5G,2025-04-21 09:50:32.978612,"-56.037241506219246,-35.23551577059919",SIM switch,False
K3WU9K0ETW,5580276185,OEHSS,Android,False,5G,2025-04-22 09:50:32.978626,"-17.669000256785523,-67.01608002988846",SIM switch,False
V2FYJP1AMQ,9099387291,QDLYD,Windows,False,WiFi,2025-03-28 09:50:32.978644,"-59.928179952210044,-121.89476562387325",battery drain,False
WTOEQALLKU,6149369618,YLAFL,Windows,True,WiFi,2025-04-15 09:50:32.978659,"-26.510000609932135,-119.78163626928216",reboot,False
SJN5LIG6H5,7695974168,QENDR,iOS,False,WiFi,2025-04-08 09:50:32.978675,"-69.3052184535664,2.2581076442159826",reboot,True
13TW4SOULC,0919526833,SCTPE,Windows,True,WiFi,2025-04-19 09:50:32.978692,"75.12732692203764,-19.86528824624719",reboot,False
KEE75SYF6U,6276818744,RCTQX,Android,False,LTE,2025-03-30 09:50:32.978706,"-42.09168184074179,-68.01563862409841",battery drain,False
CDKXYVLIEH,1730513204,JKKGJ,iOS,False,5G,2025-03-30 09:50:32.978720,"64.71584674832974,-123.11616506595107",battery drain,False
BF34RNY127,2835539372,XQAOO,iOS,True,LTE,2025-04-16 09:50:32.978735,"7.8247993976972765,161.7172834337291",SIM switch,True
5KBUBWG36A,2111594798,ZGXPD,iOS,False,WiFi,2025-03-25 09:50:32.978749,"-19.454084728236978,135.95836072617504",battery drain,False
EXMY3VC7BE,6002712410,DOJDD,Android,True,WiFi,2025-04-20 09:50:32.978764,"-33.861685998485584,148.16033951076457",reboot,False
NVR53W68PA,0669259321,JAKKZ,iOS,False,WiFi,2025-04-21 09:50:32.978779,"32.383881205079916,125.8546698552949",reboot,True
JY7WXAXWYZ,1401514316,DOCPQ,iOS,False,LTE,2025-04-10 09:50:32.978793,"30.70879235861773,-46.95432910631155",reboot,True
MAC9CT3NK0,8176880766,LGEPC,Windows,False,5G,2025-04-11 09:50:32.978808,"58.7475743054724,15.597698986873525",reboot,True
J5NQE1Z89S,7527584039,VSVQY,Windows,False,5G,2025-04-07 09:50:32.978823,"-82.1229234844009,149.5867069268685",reboot,False
CEK3V3CGGM,4465974517,YQEFD,iOS,True,5G,2025-04-06 09:50:32.978841,"-3.1760087855023897,104.33657314933896",SIM switch,False
OM873XEAGD,5215490034,AMGKN,Android,False,WiFi,2025-03-26 09:50:32.978855,"-8.06503822077056,21.99785732715401",battery drain,False
5J8TPOYXYG,6480436871,DDDCB,Android,True,LTE,2025-04-23 09:50:32.978871,"4.229826155046524,-2.6608246169346614",SIM switch,True
HW8LJT8RRO,3202821372,MREET,Android,True,WiFi,2025-04-12 09:50:32.978894,"-10.118220448703113,113.65630930362403",SIM switch,False
94AQMDCKPZ,1661100680,PINRR,Windows,False,5G,2025-03-27 09:50:32.978914,"-78.3100817257247,-34.963371788176744",reboot,True
XR9K4ID3FU,2669446047,BSMJE,Android,False,WiFi,2025-03-27 09:50:32.978933,"49.301240139035315,104.46220059134708",reboot,True
4BCZOLR96O,3859391029,IWLSS,iOS,True,WiFi,2025-04-08 09:50:32.978947,"-88.12176978391389,-54.86113373975871",SIM switch,True
NEM08DQP2P,7517934609,XPWCD,Windows,False,WiFi,2025-03-30 09:50:32.978971,"37.639759040818134,-176.75347211215427",reboot,False
TA8AJB08MP,3132671419,PQWXW,Android,False,5G,2025-03-30 09:50:32.978991,"51.16965463648856,176.27244156059658",SIM switch,False
890XKYLCGE,8715892284,XUQNF,Windows,True,LTE,2025-04-02 09:50:32.979006,"-11.90639437305083,45.160872563457986",SIM switch,True
YS34UKVRZW,5032177211,TDQWG,Android,True,WiFi,2025-04-05 09:50:32.979020,"-48.841673529110466,173.85096369337714",reboot,True
R1FEYUUAHK,4253281715,GRBGN,Android,True,LTE,2025-04-04 09:50:32.979035,"26.565636291493362,169.933459948949",reboot,False
Q53OO7M08Y,7608667828,WVCYK,Windows,True,5G,2025-04-20 09:50:32.979049,"85.69284697863469,133.18874916453262",SIM switch,True
JZRKQ0PE9T,0245714554,HXSLY,iOS,False,LTE,2025-04-17 09:50:32.979064,"-20.93496905689628,61.37418952750889",SIM switch,False
4G5DFOAMF2,5604996199,JKPKE,Android,False,WiFi,2025-04-11 09:50:32.979089,"28.819978286851963,-37.5284170773474",battery drain,True
YOS2JBODUL,4051148118,GDFSB,iOS,True,WiFi,2025-04-09 09:50:32.979104,"70.75620028103651,-138.00278650936647",reboot,True
NPRK96H4RO,9258652919,FWYJS,iOS,False,LTE,2025-03-31 09:50:32.979124,"57.58080195068209,160.923282355055",reboot,True
93HL20MINY,5331800991,RSXIY,Android,True,WiFi,2025-03-29 09:50:32.979138,"10.959400763504178,-155.317736457144",SIM switch,False
V4SY4ZZN3P,4444660662,KOYDZ,Windows,False,WiFi,2025-03-25 09:50:32.979152,"29.716381253923558,70.2949109245838",battery drain,True
2QL39RWNH7,2128259480,VIOPL,Windows,False,5G,2025-04-14 09:50:32.979166,"-5.230325807148006,63.69255114662059",SIM switch,False
8ADEVSEP32,7227961812,OJNGW,Android,False,WiFi,2025-04-11 09:50:32.979180,"-58.81248774479355,109.35221979372653",SIM switch,True
SYTKJU5ZDT,4914582358,COHXC,Android,False,WiFi,2025-04-15 09:50:32.979195,"48.039131793223845,-15.246917217736126",SIM switch,False
M4IKTH5C9E,9395979304,IXWBU,Windows,True,5G,2025-04-23 09:50:32.979208,"50.41602782456715,109.36706347744371",SIM switch,False
GKZYQ06W9F,3923313530,NJCCP,Windows,True,LTE,2025-04-21 09:50:32.979223,"14.71850643645972,-115.97687262551891",battery drain,False
3LWYUGH91S,8998516791,BVDLJ,Android,True,WiFi,2025-04-19 09:50:32.979238,"-29.809402277698254,-39.56174840409744",SIM switch,False
E735HK5SDD,7681644997,GNCXK,Android,True,WiFi,2025-03-26 09:50:32.979252,"-75.10247292739058,-175.95367625157817",battery drain,False
TI57VCMEV6,4904632334,LTZVT,Windows,False,5G,2025-03-28 09:50:32.979270,"87.22356822380942,104.77117244781306",SIM switch,False
1C76OVJQAZ,5630410867,CUQFR,Windows,True,5G,2025-04-13 09:50:32.979285,"0.9062751809954506,-133.08661377877638",battery drain,False
8AQ83DHC1E,6162939593,RGHUL,Windows,True,WiFi,2025-04-20 09:50:32.979299,"53.30115225717009,138.79395965209807",battery drain,False
C1UPNQ6ZJL,6215425593,CGSYR,Windows,False,LTE,2025-04-23 09:50:32.979313,"-86.21712756779588,-148.3629684182343",battery drain,True
4OAA8PP51G,9369230433,OIBWU,Windows,True,5G,2025-04-12 09:50:32.979328,"-24.381712185181982,-64.5715760512551",battery drain,False
WS1SKO99SB,2411292625,NKUXV,iOS,True,5G,2025-03-29 09:50:32.979342,"-27.115547914096794,136.61443874499696",SIM switch,False
3PF65DHUFF,9875855049,YWSDA,Android,True,5G,2025-03-31 09:50:32.979360,"-47.51631765181878,-5.659531842961883",reboot,True
CORGUVVQZ9,0739703790,JDIAO,Windows,True,WiFi,2025-04-22 09:50:32.979375,"56.64125785723468,49.99854468771798",reboot,True
C21ICTDBWX,2253814206,AKJDQ,Windows,True,WiFi,2025-03-26 09:50:32.979390,"-54.43939809599654,-136.8562929837764",SIM switch,False
TCPGGFVVPN,4634875715,KQCDJ,Android,False,WiFi,2025-03-31 09:50:32.979404,"7.093806833157416,55.89649869866824",SIM switch,True
77BQ38AHND,3017086333,RPVXE,Windows,True,LTE,2025-04-22 09:50:32.979418,"30.285222104152993,125.82300064307071",reboot,True
8YKX54469K,8757479665,TREYF,iOS,False,LTE,2025-04-22 09:50:32.979433,"32.246191990621824,39.4997209761996",SIM switch,False
BHTUY3A5OZ,1002138714,CTTWX,iOS,True,LTE,2025-03-27 09:50:32.979447,"6.681934456279933,162.1780576245461",reboot,False
FAUVHC25OH,5917936988,MQPDV,Android,True,WiFi,2025-04-19 09:50:32.979461,"81.75883182286503,40.21323303108349",reboot,True
LI46E0M5ET,1720721332,XCMUU,iOS,False,LTE,2025-04-11 09:50:32.979476,"-6.380057204596454,59.271362534693",SIM switch,False
SZ3FPG732V,4564663436,SBYAJ,Android,False,LTE,2025-04-11 09:50:32.979490,"-24.510805348537673,26.436392916298416",SIM switch,False
8AYROKTWF5,1846652079,EDWUA,Android,False,5G,2025-03-26 09:50:32.979504,"-89.09646025562776,-168.7840774160846",SIM switch,True
IUQEOQWGMY,9022517529,VYQZM,iOS,False,5G,2025-04-02 09:50:32.979525,"61.724879625345096,101.53875387870369",reboot,False
U68BMZ79I7,1589009576,ARUQE,iOS,False,LTE,2025-04-14 09:50:32.979553,"-82.08388005232851,83.94576111110018",battery drain,True
UT7NA6UEOR,6081737314,JXOAM,Android,True,WiFi,2025-04-18 09:50:32.979568,"-12.909549663049958,-93.60078093461354",reboot,True
SU3QHSRRG5,1017166703,SMLCE,Android,False,WiFi,2025-03-29 09:50:32.979583,"-25.60137474871256,13.86365505586889",SIM switch,True
DJM7IZ5X88,4997320248,KUUQP,iOS,True,LTE,2025-04-13 09:50:32.979602,"-28.639474706578333,-90.1701774947923",battery drain,False
SRJFGUIBAL,6099392121,PEHEL,Android,True,5G,2025-03-28 09:50:32.979620,"-86.92578835202035,-15.815588363735657",SIM switch,True
H3NVSUW4HF,1483616802,VLDPP,Android,False,LTE,2025-04-06 09:50:32.979634,"1.548655397037777,-178.6147980941735",SIM switch,False
KW0QU2HMRW,3112755880,SGWSH,iOS,True,5G,2025-03-28 09:50:32.979648,"-13.737866880939691,-116.6909768204902",SIM switch,True
61VACOF7XP,9775020090,QVGBY,Android,True,WiFi,2025-04-03 09:50:32.979663,"-60.61526699482631,176.9536577364329",SIM switch,True
VHXWZ7RW97,0656413755,MWLOV,Windows,False,5G,2025-04-23 09:50:32.979685,"80.26294100223274,143.0040339277752",reboot,True
2AF3O9G0CM,5555740663,KWNGN,Android,False,5G,2025-03-27 09:50:32.979701,"-30.244794786644874,129.00349970035091",reboot,True
X5GG6GOZJA,0216272549,IHEIX,Windows,True,WiFi,2025-04-21 09:50:32.979717,"29.447584977377446,153.98100117421706",SIM switch,False
NA3PKWL0WZ,3935937230,IXAGV,Windows,False,WiFi,2025-04-19 09:50:32.979731,"56.54791328780746,-145.78574886672905",SIM switch,True
ZLPNITFXLX,9923088511,XYVWS,iOS,True,WiFi,2025-03-26 09:50:32.979745,"29.67713832624368,-73.45525176697191",SIM switch,True
OHHU2XUZ6P,2894438846,HYOHK,iOS,False,WiFi,2025-03-25 09:50:32.979759,"83.60293554220851,-33.854379578981764",SIM switch,True
NG7F2CTWE1,7690961737,VEDOQ,Android,False,5G,2025-04-16 09:50:32.979773,"-27.11371597286592,-154.2169137218088",SIM switch,False
CFXBWRYFL0,0840951600,PNZFB,iOS,False,LTE,2025-03-28 09:50:32.979787,"-57.56069727512675,40.61716484934291",battery drain,False
EX8TCN844N,8765263795,LPZTP,Windows,False,WiFi,2025-04-02 09:50:32.979802,"-45.23865201645345,41.24617675883715",SIM switch,True
IY67N09QMA,5478554212,YAZKK,iOS,True,WiFi,2025-04-14 09:50:32.979817,"13.622312808834522,-47.4358680314846",battery drain,True
7E3YZJV1MX,2238291048,QGGNW,Android,True,LTE,2025-04-09 09:50:32.979832,"69.4265841643925,130.44420149320626",battery drain,True
DJL6MA2I1R,4313420794,UBOTY,iOS,True,LTE,2025-04-17 09:50:32.979853,"-64.68822466097583,9.160724337813349",reboot,True
IBZBN7OYW9,7956385192,ZWMER,iOS,True,LTE,2025-04-22 09:50:32.979874,"-1.0823041593037743,-15.697743581536372",battery drain,False
FZJPGNLCNB,7224159347,YLCNU,iOS,False,LTE,2025-04-05 09:50:32.979896,"-66.09155240395646,-107.27861143663976",SIM switch,True
MIVXFAJEZU,4352888105,ZQYBL,iOS,False,WiFi,2025-04-01 09:50:32.979917,"70.98767993032126,-108.1815577406272",battery drain,True
OVTPJW5FPW,7008972685,QAHWS,Windows,True,5G,2025-04-03 09:50:32.979932,"59.15800149932676,-114.44476743159018",battery drain,True
SZMSJ8EHS1,9126062537,JLIHL,Android,True,5G,2025-03-30 09:50:32.979946,"-73.4794102304786,176.45283681825924",SIM switch,False
OJ2KU1XWY1,8871524899,IYHUL,Android,True,WiFi,2025-04-17 09:50:32.979970,"-62.15275089502541,-163.0201366459924",battery drain,True
AI7P0MPUKW,1852454654,OURCQ,Windows,False,LTE,2025-04-14 09:50:32.979990,"7.990308238423452,47.643430414022106",battery drain,True
7R5TTUHA2M,4114897047,VLGIN,iOS,True,LTE,2025-04-13 09:50:32.980004,"-47.13520952376845,106.26974631017129",reboot,True
WECCFIAR59,6469843175,LBYVA,Windows,False,LTE,2025-04-12 09:50:32.980018,"47.541463324202795,39.163256258819445",battery drain,False
QBZ8F1IPCL,8494754539,CNBUF,iOS,True,LTE,2025-04-14 09:50:32.980042,"-78.99922175748048,22.432449923189864",reboot,True
7BWC9642UT,6933551535,RFIPP,Windows,True,5G,2025-04-05 09:50:32.980063,"-75.09307061129813,-54.9227028260116",SIM switch,True
FAJAILHQD8,6570189928,VASDT,Android,True,5G,2025-04-22 09:50:32.980077,"-32.99628977448864,-76.14700667139545",SIM switch,False
DERQCWI8I5,0350977910,PUCUF,Windows,True,LTE,2025-04-06 09:50:32.980092,"86.05829864761813,35.46987097643404",SIM switch,True
V6AXK14BOI,9864717373,BEPSG,iOS,True,WiFi,2025-04-17 09:50:32.980106,"9.489421178979711,-55.68217814282117",battery drain,True
4J9HSVB54Q,7236997425,NAFGW,iOS,False,WiFi,2025-04-11 09:50:32.980122,"51.51720720699646,8.850903997661419",battery drain,True
MX6XOEXX0A,8143475718,ZORVD,Windows,True,5G,2025-04-12 09:50:32.980140,"47.87027651962302,61.218905887152545",SIM switch,False
TJ5GKE9CMD,6917247960,KZSSH,iOS,True,WiFi,2025-04-16 09:50:32.980165,"34.106244118075054,-81.60383624913264",reboot,False
S3OFFK4PZU,4823149420,YYCGG,iOS,True,WiFi,2025-04-17 09:50:32.980205,"-38.17766400329197,71.00691103719015",SIM switch,True
PNA9BV2GB7,6519474333,YATRZ,Android,True,WiFi,2025-04-02 09:50:32.980227,"-56.5039898675045,23.324935650026646",SIM switch,False
FZVIBQ9BYP,7798017837,EHELK,Windows,True,LTE,2025-04-21 09:50:32.980242,"17.76776188503824,47.60227187464977",battery drain,False
YDZN6TDJM0,4156573548,YKLOP,iOS,True,WiFi,2025-04-07 09:50:32.980256,"31.270243850598547,-50.658035929414154",reboot,False
EOK8U9ETRH,0588650130,OYTDS,iOS,True,5G,2025-04-20 09:50:32.980271,"-17.071859577149667,18.85653053136059",reboot,False
XZ4I0FE35M,1720785623,POQZL,Windows,True,5G,2025-03-31 09:50:32.980285,"-53.4093202562357,42.05509577072763",battery drain,True
BDBB9NBCJF,1956195162,LDSHN,Windows,False,WiFi,2025-04-19 09:50:32.980299,"-28.79845405233904,71.86862376675322",SIM switch,False
65I3AYJZBG,8908657067,ZNHZG,iOS,True,WiFi,2025-04-08 09:50:32.980313,"-14.786486867889593,-128.61350850530414",reboot,True
NK74P5IYVP,1219565504,WGAQE,Windows,True,LTE,2025-04-23 09:50:32.980329,"73.80092072741479,-174.85443741642305",SIM switch,True
D6RIRDKJHM,8455269926,TGOCJ,Android,False,WiFi,2025-04-23 09:50:32.980348,"-64.86477140039088,99.3293602455575",reboot,True
6RZHL0AR9Y,5033770503,IKACV,Android,True,5G,2025-04-17 09:50:32.980367,"-59.11592847969493,-152.46537262218826",reboot,False
G7UK9HAY9A,6786572344,OSOXE,Android,True,LTE,2025-04-03 09:50:32.980388,"-41.2096187385539,-164.1381764301347",reboot,True
HPCT9MPQE1,3901569958,KOPMG,Android,False,LTE,2025-03-29 09:50:32.980411,"-77.43197344212179,40.908587566947574",battery drain,True
FNVJV1QVJ0,0643899948,AYAYG,Android,False,LTE,2025-04-12 09:50:32.980429,"89.4713313098467,94.67011860473389",battery drain,True
DHOEE9989C,6968270176,UAZFH,Windows,False,LTE,2025-04-21 09:50:32.980444,"-85.2743359552501,167.91855569625403",SIM switch,False
MATV737VOM,7578952671,TQBMN,Windows,False,5G,2025-04-15 09:50:32.980463,"2.1485983744784676,-62.965180102623236",SIM switch,True
B6QD9P8A09,6426984607,GQOYI,Android,False,WiFi,2025-04-14 09:50:32.980478,"-44.649442506849404,-156.40476575990442",SIM switch,True
S7U28WGX0B,4747866633,EAECC,iOS,True,WiFi,2025-04-18 09:50:32.980492,"4.635652273830232,-21.642211597248348",battery drain,False
U6YCA15ZH2,1696180883,CQYRG,Android,True,LTE,2025-04-23 09:50:32.980510,"-48.219627153167465,-82.64353456942592",SIM switch,True
ODC9SJSRPQ,9830412594,EGDOS,Windows,True,WiFi,2025-04-06 09:50:32.980525,"-0.8356685335522513,86.15122638501612",reboot,False
N6OG8E0L64,3193208330,ILBVR,Windows,True,LTE,2025-04-22 09:50:32.980539,"-62.298259582742794,110.06815692835846",reboot,True
N27EB8X9QU,8249645866,YQVPA,Windows,True,LTE,2025-03-29 09:50:32.980553,"70.87014581856721,104.24492487646296",battery drain,False
G3AUQVNPZM,1088158549,KAXBX,iOS,True,5G,2025-04-15 09:50:32.980568,"-54.58863681528353,-65.87463559582471",reboot,False
MCGSV8NLCS,8109707622,ONFVV,Windows,True,LTE,2025-04-11 09:50:32.980582,"-17.839309538475817,-154.07179573360045",reboot,False
OPRJ964CL0,8995953722,JSPOR,iOS,False,5G,2025-03-27 09:50:32.980604,"-12.093623361992286,135.03699945309933",battery drain,False
OW2JP0YGXY,4756198821,HALSS,Windows,True,LTE,2025-04-20 09:50:32.980627,"73.99693982560265,43.86552176546783",SIM switch,True
OSU6NMTIT2,8874724855,QVFJK,Windows,True,5G,2025-03-31 09:50:32.980641,"-18.764778643799488,-95.87243593112666",SIM switch,False
FHBWKCCDOJ,1214622790,ZOUKW,iOS,False,LTE,2025-03-29 09:50:32.980656,"26.319100676432782,-123.07382193625025",reboot,False
V92DU34ZAS,7135860625,LXNVO,Android,True,LTE,2025-03-31 09:50:32.980670,"-11.456039526405974,84.72002363963605",SIM switch,False
N2LIUZNV0D,7232088291,DGQWT,Windows,True,WiFi,2025-03-25 09:50:32.980694,"82.63837130445953,-51.17200235784827",battery drain,False
YPNI9TGSJR,8907943750,UHBSY,Android,True,5G,2025-03-29 09:50:32.980708,"-54.721915209958894,14.076369718804926",reboot,True
NJ59NDVBCC,1113877828,KVBJA,Windows,False,5G,2025-04-20 09:50:32.980727,"-82.30098259905523,-6.5277615174933885",battery drain,False
MU36FG1W1B,5652234324,DEKSW,Android,False,WiFi,2025-03-29 09:50:32.980745,"-8.362146144165152,81.9493784258384",reboot,True
233R17B6NB,3335821430,AEPGO,Windows,False,LTE,2025-04-13 09:50:32.980766,"62.95341596381729,-64.82052483495472",battery drain,True
WW6BWH0GVQ,3088828817,DBFIF,iOS,False,WiFi,2025-04-09 09:50:32.980780,"-64.68377175204328,-77.05525896320368",reboot,True
5KCDV29TJG,7619676221,ZPTSQ,Windows,False,LTE,2025-04-22 09:50:32.980795,"-81.71331934734141,96.8436103847099",battery drain,True
01ZRRH76WT,1064308011,NBZSB,Android,True,WiFi,2025-04-16 09:50:32.980809,"-65.10819948294052,21.182719360509395",reboot,False
4FQOMWITJ3,3502316525,EBSJQ,Windows,False,LTE,2025-03-31 09:50:32.980829,"68.78656024915631,-132.3324539176495",reboot,True
17W8TYMM1I,3478568862,VMYXM,iOS,True,LTE,2025-04-21 09:50:32.980844,"0.8984459904120854,128.96665420713003",battery drain,False
6CFQSHMGA4,1369873446,QXDFM,Windows,False,LTE,2025-04-15 09:50:32.980858,"-11.415368144797952,31.81242473250063",SIM switch,True
JR8DMVBEF3,3787160132,JTUBB,iOS,False,LTE,2025-04-09 09:50:32.980872,"-32.13587705609602,-19.24113161136887",SIM switch,False
C1AJ4PF7LS,6468721392,VTMMS,iOS,True,WiFi,2025-03-25 09:50:32.980886,"-39.73902611359008,-72.2931111370814",SIM switch,True
FJ1D7GI423,9831899715,OUESP,iOS,True,LTE,2025-04-15 09:50:32.980901,"74.6450841295441,164.52034801351857",battery drain,True
PHK2YYWQLP,4803755327,BGPGY,Android,False,WiFi,2025-04-05 09:50:32.980916,"1.8551361672819695,-95.73294537544842",SIM switch,False
J59ANO7CJB,2527912262,NAPJR,Android,False,5G,2025-04-06 09:50:32.980930,"31.141190543588067,-81.73909944055555",SIM switch,False
FQ0A653XD2,2849411357,QJSAB,Windows,False,WiFi,2025-04-13 09:50:32.980945,"68.50907132666941,154.21861760360628",battery drain,True
319CG1W2YV,6448663187,MUCKM,Android,True,WiFi,2025-04-19 09:50:32.980960,"45.502915464928094,38.68027710630682",battery drain,True
1ONVDAWHJP,7796288089,CLRDX,iOS,False,WiFi,2025-04-20 09:50:32.980978,"-43.18919604781489,109.63988034542143",SIM switch,False
TF1XK5BQUM,4239496344,PDYWR,Android,True,LTE,2025-04-20 09:50:32.980992,"58.62377065121609,125.25074818034602",reboot,False
H67MR3ANIO,9295463566,XHRWB,Android,True,LTE,2025-04-23 09:50:32.981006,"-57.265610368980475,-176.36332744586767",reboot,True
DSH9JSZC27,1302662644,AEPOL,iOS,True,LTE,2025-03-27 09:50:32.981020,"-62.01459006957258,112.55335433839065",reboot,False
RTSFFZ3R3B,0422399031,JROER,iOS,True,LTE,2025-03-26 09:50:32.981042,"77.13119432947704,-162.03289157971773",battery drain,False
KUS3MBY419,4396608137,BHUZB,Android,False,WiFi,2025-04-23 09:50:32.981069,"88.93347291428032,-32.4549752635325",reboot,False
4YCWYLF41A,7323387221,NRJEI,Windows,False,LTE,2025-04-10 09:50:32.981084,"52.05570300703573,71.82709055460126",battery drain,True
K5PKIFRNSO,9621100626,FYNBG,Windows,False,WiFi,2025-03-28 09:50:32.981098,"19.45630278835425,68.17041333854007",battery drain,True
3CM274JNMN,2460572096,AXHEP,Android,False,5G,2025-03-28 09:50:32.981122,"-5.4039800701144145,146.66196655392474",battery drain,False
CMCJE25915,3405220715,ZXUXZ,Windows,False,WiFi,2025-03-25 09:50:32.981140,"-67.97340319795885,37.63315340222931",SIM switch,False
TQXIACOH4M,2755127814,NKHWF,Android,False,LTE,2025-04-10 09:50:32.981154,"86.61343571922075,-171.0996970950609",reboot,True
MYRTDW1N9V,0534346346,HLGGM,iOS,False,WiFi,2025-04-01 09:50:32.981169,"-3.811347855790615,-104.07328831451018",battery drain,True
9R33HBBA7K,2131846674,PWJDG,iOS,False,5G,2025-04-10 09:50:32.981183,"35.61377881014553,177.66935774555435",reboot,False
UWE4LT11M6,0807507710,CGDZJ,Android,False,5G,2025-04-02 09:50:32.981198,"84.43053566906806,-85.48923415014966",battery drain,False
MATW54TYTY,2899282818,OXHKG,iOS,False,5G,2025-04-20 09:50:32.981221,"47.210863220452154,177.57432147526345",reboot,False
SVD7KLJ52D,2323256476,UNRPA,iOS,True,LTE,2025-04-04 09:50:32.981239,"32.26884832167812,34.09696367748077",battery drain,True
I438EI6AYV,1340730911,EBRIE,iOS,False,WiFi,2025-04-11 09:50:32.981257,"-62.423198526329884,96.62968768043083",reboot,False
CRFKLS0TRS,4896293248,YEALM,Android,False,WiFi,2025-04-02 09:50:32.981279,"-10.303610805414934,-51.99977083300479",SIM switch,True
7BLEVN6W7S,5550457353,RRXQH,Android,True,WiFi,2025-03-31 09:50:32.981302,"74.16416836942071,-179.04127914714775",SIM switch,True
2XANV55SQO,4459257861,YSXND,Android,True,WiFi,2025-04-22 09:50:32.981316,"-71.82061211929755,-89.9584538900384",reboot,True
CT0RIZ5FQB,0204260794,YUEBK,Windows,False,LTE,2025-03-28 09:50:32.981330,"73.93080030373204,-119.88443351043793",battery drain,False
7MRLYL84GM,5003074084,MJUAG,Android,True,LTE,2025-03-31 09:50:32.981344,"89.08176700468985,83.30611311678888",SIM switch,True
5PJCS5ST41,9769624978,VZSDA,Android,True,WiFi,2025-04-10 09:50:32.981358,"19.67879572218048,36.37898723211757",battery drain,True
990BGBUU3G,2239144006,BTJFG,Android,False,WiFi,2025-04-18 09:50:32.981372,"-72.13040785297433,48.18826878204629",battery drain,False
2PARBYK8G0,2327856608,LYXHU,Android,False,WiFi,2025-04-21 09:50:32.981386,"38.780624303570505,-92.80722467432139",SIM switch,False
4AFN8OC8ZD,9068199451,KCNEL,Android,False,WiFi,2025-04-14 09:50:32.981401,"-88.34512515447787,151.39018010433733",reboot,False
RMI9PVHXL5,1868640982,NMTSP,Android,False,5G,2025-04-01 09:50:32.981422,"-71.15902866531687,-39.53063815602073",battery drain,False
42YYMCIESO,7300778821,OQYQY,Windows,False,5G,2025-04-01 09:50:32.981442,"-31.769921556445183,46.34384575009369",reboot,True
CHKAQCO7NH,1378371464,JCPCA,Android,False,LTE,2025-04-18 09:50:32.981465,"-17.68607623292901,144.59504309727333",SIM switch,True
HHKWYP1ACJ,7283056718,LOZML,Windows,False,LTE,2025-04-22 09:50:32.981486,"-74.02169991231362,92.22219485481838",SIM switch,True
R2MUVO0HLT,3468268719,ECGWR,iOS,True,WiFi,2025-04-17 09:50:32.981507,"-28.58240955376676,-100.12402598495632",battery drain,True
AJOPAGML18,5913547883,TCBOJ,Windows,False,WiFi,2025-04-01 09:50:32.981522,"20.079043146725894,57.040440283741646",SIM switch,True
7JBGEHTRH6,9057553065,FKMAB,Android,True,WiFi,2025-04-09 09:50:32.981540,"-57.732169259868996,6.958484349147085",SIM switch,True
FCW7QE70NS,8288311883,CDHTU,Android,True,LTE,2025-04-01 09:50:32.981555,"29.25237124942673,37.181874017210305",SIM switch,False
F1HSY5FVBY,0487757635,RDIDS,Windows,False,5G,2025-04-15 09:50:32.981570,"-59.64693734537437,25.84365168148159",SIM switch,False
25OC311TU9,5541691242,NTVCJ,iOS,True,WiFi,2025-04-09 09:50:32.981583,"3.8094680377457166,-50.349422089301015",battery drain,True
QTLYNZCMFE,8408364586,IOALD,iOS,False,5G,2025-03-31 09:50:32.981598,"77.06776063688088,157.777871617568",SIM switch,True
PLUQCGHWD6,3403805922,NCHDP,Android,False,WiFi,2025-04-10 09:50:32.981612,"-20.598576333654535,29.915441487017404",battery drain,True
M36U4U32VQ,2576472777,UMMSN,iOS,True,5G,2025-04-20 09:50:32.981626,"26.97091781190852,-158.52274764057148",reboot,False
THOZY36DVV,7991669385,BAOFH,Android,False,5G,2025-04-21 09:50:32.981640,"-81.54035165226637,98.39074898360832",SIM switch,True
S1PROT1DUY,3435487996,JHZRU,Windows,False,LTE,2025-04-02 09:50:32.981654,"-19.211933476415794,32.11914388056093",reboot,True
YWFZL1T0M5,3614663248,VWCBM,iOS,False,5G,2025-04-10 09:50:32.981671,"-58.32183051869959,-138.90166198690955",SIM switch,True
BBA60SUV0Y,7499118387,XSOIK,Windows,True,WiFi,2025-03-31 09:50:32.981694,"76.98804304951645,120.81114350941726",reboot,True
YIYGTC2MX2,1700572285,WNRNF,Android,False,5G,2025-04-23 09:50:32.981712,"10.217922793341003,152.52439002073578",SIM switch,True
DE9BF5XFF4,7384680712,XQZFX,Android,False,5G,2025-03-28 09:50:32.981732,"13.125958790438474,-18.34260545116217",SIM switch,False
Y6HEDT8OZ9,8025171001,RXJUA,Android,False,LTE,2025-04-08 09:50:32.981747,"-64.33327304086095,87.46755330569346",battery drain,False
49C724VOD2,7465924805,MQDYI,Windows,False,LTE,2025-03-26 09:50:32.981763,"-48.53973914632853,-41.76879033905229",reboot,False
GYQZPRHXQ1,5792149204,XIIIK,iOS,True,LTE,2025-04-02 09:50:32.981782,"-11.220750051015898,134.44995600032775",battery drain,True
JR8Y2PK2MY,7848470849,XIAEP,Android,False,5G,2025-04-11 09:50:32.981800,"55.86722364961406,43.06472806342123",battery drain,True
MGTE2JUED0,0906029328,UEUXX,iOS,False,WiFi,2025-04-17 09:50:32.981816,"-0.30456640298110926,75.05839400592953",reboot,False
54KX5W4ODE,2181705659,VXVUZ,iOS,False,LTE,2025-04-12 09:50:32.981838,"-59.63658499172023,85.42066932705507",reboot,True
L1O0SPANIK,7133077721,MRRIU,Android,False,LTE,2025-04-09 09:50:32.981853,"-43.711748494128685,-9.847648131402423",SIM switch,True
R9PRJ99BFF,0404123628,MWCIG,iOS,True,WiFi,2025-03-28 09:50:32.981867,"77.52643516523264,172.23702284814146",reboot,False
5GBBNVV3PQ,1053961142,GMIKD,Android,False,LTE,2025-04-09 09:50:32.981882,"87.4869139237907,-112.88537204710893",reboot,False
YPB28XKPGK,9938151066,BKBLA,Android,True,WiFi,2025-03-27 09:50:32.981897,"-59.80087269494319,-152.21500355683213",battery drain,False
DDYG4QPE4E,4021514728,ZLURQ,Windows,False,5G,2025-03-31 09:50:32.981911,"-79.31589816273953,-101.99903530446106",battery drain,True
932V1GYZ87,0449124823,CYCLH,Windows,True,5G,2025-04-17 09:50:32.981925,"4.1676402505392645,42.005465737167725",reboot,True
9QHKTVU5HL,7698885294,TAJXX,Android,False,LTE,2025-04-02 09:50:32.981939,"-45.665028653184784,27.465242691588173",battery drain,False
ZR3VYO675D,7633851553,MRAYP,iOS,False,WiFi,2025-04-05 09:50:32.981953,"-39.639432475059415,-80.72209216356043",reboot,True
F1F6SCQAYH,9059761481,BTEWS,Windows,False,WiFi,2025-03-27 09:50:32.981967,"-22.91281804666295,66.07873959893175",reboot,False
7GEOEL8I3F,6918833381,TGSLC,iOS,False,LTE,2025-04-17 09:50:32.981982,"-18.084334361501675,-126.5731818484652",SIM switch,False
D5D4DGC8GK,1508112830,YYFDD,Windows,True,LTE,2025-04-07 09:50:32.981998,"0.7234160391169127,22.87148494794755",battery drain,False
AMPKQMGSHI,9464776511,DQDPK,iOS,True,5G,2025-04-08 09:50:32.982013,"22.08660174875132,-74.21310413633017",reboot,False
PNUWCYELZ4,4113176570,NYRQU,iOS,False,LTE,2025-03-27 09:50:32.982032,"25.02221622743066,-3.706591113015662",battery drain,False
FAB5L0YPTC,1932587047,TRKWR,Windows,False,WiFi,2025-04-15 09:50:32.982053,"-88.10735759009836,22.978804705769306",SIM switch,False
I0VTPF1S39,1434676243,KLBJH,Windows,True,5G,2025-04-03 09:50:32.982067,"34.04409607036861,122.0696008337759",SIM switch,True
NCJQH5BMTM,3868869193,COBRE,Android,False,5G,2025-04-19 09:50:32.982081,"-10.947943015835207,-123.54178265515907",SIM switch,True
TUSOTW22A0,0710756763,EGKKT,iOS,True,LTE,2025-04-21 09:50:32.982096,"76.40433380974682,91.9108584571598",SIM switch,False
U5T5U331MV,3947939318,XAKDQ,iOS,False,WiFi,2025-03-28 09:50:32.982117,"34.1294758699086,171.38958679873753",SIM switch,False
1DC1WG34AG,4918121896,ADRNJ,Android,False,5G,2025-03-30 09:50:32.982140,"60.501260263433096,-89.32526794549932",battery drain,True
EI3DRZAXN3,9428280531,WZFPL,iOS,True,5G,2025-04-09 09:50:32.982154,"-23.075018307468937,171.58828478079465",battery drain,True
KA76ONXDR1,6779437792,WNBYW,Android,False,WiFi,2025-04-09 09:50:32.982169,"-0.9293318064869567,6.055192055127492",reboot,False
WUGGPTTTYP,6922942405,VYUTL,Android,True,LTE,2025-04-17 09:50:32.982183,"1.1744838449609887,-177.65323113421925",battery drain,True
80UEAANO3E,6587272518,JHXWS,iOS,True,WiFi,2025-03-30 09:50:32.982202,"-21.594548795427897,-53.85603958994011",reboot,False
3DMF34LVE3,2846875772,AEPVM,Windows,False,5G,2025-04-17 09:50:32.982223,"20.787430889226528,55.211987191087076",reboot,False
01P0Z588OP,3723448601,IHTUR,Windows,True,WiFi,2025-04-12 09:50:32.982237,"-79.31856964851896,134.75239603971522",reboot,True
PHZGBY99HA,7970958190,MXYRM,Windows,True,WiFi,2025-04-02 09:50:32.982252,"-75.95323056609982,141.06751987233503",reboot,False
YMQ6UYZDDQ,1652133127,ITTEI,Android,True,5G,2025-04-05 09:50:32.982267,"9.469683980612018,161.184514979862",battery drain,True
CZLNLCPY22,1461279879,OPKBH,Android,True,LTE,2025-04-08 09:50:32.982290,"-84.71385725161488,-95.37083721159706",SIM switch,False
8INTZ1Y9Z3,5868966151,HNEJS,Android,False,LTE,2025-04-13 09:50:32.982307,"-30.40791943220833,-94.21930169119074",reboot,True
SVHKEC0XWJ,9718544496,CZVYH,Android,False,5G,2025-04-19 09:50:32.982326,"22.802244507523213,38.49154003615044",battery drain,False
XKYDX72WSM,7546763860,IGRHU,iOS,False,5G,2025-04-17 09:50:32.982349,"-87.15624438470971,-6.5021774037042235",reboot,False
0Q02B63F1G,5921077550,LTHJW,iOS,False,5G,2025-03-29 09:50:32.982373,"15.811717302326642,-93.6781086709205",SIM switch,True
4S91X49DSZ,6529300604,QYBOR,iOS,False,WiFi,2025-04-11 09:50:32.982390,"-26.824777351491328,-61.073202023142514",battery drain,False
BNWMFYGBW8,1672661621,KBSLG,Android,True,LTE,2025-04-23 09:50:32.982405,"74.04026177315598,48.4833120160942",battery drain,True
QMHV8ITH65,9984821797,TUBVZ,Android,True,LTE,2025-04-21 09:50:32.982419,"36.56065752002297,142.57987258527152",battery drain,False
I870E5WNYU,4942849849,KWCKW,Android,True,WiFi,2025-04-14 09:50:32.982433,"-47.39970210710946,-23.748541207087925",battery drain,False
G0ZUJEQSZL,0734075834,ITNHB,Android,False,LTE,2025-04-20 09:50:32.982447,"77.6880196476686,176.40385439557275",reboot,False
0WP60SE4FN,8581347505,ZCKXP,Android,False,WiFi,2025-04-07 09:50:32.982462,"-5.7594496948294704,155.15891432118457",SIM switch,True
MG83975BWT,2163474293,ZALCT,iOS,True,WiFi,2025-04-02 09:50:32.982476,"-77.50715112448458,-2.5472287481441924",reboot,True
F604X97Y3R,5010177156,CPRUQ,Windows,False,WiFi,2025-04-23 09:50:32.982495,"-69.93415135723532,113.23733462932694",SIM switch,False
OEY72H0YUJ,1129092050,DOVWR,Android,False,WiFi,2025-04-11 09:50:32.982510,"67.62131982874999,71.543444215812",SIM switch,True
FFZ7J623B5,3514587059,EMLTB,Android,False,LTE,2025-03-30 09:50:32.982529,"16.39254858085387,85.3749294268236",SIM switch,True
149FWFGOU5,6692415973,KAUGJ,iOS,True,5G,2025-04-01 09:50:32.982547,"-16.591981522674274,-12.42938043499754",reboot,False
IMCF942FLB,9283626698,EWXQS,Android,True,5G,2025-04-20 09:50:32.982565,"-63.47306257526151,125.50071963175952",battery drain,False
2KZ57SO1AB,2346697664,YKQYI,Android,False,5G,2025-04-09 09:50:32.982579,"8.434068178350088,-118.16181175685776",battery drain,True
OWI7BEJBC5,9397120448,RPAHQ,iOS,False,WiFi,2025-04-10 09:50:32.982598,"-59.19841336148846,123.95326675577826",reboot,False
DDHKZJUZVD,6762188381,LCOFW,Windows,False,WiFi,2025-04-23 09:50:32.982613,"-4.87435317893987,46.35869370109015",SIM switch,False
NCIIFKSGHL,7240664278,ZGGMU,Windows,True,LTE,2025-03-31 09:50:32.982627,"36.768321013546895,-154.36765195106403",SIM switch,True
9M7OOYMWZ1,5856214292,IJAZD,iOS,False,WiFi,2025-04-15 09:50:32.982645,"-41.95443841426902,-114.33657963781175",battery drain,False
CDCFUW2V8Y,2574898063,SPMLC,iOS,True,WiFi,2025-03-28 09:50:32.982660,"86.14408185606163,50.77024783961542",reboot,True
NOFOKRYPV6,7601143158,HUXYG,Android,True,LTE,2025-04-10 09:50:32.982674,"48.385247632455815,-0.5984599927018621",reboot,True
ZQ6Z5EOE37,7200435333,FIXYM,Android,False,5G,2025-04-02 09:50:32.982689,"69.88053833444465,31.236299950876628",battery drain,True
WHM3W9L08I,9901489233,NQEGW,Windows,True,WiFi,2025-04-21 09:50:32.982703,"89.17880233371585,55.74058445217199",SIM switch,True
82BZRTA3HD,6764843451,VWPLV,Android,False,WiFi,2025-03-26 09:50:32.982718,"-86.1666624337692,165.5997930798208",SIM switch,True
QAJOHSENGL,7158337165,TQIAK,Android,False,WiFi,2025-03-29 09:50:32.982732,"63.528572173616,50.7550863787215",reboot,False
4H0P1EE5A2,3288584761,JJPJO,iOS,True,LTE,2025-03-31 09:50:32.982749,"38.000114172986,-81.28393070494464",battery drain,False
0CJA5057KG,5861041362,LUJET,Android,False,WiFi,2025-04-08 09:50:32.982772,"-34.96721982134636,-89.68492188418507",SIM switch,True
549DS72EIN,0153223084,GEODA,Windows,True,WiFi,2025-04-18 09:50:32.982789,"36.1588724847788,4.189976832793235",reboot,True
9PKBO4MJKT,4602110756,MEEAB,Windows,True,WiFi,2025-04-23 09:50:32.982803,"-1.7917504608394097,151.96599137209472",battery drain,False
1T4Q7W8RWF,3638645336,SMKHM,iOS,False,WiFi,2025-04-08 09:50:32.982819,"45.90571054781057,82.50634467867127",reboot,False
DCVS4Q8MSA,1003680190,XKWBX,Android,False,5G,2025-04-10 09:50:32.982834,"-24.523008168191552,-111.05729040210386",battery drain,True
ENVUHMM4TV,3702316424,PLBCU,iOS,False,LTE,2025-03-30 09:50:32.982855,"-63.367449359290305,-117.64860818136374",SIM switch,False
4ZLGDKIRXT,7265090787,CYNFD,Windows,False,5G,2025-03-27 09:50:32.982878,"20.456953285450453,-15.341622596811874",battery drain,False
RH7NE4MMB6,6376083865,ZSGOM,iOS,False,LTE,2025-04-09 09:50:32.982902,"-68.99394789473678,-137.78742036107673",reboot,False
EXEOFZQJPB,3517351065,HQGZD,Android,True,WiFi,2025-04-09 09:50:32.982925,"-77.40737018380047,-50.259421924161614",battery drain,True
700VFPW63U,5540511959,YUYSY,Android,False,WiFi,2025-04-07 09:50:32.982940,"-27.01528784593097,-102.94247801568305",battery drain,True
HLD11BAOYD,4197239865,LLVSI,Windows,False,WiFi,2025-03-31 09:50:32.982954,"-80.94475817290996,-156.56637156213932",battery drain,True
38S0TE4058,0307460975,WQLAT,Windows,False,5G,2025-03-29 09:50:32.982974,"-67.80712841094649,90.04825185289661",reboot,False
TVIYXS6X96,7455912453,OUNBC,iOS,False,WiFi,2025-03-26 09:50:32.982988,"37.08912964262434,-50.25590514896476",battery drain,False
L2OJW9ES5Q,7048489603,EZRAM,Windows,False,WiFi,2025-04-04 09:50:32.983002,"-78.29300090420631,76.80126171914753",reboot,True
ATLUE9QMFX,0707444117,SRANT,Android,True,5G,2025-04-10 09:50:32.983016,"34.54795246055309,-108.44132666066434",reboot,False
FAE3F85TAG,1443991009,GVGDL,Android,False,LTE,2025-04-09 09:50:32.983030,"79.87095230872654,-158.6703775777404",reboot,False
4RAXCBOZVI,1075630562,CGCMD,Android,True,5G,2025-04-15 09:50:32.983045,"10.431299554784061,-131.13505345906944",battery drain,True
2REK0J2UTJ,4221829528,TAYSW,Android,True,5G,2025-04-05 09:50:32.983060,"34.131789132986,-122.61104895362224",reboot,True
8I5BW8S9B1,5891059687,EKHCX,Windows,False,WiFi,2025-04-05 09:50:32.983074,"81.70678933874342,-12.119602359288507",SIM switch,True
J23GGELQ5W,4594024317,TLUFG,Windows,False,5G,2025-04-09 09:50:32.983089,"14.167696865673747,-106.6555037912113",battery drain,True
G1SECMATZO,6177932488,UYRZS,Windows,False,5G,2025-04-17 09:50:32.983103,"-73.66762284688664,-36.94525106450013",reboot,False
HQ6UPD7D6D,5393995932,RSMPA,iOS,True,5G,2025-04-16 09:50:32.983121,"50.69590573569246,-123.744681650198",reboot,True
QX406MYKGH,2081266363,ZBQSF,iOS,True,5G,2025-03-31 09:50:32.983135,"-60.655021297713915,-2.656494813006134",battery drain,True
JLW9WD7TOA,3447438156,UELJP,Android,True,5G,2025-04-15 09:50:32.983150,"-14.867616384608482,5.296184930656921",battery drain,True
P8IE6P73VA,5995507093,FUZMF,Android,True,5G,2025-04-11 09:50:32.983164,"16.739977030661066,95.25270079480009",reboot,True
JREVOHTYQB,6885934618,HFHBK,iOS,False,5G,2025-04-13 09:50:32.983179,"-19.370484195117783,137.23407984222638",battery drain,True
7MCLG2U0HX,8619356080,XGAJU,Android,True,WiFi,2025-04-17 09:50:32.983208,"37.84198888816486,163.76700231214807",battery drain,True
Z1OCL7XQEG,1695119841,HYPKK,Windows,True,WiFi,2025-04-08 09:50:32.983228,"-33.8432097587218,21.464780043368336",reboot,False
E3LVC8TQV4,8078243136,BHEXY,iOS,True,LTE,2025-04-10 09:50:32.983242,"-70.67496805805797,-37.54020999748994",reboot,False
6OOYX26NQF,2339137526,SEAEL,Windows,True,WiFi,2025-04-01 09:50:32.983262,"13.910452877969703,-93.53700879633377",reboot,False
9NNK5FMCYD,4459336523,WRRYM,iOS,True,WiFi,2025-04-23 09:50:32.983276,"-32.23634683913802,20.735992646952894",reboot,True
JPF3LAJN5D,4816910714,GZNIA,iOS,False,LTE,2025-04-08 09:50:32.983295,"81.555952410596,81.7926718574335",SIM switch,False
IN6ZIY223U,7373367436,FUYQF,Android,False,LTE,2025-04-20 09:50:32.983315,"-41.542353988740466,-69.70277849589782",SIM switch,False
Q132ZP7EUJ,8566108753,TGFTM,Windows,True,5G,2025-04-09 09:50:32.983329,"-14.494400955000543,2.009493565047393",reboot,True
E05OK7NRVJ,3378451986,SFLZE,Android,True,LTE,2025-04-13 09:50:32.983344,"84.67475147021429,72.15462035264588",SIM switch,False
HALO0BTLNO,5427865095,MSSQK,Android,True,LTE,2025-04-19 09:50:32.983369,"74.09664019163361,-94.76308971276532",battery drain,True
344OML0E72,3957143648,MKWDE,iOS,True,5G,2025-04-01 09:50:32.983384,"49.27626126558857,-81.30643766848165",reboot,True
UZBDIN3MTU,0777411672,UVRDT,Android,True,WiFi,2025-03-28 09:50:32.983405,"-82.02457958451976,156.04215335485225",reboot,True
PJTPEL9ZJ5,6415763571,ZOJOY,iOS,True,LTE,2025-04-13 09:50:32.983420,"57.69660922425956,143.76192953354445",battery drain,True
UG5G83U9J4,5639331647,PTVQV,Windows,False,LTE,2025-04-09 09:50:32.983442,"-62.767530515909215,61.94091949456191",SIM switch,False
NF01KZ8MOU,0461934888,TBLLI,Windows,True,LTE,2025-04-10 09:50:32.983462,"-77.54874733993654,-25.5911217917548",battery drain,False
MJXLEV1ZGO,0184339493,ELAGV,Android,False,5G,2025-03-29 09:50:32.983477,"-14.609774341508597,-127.18642507898466",reboot,True
84R05PU0KI,8998092948,RLXGH,iOS,False,LTE,2025-04-08 09:50:32.983491,"-43.20900161451632,-63.17695521309999",SIM switch,False
NWEV89TJN2,4095842106,ALDGN,Android,False,LTE,2025-04-20 09:50:32.983505,"38.4519086510422,151.00594566533005",reboot,True
SEAM42YSX0,2106321439,GKRFO,Windows,True,LTE,2025-03-29 09:50:32.983519,"88.00498152826529,-126.7030737048457",battery drain,True
QSVEC6KIQ8,8949700103,UCVGY,Android,True,WiFi,2025-04-22 09:50:32.983533,"-80.19513207751656,125.61187706651128",SIM switch,True
LERRYIQZOI,4217850114,JXVEU,Android,True,LTE,2025-03-30 09:50:32.983548,"-0.7947726423448245,-35.36191031432173",reboot,True
JMX16DP29Z,6019726778,WSZBC,Android,True,WiFi,2025-04-04 09:50:32.983576,"11.392262590014496,-175.80032022587204",SIM switch,True
4GPHX85P41,6088206246,ZTALB,iOS,False,WiFi,2025-03-28 09:50:32.983591,"-8.289457885533523,-138.25007974381083",reboot,True
EL5Q6ZCQWH,9312450100,FENUG,Windows,False,WiFi,2025-04-18 09:50:32.983606,"-24.889471382163492,117.07312125122678",SIM switch,True
KP2NUTSXW3,5571314296,CGREI,iOS,True,WiFi,2025-04-03 09:50:32.983620,"35.92118578510323,-174.08964013936256",reboot,False
WSBNDV6E7U,2196464602,KIBUP,Windows,False,LTE,2025-04-03 09:50:32.983637,"-18.794344930896244,147.58924756524317",reboot,False
1UFUGNLWKK,8123781168,LDJSN,Windows,False,LTE,2025-04-07 09:50:32.983651,"-46.36958207213573,-75.89102190002428",battery drain,True
4SGJ027J6O,3092522712,RXMEM,Android,False,5G,2025-04-02 09:50:32.983669,"-31.29033322343907,164.6996065974315",battery drain,True
QYRYSFL7UV,0646019920,PJRVE,Windows,True,WiFi,2025-04-09 09:50:32.983684,"-86.32777932999007,-97.66128702633989",reboot,False
9PFHOOYHK3,3195712533,TZTEO,iOS,True,5G,2025-04-11 09:50:32.983698,"1.388059488906407,-41.5678260590787",battery drain,True
N31RHBQADS,7260688947,VHNIN,Windows,False,5G,2025-03-30 09:50:32.983713,"-82.43931383720431,171.2202804931111",SIM switch,False
P1E9T47VIZ,7112916743,JCYFR,iOS,False,WiFi,2025-04-15 09:50:32.983727,"34.76430058993414,-18.903678197488233",reboot,False
XOP9NC07IC,9548630809,QLLTL,Windows,True,5G,2025-04-15 09:50:32.983741,"9.341137910015249,-84.03255723576952",battery drain,True
R5CS7G8M9W,1615116714,TZFQT,Windows,True,5G,2025-04-09 09:50:32.983756,"57.038706488370565,-35.72364926442995",SIM switch,True
WNU5FA6V6W,1129390548,MAXLA,Android,True,WiFi,2025-04-18 09:50:32.983770,"40.268621428206046,149.6907353769119",battery drain,False
N64GUTB7TX,7918879987,IIRFA,Android,True,WiFi,2025-04-15 09:50:32.983785,"-32.70595054408807,-109.05037912317395",battery drain,True
U1KNATIZI1,5733327949,RLAMA,Windows,True,LTE,2025-04-06 09:50:32.983799,"20.290772939964057,121.53692615987188",SIM switch,False
MUWEBB7OLR,6039374299,AVPWA,Android,True,WiFi,2025-04-16 09:50:32.983813,"87.27724817234764,-23.509891061614354",battery drain,True
1F43X2DBG7,2334083704,HFZBN,Android,False,LTE,2025-04-20 09:50:32.983835,"31.433373874676505,153.93784269439186",reboot,False
TJS9H56B1K,8726325400,GGKRF,iOS,True,LTE,2025-04-14 09:50:32.983860,"-36.4475366553031,-95.18899887825944",battery drain,False
31ADICMJZ7,8361222707,AGQOI,Windows,True,WiFi,2025-03-26 09:50:32.983876,"-4.954178232488488,24.427295950119174",reboot,False
MD53O4OJRZ,3517884440,REOHO,Windows,True,LTE,2025-04-12 09:50:32.983893,"14.989330920910362,-43.28800745905258",battery drain,False
Z90HMIUIPN,0807010127,AOJWY,iOS,True,WiFi,2025-04-18 09:50:32.983911,"19.528229572134535,46.917677867727946",reboot,True
C1EZMY1BU0,3852241319,UGMRG,Android,True,LTE,2025-04-23 09:50:32.983930,"17.422576495742533,-151.90831337058285",reboot,False
LP4OTSV6PV,4303707027,AGYWA,Android,False,LTE,2025-04-03 09:50:32.983944,"39.7785813464869,21.263500008900166",reboot,True
K2QMQI7QGI,4341218833,GGACN,Android,True,5G,2025-04-07 09:50:32.983960,"-26.591658066479035,-42.294290526397276",reboot,False
5F4GUE2X8N,5094742279,VDNTH,Android,True,WiFi,2025-04-02 09:50:32.983984,"43.83564166143108,35.77337113524405",reboot,True
7FHYYTKZGY,9495604268,VUKXP,Windows,False,WiFi,2025-04-11 09:50:32.984004,"-64.40162408336785,133.77136668049258",battery drain,False
7LXQ2Z0DSG,4100774633,ANHAI,Android,False,WiFi,2025-04-03 09:50:32.984019,"-25.402038786373197,95.19281802930033",battery drain,True
1OZ9LKI1GL,3915757660,MPGMV,iOS,False,5G,2025-04-16 09:50:32.984033,"-75.33753468215592,137.5832166828481",battery drain,False
DNPOYAW58J,8954697930,WECNS,iOS,False,WiFi,2025-04-04 09:50:32.984048,"70.37946838977928,176.67458040606994",reboot,False
T55ZJJCHSG,6754022006,SYFOC,iOS,False,5G,2025-04-14 09:50:32.984062,"65.49851709368761,87.44067460584876",battery drain,True
QSLKO3KHCE,3469651263,AEJUJ,Android,True,WiFi,2025-04-06 09:50:32.984076,"27.87710023942371,-132.4225861692634",reboot,False
1NJ17XYVXS,0391905639,HBXYO,iOS,True,5G,2025-03-29 09:50:32.984090,"-60.67067992330938,-12.283875738436194",SIM switch,True
HT3H8PZ88F,3218784887,GXBGC,Android,True,WiFi,2025-03-31 09:50:32.984104,"18.97662490946084,-122.59787865217982",battery drain,True
QAI3CVIFDQ,4066554953,QLVJE,Windows,True,WiFi,2025-04-17 09:50:32.984121,"-70.79440913701325,172.73467533173726",battery drain,True
KI5Q4S5T31,3830543906,YDPQP,Windows,True,WiFi,2025-03-30 09:50:32.984135,"2.244497377406674,26.779579881742563",reboot,True
QOUPIX49JF,3841244118,CAUKX,iOS,False,5G,2025-04-04 09:50:32.984150,"81.86965359891423,17.3583231659525",reboot,False
VT1G9H9W28,3740338540,AUHIM,Windows,False,5G,2025-03-28 09:50:32.984183,"-23.13130121577872,-164.31938248650397",reboot,True
W5QMRD9J23,2481261629,ZORYA,iOS,True,5G,2025-03-28 09:50:32.984215,"75.18161617539232,14.049051262104882",reboot,False
GUBNV34P70,6300606387,YWMVD,iOS,True,WiFi,2025-04-10 09:50:32.984241,"-18.627595424175496,-99.36205387861735",SIM switch,False
JL32TXOM8Y,7935433032,QLNCF,iOS,False,LTE,2025-04-18 09:50:32.984259,"-26.470783610051896,-35.11167138862399",battery drain,True
COYH19M859,1845339205,GVGUL,Android,True,WiFi,2025-04-21 09:50:32.984282,"5.668841060677266,-120.66060186106652",reboot,True
VDMJG3DAGD,3022498423,TROPV,Windows,True,LTE,2025-03-29 09:50:32.984303,"48.998849185731814,-150.43471418310142",battery drain,True
WSWQYO3GSK,0068950613,UGALZ,Android,True,5G,2025-04-06 09:50:32.984317,"23.215052189817953,-18.295887605878477",battery drain,True
EC18DA7THY,1664985306,XBHDF,iOS,False,WiFi,2025-03-29 09:50:32.984331,"-74.85829559063663,-42.26171058030701",SIM switch,True
GNI9FPCKVI,9698284477,OZHTW,iOS,True,5G,2025-04-11 09:50:32.984346,"-87.81174558050286,-77.08578679431318",SIM switch,False
QCC9GNY495,2616623115,FWKPH,Windows,False,5G,2025-04-15 09:50:32.984360,"-60.602712211369614,163.76522203991954",SIM switch,False
A9YIHGOKPN,3287993091,UMTWL,iOS,True,WiFi,2025-04-09 09:50:32.984385,"56.241200274271534,52.02235733781154",reboot,False
IGXA69VUI9,8427653851,QCVPS,iOS,False,WiFi,2025-04-11 09:50:32.984408,"66.9786669317505,66.1141025909221",SIM switch,False
38VHMGUM1B,6056389890,UUDRL,Windows,False,5G,2025-03-25 09:50:32.984426,"44.496635122846754,-30.746925954606724",SIM switch,False
79KWQ7QXG4,5497179148,RGBLM,Android,False,5G,2025-04-09 09:50:32.984440,"-48.27629441729848,-31.716407944911168",reboot,False
SRUIU35IWZ,1941450090,PXDFO,Android,True,5G,2025-03-31 09:50:32.984455,"76.35182506692075,44.544804778892285",battery drain,False
Q0SRMXZH71,4025524822,EJTSR,iOS,True,5G,2025-04-21 09:50:32.984472,"67.47447066253727,30.13293829645741",SIM switch,True
7HZ1UMRUCF,9802500832,BDFTW,Windows,False,5G,2025-04-02 09:50:32.984486,"9.518719404382125,75.31615522519843",SIM switch,False
04RWA8DBRD,6806564816,BPXZH,iOS,False,WiFi,2025-03-25 09:50:32.984510,"87.78626149562089,-10.803003588002127",battery drain,False
I74BP08ICQ,1922153622,KNXXB,Android,True,5G,2025-04-03 09:50:32.984545,"36.48485839053926,78.29883983943398",reboot,False
7GZDNSXCFK,0363927852,SHFZS,Android,False,WiFi,2025-03-27 09:50:32.984560,"12.133924605915254,-124.07088985304279",reboot,False
2GB8P8BA29,3521812505,BPOIL,iOS,True,WiFi,2025-03-26 09:50:32.984574,"-25.86587300505836,-134.0894881541811",SIM switch,False
YGZVWW998O,3738796139,GKSAY,Windows,True,5G,2025-04-11 09:50:32.984589,"85.76776392189788,23.886245077666757",SIM switch,False
ODKSIVDJCJ,9079507704,JIAZA,iOS,False,WiFi,2025-03-26 09:50:32.984604,"-24.86407737417467,-68.53136935479252",SIM switch,True
QU5CHMA0AX,7634030131,KVNCW,Android,True,5G,2025-04-23 09:50:32.984618,"-42.49158469061797,144.59200981546576",SIM switch,False
JU4SEZLWYB,2290492139,ABYWP,Windows,False,5G,2025-04-13 09:50:32.984653,"-66.32754850649253,4.630075709508191",SIM switch,True
9ZQ85D2SKM,7270234725,LEASE,Windows,False,5G,2025-04-09 09:50:32.984668,"73.2977674918481,137.39956625728502",SIM switch,True
3IUP3R1QD5,5519529065,FBGNX,Windows,True,WiFi,2025-04-17 09:50:32.984683,"16.26025323914284,116.11017452029375",reboot,False
KWBB8Q8CBY,4886871071,VKOQR,Windows,True,5G,2025-04-17 09:50:32.984701,"-72.27581511813327,134.70100489787296",reboot,True
DY0DW5UQXT,5101623764,WOKQZ,iOS,True,5G,2025-04-19 09:50:32.984716,"14.485693808458848,96.52476228904374",SIM switch,False
ZPQYY3LLPU,9225404849,XUUVJ,Windows,True,WiFi,2025-04-12 09:50:32.984730,"37.02134011574553,-11.223737162412561",reboot,False
F3RX7FR27M,1890180073,BNBRE,Android,False,5G,2025-03-30 09:50:32.984745,"32.25089780969414,22.279076658002708",battery drain,False
4RKAWY0BX7,7644723809,YEUSU,iOS,True,WiFi,2025-03-29 09:50:32.984761,"59.803874314925366,-20.3100028098211",battery drain,True
HLPVTEP3QU,9767722203,KXONV,Android,True,WiFi,2025-04-13 09:50:32.984775,"10.553628614131156,155.86877922513014",battery drain,False
GTSZTC22GD,4916647793,ESCJL,Android,False,WiFi,2025-04-04 09:50:32.984793,"62.41949049708768,177.81699260707796",battery drain,False
X5NHIGUUN6,0450116400,UWUSX,Android,True,LTE,2025-04-02 09:50:32.984808,"-60.12174553946207,24.41185330394012",SIM switch,False
61J8SEQLYR,1377352548,SVBMU,Android,False,LTE,2025-03-30 09:50:32.984822,"-53.59004039608843,159.216023865507",reboot,False
WYLQ40SLIF,8095887697,FLAPQ,iOS,True,5G,2025-04-13 09:50:32.984840,"-45.13938296659505,11.045924205016547",SIM switch,True
1TQJHER8KB,8449557556,RZNIV,iOS,False,WiFi,2025-04-06 09:50:32.984854,"-57.61146395975442,-21.928929642575298",SIM switch,True
2ADPYHJMFF,4517128559,UQAFT,Windows,True,WiFi,2025-04-02 09:50:32.984868,"-20.997470572493796,39.865341359704104",SIM switch,False
G89JWOH7WA,1766711830,ZMMDB,iOS,True,5G,2025-04-14 09:50:32.984883,"-46.55360128117941,-121.61100198199094",SIM switch,False
GNC4VOA2TM,0073133751,IKJZH,Windows,True,LTE,2025-04-05 09:50:32.984898,"80.30118628797399,114.03144976994406",SIM switch,True
AZQCW3304M,0351487216,QDGZR,Windows,False,WiFi,2025-04-21 09:50:32.984922,"35.36483063452751,-1.0333838238960311",battery drain,True
AM6LEDHB71,4752382101,BKEEP,Windows,False,WiFi,2025-04-09 09:50:32.984943,"4.069120644289697,19.96477296381704",battery drain,True
OVKW629FEK,3389371993,JXXIX,Android,True,5G,2025-03-26 09:50:32.984968,"17.402641007412086,89.88227071023175",reboot,True
ULMA1J34U0,0829646264,RGHAJ,Android,False,WiFi,2025-04-05 09:50:32.984987,"-47.81769440831856,94.74376364856226",battery drain,False
PGAZGD7DHB,2570308569,DVZXY,iOS,False,WiFi,2025-04-10 09:50:32.985002,"66.39100716091457,-12.539719217195966",battery drain,True
BNMEC8Z037,1392798800,VDOAB,iOS,True,WiFi,2025-04-23 09:50:32.985017,"72.86155970999761,-112.12925868966158",SIM switch,True
7QUGW7NQ39,1987182244,ULHQH,Windows,True,WiFi,2025-03-29 09:50:32.985034,"4.507776802965424,-80.16031444984432",reboot,True
HROVTLG1M8,7901370480,KOMHW,Android,True,5G,2025-04-12 09:50:32.985058,"-84.30632010528265,17.531552668512063",reboot,False
WHIKFHH7ZK,8104264241,ALTDB,iOS,True,LTE,2025-03-25 09:50:32.985090,"40.72764290476627,84.87466608427968",battery drain,True
OESO6DEMD1,4997753309,OBHUK,iOS,False,LTE,2025-04-01 09:50:32.985114,"13.88989664056895,78.46943229214054",battery drain,True
XX2JMGJL09,9322469554,ZMRZN,iOS,False,5G,2025-04-11 09:50:32.985137,"74.11489614097678,-104.00840296267403",SIM switch,True
G7JK9Y63RL,8787362320,RGCLP,Windows,False,5G,2025-04-14 09:50:32.985151,"-87.12285163088788,59.78594780730083",battery drain,True
7TLWKBI3AJ,4934016930,DNOHX,Windows,False,LTE,2025-04-04 09:50:32.985165,"-47.89176979935845,-68.14488382085852",reboot,True
KL4PEEXVH7,5430297785,YGMMZ,Android,False,5G,2025-04-19 09:50:32.985179,"-32.29486615048009,-142.94726776023566",reboot,False
V4GIUOXDLG,4389685791,SVGZL,Android,True,5G,2025-04-08 09:50:32.985198,"58.82774701860916,-97.33727589175119",reboot,True
KWQ9C2EJGN,7650341474,DYMBR,Android,False,LTE,2025-03-25 09:50:32.985213,"71.71587218444455,128.0301642166641",reboot,False
RLA7YMZ2GR,2986866639,IPDVO,Android,True,WiFi,2025-04-08 09:50:32.985227,"89.13946743161068,61.93586111247171",reboot,True
GB5TVDDHQI,5775993943,TMBDA,Windows,True,LTE,2025-04-17 09:50:32.985241,"6.315089734273471,73.99029868316791",reboot,False
DHOE0L82RN,3086291541,FQGYB,Windows,False,5G,2025-04-21 09:50:32.985255,"10.21501336516451,-151.6924079782215",reboot,True
30DXCCXWSA,8989278575,ZKRAV,Android,False,WiFi,2025-04-06 09:50:32.985270,"0.9726819594053637,-72.79949560379367",SIM switch,True
GK88Y556CQ,9410173127,YCBNR,Android,True,5G,2025-04-08 09:50:32.985285,"42.15747897620378,172.94166629181166",battery drain,False
VU0DK10067,4281613453,TDKCF,Windows,False,LTE,2025-03-29 09:50:32.985299,"73.33655519579386,103.37655464754118",reboot,False
74XIV0EDUF,0645971210,BWQTK,Windows,False,LTE,2025-03-25 09:50:32.985315,"-41.748801203962614,-87.69524082471158",battery drain,False
9Z2CPK3H3H,4797702317,TFKMW,Android,True,WiFi,2025-04-02 09:50:32.985330,"70.13564406352197,14.392111573953429",battery drain,True
SGTBE2G21P,2116949980,WMLPQ,iOS,True,5G,2025-04-05 09:50:32.985357,"20.776384305943907,-20.11300650895265",reboot,True
5L54YBE4F7,4982285866,TPRHD,Windows,False,WiFi,2025-04-02 09:50:32.985379,"-3.794399012090537,-155.59865452114266",reboot,False
NFMQUQQ0O8,2013833654,AXPMZ,Android,False,WiFi,2025-04-20 09:50:32.985394,"24.913856357742944,-58.17961612042173",reboot,False
SHVILT4VZV,8662259701,HTNUN,Windows,False,LTE,2025-04-02 09:50:32.985470,"-79.95662905442882,63.49833797615861",battery drain,True
DW59C8X8ZA,1470146301,QTOUA,Android,False,WiFi,2025-03-25 09:50:32.985486,"77.44870108310045,87.51526882979755",reboot,True
PFK9X7IH5C,6745286517,AWZPB,Windows,False,WiFi,2025-04-12 09:50:32.985503,"-89.24561921950084,94.58675413160921",SIM switch,False
24ZG9L04CJ,4607691684,YMGXF,Windows,False,WiFi,2025-04-19 09:50:32.985524,"-57.81780709311184,34.24041266113787",reboot,True
M4F3BLT52U,4789870329,OKSFD,Android,False,5G,2025-04-17 09:50:32.985542,"65.07796326688307,-131.17511288226845",SIM switch,False
YWNDZJUWTT,2882394466,UDEDZ,Android,True,LTE,2025-04-07 09:50:32.985560,"50.54198618490952,114.96857982127426",battery drain,True
S6EELBN69P,4826859726,XSBOV,iOS,True,WiFi,2025-04-18 09:50:32.985576,"-2.1109421889522935,-163.38559762002438",reboot,False
U0D7Z4SP70,0097496189,KBBOY,Android,False,LTE,2025-04-23 09:50:32.985600,"61.068511467637194,-81.29809230158288",battery drain,False
S61UOXHMZ6,7813662799,EHBGZ,iOS,True,WiFi,2025-04-07 09:50:32.985619,"-48.37343889068595,109.75435796482373",SIM switch,False
LIQGXNL2BP,7154885399,OBNJR,Windows,True,5G,2025-04-04 09:50:32.985634,"49.56493120194605,96.90524349844867",reboot,True
C3HDD1XQLR,8666436578,XHBEU,iOS,True,5G,2025-03-27 09:50:32.985648,"3.65031336482366,-89.95109744159271",battery drain,False
GMNYCQHH8B,4401543635,TRAZS,Android,True,WiFi,2025-04-22 09:50:32.985664,"33.36433761247089,-105.37034224082437",reboot,True
J18QQ2GLS8,4540709393,XFENQ,iOS,True,5G,2025-04-20 09:50:32.985679,"85.3894919912891,-171.1341316122556",SIM switch,False
YMM9UNSGHJ,0258976551,OQZOK,Android,False,LTE,2025-03-26 09:50:32.985694,"-40.3248222848692,-57.03236121578797",SIM switch,False
8BMJ4DBIK6,0471594783,NYKHB,iOS,True,WiFi,2025-04-19 09:50:32.985714,"-77.28682669598655,146.3126445909474",battery drain,True
W6VJV8V9HD,1548776699,MIFIO,Windows,False,LTE,2025-04-14 09:50:32.985732,"-11.714767506789727,-142.32044901685862",reboot,False
XWG81KJXYO,5365997821,MYYPS,Android,False,WiFi,2025-04-15 09:50:32.985747,"66.8457718561958,-62.436098833237835",SIM switch,False
EEVQKAOM7G,3394431019,FBZSL,Windows,False,LTE,2025-04-17 09:50:32.985761,"-68.21461271974039,51.141637636625205",SIM switch,True
BE9MQFPDAX,9976397827,EREVW,Android,False,WiFi,2025-04-03 09:50:32.985775,"-14.497331583367412,-41.74940410527944",reboot,True
PQ0TG2VPCM,1240114250,GQSIG,Windows,True,LTE,2025-04-17 09:50:32.985789,"3.4270701149909826,-86.8919323127574",SIM switch,False
FXE8YU9SX4,9748947192,BODRY,Windows,True,LTE,2025-04-22 09:50:32.985804,"-37.54338095141087,142.94880403167076",SIM switch,False
FX4UZXGXGD,8998020968,FOBCE,iOS,True,WiFi,2025-04-12 09:50:32.985818,"-68.04818071640284,148.6725695747685",reboot,True
LC3SN6KPT8,7347513676,WTVYH,iOS,True,WiFi,2025-04-23 09:50:32.985832,"-27.93666163599699,-57.19920474960482",reboot,False
INZ7EBM9O2,6352602045,HBHQL,iOS,False,5G,2025-04-01 09:50:32.985853,"28.551291881563074,-179.59168559715823",SIM switch,True
4AZ1T02B1U,4733124834,RDHJU,Android,False,5G,2025-04-23 09:50:32.985868,"58.93780928949934,-42.33103456109805",battery drain,True
BRDDLY1F4I,7504366300,RKJLL,Windows,False,WiFi,2025-04-17 09:50:32.985882,"47.05451652085543,-140.80073749819226",battery drain,False
NCBOK4KNJ5,9438903997,HIJMI,iOS,False,WiFi,2025-04-08 09:50:32.985896,"-66.89825748921794,60.80224196366228",reboot,True
PPTL699MXH,2419577786,ULKST,iOS,False,WiFi,2025-04-09 09:50:32.985915,"89.36737123531586,87.165564236688",reboot,False
BRAMOFLKI3,4009455926,EHNEV,Windows,True,WiFi,2025-04-20 09:50:32.985930,"-74.12747425568861,-163.03477104259133",reboot,True
SOYCU40G27,1529508415,IOMIC,Windows,False,WiFi,2025-03-29 09:50:32.985945,"19.122518567100414,-17.674203558552165",SIM switch,False
DHCEGSBK8K,2197849209,CLPFA,Android,True,WiFi,2025-04-16 09:50:32.985959,"-25.507743212256912,51.250068904349774",battery drain,True
IT2SHQ36Q3,5841937363,OGBSR,Android,False,5G,2025-04-09 09:50:32.985973,"-82.52252772751848,-92.03028471524217",SIM switch,False
AKXDBLQQLJ,5992500353,SKKJW,iOS,True,WiFi,2025-04-18 09:50:32.985989,"-36.9263605406974,56.17577209673922",reboot,True
W8TVM5250O,6804434269,PIYGD,Android,True,5G,2025-04-20 09:50:32.986003,"16.08582005621909,155.73236943666888",SIM switch,False
93QM7NA1VQ,1870816446,LLGJB,Android,False,WiFi,2025-03-25 09:50:32.986018,"-26.229662465775682,53.25396386506378",battery drain,False
AKCCU55SRO,9899158816,CEGEH,Android,False,LTE,2025-04-09 09:50:32.986033,"55.88452742181619,10.005000207691864",SIM switch,True
5YILG3IPD5,0808041975,RWNCJ,Windows,True,5G,2025-04-23 09:50:32.986047,"-86.93219395720338,86.9770762105997",reboot,True
233K34HPF9,2855756298,AULNI,iOS,False,WiFi,2025-03-25 09:50:32.986061,"38.86232021691853,44.152884706899954",reboot,True
I4FM7BXALK,8819539313,XHRIU,Android,False,WiFi,2025-04-21 09:50:32.986076,"68.27767207348734,101.26557039122036",SIM switch,True
L1Q989J2C6,1129106979,RHGCO,Windows,False,5G,2025-04-03 09:50:32.986092,"26.985002429382263,167.2229711196681",SIM switch,True
60DLOGRMNV,9804022223,KITRA,Android,True,5G,2025-04-21 09:50:32.986116,"-88.38778687391572,170.45326555581408",SIM switch,True
DNBHDK42JS,1102249476,BCDTU,Windows,False,WiFi,2025-04-06 09:50:32.986142,"-30.652238554672884,29.978699876067253",battery drain,True
N17VESCBOA,8857926368,TFOOX,Android,True,5G,2025-04-20 09:50:32.986158,"31.324322158336386,-99.79591138969434",reboot,False
LV8GLLAAEA,6796890187,GWONG,Android,True,WiFi,2025-04-10 09:50:32.986174,"68.70617931532371,131.62456237570007",battery drain,False
OW3JKHWU1V,2981211644,YNXFG,iOS,False,5G,2025-04-22 09:50:32.986188,"-85.4058061035811,76.35095945930834",reboot,True
TT4RAGV1VB,8879303550,VXCBU,Windows,True,LTE,2025-04-12 09:50:32.986202,"13.0631301132954,-18.259488807258634",reboot,True
3LU2Y73PAJ,8481917768,UQEAV,iOS,False,WiFi,2025-04-11 09:50:32.986217,"-21.981490345690645,-44.77157487895275",SIM switch,True
ZV6IKA7LAO,8423707186,LGTEU,iOS,False,LTE,2025-03-27 09:50:32.986231,"24.807147878198336,21.21533399734588",SIM switch,False
KY8WCLCVL3,2307423599,VKDVS,Android,True,5G,2025-04-14 09:50:32.986245,"87.64013024820298,-24.500219264345958",SIM switch,True
QGB8BUPYG2,2945166203,DVEYC,iOS,False,LTE,2025-04-14 09:50:32.986259,"33.94918025396106,-8.648011596201513",battery drain,False
XNWRTAFQPE,9048786936,NMOOW,Windows,False,LTE,2025-04-19 09:50:32.986274,"-48.574741542613324,-66.25118736137495",SIM switch,False
I5J4ZHMJHZ,3783617357,ZHHDQ,iOS,False,5G,2025-03-28 09:50:32.986288,"-36.52678408501192,-20.509688160434052",SIM switch,False
VCT0E9NA0S,1973799468,PMPIV,Windows,False,LTE,2025-04-04 09:50:32.986303,"-64.4779479972498,112.63543363909184",reboot,True
7YZFIOY60V,5471874552,DKWUB,Windows,False,LTE,2025-04-16 09:50:32.986317,"46.98859361709572,-0.18085763099196583",reboot,False
51W80EMJLF,5291610755,EADOM,iOS,False,5G,2025-04-12 09:50:32.986331,"47.677395717084465,-53.04340828032991",battery drain,True
HLQSQ207LI,1409413802,VIEYW,Windows,False,5G,2025-04-11 09:50:32.986345,"52.221287742251974,-178.84670198045683",battery drain,True
7FVGMUVMM3,2605709359,XACXB,Android,False,WiFi,2025-04-12 09:50:32.986361,"28.191790209572233,107.25808595302607",SIM switch,True
DINV6QJ7T0,1538313324,WMSUA,Windows,False,5G,2025-04-05 09:50:32.986375,"55.396101279217135,-170.59158416725788",reboot,True
8I3KBYGMBD,3782718756,UBSZP,Android,True,LTE,2025-04-09 09:50:32.986390,"-30.48500028769648,-160.52112837041258",reboot,False
ECY46GVVY3,8338320061,PEPFT,iOS,True,LTE,2025-04-06 09:50:32.986405,"9.03963716466697,-146.73684374166285",reboot,True
ZT11NRP6N4,7824573109,YLKCC,Windows,True,5G,2025-04-06 09:50:32.986429,"46.650589641283716,-178.24886466650455",battery drain,True
CX2NZ4DMS3,3083827537,AKNIQ,Windows,True,LTE,2025-04-11 09:50:32.986454,"64.96089786459854,28.809701265120424",SIM switch,True
UNMYJYZJO2,9667336434,CHEJO,iOS,False,WiFi,2025-04-08 09:50:32.986469,"4.388429479275828,-53.53378908292326",battery drain,False
ZUOIXF2TIH,6837917379,ZYOJO,Android,False,5G,2025-03-26 09:50:32.986483,"-48.588203287143386,-169.25758484249928",battery drain,True
96647NOAJO,9252099514,CCQUD,iOS,False,5G,2025-03-29 09:50:32.986498,"-20.54405786465756,-64.32287111706401",reboot,True
YRW1Q5TTRQ,8625963271,DNQZK,Android,False,WiFi,2025-04-06 09:50:32.986513,"-80.82553195939778,65.16376019974328",SIM switch,True
60TFXDMZ8G,8408997323,CPNIR,iOS,False,LTE,2025-03-29 09:50:32.986536,"-66.22914201522919,128.7368871478053",reboot,True
A3DPPYPXDE,3273144576,QWNTS,Windows,True,LTE,2025-04-12 09:50:32.986551,"-17.492072404714605,157.6114127338534",battery drain,False
CC6HAPAFUA,4968549681,ZMKDC,Android,True,LTE,2025-04-16 09:50:32.986566,"-0.9234999106201371,97.70702676025678",reboot,False
K5D2RXDKG7,3160858096,BHYZP,Windows,False,WiFi,2025-04-14 09:50:32.986589,"-8.786098439146585,91.07219166033207",battery drain,False
3VGI6HLTD8,1304844717,KPIHR,Android,False,LTE,2025-04-04 09:50:32.986605,"-29.579581125298915,-170.8721169220023",SIM switch,False
WA1S0X1HZ4,5368785728,YGKKG,Android,True,5G,2025-04-06 09:50:32.986619,"64.34956506839157,-26.38578010266255",reboot,True
EQAM6NLPRH,8922722073,BYRBT,iOS,True,WiFi,2025-04-08 09:50:32.986634,"-35.31885263268496,-23.72809468097816",battery drain,True
PGEHQKZ0OK,9349503509,YGMVL,iOS,False,LTE,2025-04-16 09:50:32.986648,"-39.982032018346416,140.22977808836083",reboot,False
T3XYSOO7XA,8595695525,LWKMJ,Windows,False,5G,2025-04-04 09:50:32.986670,"70.61235250390308,58.47088734112674",battery drain,False
V3WZ3HS12H,9190278393,XIGMZ,iOS,False,LTE,2025-04-22 09:50:32.986697,"48.105410645922746,129.81307508213126",battery drain,False
UIKRBILTLS,8416824377,CZZXJ,Android,True,LTE,2025-04-21 09:50:32.986712,"-42.97727994793533,91.57600004424216",battery drain,True
QODCTGK5ER,5348980323,FICVN,Windows,True,LTE,2025-03-27 09:50:32.986726,"5.334403154484846,-81.31710850788875",SIM switch,True
097W3J3R2Q,7140035392,WBGTF,iOS,False,5G,2025-04-23 09:50:32.986745,"-37.42770905362241,-19.28299262100674",reboot,True
VSJCYM5OEO,1327409551,BBDDI,Android,True,WiFi,2025-04-22 09:50:32.986761,"-6.281971140557673,134.37741379949682",reboot,True
UNW8QL646Y,2762064434,SSLGU,iOS,False,5G,2025-04-12 09:50:32.986775,"49.01540362043548,-136.81269401465977",reboot,True
UO5LTPN491,4305192072,PAUCL,iOS,True,LTE,2025-03-25 09:50:32.986796,"-21.68450892844841,80.84592018458005",reboot,True
KBLA8JKHII,8406539895,RQSSX,Android,False,5G,2025-03-27 09:50:32.986814,"17.553990806984828,136.31501541245137",reboot,False
8S3F6KHAJ3,1150160374,JUMQS,iOS,True,WiFi,2025-04-09 09:50:32.986829,"31.456074823756026,100.05278559066903",battery drain,True
Z1EI5RD3RZ,2938348279,PYELA,Windows,True,5G,2025-04-11 09:50:32.986843,"-2.1941039010759056,162.39445375339375",reboot,False
RQJGSJ1P5J,2313180528,GBQHV,Windows,False,LTE,2025-03-28 09:50:32.986857,"83.03405281592859,106.24056290302593",SIM switch,False
MVABGVV7PY,4712017192,IVDIC,iOS,True,5G,2025-04-01 09:50:32.986872,"-83.06214674287082,114.35720540462819",SIM switch,True
PG2HL9ROWB,4665964146,EEILL,Windows,True,LTE,2025-03-27 09:50:32.986886,"9.45214458133674,1.129351249258491",reboot,False
H02F5LKNTK,7644782237,DIQQS,Android,True,5G,2025-04-14 09:50:32.986900,"-80.72995963123537,9.45543213894149",reboot,False
0FOJ14QTT6,5069971673,SUOEC,Windows,True,5G,2025-04-19 09:50:32.986914,"-59.60103865691324,-80.688806449109",battery drain,False
SV6A0XPKKQ,3793956234,HUHMG,Android,True,LTE,2025-03-31 09:50:32.986928,"45.313011041067966,-173.90484928776382",SIM switch,True
KYJR2GAX8T,7142808116,XRRNI,Windows,False,WiFi,2025-04-15 09:50:32.986945,"22.14074591959823,-45.8357315247419",battery drain,True
8RFDZILT31,6684870004,OIIVU,Android,False,LTE,2025-04-02 09:50:32.986959,"-23.243523021421126,166.40934716886585",battery drain,True
8UF146SQHO,5354653464,JMBJU,Windows,True,LTE,2025-04-06 09:50:32.986973,"43.413347923439886,-172.14126853671294",reboot,False
FI4YTU1B86,7409575918,DOBJQ,Android,False,5G,2025-04-05 09:50:32.986987,"46.74782941279611,88.9361123382256",SIM switch,True
RH3N2DFAH6,8239330943,UGXTD,iOS,False,WiFi,2025-04-15 09:50:32.987002,"-18.668164827797142,-138.12253484521247",reboot,True
KLASZVEE86,2635050878,DNPTL,iOS,False,LTE,2025-04-16 09:50:32.987021,"-55.484704759629736,-174.89241667215848",SIM switch,True
GU5TQSNA0L,2586344746,QYWUQ,Windows,False,5G,2025-04-19 09:50:32.987035,"57.58405373656288,-53.44924100250486",battery drain,True
THNNDHM4AF,4745309384,PEAZR,Android,False,WiFi,2025-03-27 09:50:32.987049,"34.754235707677736,131.28950726351002",SIM switch,False
A5684HZ9FV,3892452872,MWZTS,Android,False,5G,2025-04-13 09:50:32.987064,"-42.60407976066487,-67.92892894249626",reboot,False
K78E91VJNP,8528794720,MKUOS,Windows,True,WiFi,2025-04-21 09:50:32.987078,"82.81759625448277,-7.870501493459727",SIM switch,True
FI324ID3JL,3870217312,IRBTL,Windows,False,LTE,2025-04-02 09:50:32.987093,"64.05304769673495,-46.90795802810092",battery drain,False
XME2I7KKQP,6516779665,JRHLH,Windows,False,WiFi,2025-04-13 09:50:32.987109,"-77.46994131564438,-66.18474702573832",battery drain,True
26XTBPBWBL,7625859320,BEVMZ,Android,False,LTE,2025-04-12 09:50:32.987123,"63.54830919539248,71.85880172733354",battery drain,False
PW7LBJP090,3151204407,DTMDP,Android,True,5G,2025-04-01 09:50:32.987137,"38.50404508714021,-39.866746822501824",SIM switch,True
6FNBL1VH4J,0825636535,DNHER,iOS,False,LTE,2025-04-09 09:50:32.987151,"-62.28421944242133,-10.745174571743263",battery drain,False
18M3HYC0EQ,7226789478,MMNTY,iOS,False,5G,2025-04-20 09:50:32.987174,"7.6841228193935365,-77.76266070900083",SIM switch,True
KCH804J63X,5569330737,WRAEE,iOS,True,5G,2025-04-13 09:50:32.987199,"15.400039395015213,102.26160867918213",SIM switch,False
99QVCB6QE2,0111441417,ZFLED,Windows,True,5G,2025-04-07 09:50:32.987214,"48.84016635918607,101.70992708979384",SIM switch,False
K90R9O22PO,3964193322,QNLBY,Windows,False,WiFi,2025-04-15 09:50:32.987228,"-6.798473307756623,-173.9144222359728",SIM switch,False
GAETZ5QG09,0486315410,KIHSU,Android,True,5G,2025-04-02 09:50:32.987242,"-56.93922924837448,154.41923575079892",SIM switch,False
AWGWYXHKU7,4461279841,BBJIZ,iOS,True,WiFi,2025-04-01 09:50:32.987257,"-89.69914970460412,-1.8690831863853532",battery drain,False
PIOW957MN1,0688199710,ANQMO,Windows,True,5G,2025-04-03 09:50:32.987274,"-56.271609968851685,63.83879778631021",SIM switch,True
03L0J0KCSF,6085304232,ALVVA,Android,False,WiFi,2025-04-16 09:50:32.987289,"84.46429140998765,-53.38972980795248",battery drain,True
TQ1P6M1X9E,8834883815,NLYGO,iOS,True,LTE,2025-04-04 09:50:32.987303,"62.40826287140348,101.76696327110812",battery drain,True
788YNHTVA2,4110723612,NPJSB,Windows,True,WiFi,2025-04-06 09:50:32.987322,"87.55433845830999,163.59418237913968",battery drain,False
ACELH96XVJ,5723167933,XKLMH,Android,False,LTE,2025-04-03 09:50:32.987336,"-30.33929096076598,42.78178924472911",SIM switch,False
ILQTB4L29R,8112914981,MEUTS,iOS,False,LTE,2025-03-26 09:50:32.987350,"-51.40017302272227,-143.49472143086726",reboot,True
6PKUCZNAUH,9474190780,HXUGM,Android,False,LTE,2025-03-26 09:50:32.987365,"-17.272750834117247,-48.398864582950125",reboot,False
32GU3MG1GM,3939480573,OXBDS,Android,True,WiFi,2025-04-15 09:50:32.987379,"-85.26853007922242,176.69062054584333",battery drain,True
KHZ55PMJ92,9122472092,CKSHJ,Android,False,5G,2025-04-23 09:50:32.987393,"2.867448563018101,-142.44215723387444",battery drain,False
I9PL3GLFQT,2078551840,CYZNO,Windows,False,LTE,2025-04-22 09:50:32.987408,"-77.7547371263739,-103.75241495779089",SIM switch,False
U2J7TV6A1N,9253227226,NXSEB,Android,False,WiFi,2025-04-07 09:50:32.987423,"38.97737852159719,3.7834753722244727",reboot,False
R0K5UDSCPN,8790244455,LPMYK,Windows,False,5G,2025-04-08 09:50:32.987437,"77.83386562157375,-72.37225967363874",battery drain,True
VNSHBPCWRB,6468711847,LHYQY,iOS,True,5G,2025-04-09 09:50:32.987451,"-57.120164022222326,109.29230669510628",battery drain,True
W221ZLNDVX,0339981305,ZANQF,Windows,True,WiFi,2025-04-02 09:50:32.987466,"19.613797801717055,-3.1047738788741697",battery drain,False
VLMG889TSJ,9201376239,HKZYG,Android,True,LTE,2025-04-06 09:50:32.987480,"5.54980323187074,-66.72735955234506",reboot,False
IODXQVBJ6O,0888375530,KRKET,Android,False,5G,2025-04-15 09:50:32.987495,"-9.703028890190055,-48.68536750751605",SIM switch,True
SV6TKO5J39,7729272679,BPBZU,iOS,True,LTE,2025-04-23 09:50:32.987518,"19.488360117436386,126.04951178798325",SIM switch,False
14Q3N3XL76,2239577882,SYDDS,iOS,True,LTE,2025-04-22 09:50:32.987541,"-71.98426156551592,-112.40260546816296",reboot,True
US5UX9S77N,5365241919,KYFKN,iOS,False,LTE,2025-04-13 09:50:32.987937,"-85.84432831054188,63.59187702879041",battery drain,False
F3L21YL2VB,2678119506,QLGPB,Windows,False,WiFi,2025-04-23 09:50:32.987966,"21.87391189949429,-36.64933027078132",battery drain,True
Y5OH07U9NM,2448448768,TIKXD,Android,False,5G,2025-04-11 09:50:32.987980,"56.5776268430628,-96.39922273991183",battery drain,True
4E8DZ4OZED,6170873339,SOOVL,Windows,True,WiFi,2025-04-19 09:50:32.988002,"85.34695746924774,156.57559754126908",SIM switch,False
1QB4LXB570,0442163037,CAIJC,Windows,True,WiFi,2025-03-30 09:50:32.988016,"-44.95233727419678,-26.59941617562808",reboot,False
8QAP2YSIST,2581758198,TIALG,Android,True,5G,2025-04-17 09:50:32.988030,"54.08398672574077,110.77262887776055",reboot,True
M3KL5CA0LS,0701033599,LWXLU,Windows,True,LTE,2025-04-16 09:50:32.988045,"81.19045593503839,61.95907089551264",SIM switch,False
1CNT39K6Q2,3835349861,ICIMM,Android,True,5G,2025-04-21 09:50:32.988059,"-27.279664627236237,-47.90314111652543",SIM switch,True
58ZDS1GCU6,4562672918,ONFMH,Windows,True,WiFi,2025-04-21 09:50:32.988073,"40.59892699386887,126.14347395255277",SIM switch,False
RUUPDQQ3DQ,6451368055,TAEWW,iOS,True,5G,2025-03-31 09:50:32.988091,"67.00251374553338,-70.31135204525678",SIM switch,True
ZCDED54MLH,6686619471,VJKPX,Windows,False,WiFi,2025-04-05 09:50:32.988151,"-49.86536272458552,109.05048675920483",SIM switch,False
QAFD3ZFBLE,2391990795,TOGGW,Android,False,WiFi,2025-04-10 09:50:32.988166,"-19.542720709400683,-52.192196972610134",reboot,False
WNTLLP10MK,9022446578,BXLZP,iOS,False,LTE,2025-04-21 09:50:32.988292,"63.34544358183615,-101.87445546717024",battery drain,True
LJFW36X1LG,7266290030,IBOJG,iOS,False,LTE,2025-04-22 09:50:32.988318,"-19.87266011111842,132.4217405825621",battery drain,False
M6JGLEQF7T,2602342302,PYYKU,iOS,True,5G,2025-04-03 09:50:32.988333,"73.05024096315825,27.18967085427235",reboot,True
DYCI89MIAP,8545625122,HSSMC,iOS,False,5G,2025-03-26 09:50:32.988348,"74.1765177666698,135.58342967133171",SIM switch,True
HAFTYSPS0Y,0163957804,CANDR,iOS,True,LTE,2025-04-11 09:50:32.988362,"-38.015088382842904,-76.8636070399188",battery drain,True
E7PTRIOJCZ,5565476112,LYEWR,Android,False,5G,2025-04-04 09:50:32.988376,"71.04987508163072,-97.9033291337681",SIM switch,True
3YX79J828A,4041009256,SWYOC,Windows,True,LTE,2025-03-27 09:50:32.988390,"40.37183278402634,130.51398465335353",SIM switch,True
9LWLAX7U04,7104546023,QCLHP,iOS,True,5G,2025-03-31 09:50:32.988404,"43.23686086227801,-175.39839554420854",reboot,False
Z48K3UOW9F,6368703803,NXMVC,Android,False,5G,2025-03-25 09:50:32.988419,"-0.5574462032218293,136.57286804550364",battery drain,False
J9KKOPDUYU,9320584082,IGPSE,Android,True,5G,2025-03-26 09:50:32.988443,"-33.507784215052844,146.67179787491318",battery drain,True
CBXELOLFQF,2256069619,BAWOM,iOS,True,5G,2025-04-07 09:50:32.988458,"-57.8083168686695,102.04402120700183",SIM switch,False
27TUO62ULB,1753229291,PHVTK,iOS,False,WiFi,2025-04-22 09:50:32.988472,"61.112694258154676,12.542712538350287",SIM switch,False
WMH7MC6QLD,5072783132,SYMVR,Android,False,WiFi,2025-04-11 09:50:32.988486,"46.138060898608785,79.57250796554354",SIM switch,False
EQBBOMZ3SL,3111647195,NLWYY,Android,False,WiFi,2025-04-14 09:50:32.988504,"78.75140661692018,16.391809035959653",SIM switch,False
D4IBOU3JX6,0057475833,WHQPC,Android,True,5G,2025-04-13 09:50:32.988520,"29.80009359105115,4.040388939375447",reboot,False
T9FL4F320L,3311376729,WQNSF,Android,False,WiFi,2025-04-01 09:50:32.988538,"30.736203339981245,-48.565220370002066",reboot,False
JRKUX5FA8N,4715939257,NHGKC,iOS,True,WiFi,2025-04-18 09:50:32.988553,"60.00027063638461,-167.66725198883535",reboot,True
8C34F1QNK5,9061429768,EJQLM,iOS,False,5G,2025-04-05 09:50:32.988567,"84.9558937820056,161.12295468095908",battery drain,False
Y47AGFXM2G,0549610302,BZAYO,Android,False,5G,2025-03-27 09:50:32.988588,"50.344143711276644,-164.03873730004685",reboot,True
FFTXWS2GZY,0029644865,GNFCN,Windows,True,5G,2025-04-06 09:50:32.988612,"0.15234047915285487,-20.22828853869069",battery drain,True
2LUWHPM6AB,3635598323,DYBJT,iOS,True,WiFi,2025-04-03 09:50:32.988629,"-73.61031005205147,-62.16575467476338",SIM switch,True
KDFQADPKP7,6288669103,DRXLF,iOS,False,WiFi,2025-03-28 09:50:32.988651,"16.90424597487356,-72.33156002975228",battery drain,True
U07RXDQ222,5705373783,CRKTE,Android,True,5G,2025-04-22 09:50:32.988668,"76.43684830961286,-40.9995164338481",reboot,True
9NKUJXAS4C,9075233030,ZFGPR,Android,False,WiFi,2025-04-13 09:50:32.988682,"81.85424754688356,90.9331753467203",SIM switch,True
MQ5H3VUKZV,0434638795,HDCPD,iOS,False,LTE,2025-04-03 09:50:32.988696,"60.73013837544056,-9.896103229804993",battery drain,False
UZRXBU944K,5600929701,JOWHA,Android,False,LTE,2025-04-22 09:50:32.988711,"66.25888208798901,53.29912516140533",battery drain,False
VV1QJSCFXR,1020684948,ZXEDP,Android,False,5G,2025-04-19 09:50:32.988726,"-40.50182933559482,-8.622481486098195",SIM switch,True
Y9WNWNNHP8,9814119830,AVXIX,Windows,True,LTE,2025-04-12 09:50:32.988753,"57.59154181954392,-22.799848586740666",battery drain,False
513ERD2AZR,4591407380,VYVWI,Windows,False,WiFi,2025-04-02 09:50:32.988769,"-69.2983302132462,108.8840459287797",battery drain,True
QPNSSCOMP8,1579025172,DJZDC,Android,True,LTE,2025-04-17 09:50:32.988785,"-28.903344387639088,-98.8420171163312",reboot,False
JMTIPEG9WG,7123494131,JEIXH,Windows,False,WiFi,2025-03-28 09:50:32.988803,"73.75949912253799,-169.7653838433315",SIM switch,True
J68CN309S9,9169419275,CEOKC,Windows,False,5G,2025-04-15 09:50:32.988832,"-12.375235962021904,-83.0673106924615",reboot,False
919JKJK99N,0311641322,PDAES,iOS,True,LTE,2025-04-17 09:50:32.988851,"59.20480231894416,-117.50852246405441",reboot,True
21SKZVT4PW,4917132260,WHRBW,iOS,True,LTE,2025-03-30 09:50:32.988866,"-25.25498172748364,-37.816844475762565",reboot,False
O6VGJRM60T,0798935824,KGKXP,Android,False,LTE,2025-04-19 09:50:32.988881,"51.226475367267085,49.41322741110355",battery drain,True
L7AG8242U3,1744363297,EYKFS,iOS,True,5G,2025-04-08 09:50:32.988895,"-27.292417880522983,-65.25429122308205",reboot,True
TWR5UGK6EO,4841877131,GUBYY,iOS,False,LTE,2025-03-26 09:50:32.988909,"85.87318942145973,-177.9075056765892",battery drain,True
APBJKDHVYV,7492480763,VBPKK,Windows,True,WiFi,2025-04-07 09:50:32.988923,"-9.532821758701118,-92.15640020690148",SIM switch,False
M6ATMN0K86,3126634684,ITGKP,iOS,False,LTE,2025-04-04 09:50:32.988938,"-7.103896287817079,90.43317432276899",reboot,False
LHIP1DWF6M,2885858656,IBKSK,Android,True,LTE,2025-03-27 09:50:32.988952,"-1.6614653084502464,141.81489175763",SIM switch,True
ZR9QY25Z8A,0739911307,HYDPZ,Windows,False,5G,2025-04-03 09:50:32.988966,"89.25163911448004,45.08921590785559",SIM switch,False
174LN6Q0SP,4570170054,MNOME,Android,False,LTE,2025-03-25 09:50:32.988980,"24.858856765647133,17.337226536158255",reboot,False
XTKDB3L35O,4823638193,IPYPU,Windows,False,LTE,2025-04-17 09:50:32.989000,"50.84626270937949,-67.86263807355321",SIM switch,False
IM8FPZIEXG,2903601035,QQVLK,Android,False,LTE,2025-04-14 09:50:32.989019,"-32.555963815896156,26.243633303403072",SIM switch,True
LOIW3ZW24K,3729663865,CVIDE,iOS,True,WiFi,2025-04-06 09:50:32.989033,"-34.63291419751565,-16.834334408859775",battery drain,True
2TICZC958N,9825571422,JKBJZ,Windows,False,LTE,2025-04-13 09:50:32.989049,"-33.473216792468165,172.45085696441458",battery drain,True
0LL62LH4AW,2073758193,DTJUQ,iOS,False,5G,2025-04-03 09:50:32.989069,"20.986129801222248,-103.52675183997069",reboot,False
YWE77KETEE,6290761188,ITYGQ,Android,True,WiFi,2025-04-21 09:50:32.989087,"-62.71801800837514,-108.9922778088805",reboot,True
2DH3I5D3PS,6118014332,BXVWM,Android,True,WiFi,2025-04-06 09:50:32.989102,"-50.34860882421087,43.14513349114026",SIM switch,False
VLR5XP98Y9,7909296316,PCJSY,iOS,True,WiFi,2025-04-03 09:50:32.989116,"-87.96826364119505,-65.90288771922366",battery drain,False
974MO9XUOY,7101564923,JQVGN,iOS,False,LTE,2025-04-05 09:50:32.989131,"41.676922534194176,-86.29447988266874",SIM switch,False
RH9E6KIKYA,7856015829,XODUA,Windows,False,WiFi,2025-03-31 09:50:32.989145,"-9.301304419607561,-41.212464320568046",SIM switch,False
3IJLSMJAJV,3820949316,IJHUZ,Android,True,WiFi,2025-04-14 09:50:32.989159,"6.398591043708606,-87.34603741571233",reboot,True
F8IXYG5VN4,6638264804,SFNSH,Android,False,WiFi,2025-04-10 09:50:32.989173,"-42.78728982205241,79.36686313588274",battery drain,True
HGKDQGO06X,3016144393,GWZKW,iOS,True,LTE,2025-03-25 09:50:32.989187,"-63.67972887544705,170.42876862890296",reboot,True
2WTN7AO1CS,4920001687,REUWV,Windows,True,5G,2025-04-11 09:50:32.989202,"-59.41405171869873,126.64077477986132",SIM switch,False
6CLE3RW6OJ,2998949131,FFKFX,Android,False,5G,2025-04-02 09:50:32.989220,"43.693429061542446,-100.6681485270592",reboot,False
CP7LDBLZBV,5981095726,OSPZA,iOS,True,WiFi,2025-04-21 09:50:32.989235,"20.756031996015878,105.61568816372278",SIM switch,False
0TMUW765T7,4301814500,WAXRS,Windows,True,5G,2025-04-05 09:50:32.989249,"43.10930252077068,83.12323578557448",reboot,False
CVQUQTB9KG,9944947678,KQGUD,Windows,True,LTE,2025-03-31 09:50:32.989263,"-69.00497191845272,-9.58923896721214",reboot,True
QW9MKGOIBA,2315589544,HTRGW,Android,True,5G,2025-04-06 09:50:32.989279,"-86.25841705187342,79.37201382795132",SIM switch,True
WTYR2TS8E0,6454441315,OSREU,Windows,False,WiFi,2025-04-20 09:50:32.989294,"13.878048319983264,168.58099648193956",SIM switch,False
IXZL4YKYUZ,1555159420,ZCAKA,iOS,True,LTE,2025-03-25 09:50:32.989308,"17.483793729524947,134.05414326237178",SIM switch,True
ZPYJKARLH1,6547771366,XAAUS,Windows,True,5G,2025-04-14 09:50:32.989326,"-87.98280564449809,64.82210286597913",reboot,True
2J13XFXORL,5966021159,YAASZ,iOS,True,5G,2025-04-08 09:50:32.989344,"-76.60196004665606,82.6335246556161",SIM switch,False
IHAMYPJGEL,7093789628,RUWLZ,Android,False,LTE,2025-04-06 09:50:32.989362,"-5.510986775422936,28.301615091272282",SIM switch,False
3IXNPBABS7,3674623334,QDQDB,iOS,False,LTE,2025-03-26 09:50:32.989384,"32.02431137176322,87.03652228138827",SIM switch,False
B9ROCE8Y7K,4636270460,YOFUK,Android,False,WiFi,2025-03-27 09:50:32.989398,"27.12426996328489,84.20754593904934",SIM switch,True
GS3QTC26ER,6396931516,QWHTO,Windows,False,WiFi,2025-04-02 09:50:32.989413,"45.51663628666395,-71.52023526781866",SIM switch,True
2F6KN9R5H9,6144862080,XOKGH,Android,False,WiFi,2025-04-16 09:50:32.989427,"-63.6003849242323,-138.16607024623195",reboot,False
PS47NICLJF,0923431489,UHEAI,Windows,True,5G,2025-04-08 09:50:32.989441,"8.712339998411707,73.38579910447294",SIM switch,False
FQA27OP4MJ,7831542332,DPWQQ,iOS,True,LTE,2025-04-13 09:50:32.989455,"53.94894772882887,107.55810269214476",SIM switch,True
IL6G9PVXCE,1405513694,ZTMUO,Windows,True,WiFi,2025-04-19 09:50:32.989469,"31.07781905632889,99.44386560040596",SIM switch,True
462XJFPEYO,8266310544,MIVJA,Windows,False,LTE,2025-03-25 09:50:32.989488,"-68.1714931735965,-104.19640452437152",battery drain,True
N85XBAF95L,4570696730,NGZAF,iOS,True,WiFi,2025-03-30 09:50:32.989503,"-32.409918311315536,90.55866954705999",battery drain,True
J94IWFGN7X,8600525248,CLPDK,Android,True,WiFi,2025-04-08 09:50:32.989517,"34.21924196682453,-94.16044985630312",battery drain,True
76601P3IGY,1049798920,HKYUF,Windows,False,LTE,2025-04-15 09:50:32.989531,"-79.55850173528626,-103.1181133980241",battery drain,False
S0RHRV2J8I,8958668043,JJJNM,iOS,True,LTE,2025-04-13 09:50:32.989546,"-81.50276484502622,56.35300594849201",battery drain,True
DVY26VXBCI,1484761310,HSSJT,Windows,True,5G,2025-04-19 09:50:32.989562,"37.22770168363981,137.81345190006266",SIM switch,False
779WA2132M,2552804797,LFQJV,iOS,True,LTE,2025-04-04 09:50:32.989580,"-21.236707441980386,179.8393201055149",battery drain,False
8TRXJ09E1K,4413373327,EBWVZ,Android,False,LTE,2025-03-28 09:50:32.989594,"-48.827199433349385,164.24651390043755",SIM switch,False
QXKF1O49HC,3418192394,PUVVU,iOS,True,5G,2025-04-17 09:50:32.989609,"-38.08370272638443,67.8858765995368",SIM switch,False
2T7O8C20SC,3017706425,IQBNV,iOS,False,5G,2025-04-11 09:50:32.989626,"-32.274093493421006,-134.34032235863384",reboot,False
UEX0OUTPPN,5404081484,KRHDD,iOS,True,LTE,2025-04-01 09:50:32.989641,"7.137324653598654,78.8984829412505",battery drain,False
V1GPUANNVY,4402499999,TZCFQ,Windows,True,5G,2025-03-31 09:50:32.989655,"-27.034592487793013,-140.46940379677315",reboot,False
R2FC2DIA1C,6648373531,VUTHY,Windows,True,WiFi,2025-04-09 09:50:32.989679,"72.93823033436107,82.06633270737285",SIM switch,False
8PZTUHG8R4,9041393987,VLFQX,Windows,True,5G,2025-03-27 09:50:32.989699,"18.873159674659888,24.14708172638518",SIM switch,False
OPYWPNK6FG,3348755124,VIEKP,Android,True,5G,2025-04-11 09:50:32.989714,"58.294676226581885,-113.06225980193389",reboot,False
AJ2LZ0JX7P,0835630514,HFNVI,Windows,False,LTE,2025-04-15 09:50:32.989734,"51.70971843426028,-7.137288180519789",battery drain,True
47W5CR6R3T,7159270247,YMOMW,Windows,True,WiFi,2025-04-16 09:50:32.989752,"-62.67798383712213,58.61841164675704",SIM switch,True
34P1H11ABH,2774075675,KOCOC,Android,False,LTE,2025-04-15 09:50:32.989767,"84.209653489137,-172.09660082641074",battery drain,True
D4T42BLL6Y,8300478859,YXSIX,Android,True,LTE,2025-04-21 09:50:32.989781,"-56.10782383837169,22.390417600727943",battery drain,True
SYTVK8KAFY,3562809841,HCIMQ,Windows,False,LTE,2025-04-13 09:50:32.989796,"75.05750280883439,116.98497469268358",battery drain,False
P3PTDUNUXX,2267270610,NMDNF,Android,True,WiFi,2025-04-06 09:50:32.989816,"71.21039481570614,-10.557621728311375",SIM switch,False
2FLSPLQP8P,4365964603,YCTSM,Android,True,LTE,2025-04-08 09:50:32.989835,"22.802082482598905,-29.99328308836337",reboot,True
A91CNK89AK,1576905101,BBYNV,Android,False,LTE,2025-04-16 09:50:32.989858,"14.662947568932836,-73.93190835749738",SIM switch,True
PTJSK2WK34,3009086519,JIBXP,iOS,False,WiFi,2025-04-05 09:50:32.989872,"38.46239935906692,-76.94610409154352",reboot,False
7CAOYVZN3Q,6752994093,GAMBJ,Windows,False,5G,2025-03-28 09:50:32.989890,"-67.31698918534047,14.177798040868424",SIM switch,True
4KV87Y01XE,9425315124,BIOMI,iOS,True,WiFi,2025-04-23 09:50:32.989914,"-61.9313641958841,176.81374911014746",battery drain,False
CYLXTV49YY,8108906270,MLIXY,iOS,True,WiFi,2025-04-04 09:50:32.989931,"69.70827669590074,-138.74422933767943",reboot,False
39WV0047S0,1258099724,MSKAE,Android,False,LTE,2025-04-06 09:50:32.989946,"76.38280616370508,-173.6845179685271",battery drain,False
V3AHUBAUO0,8317294157,HYHYR,iOS,True,5G,2025-04-20 09:50:32.989965,"-3.5675065939783366,67.04500062318257",reboot,True
N7QGB7Q2SY,0269485307,PDFWX,Android,False,WiFi,2025-04-11 09:50:32.989979,"-70.1388999903537,33.093805522697465",battery drain,True
62TJO2Y8P8,3221546261,AFZEB,Windows,False,5G,2025-04-23 09:50:32.989993,"61.631881875077454,-105.55117877320424",reboot,False
MGIJYY3BWA,8519601716,EMCRY,Android,True,WiFi,2025-03-30 09:50:32.990008,"-6.295055259499875,135.00614136886423",reboot,False
2K5WA3RC7R,7406822227,GIYPI,Windows,True,5G,2025-04-18 09:50:32.990022,"-9.381410591802663,55.65949693239705",SIM switch,False
XK1PYS8LRL,5166537223,VTCYB,iOS,True,WiFi,2025-04-11 09:50:32.990036,"11.631164558865407,75.07326910801319",reboot,False
M415LWH2J2,1245690665,XLPFQ,iOS,False,WiFi,2025-04-09 09:50:32.990051,"-42.19510613212338,135.65299010135192",SIM switch,False
VLSUFSIRZJ,2889800292,NTHKZ,Android,False,5G,2025-03-27 09:50:32.990065,"-87.27069730404253,-146.2672762129591",SIM switch,True
PJ1WC6KBPP,7274523334,YVLSI,Android,False,5G,2025-04-14 09:50:32.990087,"-26.482338835743974,118.98953381177387",reboot,True
0VV82UZZ6T,8446145827,XQDQU,Windows,True,WiFi,2025-03-30 09:50:32.990105,"21.98654891723116,-70.02392472786694",battery drain,False
R15TMJK394,8462552135,IQKRQ,Android,False,LTE,2025-03-30 09:50:32.990123,"80.19321390441735,59.022876362259666",battery drain,True
R29NCC65F3,6170634002,VQCQN,Windows,False,LTE,2025-04-04 09:50:32.990138,"46.220169471651985,-141.12240140876705",battery drain,False
6VW8WZKU20,9350577846,TARXE,iOS,True,WiFi,2025-04-12 09:50:32.990152,"83.7086520359259,-126.73923520735272",battery drain,True
5LDQ3SO7Z1,4753769217,WMSGC,Android,True,WiFi,2025-03-31 09:50:32.990167,"-67.03266811526757,-59.549881535709375",SIM switch,False
QSA6I14KV3,5608080382,EDCQO,Android,True,LTE,2025-03-25 09:50:32.990181,"-21.40309344972586,-98.09134920465532",reboot,True
3CXL8WR93N,5883692524,YAHZT,Android,True,LTE,2025-03-31 09:50:32.990198,"-61.33704578439339,83.64642935066547",reboot,True
IZPJNJWLS6,5322216674,HGNCY,Android,False,LTE,2025-04-07 09:50:32.990213,"10.540147225145517,12.448061278001035",reboot,True
JHLG6II0F8,0538955409,HGDUP,iOS,False,5G,2025-04-20 09:50:32.990228,"-88.23658742384927,57.958413348202356",battery drain,False
MWR615U1U0,7441161743,ZMBGT,Windows,True,5G,2025-04-22 09:50:32.990245,"3.9511667610536705,-70.21866400838674",reboot,True
0NXYA8MAHB,1448001672,LSJYE,Android,True,WiFi,2025-04-07 09:50:32.990260,"39.80381985424347,128.00666287064286",SIM switch,False
EAIU8BTYIX,4057738919,VHXPI,Windows,False,LTE,2025-04-15 09:50:32.990274,"-9.896361430514546,43.18969177686125",SIM switch,False
AHLKUNPR22,4268534178,VEECL,Windows,True,5G,2025-04-22 09:50:32.990288,"32.51188597692952,-19.296088753112258",SIM switch,False
ULR8G7AWDV,2154512188,HLBSG,iOS,False,LTE,2025-04-02 09:50:32.990303,"62.66015045533351,-80.68715746904859",reboot,True
X3S5TTBH5F,1592799848,KDSXW,iOS,True,LTE,2025-04-08 09:50:32.990317,"80.6385311631613,90.89149751064747",reboot,False
IX4PPX35TO,6545587044,AYELM,Windows,False,LTE,2025-04-01 09:50:32.990332,"71.17140479819273,-25.40914012757213",SIM switch,True
ZRH6JP471L,6820906774,VJMBB,Windows,True,WiFi,2025-04-09 09:50:32.990346,"-6.095850427215012,74.56497539716722",SIM switch,True
95HU7R8VC0,2287550568,CFFOA,Android,False,5G,2025-04-02 09:50:32.990365,"-23.88920431090324,179.87663819267203",reboot,True
HDLPZQ3GMI,9701504140,QDRTG,Android,False,WiFi,2025-04-05 09:50:32.990380,"-46.17410400679338,147.6132997852506",battery drain,True
EA5J0QWEFF,3347427362,AHPYD,Android,True,5G,2025-04-22 09:50:32.990394,"-50.52494642831006,-123.29332505599436",reboot,False
1SWM9EBBFS,8912269855,DKBQL,Windows,False,LTE,2025-04-19 09:50:32.990408,"88.71396649941286,-97.88908349768238",SIM switch,False
EQG76CMFVV,6287041883,YAOIP,Android,True,5G,2025-03-25 09:50:32.990422,"-47.670779028308544,9.358709502697906",reboot,False
74XDDBH67Y,6200853596,BORXU,Windows,True,LTE,2025-04-02 09:50:32.990438,"30.742215606524198,131.7400422189354",SIM switch,False
9JSE4Q9KTR,9728739771,LDEQU,Android,False,LTE,2025-04-12 09:50:32.990460,"-49.874758079366416,92.18361250463897",battery drain,False
OIGQZBS66B,4373916683,UFLBW,Android,False,5G,2025-04-05 09:50:32.990475,"12.407300137411056,-49.218596952571744",battery drain,True
67DJIPYAJX,5675285260,XCODM,iOS,False,5G,2025-04-01 09:50:32.990489,"-39.11794152681013,162.03678684717545",reboot,True
K3UNYYTY2J,1230360744,FIGCJ,Android,False,LTE,2025-04-06 09:50:32.990503,"71.83405080086925,-33.371055162461886",reboot,True
CLXMWQGPJN,3243480815,SZAEH,iOS,False,5G,2025-04-03 09:50:32.990523,"-80.13728250737377,-101.2942538536629",battery drain,True
D7LPHCQYH9,3475532163,ARBTW,Windows,True,WiFi,2025-04-22 09:50:32.990537,"-13.265799678050954,-115.92120630987222",reboot,True
RJ95TS6O6H,2183970873,CSFKA,iOS,True,5G,2025-03-31 09:50:32.990551,"76.68439948014662,66.01000804713058",battery drain,True
Z30W45V33L,2968418530,SCBPB,iOS,True,LTE,2025-04-02 09:50:32.990566,"16.925154492900077,31.097517173880874",battery drain,False
CX5STKGV8U,8515857028,LPNVH,iOS,False,5G,2025-04-01 09:50:32.990586,"34.50929433285421,137.88703552452898",SIM switch,True
VX7YBI4MTF,9215743419,JWIJL,Android,True,5G,2025-04-20 09:50:32.990601,"46.52757385631725,-94.41857581784357",SIM switch,False
I6FSFOQQEO,5002395838,OQETD,iOS,False,WiFi,2025-04-20 09:50:32.990619,"-17.71248951907822,143.84309118197336",reboot,True
ZPOHQQZ8UE,9913325464,CTMOX,Windows,True,WiFi,2025-04-03 09:50:32.990633,"51.91316209928857,-65.0556555940074",SIM switch,False
EXSEL4E1IA,6548170426,VSDPF,Android,True,WiFi,2025-04-10 09:50:32.990647,"-0.31486119085444386,-37.21269493020495",SIM switch,True
3ZORQM21UQ,6222905937,STXJT,Windows,False,5G,2025-04-12 09:50:32.990661,"-40.8848089625292,116.2849542771869",battery drain,False
ZTSB56MS0G,0099575718,XBYVB,Android,True,WiFi,2025-03-27 09:50:32.990677,"-39.51108655487254,73.54224271321095",SIM switch,False
CCKXYA43Z7,4513064018,QUKJP,Windows,False,LTE,2025-04-04 09:50:32.990691,"20.435459295971057,130.067786075105",reboot,False
T8B2Q1ALLK,6564779076,QUSXL,Android,True,WiFi,2025-04-10 09:50:32.990705,"-23.772395057102273,-166.10997189179193",battery drain,False
GNW18Q8EY7,5587556573,URIDK,Windows,False,LTE,2025-04-21 09:50:32.990719,"13.857919655118593,-46.297538175660634",SIM switch,True
JS89GQK5DA,9306476511,XHJAR,Windows,True,5G,2025-03-29 09:50:32.990734,"-85.35295697124656,-152.85612037233258",battery drain,True
EHIXSJWNT7,3153747570,KDUIY,Windows,False,LTE,2025-04-19 09:50:32.990757,"89.30890550679632,-17.247822726503216",reboot,False
68G3BA8KCH,1539925567,QLDMQ,Windows,False,WiFi,2025-04-08 09:50:32.990777,"47.29078458959549,97.49106608156967",reboot,True
NVJPCEW7YP,5377488449,TFOFE,Windows,True,LTE,2025-04-21 09:50:32.990791,"-70.31938613314838,-110.09929364587387",reboot,True
4RK8BLZLPJ,7807920120,ITBLR,Android,True,WiFi,2025-04-04 09:50:32.990819,"-89.97601775115054,155.80807576628382",battery drain,False
SV4L3ZX5TZ,7092749581,PCLXB,Android,True,LTE,2025-04-14 09:50:32.990834,"-73.01320651000825,-146.35126826720315",battery drain,True
KWIABCE4EL,8169875910,GAKWP,Windows,True,5G,2025-03-31 09:50:32.990851,"55.02266284530745,-4.194093517755164",battery drain,True
K0GM0V4F1D,3655392982,HWAWH,Android,False,5G,2025-04-17 09:50:32.990869,"-37.33150865497814,-55.77778963751388",reboot,True
Z5O4FNPQMY,0123965622,TUZXV,iOS,True,5G,2025-04-18 09:50:32.990893,"46.90093229562643,-110.7812491323976",SIM switch,False
DUNU06IL65,8825886519,JKYNQ,iOS,False,5G,2025-04-03 09:50:32.990913,"81.1470672270024,149.43534782312662",reboot,True
WA1PWP7MXC,0546383007,ZLUJJ,Android,False,LTE,2025-03-25 09:50:32.990928,"2.67418001568673,91.19399468133224",battery drain,True
ZJLB8U6N1I,5146880453,JIVXA,Windows,False,5G,2025-04-20 09:50:32.990942,"-13.2564306190324,17.586287770995057",SIM switch,True
5WST4XOJAZ,3136383984,YWHXD,iOS,True,5G,2025-03-25 09:50:32.990956,"-38.97577810320425,-77.80300859448599",battery drain,True
DWJ9JTNEXC,4697050515,PYQJB,Windows,False,5G,2025-04-18 09:50:32.990978,"-33.32527552395047,-10.029585831778604",battery drain,False
Q8ECPESA06,0467793257,MDTVN,Windows,False,LTE,2025-03-25 09:50:32.990999,"-53.71312459322326,58.382143213620736",reboot,False
UIL7ZTHSVP,6706416242,NQNZP,Android,False,WiFi,2025-04-16 09:50:32.991014,"8.978938640056398,-174.03171109398363",battery drain,False
37JKNFF69X,9529014959,GPTMJ,Android,False,5G,2025-04-05 09:50:32.991029,"89.90174881789633,22.652544630963718",SIM switch,False
KQFFCCU718,5262903990,PFLMH,Windows,True,WiFi,2025-04-23 09:50:32.991043,"-74.52560145033735,132.2874102550282",battery drain,True
7CRKT8TT12,1221291161,PUIMI,iOS,False,LTE,2025-04-07 09:50:32.991057,"-48.421442829942,-38.12532158475295",battery drain,False
90CWBJL1MW,8373288389,LRSBT,Android,False,WiFi,2025-04-04 09:50:32.991071,"11.554447919113827,5.298905545741718",reboot,True
2TATRR57DD,9797630053,YRKNK,Android,False,WiFi,2025-04-16 09:50:32.991085,"77.75775172924315,-54.06183820993115",reboot,True
8497NERRUL,6632724984,CUJXF,iOS,True,LTE,2025-03-30 09:50:32.991099,"3.476506385977146,-105.7798098402346",SIM switch,True
JPDZX28CDV,3277744064,HVEAM,iOS,True,5G,2025-04-12 09:50:32.991115,"87.28135704276369,13.925399062654748",reboot,True
DP80FZBDKC,8228346950,BYISO,Android,False,LTE,2025-04-13 09:50:32.991134,"-28.830466918432897,-91.09381585513246",SIM switch,True
PGJDW6BRL2,8376295726,QSSFC,iOS,False,WiFi,2025-03-29 09:50:32.991155,"-17.251330795334496,4.755623317028835",reboot,False
0T9BLON4FK,1123933679,WQMBM,Windows,False,WiFi,2025-03-25 09:50:32.991177,"-7.873936495600503,-161.32558282133127",battery drain,True
N0Z78H2YXV,5015014569,LYPYE,iOS,False,LTE,2025-04-20 09:50:32.991192,"-44.390135360842415,-101.86219589874312",battery drain,True
6989YM0FM3,8278023042,FRGJA,iOS,True,LTE,2025-03-27 09:50:32.991207,"35.49346712734436,-130.7915107970651",SIM switch,True
QCK32ZRCS2,5523572418,UKJWI,Android,True,LTE,2025-04-18 09:50:32.991221,"-0.5542277239611764,-130.28510382388106",battery drain,False
CBQOSQNMIJ,8432888390,AFDHD,Android,True,5G,2025-04-02 09:50:32.991235,"45.9840406214681,-145.03885222591288",battery drain,False
917B445GGT,4132936180,MORET,Windows,True,5G,2025-04-03 09:50:32.991250,"-2.0719132704862773,176.62583301032402",battery drain,True
3PWV9AZ83U,3338818622,QKWTK,Android,True,LTE,2025-03-25 09:50:32.991264,"80.22521863661467,-36.7121647859085",battery drain,False
EP4VIB1I25,5324931341,ZQDTI,iOS,True,WiFi,2025-04-02 09:50:32.991278,"21.143377234798848,50.5099772622622",reboot,False
DMAYYIV89Y,0151642202,UFMMR,Windows,False,5G,2025-04-20 09:50:32.991292,"71.25724437200364,112.46574183437758",SIM switch,True
4APGJEGC36,3454610790,MFHUM,iOS,True,5G,2025-03-28 09:50:32.991306,"27.425083285396724,-32.02994574163205",battery drain,False
BUEKIDLWU1,6331390917,LGNNE,Windows,False,LTE,2025-04-14 09:50:32.991320,"19.348061592545662,19.705822153589764",reboot,True
5QRXHZI2IF,1648321441,GTWYM,Windows,True,LTE,2025-04-08 09:50:32.991335,"61.58430723793367,10.654180392379175",battery drain,True
0L3NIWXBNL,9466414369,LEEUM,Windows,False,WiFi,2025-04-02 09:50:32.991349,"89.86733084795338,-173.83073371532456",battery drain,False
K224XWC63B,5438053252,RBICS,Android,False,LTE,2025-04-17 09:50:32.991365,"-49.30315462001101,-55.068751020577864",SIM switch,True
96ZEFLBE3T,8375961557,LLWSM,iOS,False,5G,2025-03-29 09:50:32.991380,"80.86336375323319,-32.7643133848988",SIM switch,True
99Q416N98Q,4258863173,YQLQK,Android,False,LTE,2025-04-13 09:50:32.991398,"-71.59352260818322,169.7876093801387",battery drain,True
NJUM1SKSJ9,1917986731,WADGF,Windows,True,WiFi,2025-03-26 09:50:32.991418,"-61.05675721736226,133.112583076904",battery drain,True
9I048NPJ7J,3938619138,DWKPC,Android,True,WiFi,2025-04-16 09:50:32.991433,"18.65777399260125,83.01184588946688",battery drain,False
8RFZ1OOTER,9268172972,EBTVG,Windows,False,LTE,2025-04-20 09:50:32.991447,"50.32013867091371,-156.5518844920098",SIM switch,False
PJLSPHH69T,5868599048,XOTHK,Windows,False,5G,2025-04-04 09:50:32.991461,"5.314733440304536,3.9413592345470647",SIM switch,False
12WW34IGE0,2212103672,PPZNL,iOS,True,WiFi,2025-04-22 09:50:32.991476,"-13.414483543792613,56.39746725024307",SIM switch,False
JPUJ7COGP1,6657073535,NDXDB,Windows,False,5G,2025-03-27 09:50:32.991491,"6.068012610722533,168.56478363613394",battery drain,True
CB9R88O9HC,9274806594,EDUPV,iOS,True,5G,2025-04-07 09:50:32.991505,"-0.7232365705515065,155.1938438473128",battery drain,True
28GN3YDWV4,9652696953,DIBAD,Windows,True,5G,2025-03-28 09:50:32.991523,"-23.558959332093963,-69.55249179249147",SIM switch,True
VA06BGG5U9,1965113899,SCNVF,iOS,False,5G,2025-04-23 09:50:32.991543,"-61.96089075245401,144.49816872736898",reboot,True
E6I7XXILGS,0508420606,DSMKB,Android,True,WiFi,2025-03-26 09:50:32.991562,"80.4606292948719,145.4055277091171",SIM switch,False
JAY5CWWC0Y,3714770334,ZFBFX,iOS,False,WiFi,2025-03-28 09:50:32.991576,"-53.58956715640493,148.99859193348038",battery drain,False
SHIL0SLZ2Z,1287545784,GVMIO,Windows,False,WiFi,2025-03-31 09:50:32.991591,"-54.05903512634994,58.42995524463157",SIM switch,True
0F3NG07COJ,0450983984,BBCQT,Android,False,WiFi,2025-04-03 09:50:32.991605,"-32.872366984881005,17.89957063850261",reboot,True
EXSTNVPEW7,9443181667,TKAKS,Android,True,5G,2025-04-19 09:50:32.991620,"-47.464642279286274,-10.554611042000147",SIM switch,False
P9VZLFSAVX,9454117776,VYTAH,iOS,True,WiFi,2025-04-18 09:50:32.991640,"73.06596022712893,-81.49879157780336",reboot,True
K81HN09HJ6,7919371993,JUETE,Android,False,LTE,2025-04-06 09:50:32.991666,"-68.18886876158533,-11.871755461158983",battery drain,False
6L7T8B14EX,1625730633,RULSJ,Windows,False,LTE,2025-04-14 09:50:32.991681,"69.03232812316202,-144.85606760975645",reboot,True
BETCFZB4R3,2027996881,XJTTA,Windows,False,LTE,2025-04-11 09:50:32.991695,"5.838869260317921,146.57419998446545",battery drain,True
BQ14K6QV5V,7447708947,DEJPV,iOS,True,LTE,2025-04-03 09:50:32.991713,"72.10945523420705,-155.4761375201424",SIM switch,False
C8GUC6V21V,6674613255,DOCUB,iOS,False,WiFi,2025-04-08 09:50:32.991727,"86.1268812019965,-60.263823263060075",SIM switch,True
PPT3QW1W9A,8509619908,TYTAG,Windows,True,LTE,2025-03-27 09:50:32.991742,"18.437488388471948,159.23360423095426",battery drain,True
